Latitude (decimal degrees):	42.218
Longitude (decimal degrees):	-8.762
Elevation (m):	55
Radiation database:	PVGIS-SARAH3


Slope: 36 deg. (optimum)
Azimuth: 2 deg. (optimum)
Nominal power of the PV system (c-Si) (kWp):	1.0
System losses (%):	14.0
time,P,G(i),H_sun,T2m,WS10m,Int
20210601:0010,0.0,0.0,0.0,15.21,2.55,0.0
20210601:0110,0.0,0.0,0.0,14.71,2.76,0.0
20210601:0210,0.0,0.0,0.0,14.26,3.03,0.0
20210601:0310,0.0,0.0,0.0,14.02,3.17,0.0
20210601:0410,0.0,0.0,0.0,13.91,3.17,0.0
20210601:0510,0.0,0.0,0.0,13.89,3.31,0.0
20210601:0610,37.97,60.76,10.68,13.97,3.86,0.0
20210601:0710,119.75,163.98,21.37,14.02,4.28,0.0
20210601:0810,253.89,317.3,32.4,14.8,5.03,0.0
20210601:0910,263.46,325.42,43.47,15.57,5.31,0.0
20210601:1010,181.28,230.76,54.13,16.31,5.38,0.0
20210601:1110,278.62,345.49,63.48,16.9,5.59,0.0
20210601:1210,118.32,157.84,69.3,17.11,5.59,0.0
20210601:1310,275.24,342.22,68.36,17.17,5.38,0.0
20210601:1410,241.2,301.81,61.33,16.97,5.17,0.0
20210601:1510,508.22,619.31,51.51,16.67,5.03,0.0
20210601:1610,279.74,346.26,40.69,16.19,4.34,0.0
20210601:1710,259.97,332.02,29.59,15.96,3.72,0.0
20210601:1810,100.55,145.51,18.62,15.53,3.17,0.0
20210601:1910,12.21,26.91,8.06,14.7,2.9,0.0
20210601:2010,0.0,0.0,0.0,14.05,2.48,0.0
20210601:2110,0.0,0.0,0.0,13.65,2.07,0.0
20210601:2210,0.0,0.0,0.0,13.37,2.07,0.0
20210601:2310,0.0,0.0,0.0,13.12,2.21,0.0
20210602:0010,0.0,0.0,0.0,13.08,2.28,0.0
20210602:0110,0.0,0.0,0.0,12.94,2.21,0.0
20210602:0210,0.0,0.0,0.0,12.88,2.14,0.0
20210602:0310,0.0,0.0,0.0,12.79,2.21,0.0
20210602:0410,0.0,0.0,0.0,12.79,2.28,0.0
20210602:0510,0.0,0.0,0.0,12.62,2.34,0.0
20210602:0610,32.56,53.82,10.74,13.02,2.21,0.0
20210602:0710,87.52,121.2,21.42,14.14,2.41,0.0
20210602:0810,170.92,218.93,32.45,15.01,3.03,0.0
20210602:0910,307.02,379.44,43.52,15.89,3.38,0.0
20210602:1010,90.07,124.61,54.2,16.7,3.66,0.0
20210602:1110,129.79,171.69,63.57,17.11,3.86,0.0
20210602:1210,141.71,185.53,69.42,17.11,4.41,0.0
20210602:1310,291.59,361.71,68.49,17.35,5.52,0.0
20210602:1410,98.78,134.77,61.46,16.96,5.72,0.0
20210602:1510,308.07,379.53,51.62,16.26,4.69,0.0
20210602:1610,186.1,236.66,40.79,16.01,3.86,0.0
20210602:1710,25.52,45.23,29.7,15.67,3.93,0.0
20210602:1810,49.14,74.77,18.73,14.94,4.34,0.0
20210602:1910,13.48,28.64,8.18,13.93,4.14,0.0
20210602:2010,0.0,0.0,0.0,13.53,4.21,0.0
20210602:2110,0.0,0.0,0.0,13.2,4.28,0.0
20210602:2210,0.0,0.0,0.0,12.87,4.07,0.0
20210602:2310,0.0,0.0,0.0,12.56,3.93,0.0
20210603:0010,0.0,0.0,0.0,12.44,3.79,0.0
20210603:0110,0.0,0.0,0.0,12.31,3.72,0.0
20210603:0210,0.0,0.0,0.0,12.04,3.66,0.0
20210603:0310,0.0,0.0,0.0,11.83,3.59,0.0
20210603:0410,0.0,0.0,0.0,11.44,3.59,0.0
20210603:0510,0.0,0.0,0.0,11.11,3.45,0.0
20210603:0610,28.07,47.74,10.79,11.21,3.45,0.0
20210603:0710,115.99,184.4,21.47,12.05,3.93,0.0
20210603:0810,324.63,405.98,32.5,12.86,4.07,0.0
20210603:0910,511.07,618.62,43.57,14.07,4.07,0.0
20210603:1010,595.13,727.42,54.26,15.28,4.0,0.0
20210603:1110,731.69,907.47,63.65,16.22,4.21,0.0
20210603:1210,803.73,1005.59,69.53,17.0,4.55,0.0
20210603:1310,815.53,1017.17,68.62,17.44,5.17,0.0
20210603:1410,760.39,939.12,61.58,17.6,5.59,0.0
20210603:1510,645.73,787.39,51.73,17.52,5.93,0.0
20210603:1610,489.47,595.64,40.9,17.3,6.14,0.0
20210603:1710,293.63,376.37,29.81,16.93,6.21,0.0
20210603:1810,89.38,155.92,18.84,16.34,5.93,0.0
20210603:1910,18.37,35.59,8.29,15.16,5.93,0.0
20210603:2010,0.0,0.0,0.0,14.16,5.45,0.0
20210603:2110,0.0,0.0,0.0,13.34,4.83,0.0
20210603:2210,0.0,0.0,0.0,12.65,4.21,0.0
20210603:2310,0.0,0.0,0.0,11.97,3.72,0.0
20210604:0010,0.0,0.0,0.0,11.45,3.45,0.0
20210604:0110,0.0,0.0,0.0,10.94,3.24,0.0
20210604:0210,0.0,0.0,0.0,10.5,2.97,0.0
20210604:0310,0.0,0.0,0.0,10.12,2.9,0.0
20210604:0410,0.0,0.0,0.0,9.77,3.03,0.0
20210604:0510,0.0,0.0,0.0,9.56,3.24,0.0
20210604:0610,26.9,46.01,10.85,9.83,3.17,0.0
20210604:0710,113.05,183.23,21.52,11.39,2.9,0.0
20210604:0810,322.7,405.76,32.54,13.1,3.24,0.0
20210604:0910,520.53,633.95,43.61,14.57,3.52,0.0
20210604:1010,672.85,831.51,54.31,15.91,3.45,0.0
20210604:1110,772.41,974.13,63.72,17.1,3.38,0.0
20210604:1210,796.1,1013.43,69.64,18.05,3.45,0.0
20210604:1310,814.5,1035.22,68.75,18.71,4.0,0.0
20210604:1410,768.81,965.83,61.69,19.05,4.55,0.0
20210604:1510,647.43,801.45,51.84,19.21,4.9,0.0
20210604:1610,490.75,605.52,41.0,19.15,5.03,0.0
20210604:1710,292.58,379.93,29.91,18.91,5.17,0.0
20210604:1810,88.27,156.91,18.94,18.43,5.1,0.0
20210604:1910,18.73,36.46,8.4,17.88,4.76,0.0
20210604:2010,0.0,0.0,0.0,16.74,4.69,0.0
20210604:2110,0.0,0.0,0.0,15.74,4.69,0.0
20210604:2210,0.0,0.0,0.0,14.9,4.34,0.0
20210604:2310,0.0,0.0,0.0,14.19,4.07,0.0
20210605:0010,0.0,0.0,0.0,13.57,3.79,0.0
20210605:0110,0.0,0.0,0.0,12.98,3.52,0.0
20210605:0210,0.0,0.0,0.0,12.42,3.31,0.0
20210605:0310,0.0,0.0,0.0,11.92,3.17,0.0
20210605:0410,0.0,0.0,0.0,11.5,3.03,0.0
20210605:0510,0.0,0.0,0.0,11.12,2.83,0.0
20210605:0610,27.35,46.87,10.89,11.35,2.55,0.0
20210605:0710,112.38,181.11,21.56,13.36,1.86,0.0
20210605:0810,312.74,401.97,32.58,15.76,1.66,0.0
20210605:0910,500.66,627.49,43.65,17.56,1.86,0.0
20210605:1010,622.52,791.99,54.36,19.01,2.0,0.0
20210605:1110,716.01,922.15,63.79,20.12,2.55,0.0
20210605:1210,770.36,998.72,69.75,20.82,2.97,0.0
20210605:1310,780.07,1005.2,68.87,21.27,3.66,0.0
20210605:1410,731.03,928.47,61.8,21.46,4.34,0.0
20210605:1510,619.77,775.47,51.94,21.46,4.76,0.0
20210605:1610,472.91,590.14,41.1,21.39,4.9,0.0
20210605:1710,283.14,371.84,30.01,21.21,4.76,0.0
20210605:1810,88.24,155.54,19.04,20.79,4.41,0.0
20210605:1910,19.78,38.19,8.5,19.86,3.79,0.0
20210605:2010,0.0,0.0,0.0,18.7,3.72,0.0
20210605:2110,0.0,0.0,0.0,17.63,3.66,0.0
20210605:2210,0.0,0.0,0.0,16.78,3.66,0.0
20210605:2310,0.0,0.0,0.0,16.03,3.66,0.0
20210606:0010,0.0,0.0,0.0,15.31,3.66,0.0
20210606:0110,0.0,0.0,0.0,14.71,3.66,0.0
20210606:0210,0.0,0.0,0.0,14.3,3.72,0.0
20210606:0310,0.0,0.0,0.0,13.84,3.72,0.0
20210606:0410,0.0,0.0,0.0,13.48,3.59,0.0
20210606:0510,0.0,0.0,0.0,13.1,3.52,0.0
20210606:0610,28.46,48.61,10.93,13.21,3.38,0.0
20210606:0710,112.17,181.34,21.59,14.38,3.45,0.0
20210606:0810,313.35,399.01,32.61,15.85,3.38,0.0
20210606:0910,498.38,615.86,43.68,17.4,3.31,0.0
20210606:1010,645.27,808.52,54.4,18.94,3.38,0.0
20210606:1110,735.82,937.94,63.85,20.23,3.52,0.0
20210606:1210,776.06,1000.7,69.84,21.27,3.59,0.0
20210606:1310,781.2,1006.15,68.98,21.94,4.0,0.0
20210606:1410,735.04,939.5,61.91,22.32,4.21,0.0
20210606:1510,625.41,788.95,52.04,22.49,4.41,0.0
20210606:1610,476.04,597.21,41.2,22.32,4.76,0.0
20210606:1710,286.74,378.05,30.1,21.97,4.76,0.0
20210606:1810,89.27,157.24,19.14,21.38,4.55,0.0
20210606:1910,19.77,38.19,8.6,19.94,4.28,0.0
20210606:2010,0.0,0.0,0.0,18.74,4.0,0.0
20210606:2110,0.0,0.0,0.0,17.69,4.07,0.0
20210606:2210,0.0,0.0,0.0,16.91,3.86,0.0
20210606:2310,0.0,0.0,0.0,16.19,3.52,0.0
20210607:0010,0.0,0.0,0.0,15.5,3.03,0.0
20210607:0110,0.0,0.0,0.0,14.8,2.76,0.0
20210607:0210,0.0,0.0,0.0,14.05,2.48,0.0
20210607:0310,0.0,0.0,0.0,13.34,2.41,0.0
20210607:0410,0.0,0.0,0.0,12.68,2.55,0.0
20210607:0510,0.0,0.0,0.0,12.28,2.69,0.0
20210607:0610,27.88,47.74,10.97,12.4,2.34,0.0
20210607:0710,112.89,182.76,21.62,13.85,1.72,0.0
20210607:0810,315.27,405.55,32.63,15.72,1.59,0.0
20210607:0910,512.94,644.76,43.71,17.4,1.66,0.0
20210607:1010,633.5,806.07,54.43,18.94,2.07,0.0
20210607:1110,736.2,950.04,63.91,20.14,2.62,0.0
20210607:1210,787.2,1018.2,69.93,20.81,3.31,0.0
20210607:1310,793.28,1019.65,69.09,21.05,3.93,0.0
20210607:1410,739.11,937.8,62.01,21.02,4.34,0.0
20210607:1510,622.77,779.09,52.14,20.83,4.48,0.0
20210607:1610,477.31,594.89,41.29,20.58,4.48,0.0
20210607:1710,288.03,376.5,30.2,20.21,4.28,0.0
20210607:1810,91.89,159.74,19.24,19.67,3.86,0.0
20210607:1910,20.55,39.06,8.7,18.51,3.45,0.0
20210607:2010,0.0,0.0,0.0,17.53,2.97,0.0
20210607:2110,0.0,0.0,0.0,16.51,2.9,0.0
20210607:2210,0.0,0.0,0.0,15.65,2.97,0.0
20210607:2310,0.0,0.0,0.0,14.91,3.03,0.0
20210608:0010,0.0,0.0,0.0,14.34,2.9,0.0
20210608:0110,0.0,0.0,0.0,13.85,2.69,0.0
20210608:0210,0.0,0.0,0.0,13.46,2.41,0.0
20210608:0310,0.0,0.0,0.0,13.36,2.28,0.0
20210608:0410,0.0,0.0,0.0,13.28,2.21,0.0
20210608:0510,0.0,0.0,0.0,13.29,2.34,0.0
20210608:0610,33.17,54.69,11.0,13.51,2.55,0.0
20210608:0710,118.29,161.08,21.64,14.36,3.03,0.0
20210608:0810,307.87,390.73,32.66,15.24,3.1,0.0
20210608:0910,506.75,625.8,43.74,16.81,3.1,0.0
20210608:1010,631.35,796.62,54.46,18.62,2.55,0.0
20210608:1110,718.72,923.17,63.96,20.05,2.76,0.0
20210608:1210,776.65,1000.77,70.01,20.91,3.52,0.0
20210608:1310,781.79,1002.17,69.19,21.45,4.21,0.0
20210608:1410,726.2,921.72,62.11,21.73,4.55,0.0
20210608:1510,620.86,779.11,52.23,21.84,4.69,0.0
20210608:1610,476.85,597.23,41.38,21.8,4.62,0.0
20210608:1710,287.56,378.34,30.28,21.63,4.48,0.0
20210608:1810,104.76,158.85,19.33,21.2,4.34,0.0
20210608:1910,24.21,44.27,8.79,20.18,4.21,0.0
20210608:2010,0.0,0.0,0.0,19.01,4.0,0.0
20210608:2110,0.0,0.0,0.0,17.98,3.86,0.0
20210608:2210,0.0,0.0,0.0,17.18,3.72,0.0
20210608:2310,0.0,0.0,0.0,16.5,3.59,0.0
20210609:0010,0.0,0.0,0.0,15.93,3.38,0.0
20210609:0110,0.0,0.0,0.0,15.42,3.24,0.0
20210609:0210,0.0,0.0,0.0,14.9,3.24,0.0
20210609:0310,0.0,0.0,0.0,14.43,3.31,0.0
20210609:0410,0.0,0.0,0.0,14.13,3.31,0.0
20210609:0510,0.0,0.0,0.0,13.86,3.24,0.0
20210609:0610,27.66,47.74,11.02,14.0,3.03,0.0
20210609:0710,109.48,179.24,21.66,15.21,3.03,0.0
20210609:0810,310.19,399.0,32.67,17.21,2.97,0.0
20210609:0910,503.2,629.66,43.75,19.1,2.83,0.0
20210609:1010,633.94,804.26,54.49,20.72,2.97,0.0
20210609:1110,720.2,928.73,64.0,22.15,3.24,0.0
20210609:1210,774.11,1007.73,70.09,23.13,3.59,0.0
20210609:1310,797.31,1033.48,69.29,23.6,4.34,0.0
20210609:1410,729.68,933.69,62.21,23.82,4.83,0.0
20210609:1510,616.95,779.83,52.32,23.95,5.03,0.0
20210609:1610,470.9,594.46,41.47,23.95,5.03,0.0
20210609:1710,280.83,372.88,30.37,23.72,4.76,0.0
20210609:1810,90.08,158.43,19.42,23.2,4.48,0.0
20210609:1910,21.4,40.8,8.88,22.32,4.07,0.0
20210609:2010,0.0,0.0,0.0,21.06,4.0,0.0
20210609:2110,0.0,0.0,0.0,19.89,4.0,0.0
20210609:2210,0.0,0.0,0.0,18.98,4.07,0.0
20210609:2310,0.0,0.0,0.0,18.19,4.0,0.0
20210610:0010,0.0,0.0,0.0,17.43,3.72,0.0
20210610:0110,0.0,0.0,0.0,16.77,3.59,0.0
20210610:0210,0.0,0.0,0.0,16.21,3.52,0.0
20210610:0310,0.0,0.0,0.0,15.72,3.31,0.0
20210610:0410,0.0,0.0,0.0,15.23,2.97,0.0
20210610:0510,0.0,0.0,0.0,14.8,2.9,0.0
20210610:0610,28.18,48.61,11.04,15.01,2.69,0.0
20210610:0710,109.11,177.63,21.68,16.63,2.28,0.0
20210610:0810,302.95,393.55,32.68,18.7,2.48,0.0
20210610:0910,482.81,610.82,43.77,20.63,2.34,0.0
20210610:1010,512.55,655.61,54.51,22.3,2.34,0.0
20210610:1110,687.12,898.06,64.04,23.56,2.55,0.0
20210610:1210,750.31,985.38,70.15,24.3,3.17,0.0
20210610:1310,752.97,981.75,69.38,24.59,3.86,0.0
20210610:1410,697.45,898.74,62.29,24.7,4.28,0.0
20210610:1510,585.61,746.8,52.41,24.69,4.21,0.0
20210610:1610,442.47,563.31,41.55,24.71,4.21,0.0
20210610:1710,272.34,363.16,30.45,24.62,4.07,0.0
20210610:1810,96.3,160.21,19.5,24.36,4.0,0.0
20210610:1910,25.77,46.87,8.97,22.92,3.86,0.0
20210610:2010,0.0,0.0,0.0,21.6,4.0,0.0
20210610:2110,0.0,0.0,0.0,20.62,4.0,0.0
20210610:2210,0.0,0.0,0.0,19.95,4.07,0.0
20210610:2310,0.0,0.0,0.0,19.33,4.28,0.0
20210611:0010,0.0,0.0,0.0,18.6,4.21,0.0
20210611:0110,0.0,0.0,0.0,17.96,4.0,0.0
20210611:0210,0.0,0.0,0.0,17.28,4.0,0.0
20210611:0310,0.0,0.0,0.0,16.82,4.21,0.0
20210611:0410,0.0,0.0,0.0,16.48,4.28,0.0
20210611:0510,0.0,0.0,0.0,16.17,4.14,0.0
20210611:0610,31.35,52.95,11.06,16.42,3.79,0.0
20210611:0710,107.82,175.89,21.69,17.53,3.79,0.0
20210611:0810,298.75,387.17,32.69,19.38,3.66,0.0
20210611:0910,486.52,611.26,43.78,21.39,3.66,0.0
20210611:1010,621.83,788.27,54.52,23.09,4.14,0.0
20210611:1110,715.54,920.83,64.07,24.56,4.48,0.0
20210611:1210,763.62,993.63,70.21,25.75,4.69,0.0
20210611:1310,775.26,1011.4,69.46,26.56,4.97,0.0
20210611:1410,707.82,917.03,62.38,27.09,5.1,0.0
20210611:1510,598.46,765.96,52.49,27.23,5.45,0.0
20210611:1610,456.88,582.3,41.63,26.83,5.93,0.0
20210611:1710,274.32,367.74,30.53,26.29,5.52,0.0
20210611:1810,94.38,159.49,19.58,25.57,5.59,0.0
20210611:1910,26.89,48.61,9.05,24.26,5.59,0.0
20210611:2010,0.0,0.0,0.0,22.84,5.24,0.0
20210611:2110,0.0,0.0,0.0,21.39,4.83,0.0
20210611:2210,0.0,0.0,0.0,20.23,4.48,0.0
20210611:2310,0.0,0.0,0.0,19.39,4.14,0.0
20210612:0010,0.0,0.0,0.0,18.68,3.79,0.0
20210612:0110,0.0,0.0,0.0,18.12,3.59,0.0
20210612:0210,0.0,0.0,0.0,17.63,3.59,0.0
20210612:0310,0.0,0.0,0.0,17.17,3.66,0.0
20210612:0410,0.0,0.0,0.0,16.88,3.72,0.0
20210612:0510,0.0,0.0,0.0,16.56,3.86,0.0
20210612:0610,31.29,52.95,11.07,16.84,3.79,0.0
20210612:0710,108.15,176.54,21.69,18.6,3.86,0.0
20210612:0810,304.21,398.19,32.69,20.96,3.52,0.0
20210612:0910,468.82,596.98,43.78,23.13,2.97,0.0
20210612:1010,589.88,765.72,54.53,24.75,2.48,0.0
20210612:1110,668.93,897.46,64.09,25.9,1.59,0.0
20210612:1210,699.49,979.74,70.27,26.57,0.34,0.0
20210612:1310,712.73,987.44,69.54,26.68,0.83,0.0
20210612:1410,660.06,894.41,62.46,26.76,1.24,0.0
20210612:1510,549.27,728.27,52.56,26.82,1.45,0.0
20210612:1610,442.27,578.09,41.7,26.61,1.93,0.0
20210612:1710,143.69,196.62,30.61,25.73,2.0,0.0
20210612:1810,101.29,151.5,19.66,25.16,1.52,0.0
20210612:1910,0.74,7.81,9.13,25.11,1.66,0.0
20210612:2010,0.0,0.0,0.0,24.7,1.72,0.0
20210612:2110,0.0,0.0,0.0,23.5,1.59,0.0
20210612:2210,0.0,0.0,0.0,23.27,1.1,0.0
20210612:2310,0.0,0.0,0.0,22.32,1.1,0.0
20210613:0010,0.0,0.0,0.0,20.01,1.79,0.0
20210613:0110,0.0,0.0,0.0,19.35,1.66,0.0
20210613:0210,0.0,0.0,0.0,18.44,1.93,0.0
20210613:0310,0.0,0.0,0.0,17.92,2.0,0.0
20210613:0410,0.0,0.0,0.0,17.46,1.79,0.0
20210613:0510,0.0,0.0,0.0,17.17,1.72,0.0
20210613:0610,27.11,47.74,11.07,17.66,1.72,0.0
20210613:0710,116.85,175.75,21.69,19.83,0.62,0.0
20210613:0810,271.25,361.28,32.69,21.35,0.14,0.0
20210613:0910,456.25,587.09,43.78,22.11,1.31,0.0
20210613:1010,487.77,622.32,54.54,22.23,2.41,0.0
20210613:1110,326.5,416.47,64.11,22.1,2.83,0.0
20210613:1210,743.96,968.75,70.32,22.09,2.83,0.0
20210613:1310,747.41,986.65,69.61,21.72,1.93,0.0
20210613:1410,674.25,898.69,62.54,22.44,0.97,0.0
20210613:1510,562.25,731.61,52.64,22.73,1.31,0.0
20210613:1610,399.47,512.65,41.78,23.18,2.0,0.0
20210613:1710,25.91,47.08,30.68,22.88,2.69,0.0
20210613:1810,9.18,23.08,19.73,22.53,2.48,0.0
20210613:1910,22.09,41.66,9.2,21.61,2.69,0.0
20210613:2010,0.0,0.0,0.0,20.87,2.21,0.0
20210613:2110,0.0,0.0,0.0,20.44,2.0,0.0
20210613:2210,0.0,0.0,0.0,20.11,2.14,0.0
20210613:2310,0.0,0.0,0.0,19.67,2.48,0.0
20210614:0010,0.0,0.0,0.0,19.55,2.62,0.0
20210614:0110,0.0,0.0,0.0,19.36,2.55,0.0
20210614:0210,0.0,0.0,0.0,19.04,2.21,0.0
20210614:0310,0.0,0.0,0.0,18.71,1.79,0.0
20210614:0410,0.0,0.0,0.0,18.23,1.72,0.0
20210614:0510,0.0,0.0,0.0,17.92,1.79,0.0
20210614:0610,30.37,52.08,11.07,18.11,1.79,0.0
20210614:0710,105.78,173.97,21.69,19.05,1.93,0.0
20210614:0810,289.57,381.92,32.69,20.82,1.72,0.0
20210614:0910,460.41,596.92,43.77,22.64,0.97,0.0
20210614:1010,569.18,761.27,54.54,23.93,0.28,0.0
20210614:1110,668.49,894.05,64.13,24.7,1.38,0.0
20210614:1210,724.74,970.24,70.36,25.07,2.0,0.0
20210614:1310,738.42,979.05,69.68,25.31,2.76,0.0
20210614:1410,677.6,882.25,62.61,25.25,3.38,0.0
20210614:1510,251.58,327.41,52.71,24.84,3.1,0.0
20210614:1610,182.25,242.11,41.85,24.64,2.62,0.0
20210614:1710,116.63,162.03,30.75,24.73,2.21,0.0
20210614:1810,78.89,116.79,19.8,24.68,1.31,0.0
20210614:1910,28.07,50.35,9.28,24.53,1.59,0.0
20210614:2010,0.0,0.0,0.0,24.04,2.14,0.0
20210614:2110,0.0,0.0,0.0,23.41,2.55,0.0
20210614:2210,0.0,0.0,0.0,22.86,2.83,0.0
20210614:2310,0.0,0.0,0.0,22.17,3.03,0.0
20210615:0010,0.0,0.0,0.0,21.4,3.1,0.0
20210615:0110,0.0,0.0,0.0,20.8,3.03,0.0
20210615:0210,0.0,0.0,0.0,20.19,2.97,0.0
20210615:0310,0.0,0.0,0.0,19.55,2.9,0.0
20210615:0410,0.0,0.0,0.0,19.01,2.97,0.0
20210615:0510,0.0,0.0,0.0,18.62,3.1,0.0
20210615:0610,30.94,52.95,11.06,18.9,2.97,0.0
20210615:0710,104.86,173.5,21.68,20.63,2.28,0.0
20210615:0810,285.33,379.92,32.68,22.7,1.72,0.0
20210615:0910,452.34,591.27,43.76,24.37,0.97,0.0
20210615:1010,568.87,762.38,54.53,25.47,0.55,0.0
20210615:1110,655.23,886.57,64.13,26.12,1.1,0.0
20210615:1210,704.42,952.39,70.39,26.4,1.72,0.0
20210615:1310,724.46,971.41,69.73,26.49,2.34,0.0
20210615:1410,670.08,884.85,62.67,26.43,2.69,0.0
20210615:1510,570.89,745.45,52.77,26.65,2.62,0.0
20210615:1610,444.99,576.15,41.91,26.71,3.03,0.0
20210615:1710,270.51,365.92,30.82,26.17,2.55,0.0
20210615:1810,101.19,152.12,19.87,26.55,2.07,0.0
20210615:1910,6.04,18.23,9.34,26.35,2.0,0.0
20210615:2010,0.0,0.0,0.0,25.51,1.66,0.0
20210615:2110,0.0,0.0,0.0,23.99,1.31,0.0
20210615:2210,0.0,0.0,0.0,23.06,1.38,0.0
20210615:2310,0.0,0.0,0.0,23.22,1.03,0.0
20210616:0010,0.0,0.0,0.0,23.3,0.62,0.0
20210616:0110,0.0,0.0,0.0,22.44,0.41,0.0
20210616:0210,0.0,0.0,0.0,21.74,0.34,0.0
20210616:0310,0.0,0.0,0.0,21.13,0.34,0.0
20210616:0410,0.0,0.0,0.0,20.67,0.41,0.0
20210616:0510,0.0,0.0,0.0,20.13,1.03,0.0
20210616:0610,29.1,50.35,11.05,17.67,1.86,0.0
20210616:0710,104.8,173.42,21.67,20.16,1.93,0.0
20210616:0810,257.67,338.76,32.66,21.56,1.52,0.0
20210616:0910,467.71,594.86,43.75,22.33,2.62,0.0
20210616:1010,597.65,755.69,54.52,22.13,3.72,0.0
20210616:1110,577.23,729.91,64.14,21.56,3.86,0.0
20210616:1210,579.72,733.42,70.42,21.26,3.86,0.0
20210616:1310,611.8,772.11,69.79,20.78,4.07,0.0
20210616:1410,656.21,828.41,62.73,20.73,4.0,0.0
20210616:1510,596.18,747.2,52.84,20.82,3.93,0.0
20210616:1610,447.64,560.73,41.97,20.24,3.24,0.0
20210616:1710,255.68,334.05,30.88,20.09,2.07,0.0
20210616:1810,57.65,87.19,19.93,19.75,1.38,0.0
20210616:1910,18.01,35.59,9.4,18.55,1.59,0.0
20210616:2010,0.0,0.0,0.0,18.43,1.72,0.0
20210616:2110,0.0,0.0,0.0,17.62,1.86,0.0
20210616:2210,0.0,0.0,0.0,17.09,1.38,0.0
20210616:2310,0.0,0.0,0.0,16.82,0.48,0.0
20210617:0010,0.0,0.0,0.0,16.62,0.69,0.0
20210617:0110,0.0,0.0,0.0,16.77,0.41,0.0
20210617:0210,0.0,0.0,0.0,16.95,0.48,0.0
20210617:0310,0.0,0.0,0.0,16.88,0.83,0.0
20210617:0410,0.0,0.0,0.0,16.76,0.83,0.0
20210617:0510,0.0,0.0,0.0,16.71,1.17,0.0
20210617:0610,39.43,63.37,11.04,16.65,1.52,0.0
20210617:0710,42.59,67.38,21.65,16.98,1.86,0.0
20210617:0810,21.85,40.61,32.64,17.07,2.41,0.0
20210617:0910,42.57,67.38,43.73,17.25,2.83,0.0
20210617:1010,57.4,85.84,54.51,17.73,3.17,0.0
20210617:1110,95.73,132.0,64.13,17.86,3.45,0.0
20210617:1210,151.8,198.46,70.44,18.1,3.79,0.0
20210617:1310,98.73,135.69,69.83,18.33,4.28,0.0
20210617:1410,81.66,115.38,62.79,18.58,4.9,0.0
20210617:1510,49.08,75.69,52.89,18.35,5.38,0.0
20210617:1610,54.55,82.15,42.03,17.58,5.93,0.0
20210617:1710,29.64,50.77,30.94,16.84,6.21,0.0
20210617:1810,14.57,30.46,19.99,16.43,6.34,0.0
20210617:1910,2.93,12.15,9.46,15.79,5.59,0.0
20210617:2010,0.0,0.0,0.0,15.32,5.72,0.0
20210617:2110,0.0,0.0,0.0,15.03,6.0,0.0
20210617:2210,0.0,0.0,0.0,14.78,6.0,0.0
20210617:2310,0.0,0.0,0.0,14.6,5.86,0.0
20210618:0010,0.0,0.0,0.0,14.55,5.93,0.0
20210618:0110,0.0,0.0,0.0,14.48,6.28,0.0
20210618:0210,0.0,0.0,0.0,14.45,5.86,0.0
20210618:0310,0.0,0.0,0.0,14.42,5.59,0.0
20210618:0410,0.0,0.0,0.0,14.37,5.86,0.0
20210618:0510,0.0,0.0,0.0,14.35,5.72,0.0
20210618:0610,31.03,52.08,11.02,14.4,5.66,0.0
20210618:0710,112.35,153.33,21.63,14.83,6.14,0.0
20210618:0810,182.77,231.64,32.62,15.18,6.83,0.0
20210618:0910,224.15,279.71,43.71,16.21,6.9,0.0
20210618:1010,286.54,353.56,54.49,16.61,6.14,0.0
20210618:1110,453.91,553.93,64.12,17.29,6.28,0.0
20210618:1210,380.86,468.64,70.45,17.88,5.93,0.0
20210618:1310,74.75,107.07,69.87,18.64,5.24,0.0
20210618:1410,80.0,113.54,62.84,18.94,5.1,0.0
20210618:1510,45.25,71.08,52.95,18.87,5.52,0.0
20210618:1610,185.55,238.35,42.08,19.01,5.66,0.0
20210618:1710,243.08,310.72,30.99,18.57,5.45,0.0
20210618:1810,100.75,141.91,20.04,17.9,5.1,0.0
20210618:1910,24.0,43.4,9.51,16.69,4.41,0.0
20210618:2010,0.0,0.0,0.0,16.21,4.14,0.0
20210618:2110,0.0,0.0,0.0,15.59,4.55,0.0
20210618:2210,0.0,0.0,0.0,15.11,4.48,0.0
20210618:2310,0.0,0.0,0.0,14.9,3.86,0.0
20210619:0010,0.0,0.0,0.0,14.52,3.52,0.0
20210619:0110,0.0,0.0,0.0,14.37,3.24,0.0
20210619:0210,0.0,0.0,0.0,14.14,3.03,0.0
20210619:0310,0.0,0.0,0.0,14.14,2.9,0.0
20210619:0410,0.0,0.0,0.0,13.97,3.1,0.0
20210619:0510,0.0,0.0,0.0,13.9,3.03,0.0
20210619:0610,27.65,47.74,11.0,14.07,2.97,0.0
20210619:0710,85.45,119.14,21.6,14.79,2.14,0.0
20210619:0810,108.58,145.84,32.59,15.09,2.21,0.0
20210619:0910,296.88,367.78,43.68,15.4,2.69,0.0
20210619:1010,73.37,104.31,54.46,15.66,3.24,0.0
20210619:1110,63.34,92.31,64.11,15.82,3.79,0.0
20210619:1210,213.49,268.61,70.45,15.77,4.0,0.0
20210619:1310,161.23,207.69,69.91,15.85,3.45,0.0
20210619:1410,304.36,376.85,62.88,16.05,3.59,0.0
20210619:1510,265.97,330.15,53.0,15.95,4.14,0.0
20210619:1610,142.61,185.53,42.14,15.73,4.21,0.0
20210619:1710,35.63,58.15,31.04,15.41,4.21,0.0
20210619:1810,49.9,75.69,20.09,14.89,4.0,0.0
20210619:1910,2.96,12.15,9.56,14.33,5.03,0.0
20210619:2010,0.0,0.0,0.0,14.12,5.59,0.0
20210619:2110,0.0,0.0,0.0,13.99,6.07,0.0
20210619:2210,0.0,0.0,0.0,13.94,6.69,0.0
20210619:2310,0.0,0.0,0.0,13.94,6.9,0.0
20210620:0010,0.0,0.0,0.0,13.98,7.45,0.0
20210620:0110,0.0,0.0,0.0,13.88,7.31,0.0
20210620:0210,0.0,0.0,0.0,13.72,7.79,0.0
20210620:0310,0.0,0.0,0.0,13.46,7.66,0.0
20210620:0410,0.0,0.0,0.0,13.64,6.9,0.0
20210620:0510,0.0,0.0,0.0,13.72,4.83,0.0
20210620:0610,39.4,62.5,10.97,13.84,4.34,0.0
20210620:0710,108.01,147.03,21.57,14.13,5.03,0.0
20210620:0810,220.0,275.76,32.56,14.39,5.38,0.0
20210620:0910,430.94,518.9,43.65,14.71,6.28,0.0
20210620:1010,79.97,111.69,54.43,15.33,6.62,0.0
20210620:1110,386.87,469.28,64.09,15.6,6.76,0.0
20210620:1210,211.78,263.99,70.45,15.14,7.86,0.0
20210620:1310,155.63,199.38,69.93,15.29,7.93,0.0
20210620:1410,113.66,150.46,62.93,14.59,7.93,0.0
20210620:1510,89.0,121.84,53.04,14.57,7.66,0.0
20210620:1610,174.61,220.71,42.18,14.55,6.97,0.0
20210620:1710,64.59,93.23,31.09,14.79,6.76,0.0
20210620:1810,22.21,40.61,20.13,14.4,7.24,0.0
20210620:1910,5.46,16.49,9.61,14.02,7.1,0.0
20210620:2010,0.0,0.0,0.0,13.85,7.72,0.0
20210620:2110,0.0,0.0,0.0,13.83,7.38,0.0
20210620:2210,0.0,0.0,0.0,13.87,6.62,0.0
20210620:2310,0.0,0.0,0.0,13.63,5.72,0.0
20210621:0010,0.0,0.0,0.0,13.27,4.83,0.0
20210621:0110,0.0,0.0,0.0,13.15,3.79,0.0
20210621:0210,0.0,0.0,0.0,13.13,3.45,0.0
20210621:0310,0.0,0.0,0.0,12.89,3.03,0.0
20210621:0410,0.0,0.0,0.0,12.87,2.76,0.0
20210621:0510,0.0,0.0,0.0,12.88,2.62,0.0
20210621:0610,27.1,46.87,10.94,13.11,2.34,0.0
20210621:0710,121.18,168.5,21.53,13.89,2.76,0.0
20210621:0810,228.19,287.68,32.52,14.24,2.69,0.0
20210621:0910,152.0,196.6,43.61,15.08,2.55,0.0
20210621:1010,224.02,282.09,54.4,15.81,2.62,0.0
20210621:1110,483.5,599.98,64.06,16.55,2.69,0.0
20210621:1210,550.22,686.35,70.45,17.05,2.9,0.0
20210621:1310,627.75,787.13,69.95,16.98,2.9,0.0
20210621:1410,660.67,823.25,62.96,16.94,3.45,0.0
20210621:1510,592.04,729.9,53.08,17.01,3.72,0.0
20210621:1610,416.41,511.9,42.22,17.13,4.07,0.0
20210621:1710,250.43,317.68,31.13,16.44,4.21,0.0
20210621:1810,112.31,159.5,20.18,16.03,3.79,0.0
20210621:1910,24.09,43.4,9.65,15.84,3.1,0.0
20210621:2010,0.0,0.0,0.0,15.36,2.76,0.0
20210621:2110,0.0,0.0,0.0,15.03,3.03,0.0
20210621:2210,0.0,0.0,0.0,14.59,3.24,0.0
20210621:2310,0.0,0.0,0.0,14.25,3.03,0.0
20210622:0010,0.0,0.0,0.0,14.15,2.76,0.0
20210622:0110,0.0,0.0,0.0,13.95,2.55,0.0
20210622:0210,0.0,0.0,0.0,13.92,2.48,0.0
20210622:0310,0.0,0.0,0.0,13.87,2.69,0.0
20210622:0410,0.0,0.0,0.0,13.87,3.03,0.0
20210622:0510,0.0,0.0,0.0,13.85,3.24,0.0
20210622:0610,36.54,59.03,10.9,14.07,3.17,0.0
20210622:0710,117.73,162.36,21.49,14.82,3.86,0.0
20210622:0810,178.89,228.21,32.48,15.4,4.41,0.0
20210622:0910,438.7,534.64,43.57,16.17,4.9,0.0
20210622:1010,469.96,574.22,54.36,17.09,5.17,0.0
20210622:1110,399.46,491.07,64.03,17.75,5.52,0.0
20210622:1210,622.35,766.99,70.43,18.14,5.72,0.0
20210622:1310,682.55,842.86,69.97,18.59,6.14,0.0
20210622:1410,539.89,662.97,62.99,18.73,6.21,0.0
20210622:1510,366.58,451.61,53.12,18.83,6.48,0.0
20210622:1610,460.75,563.12,42.26,18.69,6.76,0.0
20210622:1710,294.33,376.72,31.17,18.31,6.55,0.0
20210622:1810,99.72,170.42,20.21,17.65,6.21,0.0
20210622:1910,24.0,43.4,9.68,16.85,6.28,0.0
20210622:2010,0.0,0.0,0.0,15.8,5.93,0.0
20210622:2110,0.0,0.0,0.0,14.91,5.66,0.0
20210622:2210,0.0,0.0,0.0,14.27,4.97,0.0
20210622:2310,0.0,0.0,0.0,13.78,4.55,0.0
20210623:0010,0.0,0.0,0.0,13.32,4.41,0.0
20210623:0110,0.0,0.0,0.0,12.87,4.34,0.0
20210623:0210,0.0,0.0,0.0,12.5,4.55,0.0
20210623:0310,0.0,0.0,0.0,12.18,4.48,0.0
20210623:0410,0.0,0.0,0.0,11.89,4.34,0.0
20210623:0510,0.0,0.0,0.0,11.78,4.34,0.0
20210623:0610,33.46,54.69,10.86,12.05,4.21,0.0
20210623:0710,103.74,171.74,21.45,13.33,4.55,0.0
20210623:0810,311.63,394.89,32.44,14.59,4.97,0.0
20210623:0910,508.23,616.05,43.53,15.67,5.24,0.0
20210623:1010,630.29,769.68,54.32,16.69,5.03,0.0
20210623:1110,734.64,911.04,63.99,17.65,4.9,0.0
20210623:1210,816.12,1028.09,70.41,18.53,4.69,0.0
20210623:1310,800.54,1012.39,69.97,19.28,4.55,0.0
20210623:1410,731.73,919.81,63.02,19.8,4.55,0.0
20210623:1510,628.21,781.36,53.15,20.11,4.76,0.0
20210623:1610,489.98,606.8,42.29,20.12,5.1,0.0
20210623:1710,300.04,388.09,31.2,19.78,5.38,0.0
20210623:1810,101.96,170.9,20.25,19.15,5.45,0.0
20210623:1910,25.82,46.01,9.71,17.98,5.93,0.0
20210623:2010,0.0,0.0,0.0,16.81,5.38,0.0
20210623:2110,0.0,0.0,0.0,15.8,4.9,0.0
20210623:2210,0.0,0.0,0.0,14.97,4.55,0.0
20210623:2310,0.0,0.0,0.0,14.2,4.34,0.0
20210624:0010,0.0,0.0,0.0,13.56,4.0,0.0
20210624:0110,0.0,0.0,0.0,12.98,3.79,0.0
20210624:0210,0.0,0.0,0.0,12.47,3.86,0.0
20210624:0310,0.0,0.0,0.0,12.12,3.93,0.0
20210624:0410,0.0,0.0,0.0,11.83,3.86,0.0
20210624:0510,0.0,0.0,0.0,11.59,3.72,0.0
20210624:0610,29.33,49.48,10.81,11.91,3.45,0.0
20210624:0710,102.32,170.57,21.4,13.96,2.83,0.0
20210624:0810,299.5,387.11,32.39,16.69,2.48,0.0
20210624:0910,477.92,601.39,43.48,18.9,2.07,0.0
20210624:1010,611.61,786.45,54.27,20.58,1.72,0.0
20210624:1110,699.83,916.74,63.95,21.87,1.93,0.0
20210624:1210,756.36,1003.11,70.38,22.81,2.14,0.0
20210624:1310,755.88,1003.39,69.97,23.44,2.28,0.0
20210624:1410,694.79,912.01,63.03,23.82,2.41,0.0
20210624:1510,609.34,788.06,53.18,24.06,2.62,0.0
20210624:1610,472.51,605.38,42.32,24.17,2.9,0.0
20210624:1710,293.78,390.94,31.23,24.06,3.31,0.0
20210624:1810,99.1,171.12,20.27,23.62,3.59,0.0
20210624:1910,23.88,44.27,9.74,22.7,3.59,0.0
20210624:2010,0.0,0.0,0.0,21.48,3.86,0.0
20210624:2110,0.0,0.0,0.0,20.27,4.0,0.0
20210624:2210,0.0,0.0,0.0,19.27,3.86,0.0
20210624:2310,0.0,0.0,0.0,18.25,3.66,0.0
20210625:0010,0.0,0.0,0.0,17.28,3.38,0.0
20210625:0110,0.0,0.0,0.0,16.44,3.38,0.0
20210625:0210,0.0,0.0,0.0,15.77,3.45,0.0
20210625:0310,0.0,0.0,0.0,15.28,3.45,0.0
20210625:0410,0.0,0.0,0.0,14.97,3.45,0.0
20210625:0510,0.0,0.0,0.0,14.64,3.45,0.0
20210625:0610,27.53,47.74,10.76,14.94,3.24,0.0
20210625:0710,100.02,169.43,21.35,16.92,2.69,0.0
20210625:0810,299.21,394.39,32.34,19.78,2.0,0.0
20210625:0910,474.92,613.83,43.43,22.17,1.17,0.0
20210625:1010,600.14,796.45,54.22,23.5,0.76,0.0
20210625:1110,687.31,924.62,63.9,24.3,1.17,0.0
20210625:1210,767.51,1036.22,70.35,24.65,1.86,0.0
20210625:1310,763.98,1022.75,69.97,24.72,2.28,0.0
20210625:1410,697.34,921.24,63.05,24.76,2.34,0.0
20210625:1510,612.74,798.68,53.2,24.83,2.34,0.0
20210625:1610,472.83,610.68,42.35,24.8,2.34,0.0
20210625:1710,292.35,392.61,31.26,24.62,2.07,0.0
20210625:1810,98.66,172.16,20.3,24.26,1.59,0.0
20210625:1910,23.79,44.27,9.76,23.1,1.24,0.0
20210625:2010,0.0,0.0,0.0,21.71,1.24,0.0
20210625:2110,0.0,0.0,0.0,20.35,1.03,0.0
20210625:2210,0.0,0.0,0.0,19.5,1.24,0.0
20210625:2310,0.0,0.0,0.0,18.5,1.38,0.0
20210626:0010,0.0,0.0,0.0,18.07,1.38,0.0
20210626:0110,0.0,0.0,0.0,17.47,1.31,0.0
20210626:0210,0.0,0.0,0.0,16.98,1.17,0.0
20210626:0310,0.0,0.0,0.0,16.91,1.03,0.0
20210626:0410,0.0,0.0,0.0,16.76,0.9,0.0
20210626:0510,0.0,0.0,0.0,15.76,1.03,0.0
20210626:0610,30.19,51.21,10.7,14.84,1.1,0.0
20210626:0710,100.75,167.78,21.3,16.33,0.48,0.0
20210626:0810,271.95,355.54,32.28,17.76,0.48,0.0
20210626:0910,221.06,283.36,43.37,18.9,1.79,0.0
20210626:1010,302.96,383.8,54.17,19.62,2.14,0.0
20210626:1110,644.61,827.81,63.85,20.26,2.28,0.0
20210626:1210,469.67,594.31,70.31,20.69,2.9,0.0
20210626:1310,511.44,645.92,69.95,20.88,3.45,0.0
20210626:1410,441.47,555.18,63.06,20.81,3.59,0.0
20210626:1510,411.55,515.28,53.22,20.62,3.86,0.0
20210626:1610,268.51,339.17,42.37,20.01,4.14,0.0
20210626:1710,228.79,294.1,31.28,19.33,4.21,0.0
20210626:1810,92.35,130.12,20.32,18.41,4.28,0.0
20210626:1910,18.8,36.46,9.77,17.14,3.79,0.0
20210626:2010,0.0,0.0,0.0,16.31,3.72,0.0
20210626:2110,0.0,0.0,0.0,15.6,3.38,0.0
20210626:2210,0.0,0.0,0.0,15.17,3.03,0.0
20210626:2310,0.0,0.0,0.0,14.85,2.55,0.0
20210627:0010,0.0,0.0,0.0,14.69,2.34,0.0
20210627:0110,0.0,0.0,0.0,14.44,2.28,0.0
20210627:0210,0.0,0.0,0.0,14.2,2.48,0.0
20210627:0310,0.0,0.0,0.0,14.1,2.97,0.0
20210627:0410,0.0,0.0,0.0,13.9,3.52,0.0
20210627:0510,0.0,0.0,0.0,13.63,3.52,0.0
20210627:0610,35.98,58.16,10.64,13.36,3.31,0.0
20210627:0710,106.94,145.83,21.24,13.65,3.52,0.0
20210627:0810,255.97,321.4,32.22,14.02,3.66,0.0
20210627:0910,428.77,522.82,43.31,14.74,3.59,0.0
20210627:1010,623.37,764.94,54.11,15.27,3.45,0.0
20210627:1110,718.76,891.73,63.79,15.96,3.79,0.0
20210627:1210,820.72,1023.82,70.26,16.38,4.55,0.0
20210627:1310,809.88,1004.29,69.93,16.6,5.17,0.0
20210627:1410,757.83,932.89,63.06,16.59,5.24,0.0
20210627:1510,654.76,797.65,53.23,16.46,5.24,0.0
20210627:1610,494.99,601.48,42.39,16.25,5.1,0.0
20210627:1710,292.32,370.3,31.29,16.08,4.83,0.0
20210627:1810,106.74,172.25,20.33,15.75,4.55,0.0
20210627:1910,34.31,56.42,9.78,15.12,4.62,0.0
20210627:2010,0.0,0.0,0.0,14.42,3.24,0.0
20210627:2110,0.0,0.0,0.0,13.77,2.41,0.0
20210627:2210,0.0,0.0,0.0,13.25,2.62,0.0
20210627:2310,0.0,0.0,0.0,12.95,2.41,0.0
20210628:0010,0.0,0.0,0.0,12.81,2.41,0.0
20210628:0110,0.0,0.0,0.0,13.03,2.83,0.0
20210628:0210,0.0,0.0,0.0,13.31,2.83,0.0
20210628:0310,0.0,0.0,0.0,13.38,2.62,0.0
20210628:0410,0.0,0.0,0.0,13.33,2.9,0.0
20210628:0510,0.0,0.0,0.0,13.2,2.9,0.0
20210628:0610,31.82,52.95,10.58,13.44,2.97,0.0
20210628:0710,110.07,150.6,21.17,14.05,3.59,0.0
20210628:0810,266.51,336.41,32.16,14.93,3.86,0.0
20210628:0910,389.31,475.81,43.25,15.54,4.14,0.0
20210628:1010,487.42,596.63,54.04,16.44,4.21,0.0
20210628:1110,617.58,761.58,63.73,16.82,4.34,0.0
20210628:1210,759.09,948.12,70.21,17.18,4.34,0.0
20210628:1310,739.74,922.49,69.91,17.5,4.55,0.0
20210628:1410,715.59,888.24,63.06,17.53,4.55,0.0
20210628:1510,602.09,739.9,53.24,17.6,4.62,0.0
20210628:1610,479.16,587.41,42.4,17.43,4.55,0.0
20210628:1710,302.37,386.47,31.31,17.11,4.48,0.0
20210628:1810,106.74,173.2,20.34,16.61,4.48,0.0
20210628:1910,30.79,52.08,9.79,15.78,4.14,0.0
20210628:2010,0.0,0.0,0.0,15.01,4.0,0.0
20210628:2110,0.0,0.0,0.0,14.19,3.66,0.0
20210628:2210,0.0,0.0,0.0,13.71,3.38,0.0
20210628:2310,0.0,0.0,0.0,13.44,3.17,0.0
20210629:0010,0.0,0.0,0.0,13.13,3.03,0.0
20210629:0110,0.0,0.0,0.0,12.8,3.03,0.0
20210629:0210,0.0,0.0,0.0,12.58,3.03,0.0
20210629:0310,0.0,0.0,0.0,12.38,2.97,0.0
20210629:0410,0.0,0.0,0.0,12.08,2.83,0.0
20210629:0510,0.0,0.0,0.0,11.87,2.76,0.0
20210629:0610,27.94,47.74,10.51,11.99,2.62,0.0
20210629:0710,101.13,167.07,21.11,13.32,3.17,0.0
20210629:0810,302.48,386.37,32.09,14.26,2.97,0.0
20210629:0910,467.37,574.21,43.18,15.32,2.83,0.0
20210629:1010,615.82,764.78,53.98,16.29,2.76,0.0
20210629:1110,715.23,901.44,63.66,17.35,3.03,0.0
20210629:1210,786.02,998.77,70.15,18.21,3.52,0.0
20210629:1310,794.56,1005.4,69.87,18.81,4.21,0.0
20210629:1410,742.15,930.14,63.05,19.2,4.62,0.0
20210629:1510,648.27,803.68,53.24,19.29,4.76,0.0
20210629:1610,505.99,624.83,42.41,19.32,4.9,0.0
20210629:1710,308.27,397.02,31.31,19.09,5.1,0.0
20210629:1810,105.08,175.81,20.35,18.6,4.97,0.0
20210629:1910,26.51,46.87,9.79,17.67,4.83,0.0
20210629:2010,0.0,0.0,0.0,16.63,4.62,0.0
20210629:2110,0.0,0.0,0.0,15.61,4.34,0.0
20210629:2210,0.0,0.0,0.0,14.85,4.14,0.0
20210629:2310,0.0,0.0,0.0,14.28,3.79,0.0
20210630:0010,0.0,0.0,0.0,13.82,3.59,0.0
20210630:0110,0.0,0.0,0.0,13.5,3.59,0.0
20210630:0210,0.0,0.0,0.0,13.32,3.59,0.0
20210630:0310,0.0,0.0,0.0,13.3,3.52,0.0
20210630:0410,0.0,0.0,0.0,13.32,3.45,0.0
20210630:0510,0.0,0.0,0.0,13.27,3.31,0.0
20210630:0610,28.41,48.61,10.44,13.51,3.1,0.0
20210630:0710,98.99,165.94,21.04,14.47,3.17,0.0
20210630:0810,301.43,387.52,32.02,15.51,2.97,0.0
20210630:0910,478.52,593.32,43.11,16.74,2.55,0.0
20210630:1010,598.79,754.2,53.91,17.97,2.21,0.0
20210630:1110,699.67,896.96,63.59,19.05,2.34,0.0
20210630:1210,779.85,1005.42,70.08,19.78,3.03,0.0
20210630:1310,768.98,985.68,69.83,20.14,3.52,0.0
20210630:1410,703.45,891.45,63.03,20.35,3.86,0.0
20210630:1510,629.57,789.29,53.24,20.34,3.93,0.0
20210630:1610,485.04,605.4,42.41,20.21,3.79,0.0
20210630:1710,302.04,392.32,31.32,19.94,3.72,0.0
20210630:1810,105.55,175.44,20.35,19.46,3.66,0.0
20210630:1910,23.81,43.4,9.79,18.13,3.45,0.0
20210630:2010,0.0,0.0,0.0,17.19,2.83,0.0
20210630:2110,0.0,0.0,0.0,16.4,2.48,0.0
20210630:2210,0.0,0.0,0.0,15.87,2.21,0.0
20210630:2310,0.0,0.0,0.0,15.17,2.07,0.0
20210701:0010,0.0,0.0,0.0,14.56,2.0,0.0
20210701:0110,0.0,0.0,0.0,13.93,1.93,0.0
20210701:0210,0.0,0.0,0.0,13.47,1.93,0.0
20210701:0310,0.0,0.0,0.0,13.26,1.86,0.0
20210701:0410,0.0,0.0,0.0,13.29,1.52,0.0
20210701:0510,0.0,0.0,0.0,13.25,1.17,0.0
20210701:0610,34.48,56.42,10.37,13.57,0.97,0.0
20210701:0710,95.52,162.27,20.96,15.01,1.31,0.0
20210701:0810,286.27,373.83,31.95,16.21,0.9,0.0
20210701:0910,456.57,574.53,43.04,17.47,1.31,0.0
20210701:1010,498.28,626.83,53.83,18.47,2.0,0.0
20210701:1110,673.09,863.01,63.51,19.17,2.14,0.0
20210701:1210,748.67,973.24,70.01,19.78,2.21,0.0
20210701:1310,758.0,979.84,69.79,20.38,2.83,0.0
20210701:1410,711.57,907.07,63.01,20.59,3.38,0.0
20210701:1510,623.87,784.59,53.23,20.44,3.52,0.0
20210701:1610,481.19,601.73,42.41,20.24,3.45,0.0
20210701:1710,292.03,379.4,31.31,19.88,3.24,0.0
20210701:1810,114.44,168.56,20.34,19.44,2.83,0.0
20210701:1910,22.45,41.66,9.78,18.55,2.48,0.0
20210701:2010,0.0,0.0,0.0,17.71,1.93,0.0
20210701:2110,0.0,0.0,0.0,16.92,1.72,0.0
20210701:2210,0.0,0.0,0.0,16.15,1.31,0.0
20210701:2310,0.0,0.0,0.0,15.88,0.69,0.0
20210702:0010,0.0,0.0,0.0,15.89,0.62,0.0
20210702:0110,0.0,0.0,0.0,15.81,0.07,0.0
20210702:0210,0.0,0.0,0.0,15.72,0.48,0.0
20210702:0310,0.0,0.0,0.0,15.47,0.21,0.0
20210702:0410,0.0,0.0,0.0,14.14,1.1,0.0
20210702:0510,0.0,0.0,0.0,14.01,1.17,0.0
20210702:0610,3.9,13.89,10.29,14.86,1.31,0.0
20210702:0710,31.91,53.54,20.89,15.68,2.55,0.0
20210702:0810,56.21,84.0,31.87,16.54,2.76,0.0
20210702:0910,53.74,81.23,42.96,17.3,2.9,0.0
20210702:1010,72.77,104.31,53.75,17.31,3.17,0.0
20210702:1110,217.44,275.36,63.43,17.05,3.24,0.0
20210702:1210,165.88,215.07,69.93,17.86,3.38,0.0
20210702:1310,527.35,656.06,69.73,18.86,4.14,0.0
20210702:1410,211.71,269.69,62.99,18.78,4.62,0.0
20210702:1510,71.59,103.38,53.22,18.87,4.97,0.0
20210702:1610,80.77,114.46,42.4,18.81,4.48,0.0
20210702:1710,40.11,64.61,31.31,18.68,4.07,0.0
20210702:1810,50.49,77.54,20.33,18.49,4.07,0.0
20210702:1910,1.18,8.68,9.76,17.56,4.76,0.0
20210702:2010,0.0,0.0,0.0,17.37,4.62,0.0
20210702:2110,0.0,0.0,0.0,17.23,4.28,0.0
20210702:2210,0.0,0.0,0.0,17.01,4.0,0.0
20210702:2310,0.0,0.0,0.0,16.91,3.52,0.0
20210703:0010,0.0,0.0,0.0,16.81,3.1,0.0
20210703:0110,0.0,0.0,0.0,16.64,2.76,0.0
20210703:0210,0.0,0.0,0.0,16.53,2.34,0.0
20210703:0310,0.0,0.0,0.0,16.36,1.79,0.0
20210703:0410,0.0,0.0,0.0,16.28,1.52,0.0
20210703:0510,0.0,0.0,0.0,16.09,1.45,0.0
20210703:0610,30.67,52.08,10.21,16.08,1.38,0.0
20210703:0710,88.27,123.76,20.81,16.27,1.93,0.0
20210703:0810,201.79,258.98,31.79,16.43,2.0,0.0
20210703:0910,331.5,413.4,42.88,17.2,2.41,0.0
20210703:1010,400.64,499.06,53.67,17.95,2.69,0.0
20210703:1110,345.9,433.66,63.34,18.87,2.97,0.0
20210703:1210,709.11,902.67,69.85,19.31,3.24,0.0
20210703:1310,605.22,761.59,69.67,19.61,3.72,0.0
20210703:1410,656.85,826.42,62.95,19.38,3.72,0.0
20210703:1510,620.15,773.03,53.2,19.16,3.79,0.0
20210703:1610,460.11,570.7,42.39,18.8,3.66,0.0
20210703:1710,299.09,385.66,31.3,18.25,3.17,0.0
20210703:1810,115.8,168.64,20.32,17.67,2.48,0.0
20210703:1910,21.37,39.93,9.74,16.8,2.34,0.0
20210703:2010,0.0,0.0,0.0,16.06,1.72,0.0
20210703:2110,0.0,0.0,0.0,15.61,1.66,0.0
20210703:2210,0.0,0.0,0.0,15.3,2.21,0.0
20210703:2310,0.0,0.0,0.0,15.16,2.41,0.0
20210704:0010,0.0,0.0,0.0,15.06,2.69,0.0
20210704:0110,0.0,0.0,0.0,15.24,2.97,0.0
20210704:0210,0.0,0.0,0.0,15.32,3.31,0.0
20210704:0310,0.0,0.0,0.0,15.42,3.66,0.0
20210704:0410,0.0,0.0,0.0,15.44,3.79,0.0
20210704:0510,0.0,0.0,0.0,15.59,4.34,0.0
20210704:0610,12.75,27.78,10.12,15.67,4.76,0.0
20210704:0710,99.94,138.9,20.72,16.28,4.76,0.0
20210704:0810,131.75,173.55,31.71,16.68,5.03,0.0
20210704:0910,172.6,221.52,42.8,17.26,5.31,0.0
20210704:1010,217.37,274.63,53.58,18.01,5.86,0.0
20210704:1110,156.19,203.07,63.25,18.26,5.93,0.0
20210704:1210,235.26,296.65,69.76,18.75,6.21,0.0
20210704:1310,227.34,287.25,69.61,18.85,6.55,0.0
20210704:1410,431.69,529.86,62.92,18.77,6.69,0.0
20210704:1510,182.87,234.57,53.18,18.63,6.48,0.0
20210704:1610,161.77,209.61,42.37,18.33,6.07,0.0
20210704:1710,80.35,113.54,31.28,18.24,6.14,0.0
20210704:1810,24.54,44.31,20.3,17.97,5.72,0.0
20210704:1910,6.39,18.23,9.72,17.45,5.59,0.0
20210704:2010,0.0,0.0,0.0,17.2,5.03,0.0
20210704:2110,0.0,0.0,0.0,16.91,4.48,0.0
20210704:2210,0.0,0.0,0.0,16.84,4.28,0.0
20210704:2310,0.0,0.0,0.0,16.73,4.07,0.0
20210705:0010,0.0,0.0,0.0,16.72,3.93,0.0
20210705:0110,0.0,0.0,0.0,16.68,3.79,0.0
20210705:0210,0.0,0.0,0.0,16.64,3.86,0.0
20210705:0310,0.0,0.0,0.0,16.62,4.14,0.0
20210705:0410,0.0,0.0,0.0,16.61,4.41,0.0
20210705:0510,0.0,0.0,0.0,16.58,4.55,0.0
20210705:0610,23.37,42.53,10.03,16.52,4.55,0.0
20210705:0710,80.9,114.05,20.63,16.56,5.59,0.0
20210705:0810,140.89,184.26,31.62,17.0,6.34,0.0
20210705:0910,147.45,191.99,42.71,17.49,6.62,0.0
20210705:1010,289.19,357.87,53.49,17.8,6.97,0.0
20210705:1110,349.8,429.89,63.16,18.13,7.45,0.0
20210705:1210,270.79,337.47,69.66,18.78,8.21,0.0
20210705:1310,230.31,290.02,69.53,19.04,8.83,0.0
20210705:1410,337.55,415.49,62.87,18.89,9.03,0.0
20210705:1510,98.17,134.77,53.15,18.75,8.9,0.0
20210705:1610,117.19,156.92,42.35,18.17,7.72,0.0
20210705:1710,28.86,49.85,31.26,17.33,7.03,0.0
20210705:1810,92.45,129.08,20.28,16.91,5.79,0.0
20210705:1910,1.19,8.68,9.69,16.69,4.97,0.0
20210705:2010,0.0,0.0,0.0,16.57,4.0,0.0
20210705:2110,0.0,0.0,0.0,16.18,3.38,0.0
20210705:2210,0.0,0.0,0.0,15.79,2.83,0.0
20210705:2310,0.0,0.0,0.0,15.52,2.55,0.0
20210706:0010,0.0,0.0,0.0,15.25,2.48,0.0
20210706:0110,0.0,0.0,0.0,15.06,2.28,0.0
20210706:0210,0.0,0.0,0.0,14.69,2.41,0.0
20210706:0310,0.0,0.0,0.0,14.37,2.21,0.0
20210706:0410,0.0,0.0,0.0,14.16,2.14,0.0
20210706:0510,0.0,0.0,0.0,14.01,2.0,0.0
20210706:0610,31.71,52.95,9.94,13.95,2.0,0.0
20210706:0710,97.97,161.49,20.54,14.55,2.41,0.0
20210706:0810,226.98,287.92,31.54,15.24,2.97,0.0
20210706:0910,361.35,444.41,42.62,15.91,3.52,0.0
20210706:1010,289.27,358.74,53.4,16.49,4.0,0.0
20210706:1110,632.53,780.92,63.06,16.91,4.34,0.0
20210706:1210,620.0,767.38,69.56,17.32,4.48,0.0
20210706:1310,601.39,744.3,69.45,17.19,4.28,0.0
20210706:1410,604.27,746.92,62.82,17.19,4.21,0.0
20210706:1510,219.08,276.65,53.12,17.12,4.07,0.0
20210706:1610,189.29,241.25,42.32,16.99,4.21,0.0
20210706:1710,77.7,109.84,31.23,16.74,4.21,0.0
20210706:1810,65.01,94.62,20.25,16.24,3.79,0.0
20210706:1910,26.74,46.87,9.65,15.86,3.31,0.0
20210706:2010,0.0,0.0,0.0,15.2,2.9,0.0
20210706:2110,0.0,0.0,0.0,14.8,2.41,0.0
20210706:2210,0.0,0.0,0.0,14.53,2.07,0.0
20210706:2310,0.0,0.0,0.0,14.23,1.45,0.0
20210707:0010,0.0,0.0,0.0,14.06,1.45,0.0
20210707:0110,0.0,0.0,0.0,13.62,1.17,0.0
20210707:0210,0.0,0.0,0.0,13.05,1.03,0.0
20210707:0310,0.0,0.0,0.0,12.9,1.1,0.0
20210707:0410,0.0,0.0,0.0,12.87,0.97,0.0
20210707:0510,0.0,0.0,0.0,13.53,0.41,0.0
20210707:0610,34.43,56.42,9.84,13.63,0.14,0.0
20210707:0710,104.84,162.89,20.45,14.27,0.97,0.0
20210707:0810,266.93,342.79,31.44,15.28,1.52,0.0
20210707:0910,437.37,543.06,42.53,16.18,2.0,0.0
20210707:1010,576.63,720.68,53.31,16.82,2.21,0.0
20210707:1110,724.41,914.52,62.95,17.31,2.9,0.0
20210707:1210,779.27,982.55,69.45,17.61,3.79,0.0
20210707:1310,711.68,891.01,69.36,17.62,4.0,0.0
20210707:1410,683.63,852.65,62.77,17.81,4.0,0.0
20210707:1510,628.64,775.01,53.08,17.94,4.48,0.0
20210707:1610,453.39,557.15,42.29,17.81,4.48,0.0
20210707:1710,310.39,397.52,31.2,17.87,4.34,0.0
20210707:1810,107.64,150.48,20.21,17.61,4.41,0.0
20210707:1910,29.23,50.35,9.61,17.12,4.0,0.0
20210707:2010,0.0,0.0,0.0,16.29,3.59,0.0
20210707:2110,0.0,0.0,0.0,15.59,3.52,0.0
20210707:2210,0.0,0.0,0.0,15.15,3.45,0.0
20210707:2310,0.0,0.0,0.0,14.69,3.45,0.0
20210708:0010,0.0,0.0,0.0,14.29,3.31,0.0
20210708:0110,0.0,0.0,0.0,13.87,3.24,0.0
20210708:0210,0.0,0.0,0.0,13.43,3.17,0.0
20210708:0310,0.0,0.0,0.0,13.02,3.17,0.0
20210708:0410,0.0,0.0,0.0,12.69,3.24,0.0
20210708:0510,0.0,0.0,0.0,12.32,3.24,0.0
20210708:0610,27.23,46.87,9.74,12.33,3.24,0.0
20210708:0710,92.61,158.28,20.35,13.26,3.52,0.0
20210708:0810,293.72,375.37,31.35,14.41,3.66,0.0
20210708:0910,482.88,590.26,42.44,15.81,3.86,0.0
20210708:1010,632.62,781.48,53.21,17.22,3.79,0.0
20210708:1110,733.6,924.59,62.84,18.56,3.66,0.0
20210708:1210,786.54,1009.29,69.33,19.72,3.38,0.0
20210708:1310,770.8,991.78,69.27,20.54,3.38,0.0
20210708:1410,734.9,934.22,62.7,21.0,4.07,0.0
20210708:1510,646.6,809.94,53.03,21.16,4.62,0.0
20210708:1610,496.74,618.86,42.25,21.13,4.76,0.0
20210708:1710,309.82,401.99,31.17,20.98,4.83,0.0
20210708:1810,107.83,178.05,20.17,20.61,4.9,0.0
20210708:1910,26.32,46.87,9.57,19.06,5.24,0.0
20210708:2010,0.0,0.0,0.0,17.8,4.9,0.0
20210708:2110,0.0,0.0,0.0,16.69,4.69,0.0
20210708:2210,0.0,0.0,0.0,15.81,4.41,0.0
20210708:2310,0.0,0.0,0.0,15.07,4.28,0.0
20210709:0010,0.0,0.0,0.0,14.51,4.14,0.0
20210709:0110,0.0,0.0,0.0,14.07,4.0,0.0
20210709:0210,0.0,0.0,0.0,13.7,3.93,0.0
20210709:0310,0.0,0.0,0.0,13.37,3.86,0.0
20210709:0410,0.0,0.0,0.0,13.07,3.79,0.0
20210709:0510,0.0,0.0,0.0,12.79,3.66,0.0
20210709:0610,27.18,46.87,9.64,12.73,3.66,0.0
20210709:0710,91.09,157.73,20.25,13.81,3.52,0.0
20210709:0810,291.56,375.1,31.25,15.58,3.45,0.0
20210709:0910,477.49,591.03,42.34,17.53,3.24,0.0
20210709:1010,626.06,786.12,53.1,19.48,3.24,0.0
20210709:1110,746.92,959.15,62.73,21.03,3.31,0.0
20210709:1210,778.32,1006.45,69.21,22.15,3.72,0.0
20210709:1310,773.26,999.21,69.17,22.89,4.07,0.0
20210709:1410,722.8,926.34,62.63,23.41,4.41,0.0
20210709:1510,633.79,803.45,52.98,23.66,4.62,0.0
20210709:1610,487.28,614.88,42.21,23.68,4.69,0.0
20210709:1710,302.86,397.53,31.12,23.4,4.69,0.0
20210709:1810,108.5,178.16,20.13,22.85,4.34,0.0
20210709:1910,29.91,52.08,9.52,21.39,4.69,0.0
20210709:2010,0.0,0.0,0.0,20.01,4.55,0.0
20210709:2110,0.0,0.0,0.0,18.91,4.14,0.0
20210709:2210,0.0,0.0,0.0,18.09,3.66,0.0
20210709:2310,0.0,0.0,0.0,17.36,3.31,0.0
20210710:0010,0.0,0.0,0.0,16.67,3.17,0.0
20210710:0110,0.0,0.0,0.0,16.15,3.1,0.0
20210710:0210,0.0,0.0,0.0,15.52,2.97,0.0
20210710:0310,0.0,0.0,0.0,15.02,2.69,0.0
20210710:0410,0.0,0.0,0.0,14.62,2.55,0.0
20210710:0510,0.0,0.0,0.0,14.38,2.62,0.0
20210710:0610,24.93,44.27,9.53,14.43,2.62,0.0
20210710:0710,89.46,155.53,20.15,15.74,2.9,0.0
20210710:0810,285.17,371.8,31.15,17.89,3.03,0.0
20210710:0910,467.36,585.24,42.24,20.02,3.24,0.0
20210710:1010,608.61,772.78,53.0,21.57,3.03,0.0
20210710:1110,710.96,919.64,62.62,22.72,3.1,0.0
20210710:1210,755.64,984.96,69.08,23.37,3.38,0.0
20210710:1310,747.49,972.3,69.06,23.73,3.66,0.0
20210710:1410,706.78,911.12,62.56,23.91,3.93,0.0
20210710:1510,617.32,786.02,52.93,24.0,4.14,0.0
20210710:1610,477.16,604.25,42.16,23.91,4.21,0.0
20210710:1710,298.84,393.09,31.08,23.66,4.41,0.0
20210710:1810,106.61,176.39,20.08,23.2,4.55,0.0
20210710:1910,25.16,46.01,9.46,22.79,4.69,0.0
20210710:2010,0.0,0.0,0.0,21.74,4.41,0.0
20210710:2110,0.0,0.0,0.0,20.59,4.21,0.0
20210710:2210,0.0,0.0,0.0,19.77,4.07,0.0
20210710:2310,0.0,0.0,0.0,19.02,3.79,0.0
20210711:0010,0.0,0.0,0.0,18.33,3.52,0.0
20210711:0110,0.0,0.0,0.0,17.7,3.31,0.0
20210711:0210,0.0,0.0,0.0,17.16,3.1,0.0
20210711:0310,0.0,0.0,0.0,16.69,2.9,0.0
20210711:0410,0.0,0.0,0.0,16.31,3.03,0.0
20210711:0510,0.0,0.0,0.0,16.02,3.1,0.0
20210711:0610,26.05,46.01,9.42,15.97,2.83,0.0
20210711:0710,88.35,154.39,20.05,16.69,2.97,0.0
20210711:0810,281.7,368.29,31.05,18.11,2.69,0.0
20210711:0910,471.66,589.16,42.13,19.5,3.24,0.0
20210711:1010,620.25,778.39,52.89,20.48,3.72,0.0
20210711:1110,745.1,946.58,62.49,21.26,4.28,0.0
20210711:1210,763.18,971.74,68.95,21.64,4.69,0.0
20210711:1310,608.9,765.93,68.94,21.65,5.1,0.0
20210711:1410,264.75,336.21,62.48,21.43,5.31,0.0
20210711:1510,384.3,479.12,52.87,21.02,5.45,0.0
20210711:1610,297.37,372.3,42.11,20.41,6.0,0.0
20210711:1710,238.83,305.22,31.03,19.53,6.0,0.0
20210711:1810,24.46,44.31,20.02,18.55,5.72,0.0
20210711:1910,19.43,37.32,9.4,17.2,5.03,0.0
20210711:2010,0.0,0.0,0.0,16.39,4.62,0.0
20210711:2110,0.0,0.0,0.0,15.85,4.34,0.0
20210711:2210,0.0,0.0,0.0,15.43,4.07,0.0
20210711:2310,0.0,0.0,0.0,15.08,3.66,0.0
20210712:0010,0.0,0.0,0.0,14.8,3.24,0.0
20210712:0110,0.0,0.0,0.0,14.62,2.48,0.0
20210712:0210,0.0,0.0,0.0,14.44,2.21,0.0
20210712:0310,0.0,0.0,0.0,14.1,2.14,0.0
20210712:0410,0.0,0.0,0.0,13.98,2.34,0.0
20210712:0510,0.0,0.0,0.0,13.72,2.48,0.0
20210712:0610,24.99,44.27,9.31,13.95,2.9,0.0
20210712:0710,85.08,118.77,19.94,14.52,3.24,0.0
20210712:0810,124.97,164.71,30.94,15.07,3.72,0.0
20210712:0910,242.65,302.44,42.03,15.76,4.07,0.0
20210712:1010,217.71,273.78,52.77,16.41,4.62,0.0
20210712:1110,529.93,648.74,62.37,16.72,4.9,0.0
20210712:1210,378.04,465.73,68.81,17.37,4.97,0.0
20210712:1310,625.9,773.18,68.82,18.07,5.31,0.0
20210712:1410,701.1,867.01,62.39,18.3,5.45,0.0
20210712:1510,548.85,672.88,52.8,18.34,5.52,0.0
20210712:1610,352.39,434.38,42.05,18.32,5.66,0.0
20210712:1710,204.08,260.86,30.97,18.18,5.59,0.0
20210712:1810,112.33,158.39,19.96,17.7,5.24,0.0
20210712:1910,28.61,49.48,9.33,16.9,4.9,0.0
20210712:2010,0.0,0.0,0.0,16.2,4.41,0.0
20210712:2110,0.0,0.0,0.0,15.53,4.07,0.0
20210712:2210,0.0,0.0,0.0,15.12,3.79,0.0
20210712:2310,0.0,0.0,0.0,14.67,3.45,0.0
20210713:0010,0.0,0.0,0.0,14.38,3.03,0.0
20210713:0110,0.0,0.0,0.0,14.24,2.83,0.0
20210713:0210,0.0,0.0,0.0,14.02,2.62,0.0
20210713:0310,0.0,0.0,0.0,13.81,2.41,0.0
20210713:0410,0.0,0.0,0.0,13.62,2.34,0.0
20210713:0510,0.0,0.0,0.0,13.55,2.41,0.0
20210713:0610,24.35,43.4,9.19,13.72,2.48,0.0
20210713:0710,88.14,152.22,19.83,14.68,2.69,0.0
20210713:0810,234.21,298.16,30.83,15.54,3.03,0.0
20210713:0910,466.05,573.7,41.92,16.33,3.1,0.0
20210713:1010,522.38,646.34,52.66,17.02,3.03,0.0
20210713:1110,679.27,854.98,62.24,17.69,2.97,0.0
20210713:1210,703.14,890.47,68.67,18.5,3.24,0.0
20210713:1310,739.28,939.84,68.69,19.08,3.45,0.0
20210713:1410,733.27,926.55,62.3,19.41,3.79,0.0
20210713:1510,634.13,789.85,52.73,19.65,4.21,0.0
20210713:1610,488.41,603.94,41.99,19.67,4.69,0.0
20210713:1710,294.85,378.19,30.91,19.36,4.97,0.0
20210713:1810,107.59,152.59,19.9,18.94,4.9,0.0
20210713:1910,29.75,51.21,9.26,18.16,4.55,0.0
20210713:2010,0.0,0.0,0.0,17.6,4.07,0.0
20210713:2110,0.0,0.0,0.0,17.08,4.07,0.0
20210713:2210,0.0,0.0,0.0,16.68,4.21,0.0
20210713:2310,0.0,0.0,0.0,16.13,4.14,0.0
20210714:0010,0.0,0.0,0.0,15.58,4.28,0.0
20210714:0110,0.0,0.0,0.0,15.16,4.28,0.0
20210714:0210,0.0,0.0,0.0,14.8,4.21,0.0
20210714:0310,0.0,0.0,0.0,14.57,4.28,0.0
20210714:0410,0.0,0.0,0.0,14.41,4.41,0.0
20210714:0510,0.0,0.0,0.0,14.3,4.62,0.0
20210714:0610,22.96,41.66,9.07,14.52,4.62,0.0
20210714:0710,85.95,152.06,19.71,15.91,4.76,0.0
20210714:0810,281.31,363.32,30.72,17.43,5.17,0.0
20210714:0910,466.49,574.72,41.8,19.02,5.17,0.0
20210714:1010,585.99,726.92,52.54,20.52,5.17,0.0
20210714:1110,718.49,904.73,62.11,21.72,5.24,0.0
20210714:1210,752.59,958.03,68.52,22.61,5.17,0.0
20210714:1310,748.78,956.58,68.56,23.42,5.24,0.0
20210714:1410,713.04,907.39,62.2,23.94,5.38,0.0
20210714:1510,611.19,770.61,52.65,24.2,5.59,0.0
20210714:1610,454.55,571.67,41.92,24.05,5.72,0.0
20210714:1710,297.33,388.59,30.84,23.65,6.0,0.0
20210714:1810,112.61,170.43,19.83,22.84,6.07,0.0
20210714:1910,28.63,50.35,9.18,21.34,6.28,0.0
20210714:2010,0.0,0.0,0.0,19.95,6.14,0.0
20210714:2110,0.0,0.0,0.0,18.78,6.07,0.0
20210714:2210,0.0,0.0,0.0,17.84,5.93,0.0
20210714:2310,0.0,0.0,0.0,16.99,5.93,0.0
20210715:0010,0.0,0.0,0.0,16.38,5.66,0.0
20210715:0110,0.0,0.0,0.0,15.95,5.24,0.0
20210715:0210,0.0,0.0,0.0,15.55,4.9,0.0
20210715:0310,0.0,0.0,0.0,15.21,4.97,0.0
20210715:0410,0.0,0.0,0.0,14.93,4.9,0.0
20210715:0510,0.0,0.0,0.0,14.67,4.83,0.0
20210715:0610,22.28,40.8,8.95,14.77,4.62,0.0
20210715:0710,86.07,151.1,19.6,16.15,4.41,0.0
20210715:0810,280.87,365.51,30.61,18.22,4.0,0.0
20210715:0910,464.6,583.06,41.69,20.59,3.31,0.0
20210715:1010,606.13,775.82,52.42,22.73,2.83,0.0
20210715:1110,706.84,930.56,61.97,24.6,2.55,0.0
20210715:1210,741.81,996.37,68.37,26.01,2.28,0.0
20210715:1310,733.89,996.46,68.42,26.95,1.93,0.0
20210715:1410,693.02,933.9,62.09,27.44,2.0,0.0
20210715:1510,613.35,809.74,52.57,27.61,2.48,0.0
20210715:1610,477.76,621.92,41.85,27.67,2.97,0.0
20210715:1710,298.0,401.27,30.77,27.63,3.31,0.0
20210715:1810,103.15,176.86,19.75,27.28,3.52,0.0
20210715:1910,22.17,42.53,9.1,26.36,3.45,0.0
20210715:2010,0.0,0.0,0.0,24.97,3.86,0.0
20210715:2110,0.0,0.0,0.0,23.66,4.07,0.0
20210715:2210,0.0,0.0,0.0,22.46,3.86,0.0
20210715:2310,0.0,0.0,0.0,21.24,3.66,0.0
20210716:0010,0.0,0.0,0.0,20.14,3.66,0.0
20210716:0110,0.0,0.0,0.0,19.26,3.72,0.0
20210716:0210,0.0,0.0,0.0,18.57,3.72,0.0
20210716:0310,0.0,0.0,0.0,18.03,3.72,0.0
20210716:0410,0.0,0.0,0.0,17.62,3.72,0.0
20210716:0510,0.0,0.0,0.0,17.28,3.79,0.0
20210716:0610,22.61,41.66,8.83,17.37,3.79,0.0
20210716:0710,84.39,151.87,19.48,19.08,3.31,0.0
20210716:0810,275.96,367.86,30.49,22.14,2.9,0.0
20210716:0910,448.78,580.42,41.57,25.01,2.28,0.0
20210716:1010,583.6,775.41,52.29,26.83,1.52,0.0
20210716:1110,666.35,925.16,61.83,27.83,0.55,0.0
20210716:1210,698.0,981.32,68.21,28.25,0.55,0.0
20210716:1310,713.8,980.12,68.27,28.17,1.59,0.0
20210716:1410,687.23,925.27,61.98,28.02,2.21,0.0
20210716:1510,601.81,793.65,52.48,27.92,2.62,0.0
20210716:1610,465.14,607.6,41.77,27.95,2.69,0.0
20210716:1710,291.29,393.93,30.69,27.74,2.34,0.0
20210716:1810,105.74,177.57,19.67,27.28,1.86,0.0
20210716:1910,24.62,46.01,9.01,26.43,1.31,0.0
20210716:2010,0.0,0.0,0.0,25.24,0.69,0.0
20210716:2110,0.0,0.0,0.0,25.3,0.76,0.0
20210716:2210,0.0,0.0,0.0,22.99,1.45,0.0
20210716:2310,0.0,0.0,0.0,21.75,1.79,0.0
20210717:0010,0.0,0.0,0.0,20.55,2.0,0.0
20210717:0110,0.0,0.0,0.0,19.49,2.14,0.0
20210717:0210,0.0,0.0,0.0,18.75,2.14,0.0
20210717:0310,0.0,0.0,0.0,18.12,2.14,0.0
20210717:0410,0.0,0.0,0.0,17.59,2.21,0.0
20210717:0510,0.0,0.0,0.0,17.32,2.41,0.0
20210717:0610,23.86,43.4,8.7,17.65,2.48,0.0
20210717:0710,84.98,150.08,19.36,20.42,2.14,0.0
20210717:0810,266.84,362.38,30.38,24.42,1.45,0.0
20210717:0910,430.2,574.85,41.45,26.57,0.21,0.0
20210717:1010,575.23,768.24,52.17,27.34,1.31,0.0
20210717:1110,676.22,906.4,61.68,27.41,2.14,0.0
20210717:1210,712.66,959.5,68.04,27.55,2.41,0.0
20210717:1310,723.01,970.02,68.12,27.64,2.76,0.0
20210717:1410,685.82,910.15,61.86,27.69,3.03,0.0
20210717:1510,603.07,790.21,52.38,27.78,3.1,0.0
20210717:1610,462.23,601.73,41.68,27.66,2.9,0.0
20210717:1710,289.32,389.74,30.61,27.33,2.62,0.0
20210717:1810,106.56,175.96,19.59,26.49,2.48,0.0
20210717:1910,26.89,48.61,8.92,23.96,2.34,0.0
20210717:2010,0.0,0.0,0.0,22.42,1.59,0.0
20210717:2110,0.0,0.0,0.0,21.29,1.1,0.0
20210717:2210,0.0,0.0,0.0,20.39,1.03,0.0
20210717:2310,0.0,0.0,0.0,19.34,1.31,0.0
20210718:0010,0.0,0.0,0.0,18.48,1.31,0.0
20210718:0110,0.0,0.0,0.0,17.8,1.17,0.0
20210718:0210,0.0,0.0,0.0,17.53,1.17,0.0
20210718:0310,0.0,0.0,0.0,16.98,1.31,0.0
20210718:0410,0.0,0.0,0.0,16.71,1.24,0.0
20210718:0510,0.0,0.0,0.0,16.87,1.1,0.0
20210718:0610,18.83,36.46,8.57,16.52,1.17,0.0
20210718:0710,61.15,90.83,19.23,17.71,0.9,0.0
20210718:0810,95.69,132.92,30.26,18.51,0.97,0.0
20210718:0910,112.97,154.15,41.33,19.52,1.52,0.0
20210718:1010,107.11,147.69,52.04,20.67,1.93,0.0
20210718:1110,193.41,252.92,61.53,21.7,2.28,0.0
20210718:1210,259.74,334.7,67.87,22.45,2.76,0.0
20210718:1310,279.79,359.18,67.95,22.82,3.31,0.0
20210718:1410,316.85,403.55,61.73,22.64,3.79,0.0
20210718:1510,370.2,467.65,52.28,22.29,3.93,0.0
20210718:1610,316.81,400.88,41.59,21.78,3.79,0.0
20210718:1710,137.17,184.01,30.52,21.33,3.59,0.0
20210718:1810,52.82,81.23,19.49,20.82,3.31,0.0
20210718:1910,11.86,26.91,8.82,19.84,3.31,0.0
20210718:2010,0.0,0.0,0.0,18.81,2.9,0.0
20210718:2110,0.0,0.0,0.0,18.04,2.62,0.0
20210718:2210,0.0,0.0,0.0,17.48,2.28,0.0
20210718:2310,0.0,0.0,0.0,16.98,2.14,0.0
20210719:0010,0.0,0.0,0.0,16.59,2.21,0.0
20210719:0110,0.0,0.0,0.0,16.31,2.21,0.0
20210719:0210,0.0,0.0,0.0,16.28,2.07,0.0
20210719:0310,0.0,0.0,0.0,16.16,1.79,0.0
20210719:0410,0.0,0.0,0.0,16.16,1.45,0.0
20210719:0510,0.0,0.0,0.0,16.3,1.17,0.0
20210719:0610,19.48,37.32,8.44,16.37,1.1,0.0
20210719:0710,61.56,90.84,19.11,16.53,1.31,0.0
20210719:0810,91.78,127.38,30.13,17.23,1.38,0.0
20210719:0910,90.49,126.46,41.21,18.44,1.52,0.0
20210719:1010,103.79,143.07,51.9,19.76,2.07,0.0
20210719:1110,164.93,216.92,61.38,20.58,2.69,0.0
20210719:1210,255.43,327.11,67.69,21.39,3.24,0.0
20210719:1310,401.54,507.64,67.79,21.74,3.66,0.0
20210719:1410,549.77,695.11,61.6,21.86,3.93,0.0
20210719:1510,432.84,543.85,52.17,21.75,4.07,0.0
20210719:1610,261.09,332.42,41.49,21.37,3.93,0.0
20210719:1710,176.56,231.42,30.43,20.82,3.59,0.0
20210719:1810,86.72,124.06,19.4,20.22,3.24,0.0
20210719:1910,18.55,36.46,8.71,19.47,3.03,0.0
20210719:2010,0.0,0.0,0.0,18.51,2.76,0.0
20210719:2110,0.0,0.0,0.0,17.63,2.28,0.0
20210719:2210,0.0,0.0,0.0,17.07,1.93,0.0
20210719:2310,0.0,0.0,0.0,16.51,2.21,0.0
20210720:0010,0.0,0.0,0.0,16.31,2.41,0.0
20210720:0110,0.0,0.0,0.0,16.35,2.14,0.0
20210720:0210,0.0,0.0,0.0,16.36,2.0,0.0
20210720:0310,0.0,0.0,0.0,16.42,2.0,0.0
20210720:0410,0.0,0.0,0.0,16.37,2.0,0.0
20210720:0510,0.0,0.0,0.0,16.34,1.93,0.0
20210720:0610,20.75,39.06,8.3,16.48,1.79,0.0
20210720:0710,41.93,66.46,18.98,16.68,2.21,0.0
20210720:0810,93.48,129.23,30.01,17.12,1.86,0.0
20210720:0910,100.81,138.46,41.08,17.88,1.72,0.0
20210720:1010,144.33,191.07,51.77,18.94,2.07,0.0
20210720:1110,221.73,284.85,61.22,19.9,2.48,0.0
20210720:1210,287.89,365.87,67.51,20.82,3.24,0.0
20210720:1310,308.33,390.95,67.61,21.29,3.72,0.0
20210720:1410,301.25,382.09,61.46,21.48,3.93,0.0
20210720:1510,274.66,349.13,52.06,21.52,4.14,0.0
20210720:1610,176.29,230.28,41.39,21.21,4.21,0.0
20210720:1710,87.61,123.69,30.33,20.69,4.14,0.0
20210720:1810,29.13,50.77,19.29,19.93,3.93,0.0
20210720:1910,9.64,23.44,8.6,18.5,3.38,0.0
20210720:2010,0.0,0.0,0.0,17.83,2.69,0.0
20210720:2110,0.0,0.0,0.0,17.22,2.62,0.0
20210720:2210,0.0,0.0,0.0,16.75,2.62,0.0
20210720:2310,0.0,0.0,0.0,16.42,2.55,0.0
20210721:0010,0.0,0.0,0.0,16.12,2.55,0.0
20210721:0110,0.0,0.0,0.0,15.86,2.55,0.0
20210721:0210,0.0,0.0,0.0,15.63,2.69,0.0
20210721:0310,0.0,0.0,0.0,15.43,2.76,0.0
20210721:0410,0.0,0.0,0.0,15.29,2.76,0.0
20210721:0510,0.0,0.0,0.0,15.28,2.48,0.0
20210721:0610,15.82,32.12,8.17,15.32,2.34,0.0
20210721:0710,60.87,89.92,18.85,16.69,2.55,0.0
20210721:0810,70.16,101.54,29.88,18.01,2.48,0.0
20210721:0910,113.23,154.15,40.95,19.52,2.41,0.0
20210721:1010,135.74,181.84,51.63,20.67,2.83,0.0
20210721:1110,286.77,365.84,61.06,21.66,3.17,0.0
20210721:1210,347.41,441.21,67.33,22.4,3.79,0.0
20210721:1310,0.0,0.0,0.0,22.67,4.28,0.0
20210721:1410,680.28,866.29,61.31,22.63,4.41,0.0
20210721:1510,550.54,692.77,51.94,22.45,4.48,0.0
20210721:1610,417.07,523.69,41.29,22.09,4.34,0.0
20210721:1710,189.12,247.55,30.22,21.68,4.0,0.0
20210721:1810,83.36,120.46,19.18,21.21,3.52,0.0
20210721:1910,27.51,48.61,8.48,19.72,3.45,0.0
20210721:2010,0.0,0.0,0.0,18.71,3.03,0.0
20210721:2110,0.0,0.0,0.0,17.8,2.9,0.0
20210721:2210,0.0,0.0,0.0,17.21,2.76,0.0
20210721:2310,0.0,0.0,0.0,16.72,2.48,0.0
20210722:0010,0.0,0.0,0.0,16.16,2.34,0.0
20210722:0110,0.0,0.0,0.0,15.65,2.07,0.0
20210722:0210,0.0,0.0,0.0,15.07,1.93,0.0
20210722:0310,0.0,0.0,0.0,14.39,1.72,0.0
20210722:0410,0.0,0.0,0.0,14.23,1.59,0.0
20210722:0510,0.0,0.0,0.0,14.24,1.38,0.0
20210722:0610,17.73,34.72,8.03,14.83,1.03,0.0
20210722:0710,55.53,83.46,18.72,16.44,1.17,0.0
20210722:0810,93.16,129.23,29.75,17.47,1.17,0.0
20210722:0910,102.11,140.3,40.82,18.47,1.93,0.0
20210722:1010,104.0,143.07,51.48,19.46,2.28,0.0
20210722:1110,163.52,215.07,60.9,20.3,2.48,0.0
20210722:1210,174.83,228.92,67.14,20.91,3.1,0.0
20210722:1310,219.65,282.67,67.25,21.15,3.93,0.0
20210722:1410,242.7,310.5,61.16,21.0,3.66,0.0
20210722:1510,258.89,329.5,51.81,20.76,3.59,0.0
20210722:1610,237.44,302.45,41.17,20.33,3.93,0.0
20210722:1710,124.09,166.83,30.11,19.48,3.66,0.0
20210722:1810,65.26,96.12,19.07,18.68,2.97,0.0
20210722:1910,25.09,45.14,8.36,17.98,1.38,0.0
20210722:2010,0.0,0.0,0.0,17.41,0.76,0.0
20210722:2110,0.0,0.0,0.0,16.82,1.66,0.0
20210722:2210,0.0,0.0,0.0,16.17,1.86,0.0
20210722:2310,0.0,0.0,0.0,15.61,1.38,0.0
20210723:0010,0.0,0.0,0.0,15.11,0.97,0.0
20210723:0110,0.0,0.0,0.0,14.47,1.03,0.0
20210723:0210,0.0,0.0,0.0,14.29,1.59,0.0
20210723:0310,0.0,0.0,0.0,14.47,2.0,0.0
20210723:0410,0.0,0.0,0.0,14.76,2.28,0.0
20210723:0510,0.0,0.0,0.0,15.08,2.55,0.0
20210723:0610,24.82,44.27,7.89,15.32,2.9,0.0
20210723:0710,95.09,135.24,18.59,16.09,3.93,0.0
20210723:0810,273.75,352.92,29.62,16.61,4.14,0.0
20210723:0910,285.91,355.83,40.69,17.51,4.21,0.0
20210723:1010,546.21,672.65,51.34,18.12,4.41,0.0
20210723:1110,570.9,707.2,60.73,18.79,4.69,0.0
20210723:1210,554.37,688.37,66.94,19.11,4.76,0.0
20210723:1310,468.06,581.2,67.06,19.59,4.9,0.0
20210723:1410,452.69,561.96,61.01,19.85,4.97,0.0
20210723:1510,606.6,751.88,51.68,19.68,4.83,0.0
20210723:1610,478.06,591.27,41.05,19.48,4.48,0.0
20210723:1710,273.0,349.53,30.0,19.08,4.07,0.0
20210723:1810,110.01,160.16,18.95,18.47,3.52,0.0
20210723:1910,22.58,41.66,8.23,17.54,3.1,0.0
20210723:2010,0.0,0.0,0.0,16.88,2.14,0.0
20210723:2110,0.0,0.0,0.0,16.32,1.86,0.0
20210723:2210,0.0,0.0,0.0,15.84,2.07,0.0
20210723:2310,0.0,0.0,0.0,15.6,2.34,0.0
20210724:0010,0.0,0.0,0.0,15.54,2.48,0.0
20210724:0110,0.0,0.0,0.0,15.7,2.76,0.0
20210724:0210,0.0,0.0,0.0,15.56,2.48,0.0
20210724:0310,0.0,0.0,0.0,15.65,2.55,0.0
20210724:0410,0.0,0.0,0.0,15.74,2.48,0.0
20210724:0510,0.0,0.0,0.0,15.65,2.21,0.0
20210724:0610,20.84,39.06,7.74,15.74,2.14,0.0
20210724:0710,76.46,109.67,18.45,16.42,2.21,0.0
20210724:0810,167.34,217.71,29.49,17.11,2.41,0.0
20210724:0910,257.34,324.1,40.55,17.71,2.62,0.0
20210724:1010,227.77,289.32,51.19,18.44,3.17,0.0
20210724:1110,331.31,414.3,60.56,18.8,3.52,0.0
20210724:1210,432.81,540.13,66.74,19.11,3.59,0.0
20210724:1310,464.55,581.69,66.86,19.65,3.52,0.0
20210724:1410,410.58,513.59,60.84,19.78,3.59,0.0
20210724:1510,493.19,615.65,51.54,19.75,3.52,0.0
20210724:1610,466.18,580.52,40.93,19.62,3.52,0.0
20210724:1710,297.28,382.4,29.87,19.14,3.52,0.0
20210724:1810,111.07,166.54,18.83,18.44,3.03,0.0
20210724:1910,24.5,44.27,8.1,17.67,2.48,0.0
20210724:2010,0.0,0.0,0.0,16.83,1.17,0.0
20210724:2110,0.0,0.0,0.0,16.13,0.41,0.0
20210724:2210,0.0,0.0,0.0,16.09,0.34,0.0
20210724:2310,0.0,0.0,0.0,15.22,0.97,0.0
20210725:0010,0.0,0.0,0.0,14.68,1.31,0.0
20210725:0110,0.0,0.0,0.0,14.88,1.17,0.0
20210725:0210,0.0,0.0,0.0,14.91,1.24,0.0
20210725:0310,0.0,0.0,0.0,15.55,1.38,0.0
20210725:0410,0.0,0.0,0.0,15.91,1.24,0.0
20210725:0510,0.0,0.0,0.0,16.09,0.9,0.0
20210725:0610,22.68,41.66,7.6,16.37,0.76,0.0
20210725:0710,76.43,110.43,18.31,16.95,1.03,0.0
20210725:0810,129.99,173.39,29.36,17.2,1.1,0.0
20210725:0910,189.68,245.2,40.42,17.69,0.83,0.0
20210725:1010,209.19,270.42,51.04,18.3,0.34,0.0
20210725:1110,469.89,605.2,60.39,19.03,0.41,0.0
20210725:1210,491.51,633.1,66.53,19.79,0.9,0.0
20210725:1310,508.85,653.06,66.65,20.27,1.45,0.0
20210725:1410,693.19,898.65,60.67,20.4,2.0,0.0
20210725:1510,609.01,775.06,51.4,20.6,2.41,0.0
20210725:1610,478.56,600.83,40.8,20.59,2.97,0.0
20210725:1710,299.96,388.89,29.75,20.12,3.17,0.0
20210725:1810,107.52,169.08,18.7,19.89,3.31,0.0
20210725:1910,24.26,44.27,7.96,19.67,3.17,0.0
20210725:2010,0.0,0.0,0.0,19.06,2.9,0.0
20210725:2110,0.0,0.0,0.0,18.45,3.03,0.0
20210725:2210,0.0,0.0,0.0,17.88,3.1,0.0
20210725:2310,0.0,0.0,0.0,17.29,3.1,0.0
20210726:0010,0.0,0.0,0.0,16.8,2.97,0.0
20210726:0110,0.0,0.0,0.0,16.32,2.97,0.0
20210726:0210,0.0,0.0,0.0,15.9,3.1,0.0
20210726:0310,0.0,0.0,0.0,15.41,2.97,0.0
20210726:0410,0.0,0.0,0.0,15.06,2.83,0.0
20210726:0510,0.0,0.0,0.0,14.8,2.83,0.0
20210726:0610,19.66,37.32,7.45,14.8,2.83,0.0
20210726:0710,80.91,143.53,18.17,16.17,3.17,0.0
20210726:0810,274.63,357.41,29.22,17.57,3.45,0.0
20210726:0910,465.18,578.0,40.28,18.93,3.52,0.0
20210726:1010,615.52,773.05,50.89,20.23,3.45,0.0
20210726:1110,705.81,904.95,60.21,21.51,3.24,0.0
20210726:1210,745.6,965.27,66.32,22.25,3.38,0.0
20210726:1310,765.66,987.33,66.44,22.85,4.14,0.0
20210726:1410,726.15,927.15,60.49,23.09,4.62,0.0
20210726:1510,631.88,794.93,51.25,23.0,5.1,0.0
20210726:1610,490.19,612.24,40.66,22.73,5.52,0.0
20210726:1710,299.2,388.36,29.62,22.27,5.52,0.0
20210726:1810,104.77,172.2,18.56,21.57,4.97,0.0
20210726:1910,23.51,43.4,7.82,20.59,4.14,0.0
20210726:2010,0.0,0.0,0.0,19.5,3.93,0.0
20210726:2110,0.0,0.0,0.0,18.62,3.66,0.0
20210726:2210,0.0,0.0,0.0,17.92,3.59,0.0
20210726:2310,0.0,0.0,0.0,17.31,3.45,0.0
20210727:0010,0.0,0.0,0.0,16.79,3.24,0.0
20210727:0110,0.0,0.0,0.0,16.32,2.97,0.0
20210727:0210,0.0,0.0,0.0,15.9,2.83,0.0
20210727:0310,0.0,0.0,0.0,15.49,2.83,0.0
20210727:0410,0.0,0.0,0.0,15.28,2.9,0.0
20210727:0510,0.0,0.0,0.0,15.14,2.83,0.0
20210727:0610,18.36,35.59,7.3,15.09,2.83,0.0
20210727:0710,79.89,143.55,18.03,16.27,2.55,0.0
20210727:0810,280.29,366.21,29.08,17.56,2.83,0.0
20210727:0910,461.96,577.21,40.13,18.82,2.69,0.0
20210727:1010,492.26,617.99,50.74,19.87,2.83,0.0
20210727:1110,636.48,809.83,60.03,20.69,3.1,0.0
20210727:1210,761.12,975.34,66.11,21.28,3.93,0.0
20210727:1310,686.34,868.17,66.23,21.6,4.9,0.0
20210727:1410,748.68,946.79,60.31,21.46,4.97,0.0
20210727:1510,643.74,806.5,51.1,21.73,4.9,0.0
20210727:1610,499.4,621.85,40.52,21.71,5.17,0.0
20210727:1710,307.15,397.24,29.48,21.32,5.31,0.0
20210727:1810,104.84,172.01,18.42,20.88,5.24,0.0
20210727:1910,22.91,42.53,7.67,20.31,5.1,0.0
20210727:2010,0.0,0.0,0.0,19.35,4.9,0.0
20210727:2110,0.0,0.0,0.0,18.48,4.69,0.0
20210727:2210,0.0,0.0,0.0,17.71,4.48,0.0
20210727:2310,0.0,0.0,0.0,16.99,4.28,0.0
20210728:0010,0.0,0.0,0.0,16.44,4.14,0.0
20210728:0110,0.0,0.0,0.0,15.98,3.93,0.0
20210728:0210,0.0,0.0,0.0,15.6,4.0,0.0
20210728:0310,0.0,0.0,0.0,15.53,4.07,0.0
20210728:0410,0.0,0.0,0.0,15.39,4.21,0.0
20210728:0510,0.0,0.0,0.0,15.25,4.21,0.0
20210728:0610,17.72,34.72,7.15,15.25,4.14,0.0
20210728:0710,80.59,143.24,17.89,16.13,4.62,0.0
20210728:0810,280.03,361.89,28.94,17.25,4.83,0.0
20210728:0910,477.27,588.16,39.99,18.61,4.69,0.0
20210728:1010,629.3,782.5,50.58,20.09,4.69,0.0
20210728:1110,729.52,922.33,59.84,21.47,4.83,0.0
20210728:1210,785.68,1005.27,65.89,22.56,4.97,0.0
20210728:1310,779.34,999.65,66.01,23.32,5.1,0.0
20210728:1410,735.66,938.32,60.12,23.79,5.31,0.0
20210728:1510,641.55,808.82,50.94,23.97,5.66,0.0
20210728:1610,494.72,620.2,40.38,23.83,5.93,0.0
20210728:1710,304.67,396.77,29.34,23.35,6.14,0.0
20210728:1810,104.53,173.91,18.28,22.49,6.0,0.0
20210728:1910,20.22,39.06,7.52,21.72,5.66,0.0
20210728:2010,0.0,0.0,0.0,20.27,5.38,0.0
20210728:2110,0.0,0.0,0.0,19.06,5.24,0.0
20210728:2210,0.0,0.0,0.0,18.05,5.17,0.0
20210728:2310,0.0,0.0,0.0,17.22,5.1,0.0
20210729:0010,0.0,0.0,0.0,16.51,5.03,0.0
20210729:0110,0.0,0.0,0.0,15.87,4.62,0.0
20210729:0210,0.0,0.0,0.0,15.36,4.55,0.0
20210729:0310,0.0,0.0,0.0,14.93,4.48,0.0
20210729:0410,0.0,0.0,0.0,14.65,4.41,0.0
20210729:0510,0.0,0.0,0.0,14.42,4.41,0.0
20210729:0610,17.81,34.72,6.99,14.26,4.34,0.0
20210729:0710,79.65,143.38,17.75,15.61,4.41,0.0
20210729:0810,283.29,366.66,28.8,16.89,4.14,0.0
20210729:0910,473.7,586.55,39.85,18.6,3.86,0.0
20210729:1010,634.16,797.82,50.42,20.17,3.45,0.0
20210729:1110,746.39,955.57,59.65,21.52,3.79,0.0
20210729:1210,792.57,1019.85,65.66,22.38,4.41,0.0
20210729:1310,804.68,1032.06,65.78,22.84,5.1,0.0
20210729:1410,769.95,977.7,59.93,22.94,5.66,0.0
20210729:1510,666.08,834.17,50.77,22.73,5.93,0.0
20210729:1610,511.25,635.72,40.22,22.25,6.07,0.0
20210729:1710,313.49,405.22,29.19,21.55,5.79,0.0
20210729:1810,104.36,174.73,18.13,20.64,5.31,0.0
20210729:1910,18.55,36.46,7.36,19.63,4.48,0.0
20210729:2010,0.0,0.0,0.0,18.42,3.86,0.0
20210729:2110,0.0,0.0,0.0,17.51,3.52,0.0
20210729:2210,0.0,0.0,0.0,16.97,2.97,0.0
20210729:2310,0.0,0.0,0.0,16.52,2.48,0.0
20210730:0010,0.0,0.0,0.0,16.29,2.21,0.0
20210730:0110,0.0,0.0,0.0,16.06,2.0,0.0
20210730:0210,0.0,0.0,0.0,15.78,1.72,0.0
20210730:0310,0.0,0.0,0.0,15.31,1.38,0.0
20210730:0410,0.0,0.0,0.0,15.32,1.1,0.0
20210730:0510,0.0,0.0,0.0,15.56,0.9,0.0
20210730:0610,17.03,33.85,6.84,15.52,0.62,0.0
20210730:0710,81.54,117.82,17.6,16.41,0.34,0.0
20210730:0810,127.91,170.92,28.66,17.15,0.97,0.0
20210730:0910,329.67,414.35,39.7,18.01,1.66,0.0
20210730:1010,578.74,731.33,50.26,19.03,2.14,0.0
20210730:1110,647.26,822.29,59.46,19.98,2.97,0.0
20210730:1210,636.43,804.24,65.43,20.39,3.86,0.0
20210730:1310,657.79,827.45,65.55,20.25,4.48,0.0
20210730:1410,719.44,906.69,59.73,20.62,4.62,0.0
20210730:1510,623.79,777.2,50.6,20.7,4.83,0.0
20210730:1610,239.17,303.24,40.06,20.32,5.38,0.0
20210730:1710,152.15,199.99,29.03,19.52,5.59,0.0
20210730:1810,98.76,142.59,17.97,18.86,5.38,0.0
20210730:1910,3.34,13.02,7.19,18.27,5.03,0.0
20210730:2010,0.0,0.0,0.0,17.49,4.62,0.0
20210730:2110,0.0,0.0,0.0,16.82,4.55,0.0
20210730:2210,0.0,0.0,0.0,16.28,4.48,0.0
20210730:2310,0.0,0.0,0.0,15.85,4.34,0.0
20210731:0010,0.0,0.0,0.0,15.52,4.28,0.0
20210731:0110,0.0,0.0,0.0,15.33,4.34,0.0
20210731:0210,0.0,0.0,0.0,15.17,4.34,0.0
20210731:0310,0.0,0.0,0.0,15.01,4.21,0.0
20210731:0410,0.0,0.0,0.0,14.73,3.79,0.0
20210731:0510,0.0,0.0,0.0,14.39,3.31,0.0
20210731:0610,18.45,35.59,6.68,14.18,2.9,0.0
20210731:0710,82.13,141.65,17.45,14.91,4.41,0.0
20210731:0810,272.02,348.28,28.52,15.87,4.69,0.0
20210731:0910,464.87,567.95,39.55,16.87,4.76,0.0
20210731:1010,624.47,767.99,50.09,17.8,4.62,0.0
20210731:1110,264.08,332.3,59.26,18.78,4.21,0.0
20210731:1210,651.91,816.05,65.2,19.4,4.55,0.0
20210731:1310,773.37,968.27,65.31,19.41,5.52,0.0
20210731:1410,675.06,836.42,59.52,19.17,5.66,0.0
20210731:1510,640.39,789.13,50.42,19.28,5.59,0.0
20210731:1610,489.46,600.86,39.9,19.07,5.52,0.0
20210731:1710,215.1,275.29,28.87,18.67,5.31,0.0
20210731:1810,101.66,147.13,17.81,18.17,4.83,0.0
20210731:1910,19.42,37.32,7.02,17.29,4.14,0.0
20210731:2010,0.0,0.0,0.0,16.5,3.1,0.0
20210731:2110,0.0,0.0,0.0,16.19,2.07,0.0
20210731:2210,0.0,0.0,0.0,15.82,1.1,0.0
20210731:2310,0.0,0.0,0.0,15.43,0.62,0.0
20210801:0010,0.0,0.0,0.0,15.23,0.69,0.0
20210801:0110,0.0,0.0,0.0,14.73,0.83,0.0
20210801:0210,0.0,0.0,0.0,14.04,1.1,0.0
20210801:0310,0.0,0.0,0.0,13.59,1.24,0.0
20210801:0410,0.0,0.0,0.0,13.22,1.38,0.0
20210801:0510,0.0,0.0,0.0,12.86,1.45,0.0
20210801:0610,12.34,26.91,6.52,12.66,1.52,0.0
20210801:0710,70.09,101.57,17.3,15.19,2.28,0.0
20210801:0810,185.96,240.28,28.37,16.72,2.69,0.0
20210801:0910,83.31,117.23,39.4,17.74,2.69,0.0
20210801:1010,132.09,175.38,49.93,18.1,3.1,0.0
20210801:1110,180.23,232.61,59.06,18.46,3.52,0.0
20210801:1210,250.34,316.28,64.96,18.75,3.86,0.0
20210801:1310,100.57,138.46,65.06,19.27,4.14,0.0
20210801:1410,86.66,121.84,59.31,19.42,4.48,0.0
20210801:1510,116.81,157.84,50.23,19.53,4.76,0.0
20210801:1610,125.37,168.0,39.73,19.41,4.48,0.0
20210801:1710,103.56,142.12,28.71,19.35,4.14,0.0
20210801:1810,43.73,69.23,17.64,18.79,3.45,0.0
20210801:1910,0.8,7.81,6.85,17.94,2.69,0.0
20210801:2010,0.0,0.0,0.0,17.49,1.45,0.0
20210801:2110,0.0,0.0,0.0,17.3,1.17,0.0
20210801:2210,0.0,0.0,0.0,17.32,1.93,0.0
20210801:2310,0.0,0.0,0.0,17.37,2.34,0.0
20210802:0010,0.0,0.0,0.0,17.43,2.34,0.0
20210802:0110,0.0,0.0,0.0,17.46,2.34,0.0
20210802:0210,0.0,0.0,0.0,17.11,2.83,0.0
20210802:0310,0.0,0.0,0.0,16.58,3.1,0.0
20210802:0410,0.0,0.0,0.0,16.17,3.1,0.0
20210802:0510,0.0,0.0,0.0,15.83,3.31,0.0
20210802:0610,15.18,31.25,6.37,15.69,3.38,0.0
20210802:0710,79.74,139.58,17.15,16.15,3.66,0.0
20210802:0810,272.82,353.07,28.22,17.08,4.0,0.0
20210802:0910,466.94,576.79,39.25,18.41,4.0,0.0
20210802:1010,623.03,777.88,49.76,19.71,3.86,0.0
20210802:1110,707.97,902.28,58.86,21.15,3.66,0.0
20210802:1210,759.82,984.0,64.72,22.16,3.45,0.0
20210802:1310,712.72,919.26,64.81,22.93,3.79,0.0
20210802:1410,714.63,911.94,59.09,23.18,4.69,0.0
20210802:1510,626.78,789.84,50.04,23.34,5.1,0.0
20210802:1610,484.82,607.88,39.56,23.26,5.24,0.0
20210802:1710,295.19,384.45,28.54,22.9,5.38,0.0
20210802:1810,100.65,168.04,17.47,22.11,5.52,0.0
20210802:1910,16.58,33.85,6.67,20.89,5.31,0.0
20210802:2010,0.0,0.0,0.0,19.35,5.1,0.0
20210802:2110,0.0,0.0,0.0,18.18,4.76,0.0
20210802:2210,0.0,0.0,0.0,17.29,4.14,0.0
20210802:2310,0.0,0.0,0.0,16.63,3.79,0.0
20210803:0010,0.0,0.0,0.0,16.09,3.52,0.0
20210803:0110,0.0,0.0,0.0,15.63,3.1,0.0
20210803:0210,0.0,0.0,0.0,15.21,3.17,0.0
20210803:0310,0.0,0.0,0.0,14.9,3.03,0.0
20210803:0410,0.0,0.0,0.0,14.5,3.03,0.0
20210803:0510,0.0,0.0,0.0,14.23,2.97,0.0
20210803:0610,16.55,32.98,6.2,14.14,2.83,0.0
20210803:0710,87.32,137.47,17.0,15.09,2.34,0.0
20210803:0810,267.57,347.5,28.07,16.31,2.28,0.0
20210803:0910,418.92,523.86,39.09,17.51,1.72,0.0
20210803:1010,494.1,620.37,49.58,18.75,2.14,0.0
20210803:1110,617.98,787.71,58.66,19.37,2.21,0.0
20210803:1210,304.14,385.08,64.47,19.67,2.41,0.0
20210803:1310,288.14,365.66,64.56,19.78,2.41,0.0
20210803:1410,652.58,834.23,58.86,20.25,2.62,0.0
20210803:1510,398.44,499.66,49.84,20.09,2.97,0.0
20210803:1610,106.19,145.84,39.38,19.93,2.9,0.0
20210803:1710,49.44,76.61,28.36,19.47,2.83,0.0
20210803:1810,66.9,98.86,17.29,19.03,2.62,0.0
20210803:1910,0.8,7.81,6.48,18.17,2.62,0.0
20210803:2010,0.0,0.0,0.0,17.89,2.55,0.0
20210803:2110,0.0,0.0,0.0,17.7,2.55,0.0
20210803:2210,0.0,0.0,0.0,17.4,2.28,0.0
20210803:2310,0.0,0.0,0.0,17.34,1.79,0.0
20210804:0010,0.0,0.0,0.0,17.27,1.66,0.0
20210804:0110,0.0,0.0,0.0,17.27,1.45,0.0
20210804:0210,0.0,0.0,0.0,17.24,1.38,0.0
20210804:0310,0.0,0.0,0.0,17.18,1.59,0.0
20210804:0410,0.0,0.0,0.0,17.2,1.86,0.0
20210804:0510,0.0,0.0,0.0,17.21,1.59,0.0
20210804:0610,2.9,12.15,6.04,17.24,1.45,0.0
20210804:0710,73.27,107.39,16.85,17.25,1.24,0.0
20210804:0810,147.7,195.0,27.92,17.4,1.38,0.0
20210804:0910,290.52,365.57,38.94,18.17,2.07,0.0
20210804:1010,472.97,590.58,49.41,18.78,2.69,0.0
20210804:1110,493.75,618.61,58.45,19.33,3.03,0.0
20210804:1210,435.47,545.52,64.22,19.67,3.31,0.0
20210804:1310,399.92,502.15,64.3,20.33,3.52,0.0
20210804:1410,531.25,666.66,58.63,20.53,3.79,0.0
20210804:1510,286.49,362.1,49.64,20.68,3.86,0.0
20210804:1610,314.62,395.99,39.19,20.49,3.45,0.0
20210804:1710,238.93,308.69,28.18,20.0,3.38,0.0
20210804:1810,100.78,154.74,17.11,19.34,3.66,0.0
20210804:1910,16.2,32.98,6.29,17.98,2.28,0.0
20210804:2010,0.0,0.0,0.0,17.22,1.24,0.0
20210804:2110,0.0,0.0,0.0,16.57,0.97,0.0
20210804:2210,0.0,0.0,0.0,15.55,0.9,0.0
20210804:2310,0.0,0.0,0.0,15.13,0.97,0.0
20210805:0010,0.0,0.0,0.0,14.63,1.1,0.0
20210805:0110,0.0,0.0,0.0,13.92,1.45,0.0
20210805:0210,0.0,0.0,0.0,13.52,1.79,0.0
20210805:0310,0.0,0.0,0.0,13.6,2.07,0.0
20210805:0410,0.0,0.0,0.0,13.87,2.28,0.0
20210805:0510,0.0,0.0,0.0,14.21,2.28,0.0
20210805:0610,14.03,29.51,5.88,14.58,2.62,0.0
20210805:0710,70.16,102.12,16.69,16.12,3.59,0.0
20210805:0810,135.62,179.1,27.77,17.31,4.14,0.0
20210805:0910,197.55,251.88,38.78,18.13,4.62,0.0
20210805:1010,133.65,177.23,49.23,18.87,5.17,0.0
20210805:1110,141.27,186.46,58.24,19.13,5.1,0.0
20210805:1210,260.33,328.03,63.97,19.44,5.17,0.0
20210805:1310,291.58,365.82,64.03,19.58,4.97,0.0
20210805:1410,214.3,273.74,58.39,19.6,4.62,0.0
20210805:1510,305.3,382.7,49.43,20.03,4.55,0.0
20210805:1610,408.62,507.67,39.0,19.62,3.93,0.0
20210805:1710,182.39,237.27,28.0,19.19,3.38,0.0
20210805:1810,68.14,100.41,16.92,18.67,2.76,0.0
20210805:1910,13.2,28.64,6.09,17.53,2.14,0.0
20210805:2010,0.0,0.0,0.0,16.96,1.72,0.0
20210805:2110,0.0,0.0,0.0,16.39,1.38,0.0
20210805:2210,0.0,0.0,0.0,15.88,1.03,0.0
20210805:2310,0.0,0.0,0.0,15.43,0.76,0.0
20210806:0010,0.0,0.0,0.0,15.6,0.62,0.0
20210806:0110,0.0,0.0,0.0,15.68,0.62,0.0
20210806:0210,0.0,0.0,0.0,15.48,0.69,0.0
20210806:0310,0.0,0.0,0.0,15.11,0.76,0.0
20210806:0410,0.0,0.0,0.0,14.75,0.9,0.0
20210806:0510,0.0,0.0,0.0,14.43,1.03,0.0
20210806:0610,10.46,24.3,5.71,14.05,1.24,0.0
20210806:0710,71.44,104.35,16.54,15.68,1.31,0.0
20210806:0810,150.11,197.05,27.62,16.65,1.72,0.0
20210806:0910,244.97,309.14,38.62,17.33,2.21,0.0
20210806:1010,532.39,662.21,49.05,17.95,2.9,0.0
20210806:1110,437.82,544.36,58.02,18.55,3.45,0.0
20210806:1210,619.43,775.21,63.71,18.85,3.93,0.0
20210806:1310,351.8,438.62,63.76,19.09,4.21,0.0
20210806:1410,507.61,629.57,58.15,19.13,4.41,0.0
20210806:1510,628.55,780.12,49.22,19.14,4.34,0.0
20210806:1610,422.03,521.66,38.8,18.99,4.28,0.0
20210806:1710,215.82,277.45,27.81,18.66,3.86,0.0
20210806:1810,77.6,112.8,16.73,18.12,3.45,0.0
20210806:1910,13.2,28.64,5.89,17.6,3.45,0.0
20210806:2010,0.0,0.0,0.0,17.02,3.03,0.0
20210806:2110,0.0,0.0,0.0,16.82,3.45,0.0
20210806:2210,0.0,0.0,0.0,16.82,3.86,0.0
20210806:2310,0.0,0.0,0.0,16.46,3.38,0.0
20210807:0010,0.0,0.0,0.0,16.33,3.17,0.0
20210807:0110,0.0,0.0,0.0,16.19,2.55,0.0
20210807:0210,0.0,0.0,0.0,15.88,2.28,0.0
20210807:0310,0.0,0.0,0.0,15.54,1.66,0.0
20210807:0410,0.0,0.0,0.0,15.09,1.24,0.0
20210807:0510,0.0,0.0,0.0,14.64,0.97,0.0
20210807:0610,12.79,27.78,5.55,14.78,0.83,0.0
20210807:0710,85.13,127.03,16.38,15.77,0.76,0.0
20210807:0810,128.62,171.13,27.47,16.58,1.52,0.0
20210807:0910,272.47,342.14,38.46,17.43,2.28,0.0
20210807:1010,575.95,718.34,48.87,18.06,2.9,0.0
20210807:1110,691.46,872.64,57.8,18.52,3.24,0.0
20210807:1210,763.73,974.77,63.45,18.92,3.31,0.0
20210807:1310,783.51,1003.99,63.49,19.25,3.31,0.0
20210807:1410,735.39,935.46,57.9,19.55,3.38,0.0
20210807:1510,645.71,808.72,49.0,19.77,3.79,0.0
20210807:1610,494.31,612.25,38.6,19.56,4.21,0.0
20210807:1710,293.99,377.1,27.61,19.02,4.34,0.0
20210807:1810,98.1,163.39,16.53,18.39,4.28,0.0
20210807:1910,13.21,28.64,5.69,17.55,3.66,0.0
20210807:2010,0.0,0.0,0.0,16.63,3.03,0.0
20210807:2110,0.0,0.0,0.0,16.03,2.69,0.0
20210807:2210,0.0,0.0,0.0,15.56,2.34,0.0
20210807:2310,0.0,0.0,0.0,14.99,2.0,0.0
20210808:0010,0.0,0.0,0.0,14.07,2.0,0.0
20210808:0110,0.0,0.0,0.0,13.37,2.07,0.0
20210808:0210,0.0,0.0,0.0,12.76,2.07,0.0
20210808:0310,0.0,0.0,0.0,12.32,2.07,0.0
20210808:0410,0.0,0.0,0.0,11.96,2.07,0.0
20210808:0510,0.0,0.0,0.0,11.62,2.0,0.0
20210808:0610,13.02,27.78,5.38,11.55,1.86,0.0
20210808:0710,78.1,137.31,16.23,14.04,1.72,0.0
20210808:0810,272.94,354.04,27.31,16.24,2.28,0.0
20210808:0910,474.53,588.69,38.29,17.4,2.69,0.0
20210808:1010,626.63,786.76,48.69,18.36,2.69,0.0
20210808:1110,722.11,928.48,57.58,19.21,2.34,0.0
20210808:1210,777.91,1013.31,63.18,20.07,2.48,0.0
20210808:1310,797.14,1030.32,63.21,20.67,3.38,0.0
20210808:1410,743.41,943.14,57.65,20.81,4.28,0.0
20210808:1510,648.96,809.41,48.78,20.76,4.9,0.0
20210808:1610,492.31,609.52,38.39,20.45,5.03,0.0
20210808:1710,276.24,355.04,27.41,19.96,4.83,0.0
20210808:1810,32.08,54.46,16.32,19.25,4.48,0.0
20210808:1910,13.14,28.64,5.47,18.4,3.66,0.0
20210808:2010,0.0,0.0,0.0,17.58,3.79,0.0
20210808:2110,0.0,0.0,0.0,17.08,3.1,0.0
20210808:2210,0.0,0.0,0.0,16.68,3.17,0.0
20210808:2310,0.0,0.0,0.0,16.31,3.1,0.0
20210809:0010,0.0,0.0,0.0,15.99,2.83,0.0
20210809:0110,0.0,0.0,0.0,15.79,2.69,0.0
20210809:0210,0.0,0.0,0.0,15.53,2.55,0.0
20210809:0310,0.0,0.0,0.0,15.25,2.41,0.0
20210809:0410,0.0,0.0,0.0,14.85,2.34,0.0
20210809:0510,0.0,0.0,0.0,14.55,2.28,0.0
20210809:0610,9.88,23.44,5.21,14.13,2.07,0.0
20210809:0710,78.63,136.1,16.07,14.45,1.52,0.0
20210809:0810,268.77,350.42,27.15,16.28,1.31,0.0
20210809:0910,457.4,576.59,38.13,18.23,1.38,0.0
20210809:1010,609.41,774.59,48.5,19.9,2.21,0.0
20210809:1110,701.79,902.78,57.36,21.06,2.83,0.0
20210809:1210,769.34,997.99,62.91,21.87,3.31,0.0
20210809:1310,777.24,1008.14,62.92,22.34,3.59,0.0
20210809:1410,649.77,830.26,57.39,22.64,3.79,0.0
20210809:1510,628.24,796.6,48.55,22.7,3.93,0.0
20210809:1610,476.31,599.34,38.18,22.56,4.0,0.0
20210809:1710,291.75,380.85,27.2,22.19,4.07,0.0
20210809:1810,94.55,159.51,16.12,21.52,3.79,0.0
20210809:1910,11.83,26.91,5.26,20.24,3.24,0.0
20210809:2010,0.0,0.0,0.0,19.05,3.17,0.0
20210809:2110,0.0,0.0,0.0,18.29,3.1,0.0
20210809:2210,0.0,0.0,0.0,17.72,3.17,0.0
20210809:2310,0.0,0.0,0.0,17.2,3.03,0.0
20210810:0010,0.0,0.0,0.0,16.72,2.76,0.0
20210810:0110,0.0,0.0,0.0,16.17,2.55,0.0
20210810:0210,0.0,0.0,0.0,15.55,2.41,0.0
20210810:0310,0.0,0.0,0.0,15.19,2.48,0.0
20210810:0410,0.0,0.0,0.0,14.94,2.55,0.0
20210810:0510,0.0,0.0,0.0,14.78,2.55,0.0
20210810:0610,11.01,25.17,5.04,14.72,2.55,0.0
20210810:0710,75.85,135.26,15.91,15.87,2.62,0.0
20210810:0810,271.36,353.08,27.0,17.3,2.76,0.0
20210810:0910,471.66,589.81,37.96,19.1,2.69,0.0
20210810:1010,624.88,793.82,48.31,20.86,2.76,0.0
20210810:1110,721.75,931.59,57.13,22.37,3.24,0.0
20210810:1210,791.88,1033.9,62.63,23.41,3.66,0.0
20210810:1310,778.55,1016.23,62.63,24.14,3.86,0.0
20210810:1410,739.59,956.64,57.13,24.58,4.28,0.0
20210810:1510,633.56,806.49,48.31,24.69,4.69,0.0
20210810:1610,486.78,615.69,37.96,24.56,4.76,0.0
20210810:1710,291.77,384.2,26.99,24.26,4.62,0.0
20210810:1810,91.99,158.94,15.9,23.77,4.21,0.0
20210810:1910,10.54,25.17,5.04,22.53,3.66,0.0
20210810:2010,0.0,0.0,0.0,21.42,3.72,0.0
20210810:2110,0.0,0.0,0.0,20.51,3.66,0.0
20210810:2210,0.0,0.0,0.0,19.78,3.45,0.0
20210810:2310,0.0,0.0,0.0,19.09,3.31,0.0
20210811:0010,0.0,0.0,0.0,18.39,3.38,0.0
20210811:0110,0.0,0.0,0.0,17.79,3.45,0.0
20210811:0210,0.0,0.0,0.0,17.24,3.31,0.0
20210811:0310,0.0,0.0,0.0,16.84,2.9,0.0
20210811:0410,0.0,0.0,0.0,16.46,2.55,0.0
20210811:0510,0.0,0.0,0.0,16.04,2.34,0.0
20210811:0610,10.37,24.3,4.87,15.69,2.34,0.0
20210811:0710,77.89,136.08,15.75,16.4,2.34,0.0
20210811:0810,271.53,356.15,26.84,18.48,2.14,0.0
20210811:0910,460.54,584.7,37.8,20.53,1.79,0.0
20210811:1010,601.3,777.13,48.12,22.45,1.93,0.0
20210811:1110,698.82,911.08,56.9,23.73,2.9,0.0
20210811:1210,767.71,1006.73,62.35,24.52,3.59,0.0
20210811:1310,771.52,1010.93,62.34,25.07,3.93,0.0
20210811:1410,719.52,934.94,56.86,25.45,4.14,0.0
20210811:1510,628.67,807.08,48.07,25.66,4.28,0.0
20210811:1610,478.69,609.8,37.74,25.57,4.41,0.0
20210811:1710,288.59,381.77,26.77,25.14,4.48,0.0
20210811:1810,91.84,157.03,15.68,24.43,4.14,0.0
20210811:1910,9.95,24.3,4.81,23.05,3.66,0.0
20210811:2010,0.0,0.0,0.0,21.8,3.52,0.0
20210811:2110,0.0,0.0,0.0,20.91,3.31,0.0
20210811:2210,0.0,0.0,0.0,20.18,2.97,0.0
20210811:2310,0.0,0.0,0.0,19.41,2.62,0.0
20210812:0010,0.0,0.0,0.0,18.6,2.48,0.0
20210812:0110,0.0,0.0,0.0,17.93,2.34,0.0
20210812:0210,0.0,0.0,0.0,17.18,2.0,0.0
20210812:0310,0.0,0.0,0.0,16.38,2.14,0.0
20210812:0410,0.0,0.0,0.0,15.91,2.28,0.0
20210812:0510,0.0,0.0,0.0,15.6,1.93,0.0
20210812:0610,9.8,23.44,4.7,15.44,1.93,0.0
20210812:0710,77.53,115.33,15.58,17.29,2.34,0.0
20210812:0810,249.99,325.48,26.68,18.12,2.21,0.0
20210812:0910,403.14,508.39,37.63,19.92,2.07,0.0
20210812:1010,577.69,736.31,47.93,21.45,2.48,0.0
20210812:1110,726.48,943.75,56.66,22.86,3.03,0.0
20210812:1210,787.87,1029.11,62.07,23.85,3.79,0.0
20210812:1310,801.9,1050.98,62.04,24.59,4.0,0.0
20210812:1410,746.44,972.48,56.58,25.14,4.0,0.0
20210812:1510,644.98,828.44,47.82,25.41,4.21,0.0
20210812:1610,488.57,622.13,37.51,25.36,4.34,0.0
20210812:1710,290.31,384.44,26.55,25.08,4.28,0.0
20210812:1810,89.83,156.59,15.46,24.51,4.07,0.0
20210812:1910,9.41,23.44,4.58,22.71,3.52,0.0
20210812:2010,0.0,0.0,0.0,21.73,3.31,0.0
20210812:2110,0.0,0.0,0.0,21.13,3.24,0.0
20210812:2210,0.0,0.0,0.0,20.55,3.1,0.0
20210812:2310,0.0,0.0,0.0,19.93,3.03,0.0
20210813:0010,0.0,0.0,0.0,19.33,2.9,0.0
20210813:0110,0.0,0.0,0.0,18.69,2.62,0.0
20210813:0210,0.0,0.0,0.0,17.9,2.34,0.0
20210813:0310,0.0,0.0,0.0,17.25,2.28,0.0
20210813:0410,0.0,0.0,0.0,16.64,2.21,0.0
20210813:0510,0.0,0.0,0.0,15.85,2.07,0.0
20210813:0610,8.66,21.7,4.53,15.38,1.93,0.0
20210813:0710,75.4,135.62,15.42,16.58,1.72,0.0
20210813:0810,272.85,358.64,26.51,18.58,1.72,0.0
20210813:0910,466.73,595.2,37.45,21.05,1.66,0.0
20210813:1010,602.11,787.75,47.74,23.5,1.52,0.0
20210813:1110,694.44,922.32,56.43,25.09,2.14,0.0
20210813:1210,753.57,1006.22,61.78,25.89,2.76,0.0
20210813:1310,750.18,997.88,61.73,26.37,3.17,0.0
20210813:1410,709.34,934.09,56.3,26.6,3.45,0.0
20210813:1510,619.71,805.23,47.57,26.72,3.52,0.0
20210813:1610,471.24,607.59,37.27,26.7,3.45,0.0
20210813:1710,284.33,380.99,26.33,26.56,3.17,0.0
20210813:1810,88.6,155.42,15.23,26.13,2.9,0.0
20210813:1910,8.77,22.57,4.35,24.26,2.62,0.0
20210813:2010,0.0,0.0,0.0,22.66,2.48,0.0
20210813:2110,0.0,0.0,0.0,21.53,2.28,0.0
20210813:2210,0.0,0.0,0.0,20.6,1.93,0.0
20210813:2310,0.0,0.0,0.0,19.35,1.59,0.0
20210814:0010,0.0,0.0,0.0,19.07,1.31,0.0
20210814:0110,0.0,0.0,0.0,18.68,1.31,0.0
20210814:0210,0.0,0.0,0.0,17.37,1.31,0.0
20210814:0310,0.0,0.0,0.0,16.77,1.38,0.0
20210814:0410,0.0,0.0,0.0,16.36,1.31,0.0
20210814:0510,0.0,0.0,0.0,16.37,1.17,0.0
20210814:0610,8.62,21.7,4.35,16.21,1.17,0.0
20210814:0710,81.14,132.38,15.26,17.18,1.24,0.0
20210814:0810,250.7,329.46,26.35,19.18,1.38,0.0
20210814:0910,449.59,573.45,37.28,20.64,1.38,0.0
20210814:1010,560.74,718.61,47.54,22.06,2.21,0.0
20210814:1110,709.38,924.51,56.19,23.22,2.83,0.0
20210814:1210,767.89,1009.63,61.49,24.05,3.24,0.0
20210814:1310,771.02,1012.58,61.43,24.62,3.59,0.0
20210814:1410,728.05,947.4,56.02,24.96,3.86,0.0
20210814:1510,646.26,830.39,47.31,25.04,4.0,0.0
20210814:1610,477.95,608.15,37.03,24.96,4.14,0.0
20210814:1710,289.57,382.91,26.09,24.75,4.34,0.0
20210814:1810,88.46,155.24,15.0,24.24,4.34,0.0
20210814:1910,7.74,20.83,4.11,23.22,4.28,0.0
20210814:2010,0.0,0.0,0.0,21.8,4.28,0.0
20210814:2110,0.0,0.0,0.0,20.74,4.34,0.0
20210814:2210,0.0,0.0,0.0,20.01,4.41,0.0
20210814:2310,0.0,0.0,0.0,19.32,4.28,0.0
20210815:0010,0.0,0.0,0.0,18.66,4.55,0.0
20210815:0110,0.0,0.0,0.0,18.15,4.55,0.0
20210815:0210,0.0,0.0,0.0,17.8,4.28,0.0
20210815:0310,0.0,0.0,0.0,17.4,4.07,0.0
20210815:0410,0.0,0.0,0.0,17.1,3.93,0.0
20210815:0510,0.0,0.0,0.0,16.78,3.93,0.0
20210815:0610,7.51,19.96,4.18,16.41,3.79,0.0
20210815:0710,75.26,136.32,15.09,16.85,3.52,0.0
20210815:0810,280.34,364.43,26.19,18.21,3.59,0.0
20210815:0910,492.7,615.29,37.11,20.15,3.66,0.0
20210815:1010,638.03,806.54,47.34,22.02,4.0,0.0
20210815:1110,747.18,961.0,55.94,23.54,4.41,0.0
20210815:1210,785.01,1018.96,61.2,24.67,4.76,0.0
20210815:1310,790.48,1028.19,61.11,25.48,5.03,0.0
20210815:1410,745.19,961.53,55.73,25.85,5.38,0.0
20210815:1510,646.39,823.24,47.05,25.87,5.66,0.0
20210815:1610,490.13,619.81,36.79,25.57,5.86,0.0
20210815:1710,292.3,385.01,25.86,24.9,5.86,0.0
20210815:1810,87.97,154.97,14.76,23.85,5.66,0.0
20210815:1910,6.71,19.1,3.86,22.53,5.52,0.0
20210815:2010,0.0,0.0,0.0,21.04,5.38,0.0
20210815:2110,0.0,0.0,0.0,19.97,5.31,0.0
20210815:2210,0.0,0.0,0.0,19.06,4.97,0.0
20210815:2310,0.0,0.0,0.0,18.21,4.62,0.0
20210816:0010,0.0,0.0,0.0,17.45,4.62,0.0
20210816:0110,0.0,0.0,0.0,16.84,4.69,0.0
20210816:0210,0.0,0.0,0.0,16.48,4.76,0.0
20210816:0310,0.0,0.0,0.0,16.15,4.69,0.0
20210816:0410,0.0,0.0,0.0,15.87,4.55,0.0
20210816:0510,0.0,0.0,0.0,15.59,4.48,0.0
20210816:0610,7.01,19.1,4.0,15.32,4.55,0.0
20210816:0710,76.39,133.98,14.93,16.08,4.69,0.0
20210816:0810,276.83,356.34,26.02,17.49,5.45,0.0
20210816:0910,482.54,593.72,36.93,19.22,5.31,0.0
20210816:1010,631.65,786.4,47.14,21.02,5.17,0.0
20210816:1110,727.05,922.04,55.7,22.59,5.17,0.0
20210816:1210,781.56,1004.98,60.9,23.84,5.17,0.0
20210816:1310,786.64,1015.31,60.8,24.69,5.31,0.0
20210816:1410,731.0,937.55,55.43,25.21,5.52,0.0
20210816:1510,636.64,807.03,46.79,25.41,5.86,0.0
20210816:1610,478.12,602.86,36.54,25.21,6.07,0.0
20210816:1710,286.9,377.51,25.62,24.69,6.14,0.0
20210816:1810,85.19,149.3,14.52,23.76,5.79,0.0
20210816:1910,6.2,18.23,3.61,22.28,6.0,0.0
20210816:2010,0.0,0.0,0.0,20.75,6.07,0.0
20210816:2110,0.0,0.0,0.0,19.5,6.14,0.0
20210816:2210,0.0,0.0,0.0,18.39,6.07,0.0
20210816:2310,0.0,0.0,0.0,17.48,6.0,0.0
20210817:0010,0.0,0.0,0.0,16.78,5.93,0.0
20210817:0110,0.0,0.0,0.0,16.25,5.66,0.0
20210817:0210,0.0,0.0,0.0,15.79,5.1,0.0
20210817:0310,0.0,0.0,0.0,15.38,5.1,0.0
20210817:0410,0.0,0.0,0.0,15.09,5.24,0.0
20210817:0510,0.0,0.0,0.0,14.82,5.17,0.0
20210817:0610,6.5,18.23,3.83,14.59,4.97,0.0
20210817:0710,75.89,134.29,14.76,15.12,4.76,0.0
20210817:0810,283.4,363.7,25.86,16.65,5.03,0.0
20210817:0910,500.82,615.43,36.75,18.68,5.1,0.0
20210817:1010,650.61,811.34,46.93,20.69,4.9,0.0
20210817:1110,758.79,967.4,55.45,22.47,4.83,0.0
20210817:1210,809.91,1048.62,60.6,23.9,4.83,0.0
20210817:1310,813.39,1057.76,60.48,24.89,4.97,0.0
20210817:1410,757.97,977.48,55.13,25.44,5.31,0.0
20210817:1510,652.89,830.37,46.51,25.57,5.66,0.0
20210817:1610,488.8,617.03,36.29,25.3,5.93,0.0
20210817:1710,287.72,378.67,25.37,24.58,6.0,0.0
20210817:1810,84.86,150.08,14.28,23.42,5.72,0.0
20210817:1910,5.7,17.36,3.36,21.92,5.86,0.0
20210817:2010,0.0,0.0,0.0,20.23,5.79,0.0
20210817:2110,0.0,0.0,0.0,18.85,5.59,0.0
20210817:2210,0.0,0.0,0.0,17.62,5.38,0.0
20210817:2310,0.0,0.0,0.0,16.61,5.17,0.0
20210818:0010,0.0,0.0,0.0,15.81,4.97,0.0
20210818:0110,0.0,0.0,0.0,15.28,5.1,0.0
20210818:0210,0.0,0.0,0.0,14.8,5.1,0.0
20210818:0310,0.0,0.0,0.0,14.49,4.97,0.0
20210818:0410,0.0,0.0,0.0,14.2,4.83,0.0
20210818:0510,0.0,0.0,0.0,13.89,4.69,0.0
20210818:0610,6.0,17.36,3.65,13.61,4.48,0.0
20210818:0710,76.24,133.73,14.59,14.56,4.34,0.0
20210818:0810,280.19,359.24,25.69,16.32,4.55,0.0
20210818:0910,482.81,594.61,36.57,18.45,4.41,0.0
20210818:1010,626.48,782.55,46.73,20.43,4.34,0.0
20210818:1110,730.66,932.96,55.2,22.23,4.28,0.0
20210818:1210,778.17,1005.78,60.3,23.63,4.55,0.0
20210818:1310,788.37,1021.38,60.15,24.56,4.9,0.0
20210818:1410,744.63,958.43,54.83,25.1,5.17,0.0
20210818:1510,583.0,739.95,46.24,25.33,5.38,0.0
20210818:1610,471.39,596.09,36.03,25.18,5.45,0.0
20210818:1710,280.78,370.16,25.12,24.59,5.45,0.0
20210818:1810,83.1,141.18,14.03,23.59,5.17,0.0
20210818:1910,4.7,15.62,3.1,21.8,5.45,0.0
20210818:2010,0.0,0.0,0.0,20.26,5.38,0.0
20210818:2110,0.0,0.0,0.0,18.99,5.24,0.0
20210818:2210,0.0,0.0,0.0,17.79,5.17,0.0
20210818:2310,0.0,0.0,0.0,16.81,5.1,0.0
20210819:0010,0.0,0.0,0.0,16.05,5.03,0.0
20210819:0110,0.0,0.0,0.0,15.48,4.9,0.0
20210819:0210,0.0,0.0,0.0,15.05,4.48,0.0
20210819:0310,0.0,0.0,0.0,14.69,4.21,0.0
20210819:0410,0.0,0.0,0.0,14.39,4.0,0.0
20210819:0510,0.0,0.0,0.0,14.1,4.0,0.0
20210819:0610,5.46,16.49,3.48,13.87,4.14,0.0
20210819:0710,75.21,132.51,14.43,15.27,3.93,0.0
20210819:0810,274.32,353.5,25.52,16.98,3.93,0.0
20210819:0910,483.28,599.92,36.39,18.93,3.52,0.0
20210819:1010,628.04,799.3,46.52,20.94,2.69,0.0
20210819:1110,720.34,948.07,54.94,22.61,2.07,0.0
20210819:1210,784.79,1045.98,59.99,23.66,2.41,0.0
20210819:1310,794.59,1047.86,59.83,24.15,3.31,0.0
20210819:1410,740.92,961.35,54.52,24.36,3.93,0.0
20210819:1510,644.77,824.89,45.96,24.43,4.07,0.0
20210819:1610,481.52,611.05,35.77,24.37,4.07,0.0
20210819:1710,281.92,373.25,24.87,24.13,3.86,0.0
20210819:1810,80.91,143.97,13.77,23.52,3.59,0.0
20210819:1910,3.27,13.02,2.84,21.56,3.1,0.0
20210819:2010,0.0,0.0,0.0,20.37,2.83,0.0
20210819:2110,0.0,0.0,0.0,19.45,2.62,0.0
20210819:2210,0.0,0.0,0.0,18.48,2.48,0.0
20210819:2310,0.0,0.0,0.0,17.64,2.34,0.0
20210820:0010,0.0,0.0,0.0,16.84,2.07,0.0
20210820:0110,0.0,0.0,0.0,15.82,1.72,0.0
20210820:0210,0.0,0.0,0.0,15.63,1.24,0.0
20210820:0310,0.0,0.0,0.0,16.05,0.62,0.0
20210820:0410,0.0,0.0,0.0,15.74,0.34,0.0
20210820:0510,0.0,0.0,0.0,15.52,0.48,0.0
20210820:0610,3.89,13.89,3.3,15.29,0.62,0.0
20210820:0710,76.54,119.7,14.26,14.43,0.76,0.0
20210820:0810,191.58,248.39,25.35,15.67,0.83,0.0
20210820:0910,230.78,292.15,36.21,16.69,1.45,0.0
20210820:1010,396.5,495.87,46.31,17.65,1.66,0.0
20210820:1110,696.81,897.12,54.68,18.75,1.93,0.0
20210820:1210,754.24,978.59,59.68,19.9,2.48,0.0
20210820:1310,763.49,986.64,59.49,20.51,3.03,0.0
20210820:1410,711.41,909.62,54.21,20.49,3.17,0.0
20210820:1510,619.3,781.15,45.67,20.39,3.17,0.0
20210820:1610,446.0,558.17,35.5,19.99,2.9,0.0
20210820:1710,244.72,318.42,24.61,19.52,2.34,0.0
20210820:1810,80.39,133.5,13.51,18.89,1.79,0.0
20210820:1910,2.43,11.28,2.58,17.9,1.38,0.0
20210820:2010,0.0,0.0,0.0,17.21,0.83,0.0
20210820:2110,0.0,0.0,0.0,16.9,0.83,0.0
20210820:2210,0.0,0.0,0.0,16.15,1.03,0.0
20210820:2310,0.0,0.0,0.0,15.47,1.38,0.0
20210821:0010,0.0,0.0,0.0,15.18,1.72,0.0
20210821:0110,0.0,0.0,0.0,15.24,1.72,0.0
20210821:0210,0.0,0.0,0.0,15.3,1.52,0.0
20210821:0310,0.0,0.0,0.0,15.45,1.72,0.0
20210821:0410,0.0,0.0,0.0,15.88,2.0,0.0
20210821:0510,0.0,0.0,0.0,16.11,2.14,0.0
20210821:0610,1.6,9.55,3.12,16.52,2.28,0.0
20210821:0710,62.14,94.56,14.09,17.05,2.14,0.0
20210821:0810,151.69,200.38,25.18,18.12,2.14,0.0
20210821:0910,226.55,289.68,36.03,19.4,2.14,0.0
20210821:1010,281.26,357.01,46.09,20.29,2.41,0.0
20210821:1110,258.98,330.73,54.42,20.75,2.69,0.0
20210821:1210,325.52,412.89,59.37,20.94,2.69,0.0
20210821:1310,332.26,422.51,59.16,21.51,2.62,0.0
20210821:1410,458.3,581.23,53.89,21.82,2.76,0.0
20210821:1510,505.41,639.03,45.38,21.84,2.97,0.0
20210821:1610,395.17,496.9,35.23,21.46,3.24,0.0
20210821:1710,155.25,206.72,24.35,20.86,2.97,0.0
20210821:1810,57.36,89.48,13.25,20.14,2.48,0.0
20210821:1910,0.44,6.94,2.31,19.06,2.41,0.0
20210821:2010,0.0,0.0,0.0,18.27,2.21,0.0
20210821:2110,0.0,0.0,0.0,17.79,2.07,0.0
20210821:2210,0.0,0.0,0.0,17.34,2.21,0.0
20210821:2310,0.0,0.0,0.0,17.03,2.48,0.0
20210822:0010,0.0,0.0,0.0,16.86,2.69,0.0
20210822:0110,0.0,0.0,0.0,16.79,2.83,0.0
20210822:0210,0.0,0.0,0.0,16.62,2.83,0.0
20210822:0310,0.0,0.0,0.0,16.5,2.9,0.0
20210822:0410,0.0,0.0,0.0,16.43,2.97,0.0
20210822:0510,0.0,0.0,0.0,16.38,3.1,0.0
20210822:0610,2.02,10.42,2.94,16.47,3.17,0.0
20210822:0710,73.55,115.79,13.92,16.97,3.24,0.0
20210822:0810,237.57,307.97,25.01,18.47,3.31,0.0
20210822:0910,440.7,550.57,35.84,20.17,3.31,0.0
20210822:1010,593.81,755.36,45.88,22.07,2.97,0.0
20210822:1110,692.14,908.14,54.16,23.87,2.41,0.0
20210822:1210,726.48,971.36,59.05,25.26,2.21,0.0
20210822:1310,727.91,972.64,58.82,26.15,2.55,0.0
20210822:1410,676.69,894.37,53.57,26.8,2.9,0.0
20210822:1510,571.13,743.27,45.08,27.17,3.17,0.0
20210822:1610,410.33,530.65,34.95,27.25,3.24,0.0
20210822:1710,226.82,305.86,24.08,27.14,3.17,0.0
20210822:1810,68.94,113.87,12.99,26.7,3.24,0.0
20210822:1910,0.39,6.94,2.03,25.63,2.97,0.0
20210822:2010,0.0,0.0,0.0,24.62,3.66,0.0
20210822:2110,0.0,0.0,0.0,23.73,4.14,0.0
20210822:2210,0.0,0.0,0.0,22.83,4.0,0.0
20210822:2310,0.0,0.0,0.0,21.87,3.72,0.0
20210823:0010,0.0,0.0,0.0,21.04,3.59,0.0
20210823:0110,0.0,0.0,0.0,20.28,3.45,0.0
20210823:0210,0.0,0.0,0.0,19.63,3.38,0.0
20210823:0310,0.0,0.0,0.0,19.1,3.31,0.0
20210823:0410,0.0,0.0,0.0,18.68,3.17,0.0
20210823:0510,0.0,0.0,0.0,18.37,3.17,0.0
20210823:0610,2.0,10.42,2.76,18.09,3.17,0.0
20210823:0710,73.64,123.28,13.75,18.48,2.76,0.0
20210823:0810,255.41,336.98,24.83,21.3,2.69,0.0
20210823:0910,443.71,568.93,35.65,24.21,2.48,0.0
20210823:1010,582.01,763.79,45.66,26.5,2.21,0.0
20210823:1110,676.1,910.68,53.89,28.21,2.14,0.0
20210823:1210,719.67,987.28,58.73,29.53,2.07,0.0
20210823:1310,714.76,988.64,58.48,30.38,1.86,0.0
20210823:1410,663.8,908.92,53.24,30.79,1.93,0.0
20210823:1510,572.28,768.33,44.79,30.95,2.21,0.0
20210823:1610,417.68,553.08,34.67,31.06,2.62,0.0
20210823:1710,239.8,330.13,23.81,31.03,2.97,0.0
20210823:1810,68.91,119.78,12.72,30.45,3.72,0.0
20210823:1910,0.07,6.08,1.76,28.46,4.62,0.0
20210823:2010,0.0,0.0,0.0,26.67,4.76,0.0
20210823:2110,0.0,0.0,0.0,25.02,4.55,0.0
20210823:2210,0.0,0.0,0.0,23.56,4.34,0.0
20210823:2310,0.0,0.0,0.0,22.31,4.34,0.0
20210824:0010,0.0,0.0,0.0,21.42,4.41,0.0
20210824:0110,0.0,0.0,0.0,20.69,4.41,0.0
20210824:0210,0.0,0.0,0.0,20.03,4.28,0.0
20210824:0310,0.0,0.0,0.0,19.48,4.07,0.0
20210824:0410,0.0,0.0,0.0,19.03,3.93,0.0
20210824:0510,0.0,0.0,0.0,18.69,3.66,0.0
20210824:0610,1.99,10.42,2.58,18.34,3.45,0.0
20210824:0710,73.27,127.51,13.57,18.85,3.03,0.0
20210824:0810,266.95,352.7,24.66,21.34,2.55,0.0
20210824:0910,464.86,600.49,35.47,24.13,1.79,0.0
20210824:1010,598.42,805.37,45.44,25.93,0.69,0.0
20210824:1110,692.24,965.86,53.62,26.85,0.41,0.0
20210824:1210,740.92,1028.48,58.41,27.35,1.17,0.0
20210824:1310,752.92,1036.37,58.13,27.5,1.66,0.0
20210824:1410,696.96,941.52,52.91,27.45,1.93,0.0
20210824:1510,609.41,805.16,44.48,27.36,2.28,0.0
20210824:1610,443.94,576.36,34.39,27.1,2.69,0.0
20210824:1710,263.09,355.27,23.53,26.45,2.55,0.0
20210824:1810,71.51,126.81,12.44,25.5,2.14,0.0
20210824:1910,0.0,3.47,1.48,23.41,1.52,0.0
20210824:2010,0.0,0.0,0.0,22.32,1.17,0.0
20210824:2110,0.0,0.0,0.0,21.56,1.17,0.0
20210824:2210,0.0,0.0,0.0,20.33,1.38,0.0
20210824:2310,0.0,0.0,0.0,19.36,1.52,0.0
20210825:0010,0.0,0.0,0.0,19.1,1.38,0.0
20210825:0110,0.0,0.0,0.0,18.75,1.24,0.0
20210825:0210,0.0,0.0,0.0,18.42,1.17,0.0
20210825:0310,0.0,0.0,0.0,17.47,1.38,0.0
20210825:0410,0.0,0.0,0.0,16.94,1.52,0.0
20210825:0510,0.0,0.0,0.0,17.14,1.38,0.0
20210825:0610,1.18,8.68,2.4,17.66,1.17,0.0
20210825:0710,74.08,126.3,13.4,16.32,1.24,0.0
20210825:0810,258.33,337.76,24.48,18.62,1.72,0.0
20210825:0910,400.94,505.93,35.27,19.73,1.72,0.0
20210825:1010,561.39,721.68,45.22,21.22,1.59,0.0
20210825:1110,677.56,884.26,53.35,22.52,2.21,0.0
20210825:1210,747.43,975.85,58.08,23.27,3.24,0.0
20210825:1310,751.58,977.05,57.78,23.05,3.52,0.0
20210825:1410,646.24,829.37,52.58,22.56,3.24,0.0
20210825:1510,476.97,604.03,44.17,22.11,2.83,0.0
20210825:1610,435.03,551.37,34.1,22.07,2.55,0.0
20210825:1710,246.75,325.39,23.25,21.65,2.41,0.0
20210825:1810,65.26,106.71,12.16,20.99,2.0,0.0
20210825:1910,0.0,1.74,1.19,19.27,1.66,0.0
20210825:2010,0.0,0.0,0.0,18.63,1.17,0.0
20210825:2110,0.0,0.0,0.0,18.25,0.9,0.0
20210825:2210,0.0,0.0,0.0,18.3,0.69,0.0
20210825:2310,0.0,0.0,0.0,18.17,0.55,0.0
20210826:0010,0.0,0.0,0.0,18.06,0.55,0.0
20210826:0110,0.0,0.0,0.0,18.0,0.41,0.0
20210826:0210,0.0,0.0,0.0,17.78,0.55,0.0
20210826:0310,0.0,0.0,0.0,17.6,0.69,0.0
20210826:0410,0.0,0.0,0.0,17.46,0.83,0.0
20210826:0510,0.0,0.0,0.0,17.32,0.97,0.0
20210826:0610,0.45,6.94,2.22,17.35,0.97,0.0
20210826:0710,59.85,92.42,13.23,17.16,0.62,0.0
20210826:0810,119.08,161.92,24.31,18.78,0.55,0.0
20210826:0910,166.8,219.49,35.08,19.94,1.1,0.0
20210826:1010,182.08,239.43,44.99,21.33,1.31,0.0
20210826:1110,294.09,378.12,53.08,22.49,1.93,0.0
20210826:1210,323.92,415.05,57.75,23.01,2.62,0.0
20210826:1310,435.28,555.5,57.43,23.06,2.83,0.0
20210826:1410,552.9,708.55,52.24,23.06,2.83,0.0
20210826:1510,521.52,663.37,43.86,22.55,2.76,0.0
20210826:1610,427.51,541.32,33.81,21.74,2.41,0.0
20210826:1710,255.07,337.45,22.97,21.2,1.79,0.0
20210826:1810,67.16,115.5,11.88,20.72,1.38,0.0
20210826:1910,0.0,0.0,0.0,19.6,0.83,0.0
20210826:2010,0.0,0.0,0.0,18.88,0.41,0.0
20210826:2110,0.0,0.0,0.0,18.67,0.48,0.0
20210826:2210,0.0,0.0,0.0,18.66,0.28,0.0
20210826:2310,0.0,0.0,0.0,18.34,0.14,0.0
20210827:0010,0.0,0.0,0.0,18.21,0.48,0.0
20210827:0110,0.0,0.0,0.0,17.96,0.76,0.0
20210827:0210,0.0,0.0,0.0,17.23,1.03,0.0
20210827:0310,0.0,0.0,0.0,16.77,1.24,0.0
20210827:0410,0.0,0.0,0.0,16.76,1.24,0.0
20210827:0510,0.0,0.0,0.0,17.51,1.03,0.0
20210827:0610,0.12,6.08,2.04,17.71,0.83,0.0
20210827:0710,70.24,113.35,13.05,17.53,0.62,0.0
20210827:0810,191.36,252.43,24.13,19.6,1.17,0.0
20210827:0910,384.28,486.62,34.89,20.92,1.93,0.0
20210827:1010,600.83,770.89,44.77,21.76,2.14,0.0
20210827:1110,699.67,913.33,52.8,22.59,2.34,0.0
20210827:1210,734.19,963.6,57.42,23.16,2.69,0.0
20210827:1310,761.14,995.85,57.07,23.49,3.24,0.0
20210827:1410,702.04,901.7,51.9,23.03,3.79,0.0
20210827:1510,611.3,769.12,43.55,21.7,4.0,0.0
20210827:1610,448.62,561.04,33.51,20.54,3.31,0.0
20210827:1710,258.53,339.01,22.69,19.75,2.34,0.0
20210827:1810,65.63,111.74,11.6,19.14,1.66,0.0
20210827:1910,0.0,0.0,0.0,18.28,1.24,0.0
20210827:2010,0.0,0.0,0.0,17.49,1.31,0.0
20210827:2110,0.0,0.0,0.0,16.89,1.52,0.0
20210827:2210,0.0,0.0,0.0,16.32,1.24,0.0
20210827:2310,0.0,0.0,0.0,15.79,0.55,0.0
20210828:0010,0.0,0.0,0.0,15.98,0.34,0.0
20210828:0110,0.0,0.0,0.0,15.99,0.48,0.0
20210828:0210,0.0,0.0,0.0,16.1,0.21,0.0
20210828:0310,0.0,0.0,0.0,16.03,0.55,0.0
20210828:0410,0.0,0.0,0.0,15.88,0.55,0.0
20210828:0510,0.0,0.0,0.0,15.74,0.55,0.0
20210828:0610,0.0,1.74,1.86,15.78,0.55,0.0
20210828:0710,70.65,120.69,12.88,15.81,0.69,0.0
20210828:0810,256.72,335.14,23.95,17.18,0.9,0.0
20210828:0910,426.35,536.07,34.69,18.39,1.38,0.0
20210828:1010,528.8,668.03,44.54,19.41,1.93,0.0
20210828:1110,647.41,827.94,52.52,20.27,2.48,0.0
20210828:1210,685.23,881.64,57.08,21.02,2.83,0.0
20210828:1310,668.59,854.55,56.71,21.51,3.45,0.0
20210828:1410,591.66,743.43,51.56,21.3,4.28,0.0
20210828:1510,570.49,709.64,43.23,20.4,4.34,0.0
20210828:1610,387.17,481.42,33.21,19.78,3.79,0.0
20210828:1710,129.36,173.87,22.4,19.07,3.03,0.0
20210828:1810,60.14,99.9,11.31,18.41,2.07,0.0
20210828:1910,0.0,0.0,0.0,17.53,1.17,0.0
20210828:2010,0.0,0.0,0.0,17.01,0.97,0.0
20210828:2110,0.0,0.0,0.0,16.54,0.83,0.0
20210828:2210,0.0,0.0,0.0,15.66,1.1,0.0
20210828:2310,0.0,0.0,0.0,15.04,1.38,0.0
20210829:0010,0.0,0.0,0.0,14.63,1.1,0.0
20210829:0110,0.0,0.0,0.0,15.52,0.48,0.0
20210829:0210,0.0,0.0,0.0,15.52,0.21,0.0
20210829:0310,0.0,0.0,0.0,15.65,0.48,0.0
20210829:0410,0.0,0.0,0.0,15.68,0.55,0.0
20210829:0510,0.0,0.0,0.0,15.74,0.41,0.0
20210829:0610,0.0,2.6,1.68,15.74,0.28,0.0
20210829:0710,50.89,79.89,12.7,16.59,0.62,0.0
20210829:0810,261.77,343.04,23.77,17.65,0.76,0.0
20210829:0910,185.94,240.9,34.5,18.52,1.17,0.0
20210829:1010,315.39,398.46,44.31,19.44,1.72,0.0
20210829:1110,431.83,543.93,52.24,19.98,2.34,0.0
20210829:1210,468.37,591.19,56.75,20.5,2.69,0.0
20210829:1310,736.99,953.68,56.35,20.96,2.83,0.0
20210829:1410,684.65,879.16,51.21,21.21,2.83,0.0
20210829:1510,608.02,768.96,42.91,21.32,3.17,0.0
20210829:1610,421.83,528.71,32.91,21.14,3.38,0.0
20210829:1710,184.95,244.08,22.1,20.46,3.31,0.0
20210829:1810,8.16,21.23,11.02,19.51,2.76,0.0
20210829:1910,0.0,0.0,0.0,18.32,1.72,0.0
20210829:2010,0.0,0.0,0.0,17.7,1.03,0.0
20210829:2110,0.0,0.0,0.0,17.39,0.9,0.0
20210829:2210,0.0,0.0,0.0,16.75,1.1,0.0
20210829:2310,0.0,0.0,0.0,15.88,1.03,0.0
20210830:0010,0.0,0.0,0.0,16.37,0.69,0.0
20210830:0110,0.0,0.0,0.0,16.31,0.34,0.0
20210830:0210,0.0,0.0,0.0,16.2,0.14,0.0
20210830:0310,0.0,0.0,0.0,16.15,0.0,0.0
20210830:0410,0.0,0.0,0.0,16.08,0.07,0.0
20210830:0510,0.0,0.0,0.0,15.93,0.21,0.0
20210830:0610,0.0,3.47,1.49,15.88,0.48,0.0
20210830:0710,67.96,111.37,12.53,16.36,0.21,0.0
20210830:0810,146.96,195.55,23.59,17.46,0.21,0.0
20210830:0910,242.73,311.88,34.3,19.05,0.28,0.0
20210830:1010,240.82,310.23,44.07,20.21,0.9,0.0
20210830:1110,312.86,399.05,51.95,21.07,1.79,0.0
20210830:1210,662.97,856.81,56.4,21.45,2.48,0.0
20210830:1310,693.55,896.51,55.99,21.71,2.83,0.0
20210830:1410,670.93,856.74,50.86,21.95,3.52,0.0
20210830:1510,586.46,738.24,42.58,21.56,3.66,0.0
20210830:1610,437.63,549.18,32.6,21.31,3.31,0.0
20210830:1710,247.62,326.43,21.81,20.91,2.97,0.0
20210830:1810,59.42,106.79,10.72,20.15,2.41,0.0
20210830:1910,0.0,0.0,0.0,19.23,1.93,0.0
20210830:2010,0.0,0.0,0.0,18.31,1.45,0.0
20210830:2110,0.0,0.0,0.0,17.5,0.97,0.0
20210830:2210,0.0,0.0,0.0,17.45,0.69,0.0
20210830:2310,0.0,0.0,0.0,17.31,0.62,0.0
20210831:0010,0.0,0.0,0.0,17.18,0.62,0.0
20210831:0110,0.0,0.0,0.0,17.19,0.55,0.0
20210831:0210,0.0,0.0,0.0,17.08,0.62,0.0
20210831:0310,0.0,0.0,0.0,16.97,0.76,0.0
20210831:0410,0.0,0.0,0.0,16.84,0.83,0.0
20210831:0510,0.0,0.0,0.0,16.73,0.9,0.0
20210831:0610,0.0,0.0,0.0,16.62,0.9,0.0
20210831:0710,68.92,116.87,12.35,16.5,0.9,0.0
20210831:0810,268.01,353.03,23.41,18.74,0.76,0.0
20210831:0910,409.13,525.14,34.1,20.76,0.55,0.0
20210831:1010,589.61,778.98,43.84,22.2,0.48,0.0
20210831:1110,698.73,928.87,51.66,23.28,1.52,0.0
20210831:1210,769.93,1028.8,56.06,23.76,2.14,0.0
20210831:1310,768.73,1021.21,55.62,24.13,2.55,0.0
20210831:1410,719.27,940.86,50.5,24.43,3.03,0.0
20210831:1510,597.87,765.6,42.25,24.32,3.38,0.0
20210831:1610,342.94,436.61,32.29,23.97,3.52,0.0
20210831:1710,210.16,280.64,21.51,23.4,3.24,0.0
20210831:1810,25.01,46.03,10.42,22.13,1.93,0.0
20210831:1910,0.0,0.0,0.0,21.05,1.17,0.0
20210831:2010,0.0,0.0,0.0,20.78,0.41,0.0
20210831:2110,0.0,0.0,0.0,20.13,0.97,0.0
20210831:2210,0.0,0.0,0.0,19.62,0.69,0.0
20210831:2310,0.0,0.0,0.0,19.82,0.34,0.0
20210901:0010,0.0,0.0,0.0,19.33,0.62,0.0
20210901:0110,0.0,0.0,0.0,18.87,0.69,0.0
20210901:0210,0.0,0.0,0.0,18.36,0.48,0.0
20210901:0310,0.0,0.0,0.0,17.99,0.69,0.0
20210901:0410,0.0,0.0,0.0,16.24,1.38,0.0
20210901:0510,0.0,0.0,0.0,16.51,2.28,0.0
20210901:0610,0.0,0.0,0.0,16.78,1.72,0.0
20210901:0710,13.19,28.61,12.17,17.28,1.17,0.0
20210901:0810,18.32,36.0,23.23,18.4,1.86,0.0
20210901:0910,59.19,88.61,33.89,18.84,1.38,0.0
20210901:1010,202.92,262.22,43.6,19.58,1.66,0.0
20210901:1110,121.13,165.23,51.37,20.4,0.34,0.0
20210901:1210,595.6,774.7,55.72,20.75,1.24,0.0
20210901:1310,647.1,842.39,55.25,20.89,1.66,0.0
20210901:1410,86.94,123.69,50.15,21.29,1.45,0.0
20210901:1510,45.94,72.92,41.92,21.56,1.72,0.0
20210901:1610,43.81,70.15,31.98,21.44,2.14,0.0
20210901:1710,86.64,123.08,21.2,20.52,1.72,0.0
20210901:1810,4.26,14.77,10.12,19.92,0.48,0.0
20210901:1910,0.0,0.0,0.0,19.8,1.1,0.0
20210901:2010,0.0,0.0,0.0,19.33,1.24,0.0
20210901:2110,0.0,0.0,0.0,18.96,0.48,0.0
20210901:2210,0.0,0.0,0.0,18.62,0.41,0.0
20210901:2310,0.0,0.0,0.0,17.27,1.66,0.0
20210902:0010,0.0,0.0,0.0,16.74,1.59,0.0
20210902:0110,0.0,0.0,0.0,17.12,0.55,0.0
20210902:0210,0.0,0.0,0.0,16.28,0.76,0.0
20210902:0310,0.0,0.0,0.0,15.57,1.24,0.0
20210902:0410,0.0,0.0,0.0,15.65,1.59,0.0
20210902:0510,0.0,0.0,0.0,16.09,1.59,0.0
20210902:0610,0.0,0.0,0.0,15.89,1.59,0.0
20210902:0710,59.14,94.23,11.99,17.04,2.07,0.0
20210902:0810,178.44,233.46,23.04,17.91,2.07,0.0
20210902:0910,212.76,272.44,33.69,19.34,2.48,0.0
20210902:1010,224.64,287.67,43.36,20.13,2.83,0.0
20210902:1110,183.67,239.47,51.08,20.73,2.9,0.0
20210902:1210,324.98,412.03,55.37,20.94,2.62,0.0
20210902:1310,495.83,628.18,54.88,21.35,2.83,0.0
20210902:1410,500.96,634.29,49.79,21.53,2.83,0.0
20210902:1510,317.6,400.61,41.58,21.05,3.1,0.0
20210902:1610,209.83,270.45,31.66,20.71,2.55,0.0
20210902:1710,155.27,207.83,20.9,20.28,2.28,0.0
20210902:1810,36.15,62.11,9.82,19.8,2.14,0.0
20210902:1910,0.0,0.0,0.0,18.65,1.38,0.0
20210902:2010,0.0,0.0,0.0,17.94,0.48,0.0
20210902:2110,0.0,0.0,0.0,17.39,0.55,0.0
20210902:2210,0.0,0.0,0.0,17.27,0.62,0.0
20210902:2310,0.0,0.0,0.0,17.3,0.62,0.0
20210903:0010,0.0,0.0,0.0,17.12,0.55,0.0
20210903:0110,0.0,0.0,0.0,16.82,0.48,0.0
20210903:0210,0.0,0.0,0.0,16.63,0.76,0.0
20210903:0310,0.0,0.0,0.0,16.42,0.76,0.0
20210903:0410,0.0,0.0,0.0,16.5,0.69,0.0
20210903:0510,0.0,0.0,0.0,16.5,0.55,0.0
20210903:0610,0.0,0.0,0.0,16.63,0.62,0.0
20210903:0710,38.61,63.21,11.82,16.96,0.9,0.0
20210903:0810,83.93,118.54,22.86,17.82,0.62,0.0
20210903:0910,104.44,144.0,33.49,18.8,0.14,0.0
20210903:1010,255.49,327.41,43.12,19.81,0.97,0.0
20210903:1110,362.26,458.81,50.78,20.72,2.14,0.0
20210903:1210,427.12,539.5,55.02,21.38,3.03,0.0
20210903:1310,652.0,833.17,54.5,21.59,3.38,0.0
20210903:1410,643.08,818.49,49.42,21.45,3.38,0.0
20210903:1510,466.96,586.36,41.24,21.32,3.24,0.0
20210903:1610,420.45,527.21,31.34,20.88,3.17,0.0
20210903:1710,241.37,318.37,20.59,20.18,2.76,0.0
20210903:1810,52.82,96.7,9.51,19.46,2.07,0.0
20210903:1910,0.0,0.0,0.0,18.48,1.72,0.0
20210903:2010,0.0,0.0,0.0,17.63,1.17,0.0
20210903:2110,0.0,0.0,0.0,16.89,0.69,0.0
20210903:2210,0.0,0.0,0.0,16.93,0.34,0.0
20210903:2310,0.0,0.0,0.0,16.66,0.28,0.0
20210904:0010,0.0,0.0,0.0,16.44,0.41,0.0
20210904:0110,0.0,0.0,0.0,15.88,0.69,0.0
20210904:0210,0.0,0.0,0.0,14.7,0.9,0.0
20210904:0310,0.0,0.0,0.0,14.05,1.31,0.0
20210904:0410,0.0,0.0,0.0,14.3,1.59,0.0
20210904:0510,0.0,0.0,0.0,14.34,1.59,0.0
20210904:0610,0.0,0.0,0.0,14.42,1.52,0.0
20210904:0710,67.56,111.97,11.64,14.7,1.38,0.0
20210904:0810,197.37,254.78,22.67,15.42,1.38,0.0
20210904:0910,307.34,384.77,33.28,16.82,1.17,0.0
20210904:1010,529.45,670.39,42.87,18.12,1.24,0.0
20210904:1110,689.86,894.39,50.49,19.63,1.72,0.0
20210904:1210,735.95,958.64,54.67,20.55,2.28,0.0
20210904:1310,748.41,975.57,54.13,21.23,2.55,0.0
20210904:1410,698.83,902.57,49.06,21.47,2.62,0.0
20210904:1510,585.08,744.44,40.9,21.51,2.55,0.0
20210904:1610,440.68,557.42,31.02,21.26,2.28,0.0
20210904:1710,250.51,333.96,20.28,20.87,1.79,0.0
20210904:1810,50.03,95.38,9.21,20.25,1.38,0.0
20210904:1910,0.0,0.0,0.0,19.33,1.17,0.0
20210904:2010,0.0,0.0,0.0,18.52,0.83,0.0
20210904:2110,0.0,0.0,0.0,17.54,0.97,0.0
20210904:2210,0.0,0.0,0.0,16.81,1.31,0.0
20210904:2310,0.0,0.0,0.0,16.45,1.45,0.0
20210905:0010,0.0,0.0,0.0,15.97,1.52,0.0
20210905:0110,0.0,0.0,0.0,15.49,1.66,0.0
20210905:0210,0.0,0.0,0.0,15.13,1.66,0.0
20210905:0310,0.0,0.0,0.0,15.12,1.52,0.0
20210905:0410,0.0,0.0,0.0,16.37,0.97,0.0
20210905:0510,0.0,0.0,0.0,16.9,0.62,0.0
20210905:0610,0.0,0.0,0.0,15.83,1.24,0.0
20210905:0710,23.49,42.46,11.45,14.89,2.28,0.0
20210905:0810,209.31,272.96,22.48,18.61,2.07,0.0
20210905:0910,434.52,553.49,33.07,21.97,1.79,0.0
20210905:1010,469.54,609.99,42.63,24.16,1.24,0.0
20210905:1110,627.19,837.71,50.19,25.61,1.38,0.0
20210905:1210,419.56,546.85,54.31,26.29,2.07,0.0
20210905:1310,717.6,960.69,53.75,26.48,2.41,0.0
20210905:1410,696.99,922.86,48.69,26.34,2.69,0.0
20210905:1510,526.44,679.01,40.56,25.72,2.9,0.0
20210905:1610,412.72,530.44,30.7,24.85,2.41,0.0
20210905:1710,245.93,333.78,19.96,23.96,1.52,0.0
20210905:1810,30.29,55.13,8.9,23.09,0.62,0.0
20210905:1910,0.0,0.0,0.0,22.97,0.9,0.0
20210905:2010,0.0,0.0,0.0,21.81,1.03,0.0
20210905:2110,0.0,0.0,0.0,20.61,1.66,0.0
20210905:2210,0.0,0.0,0.0,20.2,1.66,0.0
20210905:2310,0.0,0.0,0.0,19.8,2.14,0.0
20210906:0010,0.0,0.0,0.0,20.27,3.66,0.0
20210906:0110,0.0,0.0,0.0,20.71,3.59,0.0
20210906:0210,0.0,0.0,0.0,20.11,2.14,0.0
20210906:0310,0.0,0.0,0.0,19.08,2.34,0.0
20210906:0410,0.0,0.0,0.0,18.9,2.48,0.0
20210906:0510,0.0,0.0,0.0,18.75,2.34,0.0
20210906:0610,0.0,0.0,0.0,18.49,2.07,0.0
20210906:0710,56.59,93.24,11.27,19.71,2.07,0.0
20210906:0810,208.24,275.54,22.29,21.61,2.07,0.0
20210906:0910,438.26,552.6,32.86,23.01,3.72,0.0
20210906:1010,457.46,576.95,42.38,22.88,3.66,0.0
20210906:1110,566.6,727.51,49.88,22.67,2.48,0.0
20210906:1210,539.87,706.7,53.95,23.18,1.17,0.0
20210906:1310,127.39,175.38,53.36,24.25,1.03,0.0
20210906:1410,144.24,195.69,48.32,24.66,2.41,0.0
20210906:1510,318.41,407.87,40.21,23.92,2.62,0.0
20210906:1610,112.8,155.87,30.37,22.92,2.41,0.0
20210906:1710,123.25,169.8,19.65,21.74,1.52,0.0
20210906:1810,45.98,91.81,8.58,21.14,0.83,0.0
20210906:1910,0.0,0.0,0.0,21.24,0.28,0.0
20210906:2010,0.0,0.0,0.0,20.8,1.1,0.0
20210906:2110,0.0,0.0,0.0,20.4,1.17,0.0
20210906:2210,0.0,0.0,0.0,20.01,0.9,0.0
20210906:2310,0.0,0.0,0.0,19.63,1.86,0.0
20210907:0010,0.0,0.0,0.0,19.49,1.93,0.0
20210907:0110,0.0,0.0,0.0,19.46,2.34,0.0
20210907:0210,0.0,0.0,0.0,19.36,2.76,0.0
20210907:0310,0.0,0.0,0.0,19.4,3.59,0.0
20210907:0410,0.0,0.0,0.0,19.2,4.14,0.0
20210907:0510,0.0,0.0,0.0,19.02,4.48,0.0
20210907:0610,0.0,0.0,0.0,18.92,4.48,0.0
20210907:0710,64.89,111.63,11.09,19.07,5.03,0.0
20210907:0810,207.09,268.68,22.1,19.16,4.69,0.0
20210907:0910,42.86,68.31,32.65,19.67,5.1,0.0
20210907:1010,361.29,448.24,42.13,20.73,5.79,0.0
20210907:1110,416.97,514.53,49.58,20.59,6.76,0.0
20210907:1210,498.75,618.17,53.59,21.48,6.55,0.0
20210907:1310,649.08,808.41,52.98,21.58,6.48,0.0
20210907:1410,687.27,855.65,47.95,21.22,6.14,0.0
20210907:1510,533.27,659.26,39.86,21.3,5.79,0.0
20210907:1610,426.34,528.65,30.04,21.21,5.52,0.0
20210907:1710,59.8,89.85,19.33,20.88,5.24,0.0
20210907:1810,31.54,57.25,8.27,20.09,4.97,0.0
20210907:1910,0.0,0.0,0.0,19.58,4.69,0.0
20210907:2010,0.0,0.0,0.0,19.08,4.62,0.0
20210907:2110,0.0,0.0,0.0,18.83,4.34,0.0
20210907:2210,0.0,0.0,0.0,18.65,4.34,0.0
20210907:2310,0.0,0.0,0.0,18.58,4.55,0.0
20210908:0010,0.0,0.0,0.0,18.42,4.55,0.0
20210908:0110,0.0,0.0,0.0,18.4,4.9,0.0
20210908:0210,0.0,0.0,0.0,18.11,4.83,0.0
20210908:0310,0.0,0.0,0.0,18.12,4.9,0.0
20210908:0410,0.0,0.0,0.0,18.04,4.62,0.0
20210908:0510,0.0,0.0,0.0,17.92,4.62,0.0
20210908:0610,0.0,0.0,0.0,17.84,4.41,0.0
20210908:0710,54.15,88.35,10.91,17.94,3.52,0.0
20210908:0810,65.63,96.0,21.91,18.18,3.66,0.0
20210908:0910,191.72,245.33,32.43,18.55,4.07,0.0
20210908:1010,313.0,389.67,41.87,19.24,4.34,0.0
20210908:1110,225.72,287.1,49.27,19.78,4.83,0.0
20210908:1210,462.94,575.22,53.23,20.17,4.62,0.0
20210908:1310,347.25,435.33,52.6,20.7,4.14,0.0
20210908:1410,267.34,338.96,47.57,21.08,4.21,0.0
20210908:1510,270.86,342.37,39.51,20.95,4.07,0.0
20210908:1610,213.15,273.18,29.71,20.73,3.86,0.0
20210908:1710,74.3,107.53,19.01,20.0,3.66,0.0
20210908:1810,25.77,48.11,7.95,19.17,3.24,0.0
20210908:1910,0.0,0.0,0.0,18.95,2.41,0.0
20210908:2010,0.0,0.0,0.0,18.49,2.14,0.0
20210908:2110,0.0,0.0,0.0,18.38,2.21,0.0
20210908:2210,0.0,0.0,0.0,18.36,2.28,0.0
20210908:2310,0.0,0.0,0.0,18.08,2.21,0.0
20210909:0010,0.0,0.0,0.0,17.97,2.14,0.0
20210909:0110,0.0,0.0,0.0,17.86,2.14,0.0
20210909:0210,0.0,0.0,0.0,17.65,2.07,0.0
20210909:0310,0.0,0.0,0.0,17.7,2.14,0.0
20210909:0410,0.0,0.0,0.0,17.62,1.93,0.0
20210909:0510,0.0,0.0,0.0,17.54,2.0,0.0
20210909:0610,0.0,0.0,0.0,17.54,2.48,0.0
20210909:0710,13.8,29.54,10.72,17.88,2.48,0.0
20210909:0810,101.09,139.23,21.72,18.39,2.48,0.0
20210909:0910,163.68,213.81,32.22,19.29,2.69,0.0
20210909:1010,67.34,98.77,41.62,19.72,2.97,0.0
20210909:1110,62.83,93.23,48.96,19.94,4.07,0.0
20210909:1210,284.54,356.9,52.87,19.4,4.55,0.0
20210909:1310,99.64,137.54,52.21,19.77,4.76,0.0
20210909:1410,62.12,92.31,47.2,20.05,5.52,0.0
20210909:1510,133.45,177.23,39.16,19.37,5.86,0.0
20210909:1610,113.82,154.09,29.37,19.53,5.66,0.0
20210909:1710,103.05,142.16,18.69,19.0,4.9,0.0
20210909:1810,3.28,12.92,7.63,18.58,4.14,0.0
20210909:1910,0.0,0.0,0.0,18.01,2.41,0.0
20210909:2010,0.0,0.0,0.0,17.53,1.52,0.0
20210909:2110,0.0,0.0,0.0,17.13,0.83,0.0
20210909:2210,0.0,0.0,0.0,16.48,0.9,0.0
20210909:2310,0.0,0.0,0.0,16.11,1.31,0.0
20210910:0010,0.0,0.0,0.0,16.05,1.52,0.0
20210910:0110,0.0,0.0,0.0,16.1,1.79,0.0
20210910:0210,0.0,0.0,0.0,16.12,1.93,0.0
20210910:0310,0.0,0.0,0.0,16.24,2.0,0.0
20210910:0410,0.0,0.0,0.0,16.14,1.93,0.0
20210910:0510,0.0,0.0,0.0,16.27,1.93,0.0
20210910:0610,0.0,0.0,0.0,16.33,1.93,0.0
20210910:0710,63.23,107.68,10.54,16.52,1.72,0.0
20210910:0810,274.23,354.07,21.52,17.13,2.0,0.0
20210910:0910,461.97,575.62,32.0,18.04,2.14,0.0
20210910:1010,541.35,679.43,41.36,18.96,2.34,0.0
20210910:1110,239.38,305.91,48.65,19.87,2.34,0.0
20210910:1210,233.74,299.84,52.51,20.53,2.62,0.0
20210910:1310,483.6,610.55,51.82,20.99,2.9,0.0
20210910:1410,285.92,362.42,46.82,20.87,3.1,0.0
20210910:1510,338.66,424.8,38.8,20.56,3.17,0.0
20210910:1610,432.07,541.05,29.04,20.21,2.9,0.0
20210910:1710,228.84,304.77,18.36,19.71,2.28,0.0
20210910:1810,32.21,61.31,7.31,19.06,1.38,0.0
20210910:1910,0.0,0.0,0.0,18.83,1.03,0.0
20210910:2010,0.0,0.0,0.0,17.96,0.76,0.0
20210910:2110,0.0,0.0,0.0,17.29,0.9,0.0
20210910:2210,0.0,0.0,0.0,16.63,1.17,0.0
20210910:2310,0.0,0.0,0.0,16.52,1.1,0.0
20210911:0010,0.0,0.0,0.0,16.32,1.17,0.0
20210911:0110,0.0,0.0,0.0,15.72,1.38,0.0
20210911:0210,0.0,0.0,0.0,15.46,1.45,0.0
20210911:0310,0.0,0.0,0.0,15.25,1.38,0.0
20210911:0410,0.0,0.0,0.0,14.84,1.52,0.0
20210911:0510,0.0,0.0,0.0,14.6,1.72,0.0
20210911:0610,0.0,0.0,0.0,15.19,1.93,0.0
20210911:0710,56.91,94.0,10.35,15.56,1.93,0.0
20210911:0810,218.23,280.86,21.33,16.09,2.0,0.0
20210911:0910,475.97,593.47,31.78,17.68,1.93,0.0
20210911:1010,588.07,750.81,41.1,19.65,1.59,0.0
20210911:1110,666.06,876.36,48.34,21.08,1.17,0.0
20210911:1210,707.72,949.37,52.14,22.21,1.03,0.0
20210911:1310,732.26,984.04,51.43,22.93,1.31,0.0
20210911:1410,685.97,904.99,46.44,23.36,1.79,0.0
20210911:1510,570.87,734.81,38.44,23.34,2.21,0.0
20210911:1610,412.73,526.55,28.7,22.98,2.21,0.0
20210911:1710,224.43,303.58,18.04,22.28,2.0,0.0
20210911:1810,26.45,51.88,6.99,21.41,1.17,0.0
20210911:1910,0.0,0.0,0.0,20.61,0.48,0.0
20210911:2010,0.0,0.0,0.0,19.68,1.03,0.0
20210911:2110,0.0,0.0,0.0,18.53,1.66,0.0
20210911:2210,0.0,0.0,0.0,18.21,2.21,0.0
20210911:2310,0.0,0.0,0.0,18.16,2.34,0.0
20210912:0010,0.0,0.0,0.0,18.02,2.41,0.0
20210912:0110,0.0,0.0,0.0,17.84,2.41,0.0
20210912:0210,0.0,0.0,0.0,17.66,2.55,0.0
20210912:0310,0.0,0.0,0.0,17.58,2.76,0.0
20210912:0410,0.0,0.0,0.0,17.46,2.69,0.0
20210912:0510,0.0,0.0,0.0,17.23,2.69,0.0
20210912:0610,0.0,0.0,0.0,17.01,2.62,0.0
20210912:0710,52.52,87.15,10.17,17.04,2.48,0.0
20210912:0810,266.62,347.75,21.13,19.38,2.07,0.0
20210912:0910,418.1,531.29,31.56,21.85,1.86,0.0
20210912:1010,558.04,718.7,40.84,23.21,2.07,0.0
20210912:1110,589.32,765.47,48.02,24.01,2.28,0.0
20210912:1210,372.25,478.58,51.77,24.58,2.62,0.0
20210912:1310,225.84,295.43,51.04,24.62,2.9,0.0
20210912:1410,428.41,546.23,46.06,24.25,3.24,0.0
20210912:1510,442.26,561.2,38.08,23.44,2.97,0.0
20210912:1610,200.59,261.59,28.36,22.7,2.48,0.0
20210912:1710,214.61,290.51,17.71,22.13,2.07,0.0
20210912:1810,30.25,62.11,6.66,21.53,1.38,0.0
20210912:1910,0.0,0.0,0.0,20.51,1.59,0.0
20210912:2010,0.0,0.0,0.0,20.07,1.38,0.0
20210912:2110,0.0,0.0,0.0,19.95,2.21,0.0
20210912:2210,0.0,0.0,0.0,20.04,2.48,0.0
20210912:2310,0.0,0.0,0.0,20.08,2.21,0.0
20210913:0010,0.0,0.0,0.0,19.78,1.93,0.0
20210913:0110,0.0,0.0,0.0,19.2,2.0,0.0
20210913:0210,0.0,0.0,0.0,18.63,1.31,0.0
20210913:0310,0.0,0.0,0.0,18.16,1.45,0.0
20210913:0410,0.0,0.0,0.0,18.0,1.72,0.0
20210913:0510,0.0,0.0,0.0,17.94,2.14,0.0
20210913:0610,0.0,0.0,0.0,18.44,2.9,0.0
20210913:0710,21.64,40.61,9.98,18.85,2.28,0.0
20210913:0810,124.07,168.14,20.93,20.02,2.97,0.0
20210913:0910,58.69,88.61,31.34,21.13,3.66,0.0
20210913:1010,135.92,182.77,40.58,21.72,3.17,0.0
20210913:1110,613.79,782.88,47.7,21.82,3.03,0.0
20210913:1210,659.08,842.22,51.4,21.55,3.31,0.0
20210913:1310,197.06,256.3,50.65,21.08,2.48,0.0
20210913:1410,52.54,81.23,45.67,21.68,2.48,0.0
20210913:1510,438.07,552.31,37.72,21.97,2.83,0.0
20210913:1610,79.79,114.46,28.02,20.82,2.83,0.0
20210913:1710,121.94,168.02,17.38,20.02,1.1,0.0
20210913:1810,9.36,23.08,6.34,19.21,0.9,0.0
20210913:1910,0.0,0.0,0.0,19.62,1.17,0.0
20210913:2010,0.0,0.0,0.0,19.1,1.1,0.0
20210913:2110,0.0,0.0,0.0,18.92,1.66,0.0
20210913:2210,0.0,0.0,0.0,18.61,1.93,0.0
20210913:2310,0.0,0.0,0.0,18.4,1.66,0.0
20210914:0010,0.0,0.0,0.0,18.27,1.31,0.0
20210914:0110,0.0,0.0,0.0,18.22,1.59,0.0
20210914:0210,0.0,0.0,0.0,18.18,2.07,0.0
20210914:0310,0.0,0.0,0.0,18.17,2.14,0.0
20210914:0410,0.0,0.0,0.0,18.03,2.69,0.0
20210914:0510,0.0,0.0,0.0,18.12,3.24,0.0
20210914:0610,0.0,0.0,0.0,18.36,3.45,0.0
20210914:0710,63.37,112.14,9.79,17.63,1.59,0.0
20210914:0810,260.3,340.44,20.73,18.68,0.97,0.0
20210914:0910,436.79,554.62,31.11,19.82,1.03,0.0
20210914:1010,573.42,739.96,40.31,20.36,1.03,0.0
20210914:1110,410.4,523.94,47.38,20.86,1.17,0.0
20210914:1210,354.97,452.7,51.03,21.17,1.52,0.0
20210914:1310,444.86,568.74,50.25,21.24,1.45,0.0
20210914:1410,595.83,775.38,45.29,20.77,1.03,0.0
20210914:1510,432.54,551.34,37.36,20.92,1.1,0.0
20210914:1610,399.81,514.2,27.67,20.83,0.41,0.0
20210914:1710,7.51,20.31,17.05,20.92,1.1,0.0
20210914:1810,0.0,5.54,6.01,20.33,1.72,0.0
20210914:1910,0.0,0.0,0.0,19.94,1.86,0.0
20210914:2010,0.0,0.0,0.0,19.56,2.28,0.0
20210914:2110,0.0,0.0,0.0,19.24,2.76,0.0
20210914:2210,0.0,0.0,0.0,19.03,2.62,0.0
20210914:2310,0.0,0.0,0.0,18.75,2.55,0.0
20210915:0010,0.0,0.0,0.0,18.66,2.21,0.0
20210915:0110,0.0,0.0,0.0,18.4,1.45,0.0
20210915:0210,0.0,0.0,0.0,18.0,1.31,0.0
20210915:0310,0.0,0.0,0.0,17.86,1.72,0.0
20210915:0410,0.0,0.0,0.0,17.48,1.72,0.0
20210915:0510,0.0,0.0,0.0,17.63,1.93,0.0
20210915:0610,0.0,0.0,0.0,17.98,2.14,0.0
20210915:0710,43.99,74.11,9.6,17.92,2.14,0.0
20210915:0810,250.07,324.3,20.53,18.59,2.34,0.0
20210915:0910,277.75,349.27,30.88,19.46,2.9,0.0
20210915:1010,139.51,186.01,40.04,20.32,2.9,0.0
20210915:1110,112.22,154.15,47.06,21.56,2.9,0.0
20210915:1210,379.42,482.77,50.66,22.37,2.48,0.0
20210915:1310,436.49,556.28,49.86,22.6,2.41,0.0
20210915:1410,345.68,439.74,44.9,23.13,3.03,0.0
20210915:1510,333.99,422.26,37.0,23.01,3.79,0.0
20210915:1610,244.62,312.03,27.33,21.94,4.07,0.0
20210915:1710,208.63,281.61,16.72,21.71,3.79,0.0
20210915:1810,20.64,46.88,5.69,21.31,3.72,0.0
20210915:1910,0.0,0.0,0.0,20.61,4.69,0.0
20210915:2010,0.0,0.0,0.0,19.77,4.48,0.0
20210915:2110,0.0,0.0,0.0,19.07,4.21,0.0
20210915:2210,0.0,0.0,0.0,18.39,4.07,0.0
20210915:2310,0.0,0.0,0.0,17.83,3.86,0.0
20210916:0010,0.0,0.0,0.0,17.44,3.79,0.0
20210916:0110,0.0,0.0,0.0,17.03,3.86,0.0
20210916:0210,0.0,0.0,0.0,16.68,3.86,0.0
20210916:0310,0.0,0.0,0.0,16.41,3.86,0.0
20210916:0410,0.0,0.0,0.0,16.1,3.93,0.0
20210916:0510,0.0,0.0,0.0,15.86,3.86,0.0
20210916:0610,0.0,0.0,0.0,15.79,3.72,0.0
20210916:0710,66.49,117.4,9.41,16.05,3.52,0.0
20210916:0810,276.91,353.71,20.33,17.0,3.79,0.0
20210916:0910,468.08,576.97,30.66,18.32,3.66,0.0
20210916:1010,608.99,763.02,39.77,19.69,3.31,0.0
20210916:1110,654.3,836.12,46.74,21.03,2.9,0.0
20210916:1210,732.53,954.71,50.28,22.0,2.69,0.0
20210916:1310,740.07,967.03,49.46,22.55,2.76,0.0
20210916:1410,679.5,874.77,44.52,22.75,3.17,0.0
20210916:1510,572.9,725.38,36.63,22.82,3.52,0.0
20210916:1610,437.69,551.28,26.98,22.53,3.86,0.0
20210916:1710,209.74,283.37,16.38,21.99,4.07,0.0
20210916:1810,20.89,49.78,5.36,21.06,3.93,0.0
20210916:1910,0.0,0.0,0.0,19.76,3.93,0.0
20210916:2010,0.0,0.0,0.0,18.86,3.66,0.0
20210916:2110,0.0,0.0,0.0,18.16,3.38,0.0
20210916:2210,0.0,0.0,0.0,17.55,2.97,0.0
20210916:2310,0.0,0.0,0.0,16.94,2.69,0.0
20210917:0010,0.0,0.0,0.0,16.31,2.41,0.0
20210917:0110,0.0,0.0,0.0,15.51,2.21,0.0
20210917:0210,0.0,0.0,0.0,15.24,2.14,0.0
20210917:0310,0.0,0.0,0.0,14.89,1.86,0.0
20210917:0410,0.0,0.0,0.0,14.75,1.45,0.0
20210917:0510,0.0,0.0,0.0,14.57,1.17,0.0
20210917:0610,0.0,0.0,0.0,14.43,1.38,0.0
20210917:0710,40.47,67.81,9.22,14.88,1.38,0.0
20210917:0810,93.1,128.5,20.13,16.12,1.79,0.0
20210917:0910,162.88,210.99,30.43,17.22,2.41,0.0
20210917:1010,83.06,117.23,39.5,18.48,3.1,0.0
20210917:1110,116.74,157.84,46.41,19.31,3.72,0.0
20210917:1210,39.22,63.69,49.91,19.48,4.14,0.0
20210917:1310,111.62,151.38,49.06,18.85,4.0,0.0
20210917:1410,239.61,302.68,44.13,18.54,3.52,0.0
20210917:1510,345.32,428.67,36.27,18.76,3.24,0.0
20210917:1610,374.3,464.15,26.64,19.07,3.79,0.0
20210917:1710,137.21,185.93,16.05,18.97,4.62,0.0
20210917:1810,11.66,28.2,5.03,18.37,4.76,0.0
20210917:1910,0.0,0.0,0.0,17.39,4.0,0.0
20210917:2010,0.0,0.0,0.0,16.84,3.59,0.0
20210917:2110,0.0,0.0,0.0,16.32,3.45,0.0
20210917:2210,0.0,0.0,0.0,15.93,3.03,0.0
20210917:2310,0.0,0.0,0.0,15.33,2.62,0.0
20210918:0010,0.0,0.0,0.0,14.84,2.55,0.0
20210918:0110,0.0,0.0,0.0,14.27,2.34,0.0
20210918:0210,0.0,0.0,0.0,13.87,2.07,0.0
20210918:0310,0.0,0.0,0.0,13.38,1.79,0.0
20210918:0410,0.0,0.0,0.0,13.0,1.66,0.0
20210918:0510,0.0,0.0,0.0,12.86,1.66,0.0
20210918:0610,0.0,0.0,0.0,12.86,1.66,0.0
20210918:0710,67.63,119.01,9.03,13.23,1.72,0.0
20210918:0810,277.41,353.18,19.92,14.62,1.86,0.0
20210918:0910,475.39,583.45,30.19,15.71,2.55,0.0
20210918:1010,471.28,579.9,39.23,17.01,3.03,0.0
20210918:1110,482.98,597.15,46.08,17.88,3.38,0.0
20210918:1210,618.5,772.56,49.53,18.63,3.72,0.0
20210918:1310,697.41,875.53,48.67,19.08,4.14,0.0
20210918:1410,659.7,822.13,43.74,19.27,4.41,0.0
20210918:1510,516.31,635.63,35.9,19.12,4.48,0.0
20210918:1610,295.29,367.67,26.29,18.98,4.41,0.0
20210918:1710,203.53,271.41,15.72,18.7,4.34,0.0
20210918:1810,15.02,35.64,4.7,18.16,4.0,0.0
20210918:1910,0.0,0.0,0.0,17.1,3.86,0.0
20210918:2010,0.0,0.0,0.0,16.44,3.66,0.0
20210918:2110,0.0,0.0,0.0,15.86,3.45,0.0
20210918:2210,0.0,0.0,0.0,15.41,3.31,0.0
20210918:2310,0.0,0.0,0.0,14.92,3.17,0.0
20210919:0010,0.0,0.0,0.0,14.51,2.97,0.0
20210919:0110,0.0,0.0,0.0,14.07,2.55,0.0
20210919:0210,0.0,0.0,0.0,13.42,2.14,0.0
20210919:0310,0.0,0.0,0.0,12.65,2.0,0.0
20210919:0410,0.0,0.0,0.0,11.96,2.14,0.0
20210919:0510,0.0,0.0,0.0,11.76,2.48,0.0
20210919:0610,0.0,0.0,0.0,11.83,2.55,0.0
20210919:0710,64.94,113.08,8.84,12.07,1.86,0.0
20210919:0810,275.99,350.52,19.72,14.21,1.93,0.0
20210919:0910,469.92,581.17,29.96,16.05,1.86,0.0
20210919:1010,611.28,769.42,38.95,17.58,2.0,0.0
20210919:1110,683.84,868.89,45.75,18.68,2.62,0.0
20210919:1210,792.17,1022.49,49.15,19.51,2.97,0.0
20210919:1310,783.35,1010.66,48.27,19.92,3.03,0.0
20210919:1410,717.68,908.34,43.35,20.18,3.79,0.0
20210919:1510,605.9,750.26,35.53,19.71,4.55,0.0
20210919:1610,415.68,513.34,25.94,19.37,4.76,0.0
20210919:1710,125.86,172.25,15.38,19.13,4.28,0.0
20210919:1810,10.49,26.72,4.37,18.72,3.52,0.0
20210919:1910,0.0,0.0,0.0,17.32,4.28,0.0
20210919:2010,0.0,0.0,0.0,16.8,4.28,0.0
20210919:2110,0.0,0.0,0.0,16.27,4.21,0.0
20210919:2210,0.0,0.0,0.0,15.86,4.34,0.0
20210919:2310,0.0,0.0,0.0,15.56,4.55,0.0
20210920:0010,0.0,0.0,0.0,15.29,4.69,0.0
20210920:0110,0.0,0.0,0.0,15.06,4.9,0.0
20210920:0210,0.0,0.0,0.0,14.85,5.17,0.0
20210920:0310,0.0,0.0,0.0,14.72,5.31,0.0
20210920:0410,0.0,0.0,0.0,14.57,5.24,0.0
20210920:0510,0.0,0.0,0.0,14.37,5.1,0.0
20210920:0610,0.0,0.0,0.0,14.17,5.03,0.0
20210920:0710,65.21,114.32,8.64,14.22,5.45,0.0
20210920:0810,283.56,356.04,19.51,14.96,5.72,0.0
20210920:0910,491.03,590.59,29.73,16.26,6.55,0.0
20210920:1010,644.09,780.9,38.68,17.85,6.97,0.0
20210920:1110,716.92,881.82,45.42,19.04,6.76,0.0
20210920:1210,759.87,946.37,48.77,19.9,6.28,0.0
20210920:1310,764.26,956.35,47.87,20.54,6.07,0.0
20210920:1410,714.62,887.36,42.96,20.77,6.41,0.0
20210920:1510,579.86,711.21,35.16,20.58,6.76,0.0
20210920:1610,442.99,544.15,25.6,19.95,6.76,0.0
20210920:1710,205.21,274.28,15.05,19.27,6.41,0.0
20210920:1810,13.49,37.6,4.04,18.31,6.28,0.0
20210920:1910,0.0,0.0,0.0,17.41,6.55,0.0
20210920:2010,0.0,0.0,0.0,16.54,6.55,0.0
20210920:2110,0.0,0.0,0.0,15.81,6.07,0.0
20210920:2210,0.0,0.0,0.0,15.24,5.93,0.0
20210920:2310,0.0,0.0,0.0,14.73,5.66,0.0
20210921:0010,0.0,0.0,0.0,14.33,5.52,0.0
20210921:0110,0.0,0.0,0.0,13.98,5.31,0.0
20210921:0210,0.0,0.0,0.0,13.7,5.03,0.0
20210921:0310,0.0,0.0,0.0,13.42,4.55,0.0
20210921:0410,0.0,0.0,0.0,13.09,4.28,0.0
20210921:0510,0.0,0.0,0.0,12.71,4.07,0.0
20210921:0610,0.0,0.0,0.0,12.41,4.07,0.0
20210921:0710,66.44,115.67,8.45,12.5,3.86,0.0
20210921:0810,284.44,356.8,19.3,13.78,4.0,0.0
20210921:0910,497.21,601.53,29.49,15.49,4.55,0.0
20210921:1010,633.68,777.94,38.4,17.15,4.41,0.0
20210921:1110,725.18,910.1,45.09,18.66,4.07,0.0
20210921:1210,770.09,983.65,48.4,19.94,3.72,0.0
20210921:1310,764.33,979.65,47.47,20.93,3.79,0.0
20210921:1410,704.79,895.45,42.57,21.62,4.07,0.0
20210921:1510,587.27,739.37,34.8,22.18,3.93,0.0
20210921:1610,433.52,548.06,25.25,22.58,3.45,0.0
20210921:1710,201.56,275.53,14.71,22.36,3.59,0.0
20210921:1810,11.9,35.46,3.71,21.02,4.76,0.0
20210921:1910,0.0,0.0,0.0,19.39,5.52,0.0
20210921:2010,0.0,0.0,0.0,18.24,5.31,0.0
20210921:2110,0.0,0.0,0.0,17.3,4.48,0.0
20210921:2210,0.0,0.0,0.0,16.41,4.0,0.0
20210921:2310,0.0,0.0,0.0,15.62,3.79,0.0
20210922:0010,0.0,0.0,0.0,14.94,3.72,0.0
20210922:0110,0.0,0.0,0.0,14.43,3.86,0.0
20210922:0210,0.0,0.0,0.0,14.0,3.79,0.0
20210922:0310,0.0,0.0,0.0,13.61,3.66,0.0
20210922:0410,0.0,0.0,0.0,13.23,3.59,0.0
20210922:0510,0.0,0.0,0.0,12.95,3.66,0.0
20210922:0610,0.0,0.0,0.0,12.83,3.66,0.0
20210922:0710,64.64,113.5,8.25,13.08,3.79,0.0
20210922:0810,286.14,360.48,19.09,14.57,3.79,0.0
20210922:0910,486.21,593.68,29.25,16.74,3.93,0.0
20210922:1010,639.08,791.3,38.12,18.55,4.21,0.0
20210922:1110,463.22,574.07,44.76,19.93,4.48,0.0
20210922:1210,614.58,771.08,48.02,20.85,4.48,0.0
20210922:1310,705.43,895.56,47.07,21.49,4.34,0.0
20210922:1410,595.06,749.28,42.18,21.58,4.0,0.0
20210922:1510,515.67,646.0,34.43,21.54,3.66,0.0
20210922:1610,113.69,154.23,24.9,19.71,4.21,0.0
20210922:1710,213.58,287.8,14.38,19.27,4.07,0.0
20210922:1810,8.95,27.37,3.38,18.77,4.28,0.0
20210922:1910,0.0,0.0,0.0,18.25,4.0,0.0
20210922:2010,0.0,0.0,0.0,17.35,3.86,0.0
20210922:2110,0.0,0.0,0.0,16.58,3.79,0.0
20210922:2210,0.0,0.0,0.0,15.93,4.0,0.0
20210922:2310,0.0,0.0,0.0,15.51,4.34,0.0
20210923:0010,0.0,0.0,0.0,15.39,4.55,0.0
20210923:0110,0.0,0.0,0.0,15.28,4.34,0.0
20210923:0210,0.0,0.0,0.0,15.04,4.07,0.0
20210923:0310,0.0,0.0,0.0,14.84,3.93,0.0
20210923:0410,0.0,0.0,0.0,14.45,3.79,0.0
20210923:0510,0.0,0.0,0.0,14.14,3.79,0.0
20210923:0610,0.0,0.0,0.0,13.85,3.79,0.0
20210923:0710,61.31,107.74,8.05,13.93,3.52,0.0
20210923:0810,284.17,359.68,18.88,15.32,3.52,0.0
20210923:0910,450.9,553.12,29.01,17.27,3.52,0.0
20210923:1010,574.39,714.07,37.83,19.27,3.66,0.0
20210923:1110,716.57,911.14,44.42,21.06,3.86,0.0
20210923:1210,757.38,983.54,47.63,22.63,3.38,0.0
20210923:1310,746.7,985.08,46.67,23.8,2.62,0.0
20210923:1410,675.85,879.7,41.79,24.52,2.97,0.0
20210923:1510,562.46,717.56,34.06,25.0,3.79,0.0
20210923:1610,408.17,520.36,24.55,25.03,4.0,0.0
20210923:1710,178.51,247.93,14.04,24.52,4.21,0.0
20210923:1810,6.89,23.07,3.05,23.21,5.03,0.0
20210923:1910,0.0,0.0,0.0,21.33,5.1,0.0
20210923:2010,0.0,0.0,0.0,20.25,5.24,0.0
20210923:2110,0.0,0.0,0.0,19.36,4.55,0.0
20210923:2210,0.0,0.0,0.0,18.74,3.66,0.0
20210923:2310,0.0,0.0,0.0,18.18,2.83,0.0
20210924:0010,0.0,0.0,0.0,17.75,2.41,0.0
20210924:0110,0.0,0.0,0.0,17.25,2.69,0.0
20210924:0210,0.0,0.0,0.0,16.92,3.1,0.0
20210924:0310,0.0,0.0,0.0,16.78,3.17,0.0
20210924:0410,0.0,0.0,0.0,16.55,3.03,0.0
20210924:0510,0.0,0.0,0.0,16.08,2.83,0.0
20210924:0610,0.0,0.0,0.0,15.68,2.28,0.0
20210924:0710,43.13,75.31,7.86,15.91,2.83,0.0
20210924:0810,252.68,323.64,18.67,16.74,2.69,0.0
20210924:0910,257.92,324.02,28.77,18.46,2.69,0.0
20210924:1010,333.56,420.39,37.55,20.21,2.0,0.0
20210924:1110,254.47,328.75,44.09,21.24,0.76,0.0
20210924:1210,452.91,576.16,47.25,21.35,1.93,0.0
20210924:1310,249.22,317.44,46.27,20.36,2.97,0.0
20210924:1410,585.58,732.0,41.4,19.01,3.17,0.0
20210924:1510,56.31,84.92,33.69,18.79,2.55,0.0
20210924:1610,114.5,155.12,24.2,18.43,1.45,0.0
20210924:1710,145.24,199.15,13.71,18.13,1.59,0.0
20210924:1810,0.26,6.46,2.72,17.78,1.79,0.0
20210924:1910,0.0,0.0,0.0,17.7,1.66,0.0
20210924:2010,0.0,0.0,0.0,16.7,2.21,0.0
20210924:2110,0.0,0.0,0.0,16.19,2.34,0.0
20210924:2210,0.0,0.0,0.0,15.8,2.07,0.0
20210924:2310,0.0,0.0,0.0,15.48,1.72,0.0
20210925:0010,0.0,0.0,0.0,15.19,1.17,0.0
20210925:0110,0.0,0.0,0.0,14.9,0.97,0.0
20210925:0210,0.0,0.0,0.0,14.51,1.1,0.0
20210925:0310,0.0,0.0,0.0,14.86,1.93,0.0
20210925:0410,0.0,0.0,0.0,14.76,3.38,0.0
20210925:0510,0.0,0.0,0.0,14.73,3.59,0.0
20210925:0610,0.0,0.0,0.0,14.81,3.45,0.0
20210925:0710,41.35,72.45,7.66,15.79,3.17,0.0
20210925:0810,86.91,120.95,18.45,16.27,3.52,0.0
20210925:0910,403.0,491.73,28.53,16.91,4.21,0.0
20210925:1010,498.71,609.87,37.26,17.17,4.0,0.0
20210925:1110,278.35,346.65,43.75,17.33,3.52,0.0
20210925:1210,626.99,779.7,46.87,17.3,3.45,0.0
20210925:1310,515.14,636.0,45.87,17.78,3.66,0.0
20210925:1410,496.0,611.75,41.01,18.33,3.79,0.0
20210925:1510,455.3,560.67,33.32,18.89,3.93,0.0
20210925:1610,383.55,472.17,23.85,18.09,4.41,0.0
20210925:1710,108.2,150.66,13.37,17.73,3.59,0.0
20210925:1810,3.23,15.04,2.39,17.29,3.03,0.0
20210925:1910,0.0,0.0,0.0,16.89,2.83,0.0
20210925:2010,0.0,0.0,0.0,16.41,2.69,0.0
20210925:2110,0.0,0.0,0.0,16.16,2.62,0.0
20210925:2210,0.0,0.0,0.0,16.05,2.34,0.0
20210925:2310,0.0,0.0,0.0,15.99,2.28,0.0
20210926:0010,0.0,0.0,0.0,15.91,2.21,0.0
20210926:0110,0.0,0.0,0.0,15.78,2.21,0.0
20210926:0210,0.0,0.0,0.0,15.63,2.34,0.0
20210926:0310,0.0,0.0,0.0,15.56,2.48,0.0
20210926:0410,0.0,0.0,0.0,15.47,2.69,0.0
20210926:0510,0.0,0.0,0.0,15.55,2.9,0.0
20210926:0610,0.0,0.0,0.0,15.57,3.1,0.0
20210926:0710,18.01,35.63,7.46,16.06,3.93,0.0
20210926:0810,211.15,270.01,18.23,16.47,4.69,0.0
20210926:0910,338.74,414.09,28.28,17.18,5.1,0.0
20210926:1010,174.45,224.02,36.98,18.02,5.66,0.0
20210926:1110,268.12,334.13,43.41,18.64,6.0,0.0
20210926:1210,228.83,288.59,46.49,18.68,5.86,0.0
20210926:1310,298.03,370.2,45.47,18.96,5.72,0.0
20210926:1410,216.34,274.01,40.62,18.9,5.59,0.0
20210926:1510,191.95,244.82,32.95,18.69,5.52,0.0
20210926:1610,203.89,258.44,23.5,18.53,5.52,0.0
20210926:1710,85.46,122.16,13.04,18.35,5.38,0.0
20210926:1810,0.0,1.85,2.07,17.88,5.24,0.0
20210926:1910,0.0,0.0,0.0,17.27,5.72,0.0
20210926:2010,0.0,0.0,0.0,16.97,5.72,0.0
20210926:2110,0.0,0.0,0.0,16.88,5.59,0.0
20210926:2210,0.0,0.0,0.0,16.82,5.45,0.0
20210926:2310,0.0,0.0,0.0,16.79,5.59,0.0
20210927:0010,0.0,0.0,0.0,16.72,6.0,0.0
20210927:0110,0.0,0.0,0.0,16.71,6.07,0.0
20210927:0210,0.0,0.0,0.0,16.85,6.21,0.0
20210927:0310,0.0,0.0,0.0,16.83,6.07,0.0
20210927:0410,0.0,0.0,0.0,16.76,4.62,0.0
20210927:0510,0.0,0.0,0.0,16.46,2.41,0.0
20210927:0610,0.0,0.0,0.0,16.24,2.07,0.0
20210927:0710,24.82,46.5,7.26,16.31,2.0,0.0
20210927:0810,98.13,134.74,18.02,16.41,2.28,0.0
20210927:0910,239.47,299.59,28.03,16.65,2.69,0.0
20210927:1010,604.14,750.85,36.69,17.18,2.76,0.0
20210927:1110,499.15,621.03,43.07,17.9,2.55,0.0
20210927:1210,706.51,906.47,46.11,18.76,2.28,0.0
20210927:1310,749.06,962.27,45.07,19.22,2.69,0.0
20210927:1410,678.91,855.67,40.23,19.44,3.38,0.0
20210927:1510,584.06,724.63,32.58,19.3,3.79,0.0
20210927:1610,409.77,508.56,23.15,19.14,3.79,0.0
20210927:1710,98.78,139.77,12.7,18.67,3.52,0.0
20210927:1810,0.0,3.69,1.74,18.03,3.59,0.0
20210927:1910,0.0,0.0,0.0,17.36,3.24,0.0
20210927:2010,0.0,0.0,0.0,16.85,3.17,0.0
20210927:2110,0.0,0.0,0.0,16.47,3.17,0.0
20210927:2210,0.0,0.0,0.0,16.09,3.03,0.0
20210927:2310,0.0,0.0,0.0,15.79,2.76,0.0
20210928:0010,0.0,0.0,0.0,15.61,2.69,0.0
20210928:0110,0.0,0.0,0.0,15.28,2.69,0.0
20210928:0210,0.0,0.0,0.0,15.14,2.69,0.0
20210928:0310,0.0,0.0,0.0,14.82,2.83,0.0
20210928:0410,0.0,0.0,0.0,14.52,2.9,0.0
20210928:0510,0.0,0.0,0.0,14.38,2.83,0.0
20210928:0610,0.0,0.0,0.0,14.07,2.62,0.0
20210928:0710,63.02,112.25,7.05,13.67,2.55,0.0
20210928:0810,273.02,345.15,17.8,14.26,2.48,0.0
20210928:0910,474.94,580.92,27.79,15.36,2.69,0.0
20210928:1010,635.21,786.39,36.4,16.37,3.03,0.0
20210928:1110,720.37,905.46,42.73,17.04,3.1,0.0
20210928:1210,741.27,940.23,45.72,17.55,2.97,0.0
20210928:1310,755.74,960.9,44.67,17.76,2.97,0.0
20210928:1410,691.8,867.19,39.84,17.86,3.31,0.0
20210928:1510,561.85,691.12,32.21,17.86,3.86,0.0
20210928:1610,394.45,486.22,22.81,17.55,3.72,0.0
20210928:1710,166.74,226.88,12.37,17.08,3.17,0.0
20210928:1810,0.0,1.85,1.41,16.43,2.48,0.0
20210928:1910,0.0,0.0,0.0,15.67,2.14,0.0
20210928:2010,0.0,0.0,0.0,14.66,1.38,0.0
20210928:2110,0.0,0.0,0.0,15.1,0.69,0.0
20210928:2210,0.0,0.0,0.0,14.88,0.83,0.0
20210928:2310,0.0,0.0,0.0,13.79,1.17,0.0
20210929:0010,0.0,0.0,0.0,12.99,1.31,0.0
20210929:0110,0.0,0.0,0.0,12.25,1.45,0.0
20210929:0210,0.0,0.0,0.0,11.89,1.52,0.0
20210929:0310,0.0,0.0,0.0,11.82,1.52,0.0
20210929:0410,0.0,0.0,0.0,11.65,1.59,0.0
20210929:0510,0.0,0.0,0.0,11.37,1.72,0.0
20210929:0610,0.0,0.0,0.0,11.64,1.66,0.0
20210929:0710,45.42,79.91,6.85,11.99,1.59,0.0
20210929:0810,188.56,243.19,17.58,14.64,1.17,0.0
20210929:0910,389.54,484.97,27.54,16.3,0.97,0.0
20210929:1010,565.79,709.96,36.1,17.29,1.72,0.0
20210929:1110,610.4,774.1,42.39,18.31,1.93,0.0
20210929:1210,485.62,611.14,45.34,19.05,2.0,0.0
20210929:1310,728.82,939.23,44.27,19.72,2.48,0.0
20210929:1410,627.91,793.62,39.45,20.05,2.97,0.0
20210929:1510,561.56,700.75,31.85,20.06,3.38,0.0
20210929:1610,255.64,322.54,22.46,19.87,3.79,0.0
20210929:1710,101.24,143.96,12.04,19.39,3.59,0.0
20210929:1810,0.0,0.0,0.0,18.45,3.66,0.0
20210929:1910,0.0,0.0,0.0,17.3,3.79,0.0
20210929:2010,0.0,0.0,0.0,16.43,3.79,0.0
20210929:2110,0.0,0.0,0.0,15.71,3.45,0.0
20210929:2210,0.0,0.0,0.0,15.04,3.24,0.0
20210929:2310,0.0,0.0,0.0,14.41,3.1,0.0
20210930:0010,0.0,0.0,0.0,13.89,2.97,0.0
20210930:0110,0.0,0.0,0.0,13.5,2.9,0.0
20210930:0210,0.0,0.0,0.0,13.14,2.97,0.0
20210930:0310,0.0,0.0,0.0,12.88,2.9,0.0
20210930:0410,0.0,0.0,0.0,12.55,2.83,0.0
20210930:0510,0.0,0.0,0.0,12.16,2.76,0.0
20210930:0610,0.0,0.0,0.0,11.86,2.83,0.0
20210930:0710,42.67,75.33,6.65,11.57,3.03,0.0
20210930:0810,145.91,188.52,17.36,12.23,2.83,0.0
20210930:0910,264.66,325.71,27.29,14.15,2.48,0.0
20210930:1010,619.7,771.72,35.81,16.12,2.28,0.0
20210930:1110,748.39,965.29,42.05,18.02,2.0,0.0
20210930:1210,767.98,1007.05,44.96,19.58,1.86,0.0
20210930:1310,757.74,990.71,43.88,20.63,2.21,0.0
20210930:1410,684.37,874.76,39.07,21.01,2.97,0.0
20210930:1510,583.42,731.94,31.48,20.86,3.45,0.0
20210930:1610,393.46,492.95,22.11,20.55,3.45,0.0
20210930:1710,163.37,226.2,11.71,19.85,3.52,0.0
20210930:1810,0.0,0.0,0.0,18.72,3.31,0.0
20210930:1910,0.0,0.0,0.0,17.38,3.03,0.0
20210930:2010,0.0,0.0,0.0,16.67,2.83,0.0
20210930:2110,0.0,0.0,0.0,16.13,3.17,0.0
20210930:2210,0.0,0.0,0.0,15.65,2.69,0.0
20210930:2310,0.0,0.0,0.0,15.4,2.14,0.0
20211001:0010,0.0,0.0,0.0,14.9,2.69,0.0
20211001:0110,0.0,0.0,0.0,14.43,2.55,0.0
20211001:0210,0.0,0.0,0.0,13.92,1.93,0.0
20211001:0310,0.0,0.0,0.0,13.79,1.66,0.0
20211001:0410,0.0,0.0,0.0,13.62,1.79,0.0
20211001:0510,0.0,0.0,0.0,13.23,1.72,0.0
20211001:0610,0.0,0.0,0.0,13.08,1.66,0.0
20211001:0710,27.73,51.37,6.44,13.16,1.66,0.0
20211001:0810,207.07,264.86,17.13,14.29,1.72,0.0
20211001:0910,280.05,347.62,27.03,15.67,1.59,0.0
20211001:1010,556.77,700.26,35.52,17.08,1.38,0.0
20211001:1110,524.54,665.62,41.71,18.35,1.17,0.0
20211001:1210,154.14,203.07,44.58,18.84,1.52,0.0
20211001:1310,138.83,184.61,43.48,19.21,2.28,0.0
20211001:1410,151.2,198.91,38.68,19.17,2.97,0.0
20211001:1510,157.65,205.93,31.12,18.93,3.1,0.0
20211001:1610,72.96,105.06,21.77,18.5,2.9,0.0
20211001:1710,43.51,69.39,11.38,18.19,2.55,0.0
20211001:1810,0.0,0.0,0.0,17.87,2.34,0.0
20211001:1910,0.0,0.0,0.0,17.47,1.31,0.0
20211001:2010,0.0,0.0,0.0,17.16,1.52,0.0
20211001:2110,0.0,0.0,0.0,17.02,2.07,0.0
20211001:2210,0.0,0.0,0.0,16.94,2.41,0.0
20211001:2310,0.0,0.0,0.0,16.9,2.62,0.0
20211002:0010,0.0,0.0,0.0,17.02,2.97,0.0
20211002:0110,0.0,0.0,0.0,16.83,3.1,0.0
20211002:0210,0.0,0.0,0.0,16.87,3.86,0.0
20211002:0310,0.0,0.0,0.0,16.82,4.0,0.0
20211002:0410,0.0,0.0,0.0,16.8,4.21,0.0
20211002:0510,0.0,0.0,0.0,16.79,3.93,0.0
20211002:0610,0.0,0.0,0.0,16.72,4.28,0.0
20211002:0710,7.7,20.31,6.23,16.94,4.14,0.0
20211002:0810,86.54,120.84,16.91,17.07,5.03,0.0
20211002:0910,91.43,126.2,26.78,17.23,5.79,0.0
20211002:1010,72.08,103.38,35.22,17.8,7.1,0.0
20211002:1110,154.02,200.04,41.36,18.17,7.45,0.0
20211002:1210,156.23,202.81,44.19,18.4,7.52,0.0
20211002:1310,81.13,114.46,43.08,18.47,7.79,0.0
20211002:1410,60.33,89.54,38.29,18.76,7.79,0.0
20211002:1510,131.85,173.73,30.75,17.99,8.07,0.0
20211002:1610,104.2,141.35,21.43,17.96,7.86,0.0
20211002:1710,46.79,73.48,11.05,17.77,8.34,0.0
20211002:1810,0.0,0.0,0.0,17.68,8.48,0.0
20211002:1910,0.0,0.0,0.0,17.4,9.17,0.0
20211002:2010,0.0,0.0,0.0,17.42,8.21,0.0
20211002:2110,0.0,0.0,0.0,17.51,8.21,0.0
20211002:2210,0.0,0.0,0.0,17.66,8.48,0.0
20211002:2310,0.0,0.0,0.0,17.43,8.0,0.0
20211003:0010,0.0,0.0,0.0,15.94,6.21,0.0
20211003:0110,0.0,0.0,0.0,15.16,2.97,0.0
20211003:0210,0.0,0.0,0.0,14.43,2.9,0.0
20211003:0310,0.0,0.0,0.0,13.76,3.17,0.0
20211003:0410,0.0,0.0,0.0,13.43,3.1,0.0
20211003:0510,0.0,0.0,0.0,13.04,2.9,0.0
20211003:0610,0.0,0.0,0.0,12.86,2.55,0.0
20211003:0710,44.23,79.88,6.03,12.4,2.28,0.0
20211003:0810,274.52,343.74,16.68,12.82,3.03,0.0
20211003:0910,487.35,585.94,26.52,13.39,3.72,0.0
20211003:1010,663.92,815.1,34.92,13.98,2.9,0.0
20211003:1110,736.42,923.28,41.02,14.72,2.48,0.0
20211003:1210,708.35,885.34,43.81,15.17,2.76,0.0
20211003:1310,720.71,897.87,42.69,15.73,3.31,0.0
20211003:1410,714.37,882.72,37.91,15.55,3.66,0.0
20211003:1510,580.9,709.07,30.39,15.66,3.52,0.0
20211003:1610,370.86,455.34,21.08,15.69,3.03,0.0
20211003:1710,149.67,205.93,10.72,15.58,2.69,0.0
20211003:1810,0.0,0.0,0.0,15.03,1.59,0.0
20211003:1910,0.0,0.0,0.0,14.23,0.9,0.0
20211003:2010,0.0,0.0,0.0,14.4,0.83,0.0
20211003:2110,0.0,0.0,0.0,13.89,0.97,0.0
20211003:2210,0.0,0.0,0.0,13.05,1.17,0.0
20211003:2310,0.0,0.0,0.0,12.86,1.24,0.0
20211004:0010,0.0,0.0,0.0,12.36,1.38,0.0
20211004:0110,0.0,0.0,0.0,12.22,1.52,0.0
20211004:0210,0.0,0.0,0.0,12.21,1.66,0.0
20211004:0310,0.0,0.0,0.0,12.18,1.72,0.0
20211004:0410,0.0,0.0,0.0,12.34,1.79,0.0
20211004:0510,0.0,0.0,0.0,12.63,1.93,0.0
20211004:0610,0.0,0.0,0.0,13.05,2.07,0.0
20211004:0710,28.37,53.58,5.82,13.24,2.14,0.0
20211004:0810,100.95,136.62,16.46,13.79,2.76,0.0
20211004:0910,325.15,395.22,26.27,14.39,3.38,0.0
20211004:1010,576.74,700.71,34.63,14.97,3.72,0.0
20211004:1110,305.85,374.86,40.67,15.45,3.93,0.0
20211004:1210,291.66,358.87,43.43,15.74,4.14,0.0
20211004:1310,488.7,594.06,42.29,15.78,4.21,0.0
20211004:1410,158.47,204.34,37.53,16.23,4.14,0.0
20211004:1510,193.2,243.86,30.03,16.15,4.21,0.0
20211004:1610,83.15,116.07,20.74,16.29,4.14,0.0
20211004:1710,28.26,49.07,10.39,16.25,4.41,0.0
20211004:1810,0.0,0.0,0.0,16.03,4.76,0.0
20211004:1910,0.0,0.0,0.0,15.73,5.03,0.0
20211004:2010,0.0,0.0,0.0,15.74,5.24,0.0
20211004:2110,0.0,0.0,0.0,15.59,5.72,0.0
20211004:2210,0.0,0.0,0.0,15.61,5.93,0.0
20211004:2310,0.0,0.0,0.0,15.74,6.0,0.0
20211005:0010,0.0,0.0,0.0,15.88,5.38,0.0
20211005:0110,0.0,0.0,0.0,15.96,4.07,0.0
20211005:0210,0.0,0.0,0.0,16.03,3.1,0.0
20211005:0310,0.0,0.0,0.0,15.97,2.83,0.0
20211005:0410,0.0,0.0,0.0,15.89,2.69,0.0
20211005:0510,0.0,0.0,0.0,15.87,2.41,0.0
20211005:0610,0.0,0.0,0.0,15.99,2.0,0.0
20211005:0710,6.58,18.46,5.61,16.06,1.93,0.0
20211005:0810,136.96,181.81,16.23,16.44,2.0,0.0
20211005:0910,265.72,331.69,26.01,17.15,2.14,0.0
20211005:1010,330.68,410.03,34.33,17.52,2.34,0.0
20211005:1110,391.8,485.7,40.33,17.99,2.62,0.0
20211005:1210,466.62,578.91,43.05,18.33,2.97,0.0
20211005:1310,575.41,716.73,41.9,18.43,3.24,0.0
20211005:1410,640.03,799.57,37.14,18.38,3.24,0.0
20211005:1510,529.63,654.31,29.67,18.24,3.17,0.0
20211005:1610,332.26,413.93,20.4,18.09,2.76,0.0
20211005:1710,134.14,188.57,10.07,17.63,2.55,0.0
20211005:1810,0.0,0.0,0.0,16.96,2.21,0.0
20211005:1910,0.0,0.0,0.0,16.36,1.79,0.0
20211005:2010,0.0,0.0,0.0,15.78,1.86,0.0
20211005:2110,0.0,0.0,0.0,15.18,1.79,0.0
20211005:2210,0.0,0.0,0.0,14.85,2.0,0.0
20211005:2310,0.0,0.0,0.0,14.58,2.28,0.0
20211006:0010,0.0,0.0,0.0,14.5,2.21,0.0
20211006:0110,0.0,0.0,0.0,14.25,2.21,0.0
20211006:0210,0.0,0.0,0.0,14.0,2.14,0.0
20211006:0310,0.0,0.0,0.0,13.62,2.07,0.0
20211006:0410,0.0,0.0,0.0,13.11,2.14,0.0
20211006:0510,0.0,0.0,0.0,12.79,2.21,0.0
20211006:0610,0.0,0.0,0.0,12.53,2.34,0.0
20211006:0710,33.59,64.34,5.4,12.93,2.41,0.0
20211006:0810,252.28,318.77,16.0,13.78,2.41,0.0
20211006:0910,460.22,563.56,25.75,15.39,2.41,0.0
20211006:1010,616.92,772.93,34.03,16.92,2.07,0.0
20211006:1110,721.02,929.66,39.98,18.39,1.86,0.0
20211006:1210,722.43,943.67,42.67,19.67,1.66,0.0
20211006:1310,704.43,925.44,41.51,20.59,1.45,0.0
20211006:1410,679.41,889.14,36.76,21.13,1.45,0.0
20211006:1510,535.26,684.12,29.31,21.39,1.59,0.0
20211006:1610,370.2,471.81,20.07,21.38,1.72,0.0
20211006:1710,138.17,197.66,9.75,20.99,1.72,0.0
20211006:1810,0.0,0.0,0.0,19.92,1.86,0.0
20211006:1910,0.0,0.0,0.0,18.93,2.14,0.0
20211006:2010,0.0,0.0,0.0,17.25,1.93,0.0
20211006:2110,0.0,0.0,0.0,15.79,1.93,0.0
20211006:2210,0.0,0.0,0.0,14.75,2.0,0.0
20211006:2310,0.0,0.0,0.0,14.02,2.07,0.0
20211007:0010,0.0,0.0,0.0,13.44,2.0,0.0
20211007:0110,0.0,0.0,0.0,12.98,1.93,0.0
20211007:0210,0.0,0.0,0.0,12.62,2.0,0.0
20211007:0310,0.0,0.0,0.0,12.4,2.07,0.0
20211007:0410,0.0,0.0,0.0,12.23,2.14,0.0
20211007:0510,0.0,0.0,0.0,12.11,2.14,0.0
20211007:0610,0.0,0.0,0.0,12.04,2.14,0.0
20211007:0710,34.83,67.17,5.19,11.87,2.0,0.0
20211007:0810,259.74,329.91,15.77,14.13,1.59,0.0
20211007:0910,454.55,570.9,25.49,18.35,1.31,0.0
20211007:1010,600.99,783.29,33.73,20.31,0.69,0.0
20211007:1110,684.86,916.81,39.64,21.36,0.62,0.0
20211007:1210,736.87,972.36,42.29,21.77,1.86,0.0
20211007:1310,710.52,923.38,41.12,21.82,2.48,0.0
20211007:1410,665.0,852.31,36.39,21.77,2.83,0.0
20211007:1510,528.1,664.48,28.95,21.58,3.03,0.0
20211007:1610,363.32,458.53,19.73,21.22,3.03,0.0
20211007:1710,132.35,189.33,9.43,20.57,2.69,0.0
20211007:1810,0.0,0.0,0.0,19.56,2.62,0.0
20211007:1910,0.0,0.0,0.0,18.3,2.34,0.0
20211007:2010,0.0,0.0,0.0,17.34,2.41,0.0
20211007:2110,0.0,0.0,0.0,16.59,2.41,0.0
20211007:2210,0.0,0.0,0.0,16.09,2.48,0.0
20211007:2310,0.0,0.0,0.0,15.51,2.41,0.0
20211008:0010,0.0,0.0,0.0,14.96,2.34,0.0
20211008:0110,0.0,0.0,0.0,14.51,2.41,0.0
20211008:0210,0.0,0.0,0.0,14.18,2.41,0.0
20211008:0310,0.0,0.0,0.0,13.94,2.48,0.0
20211008:0410,0.0,0.0,0.0,13.76,2.55,0.0
20211008:0510,0.0,0.0,0.0,13.65,2.55,0.0
20211008:0610,0.0,0.0,0.0,13.5,2.48,0.0
20211008:0710,30.67,60.36,4.97,13.61,2.83,0.0
20211008:0810,248.26,314.64,15.54,14.29,2.41,0.0
20211008:0910,450.19,555.45,25.23,16.03,1.86,0.0
20211008:1010,595.03,757.58,33.42,17.94,1.17,0.0
20211008:1110,683.36,912.31,39.29,20.01,0.41,0.0
20211008:1210,0.0,0.0,0.0,21.35,1.03,0.0
20211008:1310,696.8,913.07,40.73,21.87,1.86,0.0
20211008:1410,640.99,828.22,36.01,21.94,2.07,0.0
20211008:1510,478.65,605.16,28.6,21.77,2.28,0.0
20211008:1610,329.74,417.73,19.4,21.27,2.62,0.0
20211008:1710,104.47,152.15,9.11,20.3,2.62,0.0
20211008:1810,0.0,0.0,0.0,18.92,2.34,0.0
20211008:1910,0.0,0.0,0.0,17.59,1.59,0.0
20211008:2010,0.0,0.0,0.0,16.59,1.17,0.0
20211008:2110,0.0,0.0,0.0,16.82,0.83,0.0
20211008:2210,0.0,0.0,0.0,16.36,0.9,0.0
20211008:2310,0.0,0.0,0.0,16.32,0.9,0.0
20211009:0010,0.0,0.0,0.0,16.09,0.83,0.0
20211009:0110,0.0,0.0,0.0,15.75,0.83,0.0
20211009:0210,0.0,0.0,0.0,15.43,0.97,0.0
20211009:0310,0.0,0.0,0.0,14.13,1.17,0.0
20211009:0410,0.0,0.0,0.0,13.0,1.38,0.0
20211009:0510,0.0,0.0,0.0,13.11,1.52,0.0
20211009:0610,0.0,0.0,0.0,13.63,1.72,0.0
20211009:0710,18.59,39.53,4.76,14.47,1.79,0.0
20211009:0810,129.96,172.48,15.31,15.0,1.79,0.0
20211009:0910,145.77,189.89,24.96,16.11,1.93,0.0
20211009:1010,269.44,337.27,33.12,17.59,2.07,0.0
20211009:1110,469.09,589.47,38.95,19.29,1.93,0.0
20211009:1210,681.76,884.39,41.53,20.55,1.93,0.0
20211009:1310,676.74,879.49,40.34,21.55,2.07,0.0
20211009:1410,435.84,552.06,35.63,22.25,2.34,0.0
20211009:1510,372.9,471.01,28.24,22.6,2.62,0.0
20211009:1610,102.7,143.11,19.07,22.61,2.83,0.0
20211009:1710,41.15,68.25,8.8,21.93,2.9,0.0
20211009:1810,0.0,0.0,0.0,20.71,3.17,0.0
20211009:1910,0.0,0.0,0.0,19.41,3.38,0.0
20211009:2010,0.0,0.0,0.0,18.47,3.45,0.0
20211009:2110,0.0,0.0,0.0,17.62,3.38,0.0
20211009:2210,0.0,0.0,0.0,16.8,3.31,0.0
20211009:2310,0.0,0.0,0.0,16.07,3.38,0.0
20211010:0010,0.0,0.0,0.0,15.5,3.52,0.0
20211010:0110,0.0,0.0,0.0,15.13,3.66,0.0
20211010:0210,0.0,0.0,0.0,14.82,3.72,0.0
20211010:0310,0.0,0.0,0.0,14.59,3.86,0.0
20211010:0410,0.0,0.0,0.0,14.43,3.79,0.0
20211010:0510,0.0,0.0,0.0,14.19,3.79,0.0
20211010:0610,0.0,0.0,0.0,13.87,3.79,0.0
20211010:0710,29.6,59.84,4.55,13.86,3.52,0.0
20211010:0810,274.11,346.04,15.07,14.74,3.24,0.0
20211010:0910,471.85,580.55,24.7,16.96,2.83,0.0
20211010:1010,617.19,779.81,32.82,19.24,2.34,0.0
20211010:1110,714.18,932.15,38.6,20.8,1.86,0.0
20211010:1210,692.64,914.93,41.16,21.87,1.45,0.0
20211010:1310,717.04,953.07,39.96,22.56,1.52,0.0
20211010:1410,666.43,874.84,35.26,23.04,1.72,0.0
20211010:1510,507.74,650.26,27.89,23.3,2.0,0.0
20211010:1610,349.0,447.39,18.74,23.26,2.28,0.0
20211010:1710,117.96,172.84,8.48,22.53,2.69,0.0
20211010:1810,0.0,0.0,0.0,21.15,3.31,0.0
20211010:1910,0.0,0.0,0.0,19.64,3.86,0.0
20211010:2010,0.0,0.0,0.0,18.41,3.86,0.0
20211010:2110,0.0,0.0,0.0,17.3,3.66,0.0
20211010:2210,0.0,0.0,0.0,16.25,3.59,0.0
20211010:2310,0.0,0.0,0.0,15.31,3.59,0.0
20211011:0010,0.0,0.0,0.0,14.54,3.59,0.0
20211011:0110,0.0,0.0,0.0,13.95,3.66,0.0
20211011:0210,0.0,0.0,0.0,13.54,3.66,0.0
20211011:0310,0.0,0.0,0.0,13.26,3.72,0.0
20211011:0410,0.0,0.0,0.0,13.05,3.79,0.0
20211011:0510,0.0,0.0,0.0,12.93,3.79,0.0
20211011:0610,0.0,0.0,0.0,12.81,3.79,0.0
20211011:0710,10.33,25.31,4.33,12.59,3.86,0.0
20211011:0810,107.86,144.64,14.84,13.58,3.59,0.0
20211011:0910,387.02,473.02,24.44,16.21,3.17,0.0
20211011:1010,610.36,765.01,32.51,18.9,2.83,0.0
20211011:1110,0.0,0.0,0.0,20.84,2.41,0.0
20211011:1210,626.23,814.67,40.78,22.14,1.79,0.0
20211011:1310,671.02,887.92,39.57,22.92,1.45,0.0
20211011:1410,646.01,858.17,34.89,23.35,1.03,0.0
20211011:1510,478.71,621.61,27.55,23.47,0.83,0.0
20211011:1610,276.95,359.59,18.41,23.39,1.03,0.0
20211011:1710,102.3,152.5,8.17,22.84,1.31,0.0
20211011:1810,0.0,0.0,0.0,21.0,1.52,0.0
20211011:1910,0.0,0.0,0.0,18.62,1.93,0.0
20211011:2010,0.0,0.0,0.0,16.87,2.28,0.0
20211011:2110,0.0,0.0,0.0,15.64,2.48,0.0
20211011:2210,0.0,0.0,0.0,14.84,2.76,0.0
20211011:2310,0.0,0.0,0.0,14.35,2.97,0.0
20211012:0010,0.0,0.0,0.0,13.96,3.03,0.0
20211012:0110,0.0,0.0,0.0,13.51,3.1,0.0
20211012:0210,0.0,0.0,0.0,13.12,3.1,0.0
20211012:0310,0.0,0.0,0.0,12.75,3.1,0.0
20211012:0410,0.0,0.0,0.0,12.46,3.1,0.0
20211012:0510,0.0,0.0,0.0,12.22,3.1,0.0
20211012:0610,0.0,0.0,0.0,12.01,3.1,0.0
20211012:0710,24.65,51.3,4.12,11.97,3.31,0.0
20211012:0810,249.05,313.42,14.6,13.41,3.1,0.0
20211012:0910,455.58,559.86,24.17,16.57,2.69,0.0
20211012:1010,604.04,762.95,32.21,19.38,2.34,0.0
20211012:1110,0.0,0.0,0.0,21.27,1.72,0.0
20211012:1210,690.79,928.08,40.41,22.34,0.83,0.0
20211012:1310,690.12,945.31,39.19,22.73,0.21,0.0
20211012:1410,645.51,855.69,34.52,22.72,0.97,0.0
20211012:1510,506.73,651.07,27.2,22.57,1.45,0.0
20211012:1610,346.35,444.44,18.09,22.4,1.66,0.0
20211012:1710,105.8,156.92,7.87,21.77,1.66,0.0
20211012:1810,0.0,0.0,0.0,20.37,1.52,0.0
20211012:1910,0.0,0.0,0.0,18.47,1.38,0.0
20211012:2010,0.0,0.0,0.0,17.02,1.59,0.0
20211012:2110,0.0,0.0,0.0,15.47,1.93,0.0
20211012:2210,0.0,0.0,0.0,14.04,2.21,0.0
20211012:2310,0.0,0.0,0.0,13.2,2.41,0.0
20211013:0010,0.0,0.0,0.0,12.74,2.69,0.0
20211013:0110,0.0,0.0,0.0,12.53,2.83,0.0
20211013:0210,0.0,0.0,0.0,12.38,2.97,0.0
20211013:0310,0.0,0.0,0.0,12.18,3.1,0.0
20211013:0410,0.0,0.0,0.0,11.95,3.1,0.0
20211013:0510,0.0,0.0,0.0,11.7,3.1,0.0
20211013:0610,0.0,0.0,0.0,11.45,3.03,0.0
20211013:0710,23.4,49.23,3.9,11.16,3.1,0.0
20211013:0810,255.0,319.86,14.37,12.62,2.83,0.0
20211013:0910,454.19,558.93,23.9,16.26,2.34,0.0
20211013:1010,605.97,770.43,31.91,19.3,1.86,0.0
20211013:1110,676.91,892.16,37.57,21.12,1.17,0.0
20211013:1210,679.13,920.64,40.03,22.01,0.34,0.0
20211013:1310,700.88,951.82,38.81,22.26,0.48,0.0
20211013:1410,636.91,835.22,34.16,22.25,1.31,0.0
20211013:1510,530.2,679.23,26.86,22.04,1.66,0.0
20211013:1610,349.81,447.07,17.77,21.62,1.72,0.0
20211013:1710,99.61,148.05,7.56,20.71,1.59,0.0
20211013:1810,0.0,0.0,0.0,19.31,1.59,0.0
20211013:1910,0.0,0.0,0.0,17.23,1.52,0.0
20211013:2010,0.0,0.0,0.0,16.13,1.59,0.0
20211013:2110,0.0,0.0,0.0,15.09,1.72,0.0
20211013:2210,0.0,0.0,0.0,13.42,2.0,0.0
20211013:2310,0.0,0.0,0.0,11.92,2.34,0.0
20211014:0010,0.0,0.0,0.0,11.34,2.48,0.0
20211014:0110,0.0,0.0,0.0,10.93,2.48,0.0
20211014:0210,0.0,0.0,0.0,10.76,2.55,0.0
20211014:0310,0.0,0.0,0.0,10.78,2.76,0.0
20211014:0410,0.0,0.0,0.0,10.82,2.83,0.0
20211014:0510,0.0,0.0,0.0,10.82,2.83,0.0
20211014:0610,0.0,0.0,0.0,10.77,2.83,0.0
20211014:0710,14.86,34.19,3.68,10.55,2.83,0.0
20211014:0810,181.77,231.44,14.13,12.02,2.41,0.0
20211014:0910,344.07,424.96,23.64,16.05,1.66,0.0
20211014:1010,263.86,334.32,31.6,19.07,1.24,0.0
20211014:1110,200.14,260.29,37.23,20.55,1.1,0.0
20211014:1210,553.59,711.25,39.66,21.07,1.59,0.0
20211014:1310,357.65,452.53,38.44,21.05,1.93,0.0
20211014:1410,634.12,817.64,33.79,20.84,1.79,0.0
20211014:1510,528.89,674.2,26.52,20.62,1.45,0.0
20211014:1610,226.92,292.13,17.45,20.2,1.24,0.0
20211014:1710,92.88,138.78,7.26,19.42,1.03,0.0
20211014:1810,0.0,0.0,0.0,18.06,0.76,0.0
20211014:1910,0.0,0.0,0.0,17.45,0.28,0.0
20211014:2010,0.0,0.0,0.0,16.84,0.62,0.0
20211014:2110,0.0,0.0,0.0,16.3,0.62,0.0
20211014:2210,0.0,0.0,0.0,15.9,0.76,0.0
20211014:2310,0.0,0.0,0.0,15.55,0.97,0.0
20211015:0010,0.0,0.0,0.0,15.24,0.97,0.0
20211015:0110,0.0,0.0,0.0,14.86,1.1,0.0
20211015:0210,0.0,0.0,0.0,14.46,1.17,0.0
20211015:0310,0.0,0.0,0.0,14.28,1.03,0.0
20211015:0410,0.0,0.0,0.0,14.17,0.83,0.0
20211015:0510,0.0,0.0,0.0,14.09,0.69,0.0
20211015:0610,0.0,0.0,0.0,14.0,0.76,0.0
20211015:0710,14.57,34.2,3.46,11.74,1.38,0.0
20211015:0810,216.18,273.86,13.89,11.79,1.24,0.0
20211015:0910,439.13,549.64,23.37,15.43,0.34,0.0
20211015:1010,588.76,747.57,31.3,17.2,1.03,0.0
20211015:1110,665.74,853.7,36.88,17.97,1.52,0.0
20211015:1210,701.66,910.91,39.29,18.61,1.45,0.0
20211015:1310,718.78,938.62,38.06,19.22,1.45,0.0
20211015:1410,618.65,789.17,33.43,19.6,1.86,0.0
20211015:1510,524.36,653.65,26.18,19.38,2.76,0.0
20211015:1610,303.99,380.64,17.13,18.59,3.03,0.0
20211015:1710,89.65,133.5,6.96,17.68,2.55,0.0
20211015:1810,0.0,0.0,0.0,16.64,1.93,0.0
20211015:1910,0.0,0.0,0.0,15.78,1.86,0.0
20211015:2010,0.0,0.0,0.0,15.34,1.59,0.0
20211015:2110,0.0,0.0,0.0,14.45,1.59,0.0
20211015:2210,0.0,0.0,0.0,13.57,1.72,0.0
20211015:2310,0.0,0.0,0.0,13.44,1.72,0.0
20211016:0010,0.0,0.0,0.0,13.56,1.31,0.0
20211016:0110,0.0,0.0,0.0,14.31,0.76,0.0
20211016:0210,0.0,0.0,0.0,14.55,0.55,0.0
20211016:0310,0.0,0.0,0.0,14.27,0.69,0.0
20211016:0410,0.0,0.0,0.0,13.24,1.17,0.0
20211016:0510,0.0,0.0,0.0,12.6,1.52,0.0
20211016:0610,0.0,0.0,0.0,12.15,1.72,0.0
20211016:0710,2.91,12.0,3.24,12.56,1.52,0.0
20211016:0810,14.14,29.54,13.65,13.26,1.24,0.0
20211016:0910,69.28,99.69,23.1,15.62,1.1,0.0
20211016:1010,186.87,239.7,30.99,16.81,0.97,0.0
20211016:1110,138.33,182.66,36.54,16.94,1.24,0.0
20211016:1210,135.75,179.07,38.92,16.77,2.14,0.0
20211016:1310,158.43,205.62,37.69,16.79,2.34,0.0
20211016:1410,103.87,141.23,33.08,16.92,2.9,0.0
20211016:1510,203.15,256.4,25.84,16.79,2.83,0.0
20211016:1610,65.17,94.88,16.82,16.76,3.17,0.0
20211016:1710,17.09,34.31,6.67,16.56,3.24,0.0
20211016:1810,0.0,0.0,0.0,16.15,4.0,0.0
20211016:1910,0.0,0.0,0.0,16.41,4.76,0.0
20211016:2010,0.0,0.0,0.0,16.34,5.1,0.0
20211016:2110,0.0,0.0,0.0,16.2,5.1,0.0
20211016:2210,0.0,0.0,0.0,16.22,4.97,0.0
20211016:2310,0.0,0.0,0.0,16.33,5.03,0.0
20211017:0010,0.0,0.0,0.0,16.32,4.69,0.0
20211017:0110,0.0,0.0,0.0,16.1,4.14,0.0
20211017:0210,0.0,0.0,0.0,15.99,3.66,0.0
20211017:0310,0.0,0.0,0.0,15.96,3.24,0.0
20211017:0410,0.0,0.0,0.0,15.9,3.1,0.0
20211017:0510,0.0,0.0,0.0,15.97,2.97,0.0
20211017:0610,0.0,0.0,0.0,15.9,2.83,0.0
20211017:0710,2.37,11.08,3.02,15.54,2.69,0.0
20211017:0810,72.2,103.55,13.41,15.92,2.62,0.0
20211017:0910,167.72,215.02,22.83,16.7,3.17,0.0
20211017:1010,478.43,586.6,30.69,17.46,3.38,0.0
20211017:1110,451.83,557.01,36.2,18.26,3.38,0.0
20211017:1210,288.53,360.45,38.56,18.88,3.52,0.0
20211017:1310,181.91,235.07,37.32,19.43,3.59,0.0
20211017:1410,221.39,280.86,32.72,19.31,3.59,0.0
20211017:1510,324.78,402.32,25.51,18.97,3.31,0.0
20211017:1610,55.05,83.33,16.51,18.94,3.45,0.0
20211017:1710,21.7,41.55,6.38,18.64,3.45,0.0
20211017:1810,0.0,0.0,0.0,18.25,3.1,0.0
20211017:1910,0.0,0.0,0.0,18.13,3.45,0.0
20211017:2010,0.0,0.0,0.0,18.07,3.17,0.0
20211017:2110,0.0,0.0,0.0,18.05,3.17,0.0
20211017:2210,0.0,0.0,0.0,17.99,3.17,0.0
20211017:2310,0.0,0.0,0.0,17.86,3.38,0.0
20211018:0010,0.0,0.0,0.0,17.79,3.31,0.0
20211018:0110,0.0,0.0,0.0,17.71,3.52,0.0
20211018:0210,0.0,0.0,0.0,17.66,3.66,0.0
20211018:0310,0.0,0.0,0.0,17.48,3.66,0.0
20211018:0410,0.0,0.0,0.0,17.39,3.59,0.0
20211018:0510,0.0,0.0,0.0,17.37,3.72,0.0
20211018:0610,0.0,0.0,0.0,17.26,3.38,0.0
20211018:0710,3.31,13.97,2.8,17.46,3.45,0.0
20211018:0810,54.56,82.45,13.17,17.55,3.66,0.0
20211018:0910,227.05,284.46,22.56,17.91,4.21,0.0
20211018:1010,409.15,500.57,30.38,18.47,4.55,0.0
20211018:1110,420.51,516.12,35.86,19.09,4.9,0.0
20211018:1210,594.55,735.33,38.2,19.52,4.83,0.0
20211018:1310,605.51,751.63,36.95,19.93,4.62,0.0
20211018:1410,514.56,636.36,32.37,20.28,4.41,0.0
20211018:1510,317.56,394.7,25.18,20.29,4.07,0.0
20211018:1610,257.66,325.96,16.21,19.92,3.66,0.0
20211018:1710,38.49,65.59,6.09,19.15,3.1,0.0
20211018:1810,0.0,0.0,0.0,18.01,2.76,0.0
20211018:1910,0.0,0.0,0.0,17.36,3.24,0.0
20211018:2010,0.0,0.0,0.0,16.78,2.9,0.0
20211018:2110,0.0,0.0,0.0,16.57,2.76,0.0
20211018:2210,0.0,0.0,0.0,16.28,2.69,0.0
20211018:2310,0.0,0.0,0.0,16.01,2.69,0.0
20211019:0010,0.0,0.0,0.0,15.9,2.83,0.0
20211019:0110,0.0,0.0,0.0,15.82,2.83,0.0
20211019:0210,0.0,0.0,0.0,15.66,2.76,0.0
20211019:0310,0.0,0.0,0.0,15.4,2.69,0.0
20211019:0410,0.0,0.0,0.0,15.14,2.69,0.0
20211019:0510,0.0,0.0,0.0,15.05,2.83,0.0
20211019:0610,0.0,0.0,0.0,15.16,3.03,0.0
20211019:0710,4.01,15.23,2.58,15.34,3.03,0.0
20211019:0810,219.58,281.96,12.93,16.32,3.1,0.0
20211019:0910,438.35,541.84,22.29,18.82,3.24,0.0
20211019:1010,594.18,741.36,30.08,20.77,4.07,0.0
20211019:1110,662.95,831.87,35.52,21.84,5.03,0.0
20211019:1210,754.28,954.1,37.83,22.33,5.52,0.0
20211019:1310,733.31,923.6,36.59,22.41,5.79,0.0
20211019:1410,625.17,778.0,32.02,22.16,5.86,0.0
20211019:1510,491.91,607.76,24.86,21.73,5.59,0.0
20211019:1610,293.24,369.61,15.9,21.35,5.31,0.0
20211019:1710,76.6,118.65,5.8,20.6,5.24,0.0
20211019:1810,0.0,0.0,0.0,19.39,4.9,0.0
20211019:1910,0.0,0.0,0.0,18.27,4.83,0.0
20211019:2010,0.0,0.0,0.0,17.97,5.24,0.0
20211019:2110,0.0,0.0,0.0,17.68,5.38,0.0
20211019:2210,0.0,0.0,0.0,17.34,5.31,0.0
20211019:2310,0.0,0.0,0.0,17.06,5.1,0.0
20211020:0010,0.0,0.0,0.0,16.95,4.97,0.0
20211020:0110,0.0,0.0,0.0,17.01,4.97,0.0
20211020:0210,0.0,0.0,0.0,17.21,4.83,0.0
20211020:0310,0.0,0.0,0.0,17.21,4.21,0.0
20211020:0410,0.0,0.0,0.0,16.98,3.72,0.0
20211020:0510,0.0,0.0,0.0,16.82,3.38,0.0
20211020:0610,0.0,0.0,0.0,16.84,3.17,0.0
20211020:0710,0.63,7.38,2.36,16.87,2.62,0.0
20211020:0810,169.51,222.0,12.69,17.05,2.9,0.0
20211020:0910,404.65,495.16,22.02,17.4,3.72,0.0
20211020:1010,519.03,634.42,29.77,18.22,4.55,0.0
20211020:1110,614.96,754.35,35.18,18.79,5.52,0.0
20211020:1210,767.09,950.72,37.47,19.02,6.0,0.0
20211020:1310,670.83,821.23,36.23,19.07,6.76,0.0
20211020:1410,299.2,368.1,31.68,18.82,6.9,0.0
20211020:1510,377.15,458.07,24.54,18.38,6.55,0.0
20211020:1610,165.32,213.21,15.61,18.07,5.45,0.0
20211020:1710,22.42,42.87,5.52,17.61,4.83,0.0
20211020:1810,0.0,0.0,0.0,16.79,4.07,0.0
20211020:1910,0.0,0.0,0.0,16.27,4.07,0.0
20211020:2010,0.0,0.0,0.0,15.99,3.31,0.0
20211020:2110,0.0,0.0,0.0,15.9,2.34,0.0
20211020:2210,0.0,0.0,0.0,15.59,1.79,0.0
20211020:2310,0.0,0.0,0.0,15.15,1.79,0.0
20211021:0010,0.0,0.0,0.0,14.71,2.14,0.0
20211021:0110,0.0,0.0,0.0,14.23,2.41,0.0
20211021:0210,0.0,0.0,0.0,13.75,2.28,0.0
20211021:0310,0.0,0.0,0.0,13.16,2.0,0.0
20211021:0410,0.0,0.0,0.0,12.56,1.86,0.0
20211021:0510,0.0,0.0,0.0,12.24,1.93,0.0
20211021:0610,0.0,0.0,0.0,12.01,2.0,0.0
20211021:0710,0.0,3.69,2.14,12.82,2.69,0.0
20211021:0810,76.1,107.18,12.44,13.2,2.48,0.0
20211021:0910,108.8,144.98,21.75,14.1,2.97,0.0
20211021:1010,578.06,703.44,29.47,14.72,3.31,0.0
20211021:1110,548.06,670.16,34.85,15.18,3.03,0.0
20211021:1210,741.49,926.95,37.12,15.6,3.1,0.0
20211021:1310,732.12,909.6,35.87,15.89,3.59,0.0
20211021:1410,604.03,737.42,31.33,16.0,4.0,0.0
20211021:1510,179.06,226.55,24.22,15.72,4.21,0.0
20211021:1610,266.53,329.68,15.31,15.59,4.21,0.0
20211021:1710,53.73,86.53,5.25,15.15,4.0,0.0
20211021:1810,0.0,0.0,0.0,14.54,3.86,0.0
20211021:1910,0.0,0.0,0.0,14.06,3.31,0.0
20211021:2010,0.0,0.0,0.0,13.54,3.03,0.0
20211021:2110,0.0,0.0,0.0,13.19,2.9,0.0
20211021:2210,0.0,0.0,0.0,12.85,2.9,0.0
20211021:2310,0.0,0.0,0.0,12.4,2.69,0.0
20211022:0010,0.0,0.0,0.0,11.88,2.55,0.0
20211022:0110,0.0,0.0,0.0,11.43,2.55,0.0
20211022:0210,0.0,0.0,0.0,11.13,2.62,0.0
20211022:0310,0.0,0.0,0.0,11.04,2.76,0.0
20211022:0410,0.0,0.0,0.0,11.06,2.83,0.0
20211022:0510,0.0,0.0,0.0,11.07,2.9,0.0
20211022:0610,0.0,0.0,0.0,11.17,3.03,0.0
20211022:0710,0.87,7.81,1.91,11.12,2.83,0.0
20211022:0810,224.39,282.41,12.2,11.69,2.76,0.0
20211022:0910,454.02,547.01,21.48,13.32,3.17,0.0
20211022:1010,612.46,743.21,29.17,14.75,3.93,0.0
20211022:1110,673.17,827.03,34.51,16.09,4.14,0.0
20211022:1210,754.77,943.4,36.76,17.15,3.93,0.0
20211022:1310,719.75,903.69,35.51,17.84,3.45,0.0
20211022:1410,620.62,771.15,31.0,18.25,3.45,0.0
20211022:1510,511.21,628.01,23.91,18.21,3.72,0.0
20211022:1610,303.2,378.19,15.02,18.02,3.72,0.0
20211022:1710,58.66,94.48,4.97,17.35,3.72,0.0
20211022:1810,0.0,0.0,0.0,15.97,3.93,0.0
20211022:1910,0.0,0.0,0.0,14.98,4.07,0.0
20211022:2010,0.0,0.0,0.0,13.98,3.93,0.0
20211022:2110,0.0,0.0,0.0,13.19,3.59,0.0
20211022:2210,0.0,0.0,0.0,12.41,3.03,0.0
20211022:2310,0.0,0.0,0.0,11.58,2.62,0.0
20211023:0010,0.0,0.0,0.0,10.77,2.34,0.0
20211023:0110,0.0,0.0,0.0,9.98,2.14,0.0
20211023:0210,0.0,0.0,0.0,9.43,2.21,0.0
20211023:0310,0.0,0.0,0.0,9.08,2.21,0.0
20211023:0410,0.0,0.0,0.0,8.72,2.07,0.0
20211023:0510,0.0,0.0,0.0,8.2,1.79,0.0
20211023:0610,0.0,0.0,0.0,7.67,1.59,0.0
20211023:0710,0.0,2.6,1.69,7.21,1.59,0.0
20211023:0810,77.13,106.5,11.96,8.5,1.59,0.0
20211023:0910,341.8,416.3,21.21,12.55,1.24,0.0
20211023:1010,396.8,489.6,28.87,14.62,0.83,0.0
20211023:1110,523.91,655.96,34.18,15.72,1.03,0.0
20211023:1210,649.97,821.62,36.41,16.39,1.79,0.0
20211023:1310,410.48,505.32,35.16,16.48,2.34,0.0
20211023:1410,367.63,453.03,30.66,16.35,1.93,0.0
20211023:1510,119.56,159.39,23.6,16.03,1.17,0.0
20211023:1610,118.72,158.37,14.73,15.7,1.1,0.0
20211023:1710,7.19,19.38,4.7,15.21,0.9,0.0
20211023:1810,0.0,0.0,0.0,14.16,1.1,0.0
20211023:1910,0.0,0.0,0.0,13.98,0.76,0.0
20211023:2010,0.0,0.0,0.0,13.65,0.55,0.0
20211023:2110,0.0,0.0,0.0,13.24,0.28,0.0
20211023:2210,0.0,0.0,0.0,12.93,0.0,0.0
20211023:2310,0.0,0.0,0.0,12.54,0.76,0.0
20211024:0010,0.0,0.0,0.0,9.74,1.52,0.0
20211024:0110,0.0,0.0,0.0,8.36,1.72,0.0
20211024:0210,0.0,0.0,0.0,7.92,1.86,0.0
20211024:0310,0.0,0.0,0.0,8.27,2.14,0.0
20211024:0410,0.0,0.0,0.0,8.89,2.34,0.0
20211024:0510,0.0,0.0,0.0,9.32,2.55,0.0
20211024:0610,0.0,0.0,0.0,9.51,2.55,0.0
20211024:0710,0.0,0.87,1.47,9.59,2.9,0.0
20211024:0810,123.3,161.48,11.72,10.15,2.62,0.0
20211024:0910,138.77,177.85,20.94,11.69,2.21,0.0
20211024:1010,123.04,161.73,28.56,13.71,2.07,0.0
20211024:1110,150.15,193.94,33.85,14.82,2.62,0.0
20211024:1210,121.47,160.61,36.06,14.84,2.83,0.0
20211024:1310,150.2,193.94,34.81,14.9,3.03,0.0
20211024:1410,120.87,159.84,30.33,14.95,2.9,0.0
20211024:1510,193.39,243.06,23.29,14.93,2.48,0.0
20211024:1610,164.26,210.77,14.45,15.13,2.28,0.0
20211024:1710,29.09,53.04,4.44,15.09,1.86,0.0
20211024:1810,0.0,0.0,0.0,14.58,1.59,0.0
20211024:1910,0.0,0.0,0.0,14.13,1.79,0.0
20211024:2010,0.0,0.0,0.0,13.38,1.52,0.0
20211024:2110,0.0,0.0,0.0,12.94,1.31,0.0
20211024:2210,0.0,0.0,0.0,12.73,1.31,0.0
20211024:2310,0.0,0.0,0.0,12.52,1.38,0.0
20211025:0010,0.0,0.0,0.0,12.1,1.52,0.0
20211025:0110,0.0,0.0,0.0,11.81,1.52,0.0
20211025:0210,0.0,0.0,0.0,11.97,1.38,0.0
20211025:0310,0.0,0.0,0.0,12.53,1.1,0.0
20211025:0410,0.0,0.0,0.0,12.65,1.03,0.0
20211025:0510,0.0,0.0,0.0,12.27,1.03,0.0
20211025:0610,0.0,0.0,0.0,12.08,1.03,0.0
20211025:0710,0.0,0.0,0.0,11.36,1.38,0.0
20211025:0810,20.37,37.85,11.47,11.64,1.24,0.0
20211025:0910,48.59,73.84,20.67,13.46,1.31,0.0
20211025:1010,435.62,538.72,28.26,14.46,0.69,0.0
20211025:1110,529.3,672.34,33.52,15.42,0.14,0.0
20211025:1210,693.36,903.95,35.72,16.14,0.55,0.0
20211025:1310,647.65,827.26,34.47,16.63,1.17,0.0
20211025:1410,615.08,774.76,30.0,16.9,1.66,0.0
20211025:1510,471.53,582.67,22.99,16.95,2.0,0.0
20211025:1610,295.44,369.35,14.17,16.92,2.41,0.0
20211025:1710,35.06,62.13,4.18,16.37,2.55,0.0
20211025:1810,0.0,0.0,0.0,15.51,2.62,0.0
20211025:1910,0.0,0.0,0.0,14.62,2.28,0.0
20211025:2010,0.0,0.0,0.0,13.83,2.48,0.0
20211025:2110,0.0,0.0,0.0,13.35,3.03,0.0
20211025:2210,0.0,0.0,0.0,12.97,2.9,0.0
20211025:2310,0.0,0.0,0.0,12.47,2.69,0.0
20211026:0010,0.0,0.0,0.0,11.85,2.48,0.0
20211026:0110,0.0,0.0,0.0,11.19,2.41,0.0
20211026:0210,0.0,0.0,0.0,10.66,2.41,0.0
20211026:0310,0.0,0.0,0.0,10.22,2.48,0.0
20211026:0410,0.0,0.0,0.0,9.81,2.41,0.0
20211026:0510,0.0,0.0,0.0,9.45,2.55,0.0
20211026:0610,0.0,0.0,0.0,8.96,2.69,0.0
20211026:0710,0.0,0.0,0.0,9.01,2.97,0.0
20211026:0810,209.04,261.52,11.23,9.45,3.1,0.0
20211026:0910,456.29,545.63,20.4,11.22,2.83,0.0
20211026:1010,567.54,694.39,27.96,13.65,2.14,0.0
20211026:1110,687.48,881.15,33.19,16.09,1.17,0.0
20211026:1210,725.65,965.15,35.37,17.54,0.41,0.0
20211026:1310,666.54,868.85,34.13,18.31,0.83,0.0
20211026:1410,569.33,724.27,29.68,18.62,1.24,0.0
20211026:1510,447.81,558.96,22.69,18.63,1.72,0.0
20211026:1610,307.2,387.18,13.89,18.24,2.0,0.0
20211026:1710,43.22,74.62,3.92,17.4,1.86,0.0
20211026:1810,0.0,0.0,0.0,16.01,1.66,0.0
20211026:1910,0.0,0.0,0.0,14.16,1.45,0.0
20211026:2010,0.0,0.0,0.0,13.38,1.38,0.0
20211026:2110,0.0,0.0,0.0,12.46,1.45,0.0
20211026:2210,0.0,0.0,0.0,11.34,1.72,0.0
20211026:2310,0.0,0.0,0.0,10.22,1.93,0.0
20211027:0010,0.0,0.0,0.0,9.39,2.07,0.0
20211027:0110,0.0,0.0,0.0,9.04,2.21,0.0
20211027:0210,0.0,0.0,0.0,8.83,2.21,0.0
20211027:0310,0.0,0.0,0.0,8.71,2.21,0.0
20211027:0410,0.0,0.0,0.0,8.59,2.21,0.0
20211027:0510,0.0,0.0,0.0,8.51,2.28,0.0
20211027:0610,0.0,0.0,0.0,8.48,2.21,0.0
20211027:0710,0.0,0.0,0.0,8.24,2.0,0.0
20211027:0810,215.32,269.79,10.99,8.95,1.72,0.0
20211027:0910,438.53,538.21,20.13,13.77,1.24,0.0
20211027:1010,549.1,694.62,27.67,16.9,0.83,0.0
20211027:1110,660.57,861.0,32.87,18.34,0.76,0.0
20211027:1210,735.59,966.43,35.03,19.14,1.31,0.0
20211027:1310,685.35,886.16,33.79,19.54,1.72,0.0
20211027:1410,623.81,793.94,29.36,19.55,2.0,0.0
20211027:1510,469.28,585.8,22.39,19.21,2.14,0.0
20211027:1610,293.13,370.97,13.62,18.51,1.72,0.0
20211027:1710,28.37,53.35,3.67,17.56,1.24,0.0
20211027:1810,0.0,0.0,0.0,16.24,0.62,0.0
20211027:1910,0.0,0.0,0.0,15.99,0.48,0.0
20211027:2010,0.0,0.0,0.0,15.34,0.83,0.0
20211027:2110,0.0,0.0,0.0,14.41,1.1,0.0
20211027:2210,0.0,0.0,0.0,12.42,1.45,0.0
20211027:2310,0.0,0.0,0.0,10.83,1.93,0.0
20211028:0010,0.0,0.0,0.0,10.05,2.34,0.0
20211028:0110,0.0,0.0,0.0,9.76,2.48,0.0
20211028:0210,0.0,0.0,0.0,9.95,2.34,0.0
20211028:0310,0.0,0.0,0.0,9.81,2.48,0.0
20211028:0410,0.0,0.0,0.0,9.63,2.76,0.0
20211028:0510,0.0,0.0,0.0,9.88,3.03,0.0
20211028:0610,0.0,0.0,0.0,10.38,3.31,0.0
20211028:0710,0.0,0.0,0.0,11.05,3.72,0.0
20211028:0810,34.53,56.11,10.74,12.15,4.14,0.0
20211028:0910,173.68,218.36,19.86,13.93,4.48,0.0
20211028:1010,513.24,616.09,27.37,15.53,5.38,0.0
20211028:1110,443.37,532.86,32.55,16.33,6.48,0.0
20211028:1210,618.28,744.89,34.69,16.78,7.17,0.0
20211028:1310,106.77,144.0,33.46,17.05,7.59,0.0
20211028:1410,130.59,171.4,29.05,16.85,7.66,0.0
20211028:1510,36.96,60.0,22.1,16.43,7.59,0.0
20211028:1610,17.92,35.08,13.36,16.05,7.45,0.0
20211028:1710,2.86,12.0,3.42,15.45,7.66,0.0
20211028:1810,0.0,0.0,0.0,15.09,8.48,0.0
20211028:1910,0.0,0.0,0.0,15.09,8.28,0.0
20211028:2010,0.0,0.0,0.0,15.01,6.9,0.0
20211028:2110,0.0,0.0,0.0,14.94,5.38,0.0
20211028:2210,0.0,0.0,0.0,14.6,3.93,0.0
20211028:2310,0.0,0.0,0.0,14.26,3.31,0.0
20211029:0010,0.0,0.0,0.0,14.07,3.1,0.0
20211029:0110,0.0,0.0,0.0,13.93,3.24,0.0
20211029:0210,0.0,0.0,0.0,13.85,2.76,0.0
20211029:0310,0.0,0.0,0.0,13.59,2.07,0.0
20211029:0410,0.0,0.0,0.0,12.82,0.83,0.0
20211029:0510,0.0,0.0,0.0,12.41,0.97,0.0
20211029:0610,0.0,0.0,0.0,12.16,1.24,0.0
20211029:0710,0.0,0.0,0.0,13.73,0.55,0.0
20211029:0810,32.9,54.31,10.5,12.78,0.97,0.0
20211029:0910,159.02,203.3,19.6,14.37,1.79,0.0
20211029:1010,402.01,487.52,27.07,15.0,2.97,0.0
20211029:1110,348.33,422.87,32.22,15.5,4.14,0.0
20211029:1210,118.89,157.84,34.36,15.97,5.03,0.0
20211029:1310,59.52,87.69,33.13,16.16,5.86,0.0
20211029:1410,33.46,55.38,28.73,15.42,5.38,0.0
20211029:1510,16.01,32.31,21.82,14.93,5.72,0.0
20211029:1610,35.15,57.23,13.1,14.19,6.0,0.0
20211029:1710,2.4,11.08,3.18,14.04,5.93,0.0
20211029:1810,0.0,0.0,0.0,13.66,5.86,0.0
20211029:1910,0.0,0.0,0.0,14.33,7.38,0.0
20211029:2010,0.0,0.0,0.0,15.24,10.21,0.0
20211029:2110,0.0,0.0,0.0,16.9,9.66,0.0
20211029:2210,0.0,0.0,0.0,17.69,9.72,0.0
20211029:2310,0.0,0.0,0.0,17.39,7.79,0.0
20211030:0010,0.0,0.0,0.0,16.82,5.03,0.0
20211030:0110,0.0,0.0,0.0,16.2,3.79,0.0
20211030:0210,0.0,0.0,0.0,15.58,3.79,0.0
20211030:0310,0.0,0.0,0.0,14.98,3.38,0.0
20211030:0410,0.0,0.0,0.0,14.5,2.14,0.0
20211030:0510,0.0,0.0,0.0,13.74,0.9,0.0
20211030:0610,0.0,0.0,0.0,13.68,0.83,0.0
20211030:0710,0.0,0.0,0.0,12.92,2.07,0.0
20211030:0810,70.08,100.72,10.26,13.9,1.79,0.0
20211030:0910,239.82,297.79,19.33,15.15,1.93,0.0
20211030:1010,366.34,447.82,26.78,15.98,2.55,0.0
20211030:1110,286.93,354.46,31.91,16.71,3.1,0.0
20211030:1210,501.36,612.83,34.03,16.86,3.72,0.0
20211030:1310,330.2,404.48,32.8,16.69,3.79,0.0
20211030:1410,101.96,138.61,28.43,16.83,4.07,0.0
20211030:1510,203.31,255.43,21.54,16.86,3.79,0.0
20211030:1610,185.27,236.4,12.84,16.82,3.79,0.0
20211030:1710,0.64,7.38,2.94,16.55,3.79,0.0
20211030:1810,0.0,0.0,0.0,16.18,3.86,0.0
20211030:1910,0.0,0.0,0.0,15.99,4.9,0.0
20211030:2010,0.0,0.0,0.0,15.68,4.62,0.0
20211030:2110,0.0,0.0,0.0,15.66,4.9,0.0
20211030:2210,0.0,0.0,0.0,15.74,5.03,0.0
20211030:2310,0.0,0.0,0.0,15.76,5.17,0.0
20211031:0010,0.0,0.0,0.0,15.81,5.66,0.0
20211031:0110,0.0,0.0,0.0,15.83,5.86,0.0
20211031:0210,0.0,0.0,0.0,15.88,6.62,0.0
20211031:0310,0.0,0.0,0.0,16.43,6.62,0.0
20211031:0410,0.0,0.0,0.0,16.83,6.34,0.0
20211031:0510,0.0,0.0,0.0,16.81,6.07,0.0
20211031:0610,0.0,0.0,0.0,17.02,6.34,0.0
20211031:0710,0.0,0.0,0.0,16.81,4.62,0.0
20211031:0810,16.53,33.23,10.01,16.48,3.72,0.0
20211031:0910,39.11,62.77,19.06,16.27,3.31,0.0
20211031:1010,98.24,134.0,26.49,16.21,3.31,0.0
20211031:1110,79.46,111.69,31.59,16.08,3.72,0.0
20211031:1210,86.55,120.0,33.7,16.09,4.62,0.0
20211031:1310,116.49,155.17,32.48,16.26,4.97,0.0
20211031:1410,53.41,80.31,28.13,16.02,4.55,0.0
20211031:1510,83.4,116.1,21.26,15.8,3.93,0.0
20211031:1610,14.64,30.46,12.59,15.51,3.45,0.0
20211031:1710,0.0,3.69,2.71,15.09,2.9,0.0
20211031:1810,0.0,0.0,0.0,14.58,2.21,0.0
20211031:1910,0.0,0.0,0.0,14.46,2.76,0.0
20211031:2010,0.0,0.0,0.0,14.31,2.62,0.0
20211031:2110,0.0,0.0,0.0,14.04,3.17,0.0
20211031:2210,0.0,0.0,0.0,13.83,3.24,0.0
20211031:2310,0.0,0.0,0.0,13.54,3.38,0.0
20211101:0010,0.0,0.0,0.0,13.31,3.66,0.0
20211101:0110,0.0,0.0,0.0,13.09,3.24,0.0
20211101:0210,0.0,0.0,0.0,12.74,2.41,0.0
20211101:0310,0.0,0.0,0.0,12.14,2.07,0.0
20211101:0410,0.0,0.0,0.0,11.31,1.66,0.0
20211101:0510,0.0,0.0,0.0,11.31,1.31,0.0
20211101:0610,0.0,0.0,0.0,11.76,1.03,0.0
20211101:0710,0.0,0.0,0.0,10.63,1.45,0.0
20211101:0810,210.44,267.42,9.77,10.97,1.52,0.0
20211101:0910,299.5,364.19,18.8,13.18,2.34,0.0
20211101:1010,534.8,644.6,26.2,13.76,3.45,0.0
20211101:1110,542.5,653.26,31.28,14.34,4.28,0.0
20211101:1210,429.62,516.61,33.38,14.71,4.69,0.0
20211101:1310,668.98,810.25,32.16,14.79,4.97,0.0
20211101:1410,360.26,433.04,27.83,14.68,5.03,0.0
20211101:1510,305.92,369.24,20.99,14.56,5.1,0.0
20211101:1610,125.53,164.45,12.34,14.58,5.24,0.0
20211101:1710,13.23,30.89,2.48,14.09,4.55,0.0
20211101:1810,0.0,0.0,0.0,13.72,4.41,0.0
20211101:1910,0.0,0.0,0.0,14.14,4.34,0.0
20211101:2010,0.0,0.0,0.0,14.17,3.86,0.0
20211101:2110,0.0,0.0,0.0,14.15,3.66,0.0
20211101:2210,0.0,0.0,0.0,13.94,3.24,0.0
20211101:2310,0.0,0.0,0.0,13.64,3.31,0.0
20211102:0010,0.0,0.0,0.0,13.2,3.59,0.0
20211102:0110,0.0,0.0,0.0,13.12,3.59,0.0
20211102:0210,0.0,0.0,0.0,12.89,3.45,0.0
20211102:0310,0.0,0.0,0.0,13.01,3.79,0.0
20211102:0410,0.0,0.0,0.0,12.92,4.21,0.0
20211102:0510,0.0,0.0,0.0,12.9,3.93,0.0
20211102:0610,0.0,0.0,0.0,13.0,4.07,0.0
20211102:0710,0.0,0.0,0.0,13.1,4.9,0.0
20211102:0810,137.38,180.53,9.53,13.16,4.55,0.0
20211102:0910,54.09,80.31,18.53,13.55,5.03,0.0
20211102:1010,99.15,133.12,25.91,13.48,6.28,0.0
20211102:1110,65.57,94.15,30.97,14.07,6.07,0.0
20211102:1210,588.52,697.9,33.06,13.96,7.31,0.0
20211102:1310,244.81,298.74,31.85,13.91,6.76,0.0
20211102:1410,42.89,66.46,27.54,12.89,7.59,0.0
20211102:1510,21.7,39.69,20.72,12.7,6.41,0.0
20211102:1610,93.66,126.3,12.1,12.33,4.97,0.0
20211102:1710,0.0,3.69,2.26,11.91,5.24,0.0
20211102:1810,0.0,0.0,0.0,10.86,4.83,0.0
20211102:1910,0.0,0.0,0.0,10.92,3.79,0.0
20211102:2010,0.0,0.0,0.0,10.45,3.66,0.0
20211102:2110,0.0,0.0,0.0,9.92,3.86,0.0
20211102:2210,0.0,0.0,0.0,9.64,3.31,0.0
20211102:2310,0.0,0.0,0.0,9.41,2.48,0.0
20211103:0010,0.0,0.0,0.0,9.09,2.83,0.0
20211103:0110,0.0,0.0,0.0,8.96,3.03,0.0
20211103:0210,0.0,0.0,0.0,9.08,2.62,0.0
20211103:0310,0.0,0.0,0.0,9.05,2.34,0.0
20211103:0410,0.0,0.0,0.0,9.21,2.21,0.0
20211103:0510,0.0,0.0,0.0,9.37,1.59,0.0
20211103:0610,0.0,0.0,0.0,8.87,2.14,0.0
20211103:0710,0.0,0.0,0.0,8.48,2.76,0.0
20211103:0810,160.39,204.71,9.29,8.69,2.76,0.0
20211103:0910,408.01,484.24,18.27,9.48,2.62,0.0
20211103:1010,566.83,676.95,25.62,10.42,2.83,0.0
20211103:1110,672.4,813.07,30.66,11.07,3.03,0.0
20211103:1210,727.07,883.29,32.75,11.82,3.59,0.0
20211103:1310,303.44,365.06,31.54,12.13,3.93,0.0
20211103:1410,622.93,745.82,27.25,12.32,4.14,0.0
20211103:1510,486.76,578.96,20.46,12.13,3.93,0.0
20211103:1610,240.6,295.58,11.86,11.91,3.59,0.0
20211103:1710,1.52,9.23,2.04,11.39,3.1,0.0
20211103:1810,0.0,0.0,0.0,10.69,2.83,0.0
20211103:1910,0.0,0.0,0.0,10.14,2.83,0.0
20211103:2010,0.0,0.0,0.0,9.83,2.41,0.0
20211103:2110,0.0,0.0,0.0,9.29,2.21,0.0
20211103:2210,0.0,0.0,0.0,8.78,2.0,0.0
20211103:2310,0.0,0.0,0.0,8.38,2.07,0.0
20211104:0010,0.0,0.0,0.0,8.01,2.14,0.0
20211104:0110,0.0,0.0,0.0,7.92,2.28,0.0
20211104:0210,0.0,0.0,0.0,8.32,2.28,0.0
20211104:0310,0.0,0.0,0.0,8.28,2.34,0.0
20211104:0410,0.0,0.0,0.0,8.14,2.55,0.0
20211104:0510,0.0,0.0,0.0,7.98,2.83,0.0
20211104:0610,0.0,0.0,0.0,7.94,2.9,0.0
20211104:0710,0.0,0.0,0.0,8.38,3.1,0.0
20211104:0810,190.9,240.49,9.05,8.45,2.83,0.0
20211104:0910,391.26,464.32,18.01,9.69,2.83,0.0
20211104:1010,565.34,675.52,25.33,10.95,3.03,0.0
20211104:1110,682.36,821.11,30.36,11.97,4.07,0.0
20211104:1210,712.55,859.44,32.43,12.63,4.62,0.0
20211104:1310,699.47,842.56,31.24,13.16,4.9,0.0
20211104:1410,533.31,634.32,26.97,13.29,5.17,0.0
20211104:1510,176.79,220.48,20.2,13.09,5.38,0.0
20211104:1610,193.12,240.71,11.63,12.62,5.03,0.0
20211104:1710,0.68,7.38,1.83,11.78,4.55,0.0
20211104:1810,0.0,0.0,0.0,10.85,4.28,0.0
20211104:1910,0.0,0.0,0.0,10.31,4.28,0.0
20211104:2010,0.0,0.0,0.0,9.8,4.14,0.0
20211104:2110,0.0,0.0,0.0,9.27,4.14,0.0
20211104:2210,0.0,0.0,0.0,8.83,4.14,0.0
20211104:2310,0.0,0.0,0.0,8.53,4.07,0.0
20211105:0010,0.0,0.0,0.0,8.28,4.07,0.0
20211105:0110,0.0,0.0,0.0,8.14,4.14,0.0
20211105:0210,0.0,0.0,0.0,8.15,4.34,0.0
20211105:0310,0.0,0.0,0.0,8.13,4.76,0.0
20211105:0410,0.0,0.0,0.0,8.14,4.9,0.0
20211105:0510,0.0,0.0,0.0,7.93,4.69,0.0
20211105:0610,0.0,0.0,0.0,7.77,4.48,0.0
20211105:0710,0.0,0.0,0.0,8.35,4.69,0.0
20211105:0810,191.04,239.92,8.81,8.6,4.76,0.0
20211105:0910,412.94,484.88,17.75,9.61,4.76,0.0
20211105:1010,581.62,685.2,25.05,10.79,4.97,0.0
20211105:1110,678.78,809.15,30.06,12.03,5.24,0.0
20211105:1210,663.25,794.24,32.13,13.02,5.31,0.0
20211105:1310,690.26,830.42,30.94,13.59,5.24,0.0
20211105:1410,621.12,743.48,26.69,13.7,5.1,0.0
20211105:1510,473.44,562.74,19.95,13.55,5.31,0.0
20211105:1610,258.86,317.3,11.4,13.13,5.17,0.0
20211105:1710,0.0,5.54,1.62,12.4,5.1,0.0
20211105:1810,0.0,0.0,0.0,11.5,4.69,0.0
20211105:1910,0.0,0.0,0.0,10.97,4.55,0.0
20211105:2010,0.0,0.0,0.0,10.38,4.41,0.0
20211105:2110,0.0,0.0,0.0,9.87,4.21,0.0
20211105:2210,0.0,0.0,0.0,9.39,4.07,0.0
20211105:2310,0.0,0.0,0.0,9.01,4.0,0.0
20211106:0010,0.0,0.0,0.0,8.69,4.21,0.0
20211106:0110,0.0,0.0,0.0,8.45,4.41,0.0
20211106:0210,0.0,0.0,0.0,8.28,4.41,0.0
20211106:0310,0.0,0.0,0.0,8.15,4.14,0.0
20211106:0410,0.0,0.0,0.0,7.88,3.79,0.0
20211106:0510,0.0,0.0,0.0,7.53,3.59,0.0
20211106:0610,0.0,0.0,0.0,7.17,3.45,0.0
20211106:0710,0.0,0.0,0.0,6.84,3.31,0.0
20211106:0810,174.76,219.84,8.57,6.59,3.1,0.0
20211106:0910,406.52,478.08,17.49,7.86,2.9,0.0
20211106:1010,579.96,691.08,24.77,9.52,2.69,0.0
20211106:1110,676.6,823.67,29.76,11.01,2.48,0.0
20211106:1210,735.27,909.14,31.82,12.13,2.41,0.0
20211106:1310,717.42,884.46,30.65,13.06,2.76,0.0
20211106:1410,613.93,747.9,26.42,13.67,2.9,0.0
20211106:1510,478.89,579.1,19.7,13.99,2.83,0.0
20211106:1610,253.75,315.27,11.18,13.94,2.48,0.0
20211106:1710,0.0,3.69,1.42,13.33,2.34,0.0
20211106:1810,0.0,0.0,0.0,12.17,2.97,0.0
20211106:1910,0.0,0.0,0.0,11.39,3.24,0.0
20211106:2010,0.0,0.0,0.0,10.63,3.38,0.0
20211106:2110,0.0,0.0,0.0,10.01,3.31,0.0
20211106:2210,0.0,0.0,0.0,9.37,2.83,0.0
20211106:2310,0.0,0.0,0.0,8.64,3.1,0.0
20211107:0010,0.0,0.0,0.0,8.03,3.59,0.0
20211107:0110,0.0,0.0,0.0,7.53,3.66,0.0
20211107:0210,0.0,0.0,0.0,7.17,3.59,0.0
20211107:0310,0.0,0.0,0.0,6.84,3.38,0.0
20211107:0410,0.0,0.0,0.0,6.49,3.31,0.0
20211107:0510,0.0,0.0,0.0,6.16,3.17,0.0
20211107:0610,0.0,0.0,0.0,5.91,3.45,0.0
20211107:0710,0.0,0.0,0.0,5.86,3.31,0.0
20211107:0810,183.2,228.91,8.33,5.85,3.52,0.0
20211107:0910,406.31,475.13,17.23,7.54,3.66,0.0
20211107:1010,583.08,689.09,24.49,9.99,3.93,0.0
20211107:1110,695.06,836.12,29.46,11.86,4.14,0.0
20211107:1210,737.76,900.32,31.52,13.22,3.93,0.0
20211107:1310,717.54,882.55,30.36,14.24,3.45,0.0
20211107:1410,673.22,826.24,26.15,14.9,3.38,0.0
20211107:1510,439.92,532.22,19.46,15.22,3.45,0.0
20211107:1610,226.58,283.84,10.96,15.09,3.24,0.0
20211107:1710,0.0,0.0,0.0,14.21,3.66,0.0
20211107:1810,0.0,0.0,0.0,13.1,3.72,0.0
20211107:1910,0.0,0.0,0.0,12.6,3.45,0.0
20211107:2010,0.0,0.0,0.0,11.89,3.03,0.0
20211107:2110,0.0,0.0,0.0,11.24,2.55,0.0
20211107:2210,0.0,0.0,0.0,10.7,2.55,0.0
20211107:2310,0.0,0.0,0.0,10.32,2.76,0.0
20211108:0010,0.0,0.0,0.0,9.97,2.9,0.0
20211108:0110,0.0,0.0,0.0,9.74,3.17,0.0
20211108:0210,0.0,0.0,0.0,9.65,3.59,0.0
20211108:0310,0.0,0.0,0.0,9.59,3.72,0.0
20211108:0410,0.0,0.0,0.0,9.48,3.52,0.0
20211108:0510,0.0,0.0,0.0,9.34,3.52,0.0
20211108:0610,0.0,0.0,0.0,9.2,3.45,0.0
20211108:0710,0.0,0.0,0.0,9.67,3.17,0.0
20211108:0810,143.93,187.04,8.1,9.91,3.1,0.0
20211108:0910,170.57,213.02,16.98,11.33,2.69,0.0
20211108:1010,154.8,197.26,24.22,13.28,2.55,0.0
20211108:1110,669.98,827.04,29.17,15.01,2.9,0.0
20211108:1210,297.77,366.25,31.23,16.33,3.24,0.0
20211108:1310,182.04,232.74,30.07,17.36,3.03,0.0
20211108:1410,436.19,537.47,25.89,18.05,2.69,0.0
20211108:1510,437.72,540.36,19.22,18.33,2.62,0.0
20211108:1610,223.39,284.44,10.75,18.1,2.76,0.0
20211108:1710,0.0,0.0,0.0,17.14,3.1,0.0
20211108:1810,0.0,0.0,0.0,15.94,3.45,0.0
20211108:1910,0.0,0.0,0.0,15.31,3.66,0.0
20211108:2010,0.0,0.0,0.0,14.44,3.72,0.0
20211108:2110,0.0,0.0,0.0,13.66,3.86,0.0
20211108:2210,0.0,0.0,0.0,12.97,3.72,0.0
20211108:2310,0.0,0.0,0.0,12.3,3.45,0.0
20211109:0010,0.0,0.0,0.0,11.61,3.38,0.0
20211109:0110,0.0,0.0,0.0,11.01,3.38,0.0
20211109:0210,0.0,0.0,0.0,10.58,3.45,0.0
20211109:0310,0.0,0.0,0.0,10.24,3.52,0.0
20211109:0410,0.0,0.0,0.0,10.0,3.66,0.0
20211109:0510,0.0,0.0,0.0,9.88,3.79,0.0
20211109:0610,0.0,0.0,0.0,9.78,3.93,0.0
20211109:0710,0.0,0.0,0.0,9.62,3.59,0.0
20211109:0810,166.5,213.37,7.86,9.64,3.59,0.0
20211109:0910,392.34,466.02,16.73,10.83,3.66,0.0
20211109:1010,561.25,673.61,23.95,12.74,3.45,0.0
20211109:1110,676.46,832.65,28.89,14.59,3.03,0.0
20211109:1210,718.3,903.44,30.94,16.24,2.55,0.0
20211109:1310,683.35,865.63,29.79,17.43,2.14,0.0
20211109:1410,583.09,732.27,25.63,18.08,1.93,0.0
20211109:1510,448.3,556.03,18.99,18.32,2.14,0.0
20211109:1610,242.6,308.41,10.54,18.12,2.21,0.0
20211109:1710,0.0,0.0,0.0,17.29,2.41,0.0
20211109:1810,0.0,0.0,0.0,15.93,2.55,0.0
20211109:1910,0.0,0.0,0.0,14.56,2.62,0.0
20211109:2010,0.0,0.0,0.0,13.51,2.69,0.0
20211109:2110,0.0,0.0,0.0,12.55,2.62,0.0
20211109:2210,0.0,0.0,0.0,11.77,2.55,0.0
20211109:2310,0.0,0.0,0.0,11.05,2.62,0.0
20211110:0010,0.0,0.0,0.0,10.45,2.55,0.0
20211110:0110,0.0,0.0,0.0,9.94,2.48,0.0
20211110:0210,0.0,0.0,0.0,9.56,2.62,0.0
20211110:0310,0.0,0.0,0.0,9.12,2.69,0.0
20211110:0410,0.0,0.0,0.0,8.72,2.62,0.0
20211110:0510,0.0,0.0,0.0,8.45,2.41,0.0
20211110:0610,0.0,0.0,0.0,8.42,2.28,0.0
20211110:0710,0.0,0.0,0.0,8.41,2.76,0.0
20211110:0810,164.0,210.27,7.63,8.87,2.76,0.0
20211110:0910,393.77,469.44,16.47,10.24,2.55,0.0
20211110:1010,566.15,686.11,23.68,12.22,2.21,0.0
20211110:1110,656.2,820.05,28.6,14.54,1.72,0.0
20211110:1210,695.71,898.16,30.65,16.35,0.97,0.0
20211110:1310,660.5,853.0,29.52,17.17,0.83,0.0
20211110:1410,583.26,731.96,25.38,17.21,1.66,0.0
20211110:1510,445.82,551.14,18.77,16.74,1.66,0.0
20211110:1610,227.83,289.6,10.34,16.16,1.03,0.0
20211110:1710,0.0,0.0,0.0,15.48,0.83,0.0
20211110:1810,0.0,0.0,0.0,13.91,0.9,0.0
20211110:1910,0.0,0.0,0.0,14.12,0.62,0.0
20211110:2010,0.0,0.0,0.0,13.68,0.62,0.0
20211110:2110,0.0,0.0,0.0,13.23,1.03,0.0
20211110:2210,0.0,0.0,0.0,10.97,1.38,0.0
20211110:2310,0.0,0.0,0.0,10.61,1.38,0.0
20211111:0010,0.0,0.0,0.0,10.33,1.38,0.0
20211111:0110,0.0,0.0,0.0,9.57,1.52,0.0
20211111:0210,0.0,0.0,0.0,8.71,1.79,0.0
20211111:0310,0.0,0.0,0.0,7.64,1.93,0.0
20211111:0410,0.0,0.0,0.0,7.02,1.79,0.0
20211111:0510,0.0,0.0,0.0,7.09,1.59,0.0
20211111:0610,0.0,0.0,0.0,6.76,1.66,0.0
20211111:0710,0.0,0.0,0.0,7.84,2.07,0.0
20211111:0810,161.24,207.02,7.4,8.38,2.21,0.0
20211111:0910,387.46,461.85,16.22,9.36,2.0,0.0
20211111:1010,554.21,671.23,23.41,10.97,1.66,0.0
20211111:1110,654.71,817.54,28.32,12.35,1.1,0.0
20211111:1210,687.34,890.27,30.37,13.76,0.21,0.0
20211111:1310,671.66,856.97,29.25,14.6,0.83,0.0
20211111:1410,589.55,737.31,25.13,14.93,1.17,0.0
20211111:1510,445.62,548.4,18.55,15.07,1.31,0.0
20211111:1610,236.32,296.24,10.15,14.93,2.41,0.0
20211111:1710,0.0,0.0,0.0,14.06,2.62,0.0
20211111:1810,0.0,0.0,0.0,13.1,2.07,0.0
20211111:1910,0.0,0.0,0.0,12.1,2.34,0.0
20211111:2010,0.0,0.0,0.0,11.23,2.48,0.0
20211111:2110,0.0,0.0,0.0,10.52,2.55,0.0
20211111:2210,0.0,0.0,0.0,9.86,2.55,0.0
20211111:2310,0.0,0.0,0.0,9.29,2.55,0.0
20211112:0010,0.0,0.0,0.0,8.61,2.34,0.0
20211112:0110,0.0,0.0,0.0,7.99,2.48,0.0
20211112:0210,0.0,0.0,0.0,7.35,2.55,0.0
20211112:0310,0.0,0.0,0.0,7.3,2.62,0.0
20211112:0410,0.0,0.0,0.0,7.04,2.76,0.0
20211112:0510,0.0,0.0,0.0,6.86,2.83,0.0
20211112:0610,0.0,0.0,0.0,6.86,2.83,0.0
20211112:0710,0.0,0.0,0.0,6.87,3.17,0.0
20211112:0810,166.45,211.69,7.17,7.12,3.24,0.0
20211112:0910,392.63,462.38,15.98,8.43,3.24,0.0
20211112:1010,574.22,683.98,23.15,10.4,3.1,0.0
20211112:1110,683.4,833.61,28.05,12.5,2.97,0.0
20211112:1210,717.91,891.87,30.1,14.28,2.69,0.0
20211112:1310,688.77,858.9,28.99,15.47,2.55,0.0
20211112:1410,606.01,745.74,24.89,16.15,3.03,0.0
20211112:1510,456.52,555.43,18.33,16.35,3.45,0.0
20211112:1610,271.55,339.17,9.96,16.16,3.31,0.0
20211112:1710,0.0,0.0,0.0,15.26,3.24,0.0
20211112:1810,0.0,0.0,0.0,14.11,3.31,0.0
20211112:1910,0.0,0.0,0.0,13.13,3.31,0.0
20211112:2010,0.0,0.0,0.0,12.25,3.17,0.0
20211112:2110,0.0,0.0,0.0,11.39,2.97,0.0
20211112:2210,0.0,0.0,0.0,10.55,2.83,0.0
20211112:2310,0.0,0.0,0.0,9.83,2.76,0.0
20211113:0010,0.0,0.0,0.0,9.01,2.62,0.0
20211113:0110,0.0,0.0,0.0,8.5,2.76,0.0
20211113:0210,0.0,0.0,0.0,8.06,2.97,0.0
20211113:0310,0.0,0.0,0.0,7.86,3.03,0.0
20211113:0410,0.0,0.0,0.0,7.79,3.1,0.0
20211113:0510,0.0,0.0,0.0,7.8,3.17,0.0
20211113:0610,0.0,0.0,0.0,7.75,3.17,0.0
20211113:0710,0.0,0.0,0.0,8.31,2.9,0.0
20211113:0810,162.34,208.41,6.94,8.4,2.83,0.0
20211113:0910,392.65,466.84,15.73,9.76,2.69,0.0
20211113:1010,572.39,691.14,22.89,11.66,2.34,0.0
20211113:1110,667.71,827.59,27.78,13.49,2.0,0.0
20211113:1210,693.12,878.54,29.83,15.22,1.52,0.0
20211113:1310,672.52,861.79,28.73,16.43,1.1,0.0
20211113:1410,549.23,692.85,24.65,17.2,1.03,0.0
20211113:1510,441.85,551.85,18.13,17.41,1.03,0.0
20211113:1610,236.97,301.85,9.77,17.14,1.24,0.0
20211113:1710,0.0,0.0,0.0,16.19,1.59,0.0
20211113:1810,0.0,0.0,0.0,13.87,1.66,0.0
20211113:1910,0.0,0.0,0.0,11.65,1.79,0.0
20211113:2010,0.0,0.0,0.0,10.02,2.07,0.0
20211113:2110,0.0,0.0,0.0,8.82,2.21,0.0
20211113:2210,0.0,0.0,0.0,8.08,2.34,0.0
20211113:2310,0.0,0.0,0.0,7.58,2.48,0.0
20211114:0010,0.0,0.0,0.0,7.36,2.62,0.0
20211114:0110,0.0,0.0,0.0,7.42,2.9,0.0
20211114:0210,0.0,0.0,0.0,7.35,3.03,0.0
20211114:0310,0.0,0.0,0.0,7.12,3.03,0.0
20211114:0410,0.0,0.0,0.0,6.92,2.9,0.0
20211114:0510,0.0,0.0,0.0,6.65,2.83,0.0
20211114:0610,0.0,0.0,0.0,6.36,2.83,0.0
20211114:0710,0.0,0.0,0.0,6.43,2.97,0.0
20211114:0810,161.93,206.54,6.71,6.78,2.9,0.0
20211114:0910,391.44,464.37,15.49,9.02,2.55,0.0
20211114:1010,596.42,725.08,22.63,11.94,2.14,0.0
20211114:1110,681.69,855.31,27.51,14.44,1.72,0.0
20211114:1210,706.51,900.41,29.56,15.92,1.59,0.0
20211114:1310,681.6,868.21,28.48,16.89,1.66,0.0
20211114:1410,595.11,746.8,24.43,17.53,1.93,0.0
20211114:1510,469.83,580.38,17.92,17.66,2.41,0.0
20211114:1610,253.1,319.09,9.6,17.12,2.83,0.0
20211114:1710,0.0,0.0,0.0,15.87,3.24,0.0
20211114:1810,0.0,0.0,0.0,14.4,3.66,0.0
20211114:1910,0.0,0.0,0.0,13.27,3.72,0.0
20211114:2010,0.0,0.0,0.0,12.12,3.93,0.0
20211114:2110,0.0,0.0,0.0,11.25,4.0,0.0
20211114:2210,0.0,0.0,0.0,10.54,3.93,0.0
20211114:2310,0.0,0.0,0.0,9.92,3.86,0.0
20211115:0010,0.0,0.0,0.0,9.37,3.79,0.0
20211115:0110,0.0,0.0,0.0,8.94,3.86,0.0
20211115:0210,0.0,0.0,0.0,8.62,4.07,0.0
20211115:0310,0.0,0.0,0.0,8.49,4.34,0.0
20211115:0410,0.0,0.0,0.0,8.48,4.48,0.0
20211115:0510,0.0,0.0,0.0,8.52,4.48,0.0
20211115:0610,0.0,0.0,0.0,8.57,4.41,0.0
20211115:0710,0.0,0.0,0.0,8.5,4.48,0.0
20211115:0810,147.22,190.64,6.49,8.78,4.48,0.0
20211115:0910,392.88,464.32,15.25,10.23,4.28,0.0
20211115:1010,579.39,685.66,22.38,11.84,4.97,0.0
20211115:1110,693.55,829.39,27.25,13.17,5.66,0.0
20211115:1210,731.14,881.17,29.3,14.15,5.79,0.0
20211115:1310,697.74,842.74,28.23,14.9,5.59,0.0
20211115:1410,595.98,716.43,24.2,15.32,5.38,0.0
20211115:1510,455.5,546.65,17.73,15.3,4.97,0.0
20211115:1610,30.46,51.48,9.43,14.89,4.34,0.0
20211115:1710,0.0,0.0,0.0,14.03,4.34,0.0
20211115:1810,0.0,0.0,0.0,13.11,4.41,0.0
20211115:1910,0.0,0.0,0.0,12.54,4.62,0.0
20211115:2010,0.0,0.0,0.0,11.95,4.41,0.0
20211115:2110,0.0,0.0,0.0,11.46,4.34,0.0
20211115:2210,0.0,0.0,0.0,11.01,4.14,0.0
20211115:2310,0.0,0.0,0.0,10.66,4.21,0.0
20211116:0010,0.0,0.0,0.0,10.38,4.07,0.0
20211116:0110,0.0,0.0,0.0,9.86,3.86,0.0
20211116:0210,0.0,0.0,0.0,9.37,3.86,0.0
20211116:0310,0.0,0.0,0.0,8.88,3.86,0.0
20211116:0410,0.0,0.0,0.0,8.38,3.72,0.0
20211116:0510,0.0,0.0,0.0,7.96,3.72,0.0
20211116:0610,0.0,0.0,0.0,7.66,3.72,0.0
20211116:0710,0.0,0.0,0.0,7.6,3.93,0.0
20211116:0810,148.48,191.59,6.27,7.67,4.14,0.0
20211116:0910,395.95,466.28,15.02,9.2,4.0,0.0
20211116:1010,578.26,686.55,22.13,11.2,4.0,0.0
20211116:1110,669.56,805.35,26.99,12.58,4.21,0.0
20211116:1210,722.28,877.82,29.04,13.69,4.34,0.0
20211116:1310,680.13,824.89,27.99,14.61,4.62,0.0
20211116:1410,585.05,706.57,23.99,15.17,4.41,0.0
20211116:1510,461.61,555.63,17.54,15.29,4.34,0.0
20211116:1610,127.9,167.98,9.26,14.94,4.21,0.0
20211116:1710,0.0,0.0,0.0,13.88,4.21,0.0
20211116:1810,0.0,0.0,0.0,12.77,4.28,0.0
20211116:1910,0.0,0.0,0.0,12.02,4.48,0.0
20211116:2010,0.0,0.0,0.0,11.28,4.34,0.0
20211116:2110,0.0,0.0,0.0,10.67,4.28,0.0
20211116:2210,0.0,0.0,0.0,10.1,4.14,0.0
20211116:2310,0.0,0.0,0.0,9.71,4.34,0.0
20211117:0010,0.0,0.0,0.0,9.47,4.83,0.0
20211117:0110,0.0,0.0,0.0,9.54,5.1,0.0
20211117:0210,0.0,0.0,0.0,9.54,4.9,0.0
20211117:0310,0.0,0.0,0.0,9.48,4.41,0.0
20211117:0410,0.0,0.0,0.0,9.09,3.93,0.0
20211117:0510,0.0,0.0,0.0,8.55,3.79,0.0
20211117:0610,0.0,0.0,0.0,8.05,3.79,0.0
20211117:0710,0.0,0.0,0.0,7.86,3.86,0.0
20211117:0810,134.82,175.91,6.05,7.84,4.0,0.0
20211117:0910,374.0,440.94,14.78,9.24,4.0,0.0
20211117:1010,573.91,680.39,21.88,11.16,4.14,0.0
20211117:1110,671.83,806.41,26.74,12.68,4.55,0.0
20211117:1210,708.01,856.95,28.79,13.96,4.83,0.0
20211117:1310,684.9,832.71,27.76,14.9,4.55,0.0
20211117:1410,607.8,736.49,23.77,15.43,4.34,0.0
20211117:1510,451.82,544.31,17.35,15.55,4.41,0.0
20211117:1610,244.85,305.35,9.1,15.21,4.0,0.0
20211117:1710,0.0,0.0,0.0,14.22,3.86,0.0
20211117:1810,0.0,0.0,0.0,13.01,3.93,0.0
20211117:1910,0.0,0.0,0.0,12.15,3.86,0.0
20211117:2010,0.0,0.0,0.0,11.23,3.79,0.0
20211117:2110,0.0,0.0,0.0,10.45,3.86,0.0
20211117:2210,0.0,0.0,0.0,9.82,3.72,0.0
20211117:2310,0.0,0.0,0.0,9.18,3.59,0.0
20211118:0010,0.0,0.0,0.0,8.56,3.38,0.0
20211118:0110,0.0,0.0,0.0,8.07,3.38,0.0
20211118:0210,0.0,0.0,0.0,7.62,3.38,0.0
20211118:0310,0.0,0.0,0.0,7.28,3.31,0.0
20211118:0410,0.0,0.0,0.0,6.95,3.03,0.0
20211118:0510,0.0,0.0,0.0,6.62,3.03,0.0
20211118:0610,0.0,0.0,0.0,6.37,2.97,0.0
20211118:0710,0.0,0.0,0.0,6.18,2.97,0.0
20211118:0810,59.92,86.7,5.83,6.13,2.97,0.0
20211118:0910,388.73,458.23,14.55,7.69,2.62,0.0
20211118:1010,570.26,684.93,21.64,10.49,2.28,0.0
20211118:1110,662.52,818.54,26.49,12.64,1.86,0.0
20211118:1210,681.39,856.18,28.55,13.98,1.52,0.0
20211118:1310,663.15,840.31,27.53,14.73,1.1,0.0
20211118:1410,587.72,735.69,23.57,15.19,1.17,0.0
20211118:1510,446.19,550.11,17.17,15.42,1.31,0.0
20211118:1610,241.62,305.02,8.95,15.25,1.24,0.0
20211118:1710,0.0,0.0,0.0,14.08,1.45,0.0
20211118:1810,0.0,0.0,0.0,11.71,1.59,0.0
20211118:1910,0.0,0.0,0.0,10.0,1.93,0.0
20211118:2010,0.0,0.0,0.0,8.32,2.21,0.0
20211118:2110,0.0,0.0,0.0,7.43,2.41,0.0
20211118:2210,0.0,0.0,0.0,6.96,2.62,0.0
20211118:2310,0.0,0.0,0.0,6.81,2.69,0.0
20211119:0010,0.0,0.0,0.0,6.79,2.83,0.0
20211119:0110,0.0,0.0,0.0,6.78,2.9,0.0
20211119:0210,0.0,0.0,0.0,6.72,2.97,0.0
20211119:0310,0.0,0.0,0.0,6.64,3.1,0.0
20211119:0410,0.0,0.0,0.0,6.64,3.24,0.0
20211119:0510,0.0,0.0,0.0,6.62,3.31,0.0
20211119:0610,0.0,0.0,0.0,6.58,3.38,0.0
20211119:0710,0.0,0.0,0.0,6.54,3.38,0.0
20211119:0810,117.35,155.33,5.62,6.62,3.38,0.0
20211119:0910,377.35,445.05,14.32,8.35,3.1,0.0
20211119:1010,564.88,677.59,21.4,11.22,2.69,0.0
20211119:1110,657.06,810.13,26.25,13.77,2.34,0.0
20211119:1210,677.94,849.36,28.31,15.33,2.07,0.0
20211119:1310,660.92,834.28,27.3,16.24,1.72,0.0
20211119:1410,577.31,721.94,23.37,16.73,1.66,0.0
20211119:1510,438.92,543.99,17.0,16.91,1.45,0.0
20211119:1610,236.77,300.86,8.8,16.63,1.38,0.0
20211119:1710,0.0,0.0,0.0,15.31,1.52,0.0
20211119:1810,0.0,0.0,0.0,12.67,1.72,0.0
20211119:1910,0.0,0.0,0.0,10.59,2.0,0.0
20211119:2010,0.0,0.0,0.0,9.12,2.07,0.0
20211119:2110,0.0,0.0,0.0,8.13,2.21,0.0
20211119:2210,0.0,0.0,0.0,7.68,2.41,0.0
20211119:2310,0.0,0.0,0.0,7.72,2.62,0.0
20211120:0010,0.0,0.0,0.0,7.89,2.83,0.0
20211120:0110,0.0,0.0,0.0,8.02,2.9,0.0
20211120:0210,0.0,0.0,0.0,7.93,2.9,0.0
20211120:0310,0.0,0.0,0.0,7.78,2.97,0.0
20211120:0410,0.0,0.0,0.0,7.75,2.97,0.0
20211120:0510,0.0,0.0,0.0,7.55,2.97,0.0
20211120:0610,0.0,0.0,0.0,7.53,2.9,0.0
20211120:0710,0.0,0.0,0.0,7.94,3.24,0.0
20211120:0810,82.28,114.79,5.4,8.14,3.24,0.0
20211120:0910,361.36,429.87,14.1,9.85,2.9,0.0
20211120:1010,532.8,642.35,21.17,12.29,2.41,0.0
20211120:1110,628.79,779.95,26.01,14.59,1.93,0.0
20211120:1210,632.92,799.75,28.08,15.9,1.31,0.0
20211120:1310,622.37,800.27,27.09,16.72,0.55,0.0
20211120:1410,517.94,658.68,23.18,16.92,0.21,0.0
20211120:1510,391.24,485.18,16.83,16.81,1.1,0.0
20211120:1610,197.93,253.31,8.66,16.19,1.45,0.0
20211120:1710,0.0,0.0,0.0,15.16,1.66,0.0
20211120:1810,0.0,0.0,0.0,13.14,1.59,0.0
20211120:1910,0.0,0.0,0.0,14.08,0.97,0.0
20211120:2010,0.0,0.0,0.0,12.13,1.31,0.0
20211120:2110,0.0,0.0,0.0,10.11,1.79,0.0
20211120:2210,0.0,0.0,0.0,8.9,2.07,0.0
20211120:2310,0.0,0.0,0.0,8.32,2.14,0.0
20211121:0010,0.0,0.0,0.0,8.03,2.14,0.0
20211121:0110,0.0,0.0,0.0,7.88,2.21,0.0
20211121:0210,0.0,0.0,0.0,7.65,2.28,0.0
20211121:0310,0.0,0.0,0.0,7.69,2.28,0.0
20211121:0410,0.0,0.0,0.0,7.66,2.28,0.0
20211121:0510,0.0,0.0,0.0,7.65,2.28,0.0
20211121:0610,0.0,0.0,0.0,7.47,2.28,0.0
20211121:0710,0.0,0.0,0.0,7.55,2.21,0.0
20211121:0810,75.8,106.97,5.19,7.47,2.34,0.0
20211121:0910,326.66,389.04,13.88,8.83,2.21,0.0
20211121:1010,521.82,627.35,20.94,11.03,2.0,0.0
20211121:1110,611.6,754.75,25.78,13.08,1.59,0.0
20211121:1210,656.39,820.25,27.85,14.5,1.72,0.0
20211121:1310,630.83,782.97,26.88,15.29,2.21,0.0
20211121:1410,569.4,697.14,22.99,15.57,2.83,0.0
20211121:1510,417.76,505.21,16.67,15.48,3.59,0.0
20211121:1610,216.48,271.62,8.52,14.91,3.93,0.0
20211121:1710,0.0,0.0,0.0,13.78,4.21,0.0
20211121:1810,0.0,0.0,0.0,12.65,4.07,0.0
20211121:1910,0.0,0.0,0.0,11.93,4.21,0.0
20211121:2010,0.0,0.0,0.0,11.18,4.41,0.0
20211121:2110,0.0,0.0,0.0,10.54,4.48,0.0
20211121:2210,0.0,0.0,0.0,10.1,4.28,0.0
20211121:2310,0.0,0.0,0.0,9.76,4.41,0.0
20211122:0010,0.0,0.0,0.0,9.52,4.76,0.0
20211122:0110,0.0,0.0,0.0,9.35,4.97,0.0
20211122:0210,0.0,0.0,0.0,9.33,5.03,0.0
20211122:0310,0.0,0.0,0.0,9.29,5.03,0.0
20211122:0410,0.0,0.0,0.0,9.11,5.17,0.0
20211122:0510,0.0,0.0,0.0,8.75,5.38,0.0
20211122:0610,0.0,0.0,0.0,8.34,5.59,0.0
20211122:0710,0.0,0.0,0.0,8.22,5.38,0.0
20211122:0810,99.67,135.5,4.99,7.93,5.45,0.0
20211122:0910,372.16,434.46,13.66,8.12,5.45,0.0
20211122:1010,576.26,667.47,20.71,8.55,5.93,0.0
20211122:1110,682.64,796.87,25.55,9.49,6.41,0.0
20211122:1210,506.6,590.43,27.63,10.42,6.62,0.0
20211122:1310,62.63,89.54,26.67,11.08,6.76,0.0
20211122:1410,284.76,337.83,22.81,10.8,6.41,0.0
20211122:1510,50.44,74.77,16.52,9.93,6.21,0.0
20211122:1610,179.68,221.74,8.39,9.06,6.69,0.0
20211122:1710,0.0,0.0,0.0,8.74,7.17,0.0
20211122:1810,0.0,0.0,0.0,8.56,7.1,0.0
20211122:1910,0.0,0.0,0.0,8.36,7.1,0.0
20211122:2010,0.0,0.0,0.0,8.25,7.03,0.0
20211122:2110,0.0,0.0,0.0,8.15,6.69,0.0
20211122:2210,0.0,0.0,0.0,8.03,6.34,0.0
20211122:2310,0.0,0.0,0.0,7.98,6.0,0.0
20211123:0010,0.0,0.0,0.0,7.97,5.86,0.0
20211123:0110,0.0,0.0,0.0,8.08,5.72,0.0
20211123:0210,0.0,0.0,0.0,8.14,5.45,0.0
20211123:0310,0.0,0.0,0.0,8.25,5.38,0.0
20211123:0410,0.0,0.0,0.0,8.27,5.38,0.0
20211123:0510,0.0,0.0,0.0,8.23,5.45,0.0
20211123:0610,0.0,0.0,0.0,8.2,5.52,0.0
20211123:0710,0.0,0.0,0.0,8.48,5.79,0.0
20211123:0810,100.34,136.86,4.78,8.56,5.72,0.0
20211123:0910,306.54,362.13,13.45,9.29,5.38,0.0
20211123:1010,567.01,661.01,20.49,10.32,6.28,0.0
20211123:1110,481.3,561.81,25.32,11.31,7.1,0.0
20211123:1210,265.81,319.53,27.41,12.51,7.03,0.0
20211123:1310,653.7,774.16,26.47,13.26,6.97,0.0
20211123:1410,583.12,688.65,22.64,13.27,6.62,0.0
20211123:1510,236.69,286.78,16.37,12.79,5.66,0.0
20211123:1610,231.63,284.75,8.27,12.13,5.66,0.0
20211123:1710,0.0,0.0,0.0,11.0,5.59,0.0
20211123:1810,0.0,0.0,0.0,10.0,5.45,0.0
20211123:1910,0.0,0.0,0.0,9.28,5.72,0.0
20211123:2010,0.0,0.0,0.0,8.71,5.72,0.0
20211123:2110,0.0,0.0,0.0,8.29,5.59,0.0
20211123:2210,0.0,0.0,0.0,8.2,5.59,0.0
20211123:2310,0.0,0.0,0.0,8.09,5.79,0.0
20211124:0010,0.0,0.0,0.0,8.09,5.79,0.0
20211124:0110,0.0,0.0,0.0,8.14,5.52,0.0
20211124:0210,0.0,0.0,0.0,8.09,4.97,0.0
20211124:0310,0.0,0.0,0.0,7.95,4.69,0.0
20211124:0410,0.0,0.0,0.0,7.82,4.48,0.0
20211124:0510,0.0,0.0,0.0,7.75,4.34,0.0
20211124:0610,0.0,0.0,0.0,7.71,4.34,0.0
20211124:0710,0.0,0.0,0.0,7.62,3.79,0.0
20211124:0810,17.12,33.44,4.58,7.76,3.93,0.0
20211124:0910,34.6,55.38,13.24,8.65,3.66,0.0
20211124:1010,74.55,103.06,20.27,9.88,4.21,0.0
20211124:1110,40.2,62.77,25.11,11.17,6.07,0.0
20211124:1210,30.34,50.77,27.2,12.33,6.76,0.0
20211124:1310,34.69,56.31,26.28,12.66,6.48,0.0
20211124:1410,33.2,54.46,22.47,12.75,6.28,0.0
20211124:1510,49.76,74.77,16.23,12.64,6.14,0.0
20211124:1610,52.37,77.81,8.15,12.11,5.72,0.0
20211124:1710,0.0,0.0,0.0,11.31,5.31,0.0
20211124:1810,0.0,0.0,0.0,10.53,4.83,0.0
20211124:1910,0.0,0.0,0.0,10.0,4.97,0.0
20211124:2010,0.0,0.0,0.0,9.55,4.55,0.0
20211124:2110,0.0,0.0,0.0,9.15,4.28,0.0
20211124:2210,0.0,0.0,0.0,8.9,4.0,0.0
20211124:2310,0.0,0.0,0.0,8.61,3.86,0.0
20211125:0010,0.0,0.0,0.0,8.54,3.59,0.0
20211125:0110,0.0,0.0,0.0,8.51,3.1,0.0
20211125:0210,0.0,0.0,0.0,8.41,2.69,0.0
20211125:0310,0.0,0.0,0.0,8.18,2.07,0.0
20211125:0410,0.0,0.0,0.0,7.79,1.24,0.0
20211125:0510,0.0,0.0,0.0,7.98,0.62,0.0
20211125:0610,0.0,0.0,0.0,7.26,0.97,0.0
20211125:0710,0.0,0.0,0.0,7.57,2.48,0.0
20211125:0810,110.39,149.47,4.38,7.82,2.83,0.0
20211125:0910,268.43,320.42,13.03,8.46,2.97,0.0
20211125:1010,207.86,252.24,20.06,9.54,3.52,0.0
20211125:1110,666.13,795.66,24.9,10.25,3.59,0.0
20211125:1210,682.19,816.03,27.0,10.97,4.07,0.0
20211125:1310,634.4,751.69,26.1,11.82,5.38,0.0
20211125:1410,593.14,702.17,22.31,12.32,5.31,0.0
20211125:1510,444.4,525.29,16.1,12.51,5.31,0.0
20211125:1610,246.33,301.75,8.04,11.97,5.31,0.0
20211125:1710,0.0,0.0,0.0,10.96,5.38,0.0
20211125:1810,0.0,0.0,0.0,9.89,5.45,0.0
20211125:1910,0.0,0.0,0.0,9.4,5.59,0.0
20211125:2010,0.0,0.0,0.0,8.75,5.24,0.0
20211125:2110,0.0,0.0,0.0,8.24,5.17,0.0
20211125:2210,0.0,0.0,0.0,7.89,5.24,0.0
20211125:2310,0.0,0.0,0.0,7.77,5.1,0.0
20211126:0010,0.0,0.0,0.0,7.92,4.76,0.0
20211126:0110,0.0,0.0,0.0,8.04,5.17,0.0
20211126:0210,0.0,0.0,0.0,8.1,5.52,0.0
20211126:0310,0.0,0.0,0.0,8.02,5.24,0.0
20211126:0410,0.0,0.0,0.0,7.88,5.1,0.0
20211126:0510,0.0,0.0,0.0,7.72,4.97,0.0
20211126:0610,0.0,0.0,0.0,7.64,4.97,0.0
20211126:0710,0.0,0.0,0.0,7.46,4.41,0.0
20211126:0810,35.52,57.8,4.19,7.19,4.41,0.0
20211126:0910,304.11,358.43,12.83,7.68,4.07,0.0
20211126:1010,512.74,597.69,19.85,8.63,4.41,0.0
20211126:1110,658.73,777.06,24.69,9.62,4.62,0.0
20211126:1210,675.74,799.8,26.8,10.56,5.1,0.0
20211126:1310,371.9,438.33,25.92,11.16,5.45,0.0
20211126:1410,415.04,488.17,22.16,11.39,5.24,0.0
20211126:1510,163.43,203.37,15.97,11.31,5.24,0.0
20211126:1610,91.82,123.7,7.94,10.83,4.07,0.0
20211126:1710,0.0,0.0,0.0,10.19,3.17,0.0
20211126:1810,0.0,0.0,0.0,9.87,2.55,0.0
20211126:1910,0.0,0.0,0.0,9.5,3.17,0.0
20211126:2010,0.0,0.0,0.0,9.37,2.9,0.0
20211126:2110,0.0,0.0,0.0,9.39,3.03,0.0
20211126:2210,0.0,0.0,0.0,9.32,3.52,0.0
20211126:2310,0.0,0.0,0.0,9.19,4.0,0.0
20211127:0010,0.0,0.0,0.0,9.18,3.93,0.0
20211127:0110,0.0,0.0,0.0,8.89,3.93,0.0
20211127:0210,0.0,0.0,0.0,8.74,3.93,0.0
20211127:0310,0.0,0.0,0.0,8.9,4.0,0.0
20211127:0410,0.0,0.0,0.0,8.9,4.34,0.0
20211127:0510,0.0,0.0,0.0,9.14,4.76,0.0
20211127:0610,0.0,0.0,0.0,9.32,6.07,0.0
20211127:0710,0.0,0.0,0.0,8.91,6.21,0.0
20211127:0810,5.72,16.62,4.0,8.67,6.28,0.0
20211127:0910,232.84,278.35,12.63,8.69,6.07,0.0
20211127:1010,567.15,656.03,19.65,9.07,6.69,0.0
20211127:1110,649.05,755.09,24.49,9.46,6.62,0.0
20211127:1210,55.93,81.23,26.61,9.85,6.55,0.0
20211127:1310,236.11,283.31,25.75,10.12,6.48,0.0
20211127:1410,597.63,695.72,22.01,10.2,6.62,0.0
20211127:1510,410.53,477.04,15.85,9.96,7.17,0.0
20211127:1610,225.14,273.71,7.84,9.57,6.55,0.0
20211127:1710,0.0,0.0,0.0,8.78,6.21,0.0
20211127:1810,0.0,0.0,0.0,8.07,5.45,0.0
20211127:1910,0.0,0.0,0.0,7.7,5.03,0.0
20211127:2010,0.0,0.0,0.0,7.47,4.9,0.0
20211127:2110,0.0,0.0,0.0,7.5,4.69,0.0
20211127:2210,0.0,0.0,0.0,7.36,4.48,0.0
20211127:2310,0.0,0.0,0.0,7.34,4.28,0.0
20211128:0010,0.0,0.0,0.0,7.17,3.93,0.0
20211128:0110,0.0,0.0,0.0,7.04,3.66,0.0
20211128:0210,0.0,0.0,0.0,6.88,3.38,0.0
20211128:0310,0.0,0.0,0.0,6.7,3.17,0.0
20211128:0410,0.0,0.0,0.0,6.55,3.1,0.0
20211128:0510,0.0,0.0,0.0,6.5,2.62,0.0
20211128:0610,0.0,0.0,0.0,6.21,2.07,0.0
20211128:0710,0.0,0.0,0.0,5.79,1.93,0.0
20211128:0810,58.36,86.64,3.81,6.21,1.17,0.0
20211128:0910,128.61,163.05,12.44,7.15,1.31,0.0
20211128:1010,313.58,373.89,19.45,8.29,1.03,0.0
20211128:1110,163.61,204.36,24.29,8.88,1.03,0.0
20211128:1210,195.29,240.83,26.43,9.57,1.24,0.0
20211128:1310,112.14,146.87,25.58,9.77,1.17,0.0
20211128:1410,29.16,48.92,21.87,9.86,1.17,0.0
20211128:1510,72.78,101.12,15.74,9.99,1.79,0.0
20211128:1610,39.32,61.57,7.75,9.97,1.93,0.0
20211128:1710,0.0,0.0,0.0,9.86,1.66,0.0
20211128:1810,0.0,0.0,0.0,10.02,2.48,0.0
20211128:1910,0.0,0.0,0.0,10.45,4.07,0.0
20211128:2010,0.0,0.0,0.0,10.7,4.41,0.0
20211128:2110,0.0,0.0,0.0,10.79,4.76,0.0
20211128:2210,0.0,0.0,0.0,10.76,4.55,0.0
20211128:2310,0.0,0.0,0.0,10.67,4.07,0.0
20211129:0010,0.0,0.0,0.0,10.72,3.72,0.0
20211129:0110,0.0,0.0,0.0,10.57,3.52,0.0
20211129:0210,0.0,0.0,0.0,10.45,3.31,0.0
20211129:0310,0.0,0.0,0.0,10.34,2.97,0.0
20211129:0410,0.0,0.0,0.0,10.19,2.62,0.0
20211129:0510,0.0,0.0,0.0,10.05,2.41,0.0
20211129:0610,0.0,0.0,0.0,10.01,2.14,0.0
20211129:0710,0.0,0.0,0.0,9.66,2.41,0.0
20211129:0810,9.5,22.81,3.63,9.35,1.72,0.0
20211129:0910,39.84,62.16,12.25,9.93,1.38,0.0
20211129:1010,348.06,416.56,19.26,11.04,2.0,0.0
20211129:1110,142.16,181.34,24.1,11.61,3.1,0.0
20211129:1210,336.02,401.72,26.25,11.82,3.38,0.0
20211129:1310,156.93,198.11,25.43,11.84,3.66,0.0
20211129:1410,69.26,97.84,21.74,11.93,3.66,0.0
20211129:1510,141.0,179.22,15.63,11.82,3.31,0.0
20211129:1610,83.42,114.56,7.66,11.52,2.21,0.0
20211129:1710,0.0,0.0,0.0,10.97,1.45,0.0
20211129:1810,0.0,0.0,0.0,9.89,0.9,0.0
20211129:1910,0.0,0.0,0.0,9.87,0.83,0.0
20211129:2010,0.0,0.0,0.0,8.65,1.52,0.0
20211129:2110,0.0,0.0,0.0,8.4,1.38,0.0
20211129:2210,0.0,0.0,0.0,8.19,2.0,0.0
20211129:2310,0.0,0.0,0.0,7.93,1.66,0.0
20211130:0010,0.0,0.0,0.0,7.98,1.52,0.0
20211130:0110,0.0,0.0,0.0,7.59,1.59,0.0
20211130:0210,0.0,0.0,0.0,7.22,1.66,0.0
20211130:0310,0.0,0.0,0.0,7.0,1.72,0.0
20211130:0410,0.0,0.0,0.0,6.98,1.66,0.0
20211130:0510,0.0,0.0,0.0,6.73,1.59,0.0
20211130:0610,0.0,0.0,0.0,6.31,1.66,0.0
20211130:0710,0.0,0.0,0.0,7.08,1.79,0.0
20211130:0810,45.15,70.81,3.44,7.59,2.21,0.0
20211130:0910,340.74,404.45,12.06,7.94,2.21,0.0
20211130:1010,515.23,616.21,19.08,9.54,1.72,0.0
20211130:1110,619.75,764.5,23.92,11.64,1.17,0.0
20211130:1210,640.07,803.44,26.08,12.64,0.76,0.0
20211130:1310,627.79,783.94,25.28,13.15,1.03,0.0
20211130:1410,536.73,656.02,21.61,13.2,1.59,0.0
20211130:1510,432.04,523.63,15.53,12.99,1.66,0.0
20211130:1610,203.36,255.58,7.58,12.47,1.38,0.0
20211130:1710,0.0,0.0,0.0,11.72,1.31,0.0
20211130:1810,0.0,0.0,0.0,10.26,0.97,0.0
20211130:1910,0.0,0.0,0.0,10.09,0.97,0.0
20211130:2010,0.0,0.0,0.0,9.45,1.17,0.0
20211130:2110,0.0,0.0,0.0,8.56,1.66,0.0
20211130:2210,0.0,0.0,0.0,8.43,1.93,0.0
20211130:2310,0.0,0.0,0.0,8.81,2.21,0.0
20211201:0010,0.0,0.0,0.0,9.08,2.41,0.0
20211201:0110,0.0,0.0,0.0,9.5,2.48,0.0
20211201:0210,0.0,0.0,0.0,9.86,2.76,0.0
20211201:0310,0.0,0.0,0.0,10.29,2.83,0.0
20211201:0410,0.0,0.0,0.0,10.5,2.62,0.0
20211201:0510,0.0,0.0,0.0,10.77,2.76,0.0
20211201:0610,0.0,0.0,0.0,10.79,2.62,0.0
20211201:0710,0.0,0.0,0.0,10.71,3.03,0.0
20211201:0810,1.98,10.15,3.27,10.83,3.1,0.0
20211201:0910,18.38,35.08,11.88,11.06,3.24,0.0
20211201:1010,28.98,48.92,18.89,11.38,3.66,0.0
20211201:1110,81.89,112.61,23.74,12.06,4.34,0.0
20211201:1210,126.56,163.66,25.92,11.98,5.03,0.0
20211201:1310,177.31,220.46,25.13,11.96,5.03,0.0
20211201:1410,311.26,369.36,21.49,11.81,5.72,0.0
20211201:1510,85.63,115.99,15.43,11.31,5.52,0.0
20211201:1610,28.74,48.51,7.51,10.88,5.1,0.0
20211201:1710,0.0,0.0,0.0,10.42,4.76,0.0
20211201:1810,0.0,0.0,0.0,10.03,4.48,0.0
20211201:1910,0.0,0.0,0.0,9.85,4.14,0.0
20211201:2010,0.0,0.0,0.0,9.75,4.0,0.0
20211201:2110,0.0,0.0,0.0,9.46,4.41,0.0
20211201:2210,0.0,0.0,0.0,9.19,4.21,0.0
20211201:2310,0.0,0.0,0.0,9.22,5.1,0.0
20211202:0010,0.0,0.0,0.0,9.06,5.52,0.0
20211202:0110,0.0,0.0,0.0,8.88,6.0,0.0
20211202:0210,0.0,0.0,0.0,8.74,5.38,0.0
20211202:0310,0.0,0.0,0.0,8.64,4.41,0.0
20211202:0410,0.0,0.0,0.0,8.69,4.41,0.0
20211202:0510,0.0,0.0,0.0,8.47,4.55,0.0
20211202:0610,0.0,0.0,0.0,8.39,4.83,0.0
20211202:0710,0.0,0.0,0.0,8.18,4.76,0.0
20211202:0810,18.48,36.0,3.1,7.86,4.76,0.0
20211202:0910,245.72,293.35,11.71,8.3,4.55,0.0
20211202:1010,545.02,637.7,18.72,9.22,4.41,0.0
20211202:1110,650.84,766.65,23.57,10.19,5.03,0.0
20211202:1210,647.27,762.44,25.76,10.85,5.66,0.0
20211202:1310,427.39,502.09,24.99,11.28,5.52,0.0
20211202:1410,340.22,401.54,21.38,11.31,5.52,0.0
20211202:1510,477.47,560.12,15.35,11.12,5.52,0.0
20211202:1610,160.13,201.62,7.45,10.83,5.1,0.0
20211202:1710,0.0,0.0,0.0,10.17,4.34,0.0
20211202:1810,0.0,0.0,0.0,9.42,3.72,0.0
20211202:1910,0.0,0.0,0.0,9.13,3.59,0.0
20211202:2010,0.0,0.0,0.0,8.74,3.03,0.0
20211202:2110,0.0,0.0,0.0,8.4,2.55,0.0
20211202:2210,0.0,0.0,0.0,7.92,2.0,0.0
20211202:2310,0.0,0.0,0.0,7.55,1.45,0.0
20211203:0010,0.0,0.0,0.0,8.61,0.83,0.0
20211203:0110,0.0,0.0,0.0,8.55,0.55,0.0
20211203:0210,0.0,0.0,0.0,8.44,0.69,0.0
20211203:0310,0.0,0.0,0.0,8.07,0.9,0.0
20211203:0410,0.0,0.0,0.0,7.84,0.97,0.0
20211203:0510,0.0,0.0,0.0,7.05,1.1,0.0
20211203:0610,0.0,0.0,0.0,6.31,1.31,0.0
20211203:0710,0.0,0.0,0.0,6.92,1.52,0.0
20211203:0810,0.0,4.34,2.93,7.79,1.72,0.0
20211203:0910,46.84,70.27,11.54,8.76,1.72,0.0
20211203:1010,70.48,98.62,18.55,9.94,1.72,0.0
20211203:1110,84.45,115.38,23.41,10.96,2.14,0.0
20211203:1210,116.19,152.06,25.61,11.54,2.76,0.0
20211203:1310,83.49,114.46,24.86,11.76,3.31,0.0
20211203:1410,92.77,125.13,21.27,12.01,3.86,0.0
20211203:1510,101.18,134.22,15.26,12.04,4.0,0.0
20211203:1610,77.32,107.36,7.39,11.9,3.79,0.0
20211203:1710,0.0,0.0,0.0,11.65,3.66,0.0
20211203:1810,0.0,0.0,0.0,11.51,3.79,0.0
20211203:1910,0.0,0.0,0.0,10.93,3.86,0.0
20211203:2010,0.0,0.0,0.0,10.99,4.07,0.0
20211203:2110,0.0,0.0,0.0,10.91,3.93,0.0
20211203:2210,0.0,0.0,0.0,10.98,3.93,0.0
20211203:2310,0.0,0.0,0.0,11.09,4.14,0.0
20211204:0010,0.0,0.0,0.0,11.32,4.21,0.0
20211204:0110,0.0,0.0,0.0,11.47,4.48,0.0
20211204:0210,0.0,0.0,0.0,11.72,4.76,0.0
20211204:0310,0.0,0.0,0.0,11.89,5.24,0.0
20211204:0410,0.0,0.0,0.0,12.05,5.59,0.0
20211204:0510,0.0,0.0,0.0,12.32,5.59,0.0
20211204:0610,0.0,0.0,0.0,12.58,4.41,0.0
20211204:0710,0.0,0.0,0.0,12.76,3.38,0.0
20211204:0810,2.53,11.28,2.76,12.53,3.52,0.0
20211204:0910,176.0,219.6,11.37,12.36,4.07,0.0
20211204:1010,456.69,538.83,18.38,12.1,5.03,0.0
20211204:1110,601.18,710.71,23.25,11.92,5.31,0.0
20211204:1210,627.84,750.17,25.46,12.34,4.41,0.0
20211204:1310,606.12,726.7,24.74,12.99,4.14,0.0
20211204:1410,458.45,545.51,21.18,13.17,4.28,0.0
20211204:1510,218.91,267.41,15.19,12.86,4.28,0.0
20211204:1610,9.13,22.15,7.33,12.34,4.48,0.0
20211204:1710,0.0,0.0,0.0,11.51,4.21,0.0
20211204:1810,0.0,0.0,0.0,10.97,4.14,0.0
20211204:1910,0.0,0.0,0.0,10.58,4.55,0.0
20211204:2010,0.0,0.0,0.0,10.4,4.76,0.0
20211204:2110,0.0,0.0,0.0,10.2,4.28,0.0
20211204:2210,0.0,0.0,0.0,9.91,3.72,0.0
20211204:2310,0.0,0.0,0.0,9.71,3.38,0.0
20211205:0010,0.0,0.0,0.0,9.78,3.31,0.0
20211205:0110,0.0,0.0,0.0,9.82,3.17,0.0
20211205:0210,0.0,0.0,0.0,9.81,3.38,0.0
20211205:0310,0.0,0.0,0.0,10.03,3.93,0.0
20211205:0410,0.0,0.0,0.0,10.26,4.28,0.0
20211205:0510,0.0,0.0,0.0,10.4,4.41,0.0
20211205:0610,0.0,0.0,0.0,10.62,4.34,0.0
20211205:0710,0.0,0.0,0.0,10.22,4.48,0.0
20211205:0810,1.69,9.55,2.6,10.24,4.07,0.0
20211205:0910,47.94,71.93,11.21,10.51,3.72,0.0
20211205:1010,220.26,267.16,18.22,11.11,4.14,0.0
20211205:1110,199.84,244.84,23.1,11.46,5.03,0.0
20211205:1210,233.01,282.42,25.33,11.92,5.66,0.0
20211205:1310,82.01,112.61,24.63,12.02,5.66,0.0
20211205:1410,279.85,334.43,21.09,12.09,5.66,0.0
20211205:1510,130.99,167.52,15.12,11.96,5.17,0.0
20211205:1610,47.05,71.32,7.29,11.66,4.14,0.0
20211205:1710,0.0,0.0,0.0,11.23,3.24,0.0
20211205:1810,0.0,0.0,0.0,10.75,2.83,0.0
20211205:1910,0.0,0.0,0.0,10.62,3.24,0.0
20211205:2010,0.0,0.0,0.0,10.75,2.83,0.0
20211205:2110,0.0,0.0,0.0,10.59,2.48,0.0
20211205:2210,0.0,0.0,0.0,10.46,2.41,0.0
20211205:2310,0.0,0.0,0.0,10.2,2.07,0.0
20211206:0010,0.0,0.0,0.0,9.55,1.79,0.0
20211206:0110,0.0,0.0,0.0,9.39,1.17,0.0
20211206:0210,0.0,0.0,0.0,10.47,0.48,0.0
20211206:0310,0.0,0.0,0.0,9.35,0.97,0.0
20211206:0410,0.0,0.0,0.0,8.65,1.24,0.0
20211206:0510,0.0,0.0,0.0,8.42,1.45,0.0
20211206:0610,0.0,0.0,0.0,8.78,1.38,0.0
20211206:0710,0.0,0.0,0.0,9.75,2.97,0.0
20211206:0810,0.0,1.74,2.45,10.05,3.45,0.0
20211206:0910,37.07,58.73,11.05,10.28,4.0,0.0
20211206:1010,15.03,30.46,18.07,10.67,4.0,0.0
20211206:1110,37.19,59.08,22.96,10.99,4.28,0.0
20211206:1210,17.7,34.15,25.2,11.04,4.14,0.0
20211206:1310,41.65,64.61,24.52,11.25,4.14,0.0
20211206:1410,31.18,51.69,21.0,11.41,3.93,0.0
20211206:1510,31.88,52.61,15.06,11.55,3.52,0.0
20211206:1610,156.08,198.34,7.25,11.58,2.97,0.0
20211206:1710,0.0,0.0,0.0,11.59,2.48,0.0
20211206:1810,0.0,0.0,0.0,11.59,2.14,0.0
20211206:1910,0.0,0.0,0.0,11.89,2.14,0.0
20211206:2010,0.0,0.0,0.0,11.84,2.28,0.0
20211206:2110,0.0,0.0,0.0,11.87,2.62,0.0
20211206:2210,0.0,0.0,0.0,11.92,2.83,0.0
20211206:2310,0.0,0.0,0.0,11.92,3.03,0.0
20211207:0010,0.0,0.0,0.0,11.96,3.59,0.0
20211207:0110,0.0,0.0,0.0,12.02,4.07,0.0
20211207:0210,0.0,0.0,0.0,12.14,4.55,0.0
20211207:0310,0.0,0.0,0.0,12.47,4.83,0.0
20211207:0410,0.0,0.0,0.0,12.79,5.45,0.0
20211207:0510,0.0,0.0,0.0,13.16,6.0,0.0
20211207:0610,0.0,0.0,0.0,13.28,6.48,0.0
20211207:0710,0.0,0.0,0.0,13.39,6.76,0.0
20211207:0810,1.24,8.68,2.3,13.17,7.1,0.0
20211207:0910,12.88,27.69,10.9,13.09,7.72,0.0
20211207:1010,29.46,49.85,17.92,13.33,7.45,0.0
20211207:1110,14.82,30.46,22.82,13.47,7.52,0.0
20211207:1210,42.04,65.54,25.08,13.37,8.28,0.0
20211207:1310,21.63,39.69,24.42,13.43,8.14,0.0
20211207:1410,18.26,35.08,20.92,12.57,7.03,0.0
20211207:1510,20.44,37.85,15.01,11.39,5.45,0.0
20211207:1610,146.89,186.9,7.22,11.09,4.21,0.0
20211207:1710,0.0,0.0,0.0,10.66,5.17,0.0
20211207:1810,0.0,0.0,0.0,10.42,5.66,0.0
20211207:1910,0.0,0.0,0.0,9.78,6.83,0.0
20211207:2010,0.0,0.0,0.0,9.33,7.93,0.0
20211207:2110,0.0,0.0,0.0,8.48,8.07,0.0
20211207:2210,0.0,0.0,0.0,8.39,7.24,0.0
20211207:2310,0.0,0.0,0.0,8.79,7.31,0.0
20211208:0010,0.0,0.0,0.0,8.51,8.34,0.0
20211208:0110,0.0,0.0,0.0,8.04,8.41,0.0
20211208:0210,0.0,0.0,0.0,8.16,7.66,0.0
20211208:0310,0.0,0.0,0.0,7.8,7.86,0.0
20211208:0410,0.0,0.0,0.0,8.07,7.45,0.0
20211208:0510,0.0,0.0,0.0,8.0,7.72,0.0
20211208:0610,0.0,0.0,0.0,8.23,7.1,0.0
20211208:0710,0.0,0.0,0.0,7.5,7.1,0.0
20211208:0810,0.52,6.94,2.15,7.58,5.93,0.0
20211208:0910,48.19,71.36,10.76,7.76,6.21,0.0
20211208:1010,105.24,136.74,17.78,8.41,5.86,0.0
20211208:1110,106.28,138.58,22.69,9.03,6.34,0.0
20211208:1210,248.32,295.3,24.96,9.34,7.17,0.0
20211208:1310,44.46,67.38,24.32,9.19,7.52,0.0
20211208:1410,211.23,254.19,20.85,9.59,7.17,0.0
20211208:1510,205.04,246.47,14.96,9.19,7.38,0.0
20211208:1610,74.6,102.71,7.19,9.06,6.83,0.0
20211208:1710,0.0,0.0,0.0,8.74,6.21,0.0
20211208:1810,0.0,0.0,0.0,8.64,5.45,0.0
20211208:1910,0.0,0.0,0.0,9.33,4.76,0.0
20211208:2010,0.0,0.0,0.0,9.37,4.21,0.0
20211208:2110,0.0,0.0,0.0,9.24,4.34,0.0
20211208:2210,0.0,0.0,0.0,9.36,3.93,0.0
20211208:2310,0.0,0.0,0.0,9.62,3.86,0.0
20211209:0010,0.0,0.0,0.0,9.84,3.17,0.0
20211209:0110,0.0,0.0,0.0,9.91,2.0,0.0
20211209:0210,0.0,0.0,0.0,9.55,1.17,0.0
20211209:0310,0.0,0.0,0.0,9.74,1.59,0.0
20211209:0410,0.0,0.0,0.0,10.3,3.1,0.0
20211209:0510,0.0,0.0,0.0,10.77,3.93,0.0
20211209:0610,0.0,0.0,0.0,11.14,4.0,0.0
20211209:0710,0.0,0.0,0.0,11.11,5.52,0.0
20211209:0810,0.0,1.74,2.01,11.08,5.24,0.0
20211209:0910,50.37,75.01,10.62,11.33,4.62,0.0
20211209:1010,51.48,76.61,17.65,11.79,5.03,0.0
20211209:1110,121.71,158.07,22.56,12.48,5.72,0.0
20211209:1210,80.96,111.69,24.85,12.73,6.07,0.0
20211209:1310,43.68,67.38,24.24,12.57,5.86,0.0
20211209:1410,26.66,46.15,20.79,12.69,5.72,0.0
20211209:1510,51.53,76.84,14.92,12.61,5.24,0.0
20211209:1610,41.89,65.25,7.17,12.63,4.69,0.0
20211209:1710,0.0,0.0,0.0,12.17,4.55,0.0
20211209:1810,0.0,0.0,0.0,11.86,4.21,0.0
20211209:1910,0.0,0.0,0.0,11.95,4.69,0.0
20211209:2010,0.0,0.0,0.0,11.92,4.55,0.0
20211209:2110,0.0,0.0,0.0,11.95,4.9,0.0
20211209:2210,0.0,0.0,0.0,12.04,4.97,0.0
20211209:2310,0.0,0.0,0.0,12.21,5.03,0.0
20211210:0010,0.0,0.0,0.0,12.26,5.1,0.0
20211210:0110,0.0,0.0,0.0,12.38,5.31,0.0
20211210:0210,0.0,0.0,0.0,12.54,5.38,0.0
20211210:0310,0.0,0.0,0.0,12.66,5.45,0.0
20211210:0410,0.0,0.0,0.0,12.73,5.59,0.0
20211210:0510,0.0,0.0,0.0,12.73,5.38,0.0
20211210:0610,0.0,0.0,0.0,12.78,4.83,0.0
20211210:0710,0.0,0.0,0.0,12.71,5.38,0.0
20211210:0810,0.0,2.6,1.87,12.56,5.1,0.0
20211210:0910,18.24,35.08,10.48,12.61,4.28,0.0
20211210:1010,272.2,327.01,17.52,12.63,4.83,0.0
20211210:1110,165.61,207.84,22.44,12.71,4.55,0.0
20211210:1210,189.43,234.97,24.75,12.55,4.07,0.0
20211210:1310,432.53,514.66,24.16,12.72,4.0,0.0
20211210:1410,185.99,230.57,20.74,12.58,3.93,0.0
20211210:1510,277.46,333.77,14.89,12.51,3.79,0.0
20211210:1610,64.56,92.46,7.16,12.17,3.03,0.0
20211210:1710,0.0,0.0,0.0,11.5,2.41,0.0
20211210:1810,0.0,0.0,0.0,10.8,1.72,0.0
20211210:1910,0.0,0.0,0.0,9.74,1.38,0.0
20211210:2010,0.0,0.0,0.0,9.61,1.24,0.0
20211210:2110,0.0,0.0,0.0,10.4,0.83,0.0
20211210:2210,0.0,0.0,0.0,10.42,0.76,0.0
20211210:2310,0.0,0.0,0.0,9.82,1.17,0.0
20211211:0010,0.0,0.0,0.0,10.24,1.59,0.0
20211211:0110,0.0,0.0,0.0,10.43,1.72,0.0
20211211:0210,0.0,0.0,0.0,10.58,1.72,0.0
20211211:0310,0.0,0.0,0.0,10.79,1.66,0.0
20211211:0410,0.0,0.0,0.0,10.94,1.52,0.0
20211211:0510,0.0,0.0,0.0,11.03,1.1,0.0
20211211:0610,0.0,0.0,0.0,10.91,0.62,0.0
20211211:0710,0.0,0.0,0.0,11.03,0.55,0.0
20211211:0810,0.0,4.34,1.74,11.13,1.03,0.0
20211211:0910,48.05,72.46,10.35,11.41,1.17,0.0
20211211:1010,108.9,143.74,17.39,11.9,1.17,0.0
20211211:1110,269.54,328.62,22.33,12.56,1.45,0.0
20211211:1210,340.2,412.71,24.66,13.07,1.59,0.0
20211211:1310,410.63,496.67,24.09,13.2,1.86,0.0
20211211:1410,345.93,418.02,20.69,13.27,2.0,0.0
20211211:1510,338.98,409.39,14.87,13.09,2.07,0.0
20211211:1610,178.38,225.89,7.15,12.89,1.86,0.0
20211211:1710,0.0,0.0,0.0,12.49,1.59,0.0
20211211:1810,0.0,0.0,0.0,11.95,1.52,0.0
20211211:1910,0.0,0.0,0.0,11.79,2.0,0.0
20211211:2010,0.0,0.0,0.0,11.29,2.07,0.0
20211211:2110,0.0,0.0,0.0,10.28,2.07,0.0
20211211:2210,0.0,0.0,0.0,9.27,1.93,0.0
20211211:2310,0.0,0.0,0.0,8.24,1.86,0.0
20211212:0010,0.0,0.0,0.0,7.24,1.93,0.0
20211212:0110,0.0,0.0,0.0,6.75,2.14,0.0
20211212:0210,0.0,0.0,0.0,5.95,2.07,0.0
20211212:0310,0.0,0.0,0.0,5.38,2.0,0.0
20211212:0410,0.0,0.0,0.0,5.06,2.0,0.0
20211212:0510,0.0,0.0,0.0,4.97,2.21,0.0
20211212:0610,0.0,0.0,0.0,5.12,2.48,0.0
20211212:0710,0.0,0.0,0.0,5.54,2.69,0.0
20211212:0810,0.0,5.21,1.61,5.56,2.69,0.0
20211212:0910,308.82,363.96,10.23,5.92,2.76,0.0
20211212:1010,511.85,600.61,17.28,7.34,2.55,0.0
20211212:1110,611.35,734.94,22.23,9.54,2.07,0.0
20211212:1210,652.48,804.62,24.57,11.7,1.52,0.0
20211212:1310,637.55,792.91,24.02,13.09,1.31,0.0
20211212:1410,563.35,692.1,20.65,13.85,1.66,0.0
20211212:1510,411.08,499.59,14.85,13.94,1.72,0.0
20211212:1610,161.77,207.43,7.15,13.57,1.38,0.0
20211212:1710,0.0,0.0,0.0,12.78,1.1,0.0
20211212:1810,0.0,0.0,0.0,11.31,1.24,0.0
20211212:1910,0.0,0.0,0.0,11.39,1.03,0.0
20211212:2010,0.0,0.0,0.0,10.21,1.17,0.0
20211212:2110,0.0,0.0,0.0,8.44,1.45,0.0
20211212:2210,0.0,0.0,0.0,7.08,1.66,0.0
20211212:2310,0.0,0.0,0.0,6.51,1.86,0.0
20211213:0010,0.0,0.0,0.0,6.49,2.07,0.0
20211213:0110,0.0,0.0,0.0,6.6,2.21,0.0
20211213:0210,0.0,0.0,0.0,6.77,2.28,0.0
20211213:0310,0.0,0.0,0.0,7.04,2.55,0.0
20211213:0410,0.0,0.0,0.0,7.21,2.76,0.0
20211213:0510,0.0,0.0,0.0,7.16,2.83,0.0
20211213:0610,0.0,0.0,0.0,7.04,2.9,0.0
20211213:0710,0.0,0.0,0.0,7.65,2.69,0.0
20211213:0810,0.0,3.47,1.49,7.56,2.48,0.0
20211213:0910,301.56,360.08,10.11,8.39,2.55,0.0
20211213:1010,501.4,597.11,17.17,10.65,2.62,0.0
20211213:1110,605.46,735.17,22.13,12.95,2.62,0.0
20211213:1210,647.87,798.56,24.49,14.63,2.55,0.0
20211213:1310,640.66,793.16,23.96,15.52,2.48,0.0
20211213:1410,532.77,653.39,20.62,15.75,2.34,0.0
20211213:1510,412.26,505.54,14.84,15.69,1.66,0.0
20211213:1610,203.07,258.8,7.15,15.29,0.76,0.0
20211213:1710,0.0,0.0,0.0,14.64,0.14,0.0
20211213:1810,0.0,0.0,0.0,13.85,0.76,0.0
20211213:1910,0.0,0.0,0.0,12.3,1.1,0.0
20211213:2010,0.0,0.0,0.0,10.56,1.31,0.0
20211213:2110,0.0,0.0,0.0,8.4,1.79,0.0
20211213:2210,0.0,0.0,0.0,7.05,2.14,0.0
20211213:2310,0.0,0.0,0.0,6.6,2.34,0.0
20211214:0010,0.0,0.0,0.0,6.67,2.48,0.0
20211214:0110,0.0,0.0,0.0,6.8,2.69,0.0
20211214:0210,0.0,0.0,0.0,7.06,2.83,0.0
20211214:0310,0.0,0.0,0.0,6.95,2.97,0.0
20211214:0410,0.0,0.0,0.0,6.75,3.1,0.0
20211214:0510,0.0,0.0,0.0,6.56,3.1,0.0
20211214:0610,0.0,0.0,0.0,6.37,3.17,0.0
20211214:0710,0.0,0.0,0.0,6.7,3.52,0.0
20211214:0810,0.0,2.6,1.37,6.67,3.52,0.0
20211214:0910,318.74,377.09,10.0,7.45,3.38,0.0
20211214:1010,495.54,585.8,17.06,9.61,2.9,0.0
20211214:1110,619.02,752.64,22.04,12.22,2.34,0.0
20211214:1210,689.75,863.63,24.42,14.06,1.72,0.0
20211214:1310,660.56,838.14,23.92,15.06,1.03,0.0
20211214:1410,589.43,749.39,20.59,15.51,0.41,0.0
20211214:1510,452.5,566.9,14.83,15.45,0.14,0.0
20211214:1610,216.76,275.6,7.17,14.92,0.28,0.0
20211214:1710,0.0,0.0,0.0,14.07,0.07,0.0
20211214:1810,0.0,0.0,0.0,13.14,0.55,0.0
20211214:1910,0.0,0.0,0.0,11.8,1.1,0.0
20211214:2010,0.0,0.0,0.0,8.79,1.66,0.0
20211214:2110,0.0,0.0,0.0,7.12,2.0,0.0
20211214:2210,0.0,0.0,0.0,5.77,2.21,0.0
20211214:2310,0.0,0.0,0.0,5.3,2.34,0.0
20211215:0010,0.0,0.0,0.0,5.11,2.48,0.0
20211215:0110,0.0,0.0,0.0,5.1,2.55,0.0
20211215:0210,0.0,0.0,0.0,5.14,2.62,0.0
20211215:0310,0.0,0.0,0.0,5.15,2.69,0.0
20211215:0410,0.0,0.0,0.0,5.11,2.76,0.0
20211215:0510,0.0,0.0,0.0,5.02,2.76,0.0
20211215:0610,0.0,0.0,0.0,4.96,2.83,0.0
20211215:0710,0.0,0.0,0.0,4.73,2.76,0.0
20211215:0810,0.0,0.0,0.0,4.55,2.76,0.0
20211215:0910,327.29,385.3,9.89,5.59,2.55,0.0
20211215:1010,516.15,612.21,16.97,8.74,2.21,0.0
20211215:1110,621.69,763.17,21.96,12.32,1.72,0.0
20211215:1210,643.9,812.9,24.36,14.57,1.03,0.0
20211215:1310,660.28,850.2,23.87,15.68,0.55,0.0
20211215:1410,586.04,743.53,20.57,15.99,0.62,0.0
20211215:1510,435.86,541.49,14.83,15.75,0.69,0.0
20211215:1610,222.32,281.93,7.19,15.16,0.62,0.0
20211215:1710,0.0,0.0,0.0,14.27,0.21,0.0
20211215:1810,0.0,0.0,0.0,13.37,0.62,0.0
20211215:1910,0.0,0.0,0.0,10.22,1.66,0.0
20211215:2010,0.0,0.0,0.0,7.95,2.14,0.0
20211215:2110,0.0,0.0,0.0,6.55,2.34,0.0
20211215:2210,0.0,0.0,0.0,5.87,2.48,0.0
20211215:2310,0.0,0.0,0.0,5.43,2.55,0.0
20211216:0010,0.0,0.0,0.0,5.31,2.62,0.0
20211216:0110,0.0,0.0,0.0,5.28,2.69,0.0
20211216:0210,0.0,0.0,0.0,5.23,2.69,0.0
20211216:0310,0.0,0.0,0.0,5.15,2.69,0.0
20211216:0410,0.0,0.0,0.0,5.06,2.83,0.0
20211216:0510,0.0,0.0,0.0,4.97,2.83,0.0
20211216:0610,0.0,0.0,0.0,4.9,2.9,0.0
20211216:0710,0.0,0.0,0.0,4.85,2.97,0.0
20211216:0810,0.0,0.0,0.0,4.82,2.9,0.0
20211216:0910,299.76,354.17,9.79,5.82,2.55,0.0
20211216:1010,499.6,593.57,16.88,9.04,2.07,0.0
20211216:1110,598.85,736.03,21.88,12.74,1.59,0.0
20211216:1210,620.98,783.03,24.3,14.83,0.97,0.0
20211216:1310,639.6,826.27,23.84,15.82,0.28,0.0
20211216:1410,586.65,745.68,20.56,16.07,0.55,0.0
20211216:1510,438.67,544.13,14.84,15.78,0.83,0.0
20211216:1610,224.68,284.26,7.21,15.09,0.83,0.0
20211216:1710,0.0,0.0,0.0,14.05,0.55,0.0
20211216:1810,0.0,0.0,0.0,13.16,0.55,0.0
20211216:1910,0.0,0.0,0.0,12.35,1.24,0.0
20211216:2010,0.0,0.0,0.0,9.13,1.72,0.0
20211216:2110,0.0,0.0,0.0,7.23,2.07,0.0
20211216:2210,0.0,0.0,0.0,6.32,2.21,0.0
20211216:2310,0.0,0.0,0.0,5.7,2.21,0.0
20211217:0010,0.0,0.0,0.0,5.09,2.28,0.0
20211217:0110,0.0,0.0,0.0,4.74,2.34,0.0
20211217:0210,0.0,0.0,0.0,4.49,2.41,0.0
20211217:0310,0.0,0.0,0.0,4.35,2.48,0.0
20211217:0410,0.0,0.0,0.0,4.36,2.55,0.0
20211217:0510,0.0,0.0,0.0,4.45,2.69,0.0
20211217:0610,0.0,0.0,0.0,4.55,2.76,0.0
20211217:0710,0.0,0.0,0.0,4.56,2.69,0.0
20211217:0810,0.0,0.0,0.0,4.6,2.83,0.0
20211217:0910,315.16,371.18,9.69,5.45,2.62,0.0
20211217:1010,501.37,593.69,16.79,8.6,2.21,0.0
20211217:1110,619.72,757.39,21.81,11.74,1.79,0.0
20211217:1210,665.06,831.6,24.25,13.39,1.38,0.0
20211217:1310,667.58,847.45,23.81,14.32,0.9,0.0
20211217:1410,584.86,742.24,20.56,14.73,0.28,0.0
20211217:1510,440.02,547.11,14.86,14.69,0.28,0.0
20211217:1610,228.59,288.22,7.24,14.19,0.55,0.0
20211217:1710,0.0,0.0,0.0,13.4,0.41,0.0
20211217:1810,0.0,0.0,0.0,12.49,0.14,0.0
20211217:1910,0.0,0.0,0.0,11.66,0.62,0.0
20211217:2010,0.0,0.0,0.0,10.75,1.1,0.0
20211217:2110,0.0,0.0,0.0,7.71,1.59,0.0
20211217:2210,0.0,0.0,0.0,6.02,1.93,0.0
20211217:2310,0.0,0.0,0.0,4.86,2.21,0.0
20211218:0010,0.0,0.0,0.0,4.24,2.34,0.0
20211218:0110,0.0,0.0,0.0,3.95,2.41,0.0
20211218:0210,0.0,0.0,0.0,3.76,2.48,0.0
20211218:0310,0.0,0.0,0.0,3.65,2.48,0.0
20211218:0410,0.0,0.0,0.0,3.63,2.48,0.0
20211218:0510,0.0,0.0,0.0,3.69,2.55,0.0
20211218:0610,0.0,0.0,0.0,3.79,2.62,0.0
20211218:0710,0.0,0.0,0.0,3.83,2.69,0.0
20211218:0810,0.0,0.0,0.0,3.9,2.76,0.0
20211218:0910,306.97,360.9,9.61,4.86,2.62,0.0
20211218:1010,490.05,578.2,16.71,8.05,2.21,0.0
20211218:1110,598.79,726.46,21.75,11.23,1.93,0.0
20211218:1210,655.95,813.51,24.21,12.88,1.59,0.0
20211218:1310,661.11,830.77,23.8,13.78,1.17,0.0
20211218:1410,576.74,720.44,20.56,14.2,0.83,0.0
20211218:1510,437.51,539.34,14.88,14.27,0.69,0.0
20211218:1610,190.7,242.26,7.28,13.98,0.76,0.0
20211218:1710,0.0,0.0,0.0,12.28,1.1,0.0
20211218:1810,0.0,0.0,0.0,9.96,1.66,0.0
20211218:1910,0.0,0.0,0.0,7.83,2.21,0.0
20211218:2010,0.0,0.0,0.0,6.8,2.34,0.0
20211218:2110,0.0,0.0,0.0,5.99,2.41,0.0
20211218:2210,0.0,0.0,0.0,5.51,2.62,0.0
20211218:2310,0.0,0.0,0.0,5.37,2.76,0.0
20211219:0010,0.0,0.0,0.0,5.25,2.76,0.0
20211219:0110,0.0,0.0,0.0,5.07,2.76,0.0
20211219:0210,0.0,0.0,0.0,4.84,2.76,0.0
20211219:0310,0.0,0.0,0.0,4.65,2.9,0.0
20211219:0410,0.0,0.0,0.0,4.52,2.97,0.0
20211219:0510,0.0,0.0,0.0,4.39,2.97,0.0
20211219:0610,0.0,0.0,0.0,4.31,3.03,0.0
20211219:0710,0.0,0.0,0.0,4.25,3.1,0.0
20211219:0810,0.0,0.0,0.0,4.47,3.31,0.0
20211219:0910,284.32,335.23,9.52,5.43,3.24,0.0
20211219:1010,478.62,559.8,16.64,7.82,3.1,0.0
20211219:1110,619.15,741.52,21.69,10.34,2.83,0.0
20211219:1210,683.19,834.6,24.18,12.17,2.62,0.0
20211219:1310,623.17,761.78,23.78,13.2,2.41,0.0
20211219:1410,483.06,584.34,20.57,13.76,2.41,0.0
20211219:1510,392.03,474.03,14.91,13.98,2.34,0.0
20211219:1610,198.23,249.0,7.33,13.63,2.41,0.0
20211219:1710,0.0,0.0,0.0,12.37,2.76,0.0
20211219:1810,0.0,0.0,0.0,10.64,3.1,0.0
20211219:1910,0.0,0.0,0.0,10.11,2.9,0.0
20211219:2010,0.0,0.0,0.0,8.69,2.62,0.0
20211219:2110,0.0,0.0,0.0,7.71,2.9,0.0
20211219:2210,0.0,0.0,0.0,7.5,3.24,0.0
20211219:2310,0.0,0.0,0.0,7.65,3.59,0.0
20211220:0010,0.0,0.0,0.0,7.62,3.86,0.0
20211220:0110,0.0,0.0,0.0,7.46,3.72,0.0
20211220:0210,0.0,0.0,0.0,7.28,3.86,0.0
20211220:0310,0.0,0.0,0.0,7.09,4.0,0.0
20211220:0410,0.0,0.0,0.0,7.14,3.93,0.0
20211220:0510,0.0,0.0,0.0,7.03,3.72,0.0
20211220:0610,0.0,0.0,0.0,7.45,3.66,0.0
20211220:0710,0.0,0.0,0.0,7.48,3.93,0.0
20211220:0810,0.0,0.0,0.0,8.01,3.86,0.0
20211220:0910,231.02,279.34,9.45,8.94,3.59,0.0
20211220:1010,249.46,299.44,16.58,10.55,3.66,0.0
20211220:1110,92.66,125.12,21.65,12.1,3.45,0.0
20211220:1210,124.8,162.72,24.15,13.23,3.31,0.0
20211220:1310,53.22,79.38,23.78,13.69,3.45,0.0
20211220:1410,32.32,53.54,20.59,13.41,4.0,0.0
20211220:1510,38.29,60.92,14.95,13.09,4.62,0.0
20211220:1610,20.94,38.72,7.38,12.86,5.03,0.0
20211220:1710,0.0,0.0,0.0,12.49,5.31,0.0
20211220:1810,0.0,0.0,0.0,12.31,4.83,0.0
20211220:1910,0.0,0.0,0.0,11.95,4.69,0.0
20211220:2010,0.0,0.0,0.0,11.87,4.83,0.0
20211220:2110,0.0,0.0,0.0,11.77,4.48,0.0
20211220:2210,0.0,0.0,0.0,11.33,4.21,0.0
20211220:2310,0.0,0.0,0.0,11.12,3.93,0.0
20211221:0010,0.0,0.0,0.0,11.13,4.21,0.0
20211221:0110,0.0,0.0,0.0,11.46,4.69,0.0
20211221:0210,0.0,0.0,0.0,11.83,5.1,0.0
20211221:0310,0.0,0.0,0.0,12.15,5.24,0.0
20211221:0410,0.0,0.0,0.0,12.3,5.1,0.0
20211221:0510,0.0,0.0,0.0,12.32,4.9,0.0
20211221:0610,0.0,0.0,0.0,12.55,5.1,0.0
20211221:0710,0.0,0.0,0.0,11.48,4.14,0.0
20211221:0810,0.0,0.0,0.0,11.41,4.21,0.0
20211221:0910,243.93,297.03,9.38,11.51,4.07,0.0
20211221:1010,454.65,540.7,16.52,12.3,3.66,0.0
20211221:1110,500.5,599.88,21.61,13.64,3.59,0.0
20211221:1210,574.35,695.5,24.13,15.24,3.93,0.0
20211221:1310,424.27,511.5,23.79,16.13,4.55,0.0
20211221:1410,515.95,623.08,20.62,16.57,4.69,0.0
20211221:1510,228.59,282.65,14.99,16.8,4.83,0.0
20211221:1610,79.45,111.59,7.44,16.63,5.38,0.0
20211221:1710,0.0,0.0,0.0,16.16,5.24,0.0
20211221:1810,0.0,0.0,0.0,15.55,4.76,0.0
20211221:1910,0.0,0.0,0.0,15.19,4.34,0.0
20211221:2010,0.0,0.0,0.0,14.57,4.14,0.0
20211221:2110,0.0,0.0,0.0,14.01,4.14,0.0
20211221:2210,0.0,0.0,0.0,13.77,4.14,0.0
20211221:2310,0.0,0.0,0.0,13.55,4.07,0.0
20211222:0010,0.0,0.0,0.0,13.21,3.72,0.0
20211222:0110,0.0,0.0,0.0,12.74,3.38,0.0
20211222:0210,0.0,0.0,0.0,12.55,3.1,0.0
20211222:0310,0.0,0.0,0.0,12.6,2.9,0.0
20211222:0410,0.0,0.0,0.0,12.59,3.03,0.0
20211222:0510,0.0,0.0,0.0,12.75,3.79,0.0
20211222:0610,0.0,0.0,0.0,12.92,4.69,0.0
20211222:0710,0.0,0.0,0.0,12.78,5.31,0.0
20211222:0810,0.0,0.0,0.0,12.63,5.45,0.0
20211222:0910,300.46,362.9,9.31,12.69,5.52,0.0
20211222:1010,370.03,439.2,16.47,13.14,5.45,0.0
20211222:1110,155.26,196.3,21.58,13.7,6.97,0.0
20211222:1210,538.56,636.7,24.12,14.1,7.03,0.0
20211222:1310,451.02,534.34,23.8,14.46,6.9,0.0
20211222:1410,209.88,258.41,20.65,14.69,6.69,0.0
20211222:1510,150.67,191.39,15.04,14.71,6.21,0.0
20211222:1610,132.7,172.27,7.5,14.57,6.34,0.0
20211222:1710,0.0,0.0,0.0,14.3,6.21,0.0
20211222:1810,0.0,0.0,0.0,14.06,6.41,0.0
20211222:1910,0.0,0.0,0.0,14.04,6.48,0.0
20211222:2010,0.0,0.0,0.0,13.93,7.1,0.0
20211222:2110,0.0,0.0,0.0,14.12,7.45,0.0
20211222:2210,0.0,0.0,0.0,14.28,7.45,0.0
20211222:2310,0.0,0.0,0.0,14.3,7.59,0.0
20211223:0010,0.0,0.0,0.0,14.12,7.72,0.0
20211223:0110,0.0,0.0,0.0,13.95,7.59,0.0
20211223:0210,0.0,0.0,0.0,13.66,7.59,0.0
20211223:0310,0.0,0.0,0.0,13.24,7.24,0.0
20211223:0410,0.0,0.0,0.0,13.04,5.86,0.0
20211223:0510,0.0,0.0,0.0,12.85,4.41,0.0
20211223:0610,0.0,0.0,0.0,12.77,3.52,0.0
20211223:0710,0.0,0.0,0.0,12.73,2.9,0.0
20211223:0810,0.0,0.0,0.0,12.53,3.1,0.0
20211223:0910,305.13,371.54,9.25,12.57,2.97,0.0
20211223:1010,453.31,543.75,16.43,12.98,2.9,0.0
20211223:1110,495.25,595.05,21.55,13.62,3.24,0.0
20211223:1210,530.43,638.05,24.12,13.86,3.59,0.0
20211223:1310,559.03,670.59,23.82,13.71,4.07,0.0
20211223:1410,571.0,684.83,20.69,13.93,4.21,0.0
20211223:1510,142.22,181.61,15.1,13.84,4.48,0.0
20211223:1610,38.32,60.93,7.57,13.3,4.97,0.0
20211223:1710,0.0,0.0,0.0,12.77,4.97,0.0
20211223:1810,0.0,0.0,0.0,12.23,5.24,0.0
20211223:1910,0.0,0.0,0.0,12.38,5.93,0.0
20211223:2010,0.0,0.0,0.0,12.28,6.69,0.0
20211223:2110,0.0,0.0,0.0,12.28,7.17,0.0
20211223:2210,0.0,0.0,0.0,12.17,7.38,0.0
20211223:2310,0.0,0.0,0.0,12.02,7.52,0.0
20211224:0010,0.0,0.0,0.0,11.74,7.59,0.0
20211224:0110,0.0,0.0,0.0,11.85,7.93,0.0
20211224:0210,0.0,0.0,0.0,11.77,8.07,0.0
20211224:0310,0.0,0.0,0.0,11.57,8.0,0.0
20211224:0410,0.0,0.0,0.0,11.5,8.0,0.0
20211224:0510,0.0,0.0,0.0,11.29,8.0,0.0
20211224:0610,0.0,0.0,0.0,11.24,8.0,0.0
20211224:0710,0.0,0.0,0.0,11.31,5.66,0.0
20211224:0810,0.0,0.0,0.0,11.39,6.14,0.0
20211224:0910,69.64,97.64,9.2,11.34,6.55,0.0
20211224:1010,32.69,53.54,16.39,11.39,6.41,0.0
20211224:1110,19.05,36.0,21.53,11.51,6.21,0.0
20211224:1210,16.31,32.31,24.12,11.55,6.07,0.0
20211224:1310,16.28,32.31,23.84,11.9,6.21,0.0
20211224:1410,16.27,32.31,20.74,12.02,6.97,0.0
20211224:1510,279.09,332.11,15.16,12.1,7.1,0.0
20211224:1610,27.33,46.84,7.65,11.95,6.69,0.0
20211224:1710,0.0,0.0,0.0,11.51,5.93,0.0
20211224:1810,0.0,0.0,0.0,11.34,5.52,0.0
20211224:1910,0.0,0.0,0.0,11.17,5.17,0.0
20211224:2010,0.0,0.0,0.0,11.08,5.31,0.0
20211224:2110,0.0,0.0,0.0,11.2,5.17,0.0
20211224:2210,0.0,0.0,0.0,11.06,5.31,0.0
20211224:2310,0.0,0.0,0.0,11.01,5.72,0.0
20211225:0010,0.0,0.0,0.0,11.09,6.21,0.0
20211225:0110,0.0,0.0,0.0,11.21,6.0,0.0
20211225:0210,0.0,0.0,0.0,11.29,5.52,0.0
20211225:0310,0.0,0.0,0.0,11.29,4.97,0.0
20211225:0410,0.0,0.0,0.0,11.34,4.21,0.0
20211225:0510,0.0,0.0,0.0,11.46,3.72,0.0
20211225:0610,0.0,0.0,0.0,11.43,3.03,0.0
20211225:0710,0.0,0.0,0.0,11.75,2.69,0.0
20211225:0810,0.0,0.0,0.0,11.36,2.69,0.0
20211225:0910,206.04,255.02,9.16,11.31,2.21,0.0
20211225:1010,291.0,351.79,16.36,12.23,1.93,0.0
20211225:1110,541.36,661.6,21.52,12.92,1.52,0.0
20211225:1210,106.15,142.18,24.13,13.6,1.1,0.0
20211225:1310,107.41,144.12,23.88,13.98,0.55,0.0
20211225:1410,158.31,202.39,20.79,14.09,0.97,0.0
20211225:1510,159.17,202.2,15.23,13.92,1.59,0.0
20211225:1610,109.08,145.24,7.73,13.67,1.93,0.0
20211225:1710,0.0,0.0,0.0,12.96,1.79,0.0
20211225:1810,0.0,0.0,0.0,12.36,1.38,0.0
20211225:1910,0.0,0.0,0.0,11.98,2.41,0.0
20211225:2010,0.0,0.0,0.0,11.83,2.83,0.0
20211225:2110,0.0,0.0,0.0,11.78,2.34,0.0
20211225:2210,0.0,0.0,0.0,11.8,2.55,0.0
20211225:2310,0.0,0.0,0.0,11.82,3.31,0.0
20211226:0010,0.0,0.0,0.0,11.88,3.72,0.0
20211226:0110,0.0,0.0,0.0,11.9,3.72,0.0
20211226:0210,0.0,0.0,0.0,11.93,4.0,0.0
20211226:0310,0.0,0.0,0.0,11.9,4.48,0.0
20211226:0410,0.0,0.0,0.0,12.0,4.62,0.0
20211226:0510,0.0,0.0,0.0,11.88,4.55,0.0
20211226:0610,0.0,0.0,0.0,11.79,4.41,0.0
20211226:0710,0.0,0.0,0.0,12.03,4.34,0.0
20211226:0810,0.0,0.0,0.0,12.13,4.76,0.0
20211226:0910,2.43,11.08,9.12,12.27,5.86,0.0
20211226:1010,60.74,87.76,16.34,12.51,6.48,0.0
20211226:1110,23.08,41.54,21.52,12.88,5.59,0.0
20211226:1210,43.48,67.38,24.15,13.48,5.66,0.0
20211226:1310,91.3,124.3,23.92,14.18,6.83,0.0
20211226:1410,38.78,61.84,20.85,14.59,6.48,0.0
20211226:1510,10.24,24.0,15.31,14.74,7.03,0.0
20211226:1610,21.31,39.44,7.82,14.71,8.21,0.0
20211226:1710,0.0,0.0,0.0,14.45,7.17,0.0
20211226:1810,0.0,0.0,0.0,14.32,7.24,0.0
20211226:1910,0.0,0.0,0.0,14.36,7.31,0.0
20211226:2010,0.0,0.0,0.0,14.34,7.38,0.0
20211226:2110,0.0,0.0,0.0,14.27,7.66,0.0
20211226:2210,0.0,0.0,0.0,13.96,8.34,0.0
20211226:2310,0.0,0.0,0.0,13.7,7.17,0.0
20211227:0010,0.0,0.0,0.0,13.69,7.45,0.0
20211227:0110,0.0,0.0,0.0,13.76,7.31,0.0
20211227:0210,0.0,0.0,0.0,13.63,7.31,0.0
20211227:0310,0.0,0.0,0.0,13.46,6.83,0.0
20211227:0410,0.0,0.0,0.0,13.42,6.28,0.0
20211227:0510,0.0,0.0,0.0,13.29,6.62,0.0
20211227:0610,0.0,0.0,0.0,13.16,6.28,0.0
20211227:0710,0.0,0.0,0.0,13.45,7.03,0.0
20211227:0810,0.0,0.0,0.0,13.4,7.24,0.0
20211227:0910,38.75,61.48,9.09,13.47,6.97,0.0
20211227:1010,54.19,80.34,16.32,13.73,6.97,0.0
20211227:1110,22.96,41.54,21.52,13.96,7.17,0.0
20211227:1210,60.14,87.69,24.18,14.23,7.17,0.0
20211227:1310,155.48,197.37,23.97,14.53,8.0,0.0
20211227:1410,36.59,59.08,20.92,14.55,8.41,0.0
20211227:1510,59.02,86.31,15.4,14.68,8.48,0.0
20211227:1610,9.64,23.08,7.91,14.4,7.93,0.0
20211227:1710,0.0,0.0,0.0,14.12,7.52,0.0
20211227:1810,0.0,0.0,0.0,13.87,7.03,0.0
20211227:1910,0.0,0.0,0.0,13.82,7.38,0.0
20211227:2010,0.0,0.0,0.0,13.83,6.97,0.0
20211227:2110,0.0,0.0,0.0,13.84,6.76,0.0
20211227:2210,0.0,0.0,0.0,13.63,6.62,0.0
20211227:2310,0.0,0.0,0.0,13.66,6.62,0.0
20211228:0010,0.0,0.0,0.0,13.63,6.69,0.0
20211228:0110,0.0,0.0,0.0,13.66,6.76,0.0
20211228:0210,0.0,0.0,0.0,13.67,6.76,0.0
20211228:0310,0.0,0.0,0.0,13.71,6.83,0.0
20211228:0410,0.0,0.0,0.0,13.76,6.76,0.0
20211228:0510,0.0,0.0,0.0,13.77,6.76,0.0
20211228:0610,0.0,0.0,0.0,13.82,6.48,0.0
20211228:0710,0.0,0.0,0.0,13.76,6.0,0.0
20211228:0810,0.0,0.0,0.0,13.8,6.0,0.0
20211228:0910,28.03,48.12,9.06,13.89,5.93,0.0
20211228:1010,148.59,188.64,16.31,13.98,6.28,0.0
20211228:1110,383.65,455.43,21.54,14.43,6.97,0.0
20211228:1210,457.44,540.42,24.22,14.22,7.38,0.0
20211228:1310,478.29,566.29,24.03,14.83,7.45,0.0
20211228:1410,141.75,181.78,21.0,14.65,6.9,0.0
20211228:1510,276.64,333.9,15.49,14.72,6.07,0.0
20211228:1610,108.85,144.55,8.01,14.47,6.14,0.0
20211228:1710,0.0,0.0,0.0,14.23,5.93,0.0
20211228:1810,0.0,0.0,0.0,14.03,5.72,0.0
20211228:1910,0.0,0.0,0.0,14.05,5.59,0.0
20211228:2010,0.0,0.0,0.0,14.2,5.72,0.0
20211228:2110,0.0,0.0,0.0,14.24,5.72,0.0
20211228:2210,0.0,0.0,0.0,14.3,5.59,0.0
20211228:2310,0.0,0.0,0.0,14.34,5.52,0.0
20211229:0010,0.0,0.0,0.0,14.39,5.52,0.0
20211229:0110,0.0,0.0,0.0,14.4,5.59,0.0
20211229:0210,0.0,0.0,0.0,14.32,5.52,0.0
20211229:0310,0.0,0.0,0.0,14.18,5.17,0.0
20211229:0410,0.0,0.0,0.0,14.04,4.83,0.0
20211229:0510,0.0,0.0,0.0,14.04,4.69,0.0
20211229:0610,0.0,0.0,0.0,14.08,4.62,0.0
20211229:0710,0.0,0.0,0.0,14.24,4.41,0.0
20211229:0810,0.0,0.0,0.0,14.13,4.28,0.0
20211229:0910,54.61,81.03,9.04,14.11,4.21,0.0
20211229:1010,79.44,110.4,16.31,14.33,4.55,0.0
20211229:1110,70.71,100.61,21.56,14.86,5.38,0.0
20211229:1210,103.22,138.76,24.26,15.21,6.07,0.0
20211229:1310,46.79,72.0,24.09,15.55,6.34,0.0
20211229:1410,37.09,60.0,21.08,15.65,6.21,0.0
20211229:1510,224.91,276.27,15.58,15.54,5.93,0.0
20211229:1610,53.52,80.01,8.12,15.33,5.52,0.0
20211229:1710,0.0,0.0,0.0,14.66,5.03,0.0
20211229:1810,0.0,0.0,0.0,14.07,4.76,0.0
20211229:1910,0.0,0.0,0.0,13.91,4.62,0.0
20211229:2010,0.0,0.0,0.0,13.83,4.48,0.0
20211229:2110,0.0,0.0,0.0,13.74,4.41,0.0
20211229:2210,0.0,0.0,0.0,13.56,4.34,0.0
20211229:2310,0.0,0.0,0.0,13.58,4.21,0.0
20211230:0010,0.0,0.0,0.0,13.54,3.93,0.0
20211230:0110,0.0,0.0,0.0,13.27,3.59,0.0
20211230:0210,0.0,0.0,0.0,12.91,3.24,0.0
20211230:0310,0.0,0.0,0.0,12.44,3.24,0.0
20211230:0410,0.0,0.0,0.0,11.89,3.31,0.0
20211230:0510,0.0,0.0,0.0,11.21,3.31,0.0
20211230:0610,0.0,0.0,0.0,10.74,3.1,0.0
20211230:0710,0.0,0.0,0.0,11.13,3.17,0.0
20211230:0810,0.0,0.0,0.0,10.87,3.17,0.0
20211230:0910,258.99,314.69,9.03,10.63,3.17,0.0
20211230:1010,419.89,498.9,16.32,11.13,2.97,0.0
20211230:1110,563.47,677.46,21.58,12.38,2.97,0.0
20211230:1210,691.04,846.74,24.31,14.02,3.24,0.0
20211230:1310,647.17,791.82,24.17,15.66,3.72,0.0
20211230:1410,584.17,709.77,21.17,16.53,4.34,0.0
20211230:1510,464.6,561.08,15.69,16.67,4.69,0.0
20211230:1610,281.96,347.78,8.23,16.5,5.24,0.0
20211230:1710,0.0,0.0,0.0,16.01,5.24,0.0
20211230:1810,0.0,0.0,0.0,15.51,4.9,0.0
20211230:1910,0.0,0.0,0.0,14.0,4.76,0.0
20211230:2010,0.0,0.0,0.0,13.49,4.83,0.0
20211230:2110,0.0,0.0,0.0,13.07,4.9,0.0
20211230:2210,0.0,0.0,0.0,12.8,4.76,0.0
20211230:2310,0.0,0.0,0.0,12.61,4.55,0.0
20211231:0010,0.0,0.0,0.0,12.53,4.48,0.0
20211231:0110,0.0,0.0,0.0,12.48,4.62,0.0
20211231:0210,0.0,0.0,0.0,12.47,4.48,0.0
20211231:0310,0.0,0.0,0.0,12.45,4.21,0.0
20211231:0410,0.0,0.0,0.0,12.33,4.07,0.0
20211231:0510,0.0,0.0,0.0,12.15,4.0,0.0
20211231:0610,0.0,0.0,0.0,11.93,3.93,0.0
20211231:0710,0.0,0.0,0.0,12.4,4.14,0.0
20211231:0810,0.0,0.0,0.0,12.07,4.0,0.0
20211231:0910,182.02,227.35,9.02,12.08,3.86,0.0
20211231:1010,416.91,498.13,16.33,13.56,4.0,0.0
20211231:1110,617.47,749.15,21.62,15.59,4.28,0.0
20211231:1210,692.68,851.28,24.37,17.44,4.76,0.0
20211231:1310,592.03,724.29,24.25,18.61,5.1,0.0
20211231:1410,582.87,711.73,21.27,19.15,5.59,0.0
20211231:1510,449.95,546.01,15.8,19.15,6.28,0.0
20211231:1610,269.35,335.47,8.35,18.8,6.28,0.0
20211231:1710,0.0,0.0,0.0,18.21,6.07,0.0
20211231:1810,0.0,0.0,0.0,17.74,6.0,0.0
20211231:1910,0.0,0.0,0.0,17.52,6.41,0.0
20211231:2010,0.0,0.0,0.0,17.37,6.55,0.0
20211231:2110,0.0,0.0,0.0,17.3,6.76,0.0
20211231:2210,0.0,0.0,0.0,17.27,6.9,0.0
20211231:2310,0.0,0.0,0.0,17.17,6.9,0.0
20220101:0010,0.0,0.0,0.0,17.11,6.83,0.0
20220101:0110,0.0,0.0,0.0,17.08,6.83,0.0
20220101:0210,0.0,0.0,0.0,16.97,6.76,0.0
20220101:0310,0.0,0.0,0.0,16.78,6.62,0.0
20220101:0410,0.0,0.0,0.0,16.54,6.21,0.0
20220101:0510,0.0,0.0,0.0,16.21,5.72,0.0
20220101:0610,0.0,0.0,0.0,15.84,5.38,0.0
20220101:0710,0.0,0.0,0.0,15.98,4.9,0.0
20220101:0810,0.0,0.0,0.0,15.5,4.55,0.0
20220101:0910,98.62,133.49,9.02,15.21,4.41,0.0
20220101:1010,302.68,367.63,16.35,15.88,4.41,0.0
20220101:1110,192.64,242.61,21.67,17.26,5.03,0.0
20220101:1210,216.31,270.85,24.45,18.18,5.72,0.0
20220101:1310,100.76,137.83,24.36,18.6,6.21,0.0
20220101:1410,41.66,66.46,21.4,18.61,7.03,0.0
20220101:1510,28.02,48.92,15.94,18.22,7.31,0.0
20220101:1610,104.44,141.07,8.5,17.55,6.97,0.0
20220101:1710,0.0,0.0,0.0,16.57,6.83,0.0
20220101:1810,0.0,0.0,0.0,15.66,6.69,0.0
20220101:1910,0.0,0.0,0.0,16.14,6.97,0.0
20220101:2010,0.0,0.0,0.0,15.5,6.83,0.0
20220101:2110,0.0,0.0,0.0,15.03,6.62,0.0
20220101:2210,0.0,0.0,0.0,14.04,6.0,0.0
20220101:2310,0.0,0.0,0.0,13.9,5.38,0.0
20220102:0010,0.0,0.0,0.0,13.93,4.9,0.0
20220102:0110,0.0,0.0,0.0,13.94,4.34,0.0
20220102:0210,0.0,0.0,0.0,13.88,3.93,0.0
20220102:0310,0.0,0.0,0.0,13.78,3.52,0.0
20220102:0410,0.0,0.0,0.0,13.66,3.17,0.0
20220102:0510,0.0,0.0,0.0,13.49,3.1,0.0
20220102:0610,0.0,0.0,0.0,13.38,3.1,0.0
20220102:0710,0.0,0.0,0.0,13.07,3.1,0.0
20220102:0810,0.0,0.0,0.0,13.14,3.03,0.0
20220102:0910,139.19,179.41,9.03,13.22,3.45,0.0
20220102:1010,273.57,330.89,16.38,13.45,3.79,0.0
20220102:1110,408.82,489.54,21.72,14.13,4.0,0.0
20220102:1210,423.06,507.14,24.53,14.59,4.34,0.0
20220102:1310,465.44,558.21,24.45,14.78,4.41,0.0
20220102:1410,341.49,411.24,21.52,14.82,4.21,0.0
20220102:1510,147.95,189.06,16.07,14.76,4.0,0.0
20220102:1610,186.66,234.72,8.63,14.43,3.52,0.0
20220102:1710,0.0,0.0,0.0,13.89,3.17,0.0
20220102:1810,0.0,0.0,0.0,13.26,2.97,0.0
20220102:1910,0.0,0.0,0.0,12.97,2.69,0.0
20220102:2010,0.0,0.0,0.0,12.61,2.97,0.0
20220102:2110,0.0,0.0,0.0,12.32,2.97,0.0
20220102:2210,0.0,0.0,0.0,11.83,2.9,0.0
20220102:2310,0.0,0.0,0.0,11.42,2.69,0.0
20220103:0010,0.0,0.0,0.0,11.04,2.83,0.0
20220103:0110,0.0,0.0,0.0,10.89,2.9,0.0
20220103:0210,0.0,0.0,0.0,10.61,2.97,0.0
20220103:0310,0.0,0.0,0.0,10.65,3.03,0.0
20220103:0410,0.0,0.0,0.0,10.92,3.31,0.0
20220103:0510,0.0,0.0,0.0,10.98,3.45,0.0
20220103:0610,0.0,0.0,0.0,11.09,3.52,0.0
20220103:0710,0.0,0.0,0.0,10.68,4.14,0.0
20220103:0810,0.0,0.0,0.0,11.25,4.21,0.0
20220103:0910,51.67,76.83,9.04,11.98,4.76,0.0
20220103:1010,89.02,120.67,16.42,12.85,5.45,0.0
20220103:1110,96.19,129.43,21.78,13.38,6.48,0.0
20220103:1210,116.56,152.86,24.61,13.56,7.52,0.0
20220103:1310,56.42,83.08,24.56,13.83,8.07,0.0
20220103:1410,64.9,93.23,21.64,13.96,8.14,0.0
20220103:1510,47.94,72.92,16.2,14.03,8.0,0.0
20220103:1610,58.23,85.03,8.77,13.95,8.55,0.0
20220103:1710,0.0,0.0,0.0,13.56,7.72,0.0
20220103:1810,0.0,0.0,0.0,13.2,7.66,0.0
20220103:1910,0.0,0.0,0.0,13.06,7.86,0.0
20220103:2010,0.0,0.0,0.0,13.09,8.14,0.0
20220103:2110,0.0,0.0,0.0,13.08,8.34,0.0
20220103:2210,0.0,0.0,0.0,13.09,8.28,0.0
20220103:2310,0.0,0.0,0.0,13.04,8.14,0.0
20220104:0010,0.0,0.0,0.0,13.14,8.07,0.0
20220104:0110,0.0,0.0,0.0,13.08,8.07,0.0
20220104:0210,0.0,0.0,0.0,12.78,8.14,0.0
20220104:0310,0.0,0.0,0.0,12.67,8.48,0.0
20220104:0410,0.0,0.0,0.0,12.79,8.97,0.0
20220104:0510,0.0,0.0,0.0,12.48,7.86,0.0
20220104:0610,0.0,0.0,0.0,11.6,5.31,0.0
20220104:0710,0.0,0.0,0.0,10.9,6.76,0.0
20220104:0810,0.0,0.0,0.0,9.12,8.0,0.0
20220104:0910,17.98,34.15,9.07,8.16,4.76,0.0
20220104:1010,62.65,88.63,16.46,8.06,2.9,0.0
20220104:1110,512.9,607.73,21.85,8.46,2.07,0.0
20220104:1210,709.73,856.25,24.7,8.98,2.55,0.0
20220104:1310,360.21,422.72,24.67,9.25,4.21,0.0
20220104:1410,528.78,620.02,21.77,9.57,4.14,0.0
20220104:1510,319.48,376.12,16.33,10.04,4.97,0.0
20220104:1610,100.39,132.4,8.91,10.24,4.97,0.0
20220104:1710,0.0,0.0,0.0,10.1,3.93,0.0
20220104:1810,0.0,0.0,0.0,9.84,3.17,0.0
20220104:1910,0.0,0.0,0.0,9.14,3.24,0.0
20220104:2010,0.0,0.0,0.0,9.05,2.97,0.0
20220104:2110,0.0,0.0,0.0,9.01,3.45,0.0
20220104:2210,0.0,0.0,0.0,8.88,4.0,0.0
20220104:2310,0.0,0.0,0.0,9.15,2.9,0.0
20220105:0010,0.0,0.0,0.0,8.88,2.07,0.0
20220105:0110,0.0,0.0,0.0,8.07,1.52,0.0
20220105:0210,0.0,0.0,0.0,8.64,0.69,0.0
20220105:0310,0.0,0.0,0.0,8.57,0.55,0.0
20220105:0410,0.0,0.0,0.0,7.52,0.97,0.0
20220105:0510,0.0,0.0,0.0,6.84,1.59,0.0
20220105:0610,0.0,0.0,0.0,7.27,2.14,0.0
20220105:0710,0.0,0.0,0.0,8.81,2.83,0.0
20220105:0810,0.0,0.0,0.0,9.27,3.38,0.0
20220105:0910,29.29,48.98,9.09,9.71,4.0,0.0
20220105:1010,27.01,46.15,16.51,10.06,4.62,0.0
20220105:1110,75.42,104.31,21.92,10.57,5.86,0.0
20220105:1210,87.16,118.15,24.8,11.16,5.93,0.0
20220105:1310,194.92,239.35,24.79,11.52,5.72,0.0
20220105:1410,26.87,46.15,21.9,11.17,5.93,0.0
20220105:1510,507.27,595.89,16.48,11.32,5.24,0.0
20220105:1610,39.55,61.9,9.05,11.2,5.52,0.0
20220105:1710,0.0,0.0,0.0,10.66,5.1,0.0
20220105:1810,0.0,0.0,0.0,10.2,4.21,0.0
20220105:1910,0.0,0.0,0.0,10.22,4.14,0.0
20220105:2010,0.0,0.0,0.0,10.11,3.66,0.0
20220105:2110,0.0,0.0,0.0,9.84,2.9,0.0
20220105:2210,0.0,0.0,0.0,9.32,1.59,0.0
20220105:2310,0.0,0.0,0.0,9.95,0.48,0.0
20220106:0010,0.0,0.0,0.0,9.87,0.14,0.0
20220106:0110,0.0,0.0,0.0,9.76,0.41,0.0
20220106:0210,0.0,0.0,0.0,9.68,0.28,0.0
20220106:0310,0.0,0.0,0.0,9.72,0.21,0.0
20220106:0410,0.0,0.0,0.0,9.36,0.55,0.0
20220106:0510,0.0,0.0,0.0,9.08,0.48,0.0
20220106:0610,0.0,0.0,0.0,8.98,0.48,0.0
20220106:0710,0.0,0.0,0.0,9.62,0.28,0.0
20220106:0810,0.0,0.0,0.0,9.49,0.14,0.0
20220106:0910,59.81,86.13,9.13,9.58,0.28,0.0
20220106:1010,95.78,128.04,16.57,10.19,0.41,0.0
20220106:1110,146.77,187.27,22.0,11.5,0.9,0.0
20220106:1210,59.8,86.77,24.9,11.7,1.52,0.0
20220106:1310,86.34,118.15,24.91,12.15,2.21,0.0
20220106:1410,218.18,267.75,22.04,12.32,2.62,0.0
20220106:1510,254.6,308.95,16.63,12.19,2.28,0.0
20220106:1610,163.86,206.85,9.21,12.01,1.93,0.0
20220106:1710,0.0,0.0,0.0,11.57,1.17,0.0
20220106:1810,0.0,0.0,0.0,10.9,1.24,0.0
20220106:1910,0.0,0.0,0.0,10.38,1.03,0.0
20220106:2010,0.0,0.0,0.0,10.37,0.83,0.0
20220106:2110,0.0,0.0,0.0,10.36,0.97,0.0
20220106:2210,0.0,0.0,0.0,10.62,2.34,0.0
20220106:2310,0.0,0.0,0.0,10.74,3.79,0.0
20220107:0010,0.0,0.0,0.0,10.75,4.69,0.0
20220107:0110,0.0,0.0,0.0,10.58,4.41,0.0
20220107:0210,0.0,0.0,0.0,10.25,4.07,0.0
20220107:0310,0.0,0.0,0.0,9.79,3.86,0.0
20220107:0410,0.0,0.0,0.0,9.4,4.0,0.0
20220107:0510,0.0,0.0,0.0,9.01,4.07,0.0
20220107:0610,0.0,0.0,0.0,8.98,3.86,0.0
20220107:0710,0.0,0.0,0.0,8.81,3.31,0.0
20220107:0810,0.0,0.0,0.0,8.63,3.72,0.0
20220107:0910,248.46,299.85,9.17,8.9,3.93,0.0
20220107:1010,472.58,556.16,16.63,9.59,3.52,0.0
20220107:1110,639.91,760.22,22.09,10.27,3.86,0.0
20220107:1210,683.75,814.57,25.01,11.05,4.55,0.0
20220107:1310,442.8,523.29,25.05,11.49,4.34,0.0
20220107:1410,460.59,544.51,22.19,11.78,4.34,0.0
20220107:1510,482.65,571.27,16.78,11.74,4.14,0.0
20220107:1610,209.36,257.09,9.36,11.62,4.14,0.0
20220107:1710,0.0,0.0,0.0,10.93,2.97,0.0
20220107:1810,0.0,0.0,0.0,10.01,2.41,0.0
20220107:1910,0.0,0.0,0.0,9.21,2.83,0.0
20220107:2010,0.0,0.0,0.0,8.44,2.48,0.0
20220107:2110,0.0,0.0,0.0,7.34,2.07,0.0
20220107:2210,0.0,0.0,0.0,7.1,1.59,0.0
20220107:2310,0.0,0.0,0.0,6.79,1.45,0.0
20220108:0010,0.0,0.0,0.0,6.49,1.38,0.0
20220108:0110,0.0,0.0,0.0,5.67,1.31,0.0
20220108:0210,0.0,0.0,0.0,4.47,1.45,0.0
20220108:0310,0.0,0.0,0.0,4.28,1.45,0.0
20220108:0410,0.0,0.0,0.0,4.36,1.38,0.0
20220108:0510,0.0,0.0,0.0,4.55,1.31,0.0
20220108:0610,0.0,0.0,0.0,4.61,1.45,0.0
20220108:0710,0.0,0.0,0.0,4.21,1.45,0.0
20220108:0810,0.0,0.0,0.0,4.84,1.59,0.0
20220108:0910,116.79,149.5,9.22,5.94,1.79,0.0
20220108:1010,174.03,213.38,16.7,7.86,2.34,0.0
20220108:1110,268.21,322.32,22.18,9.79,1.93,0.0
20220108:1210,191.93,237.14,25.13,10.97,2.69,0.0
20220108:1310,227.47,276.82,25.19,11.4,3.72,0.0
20220108:1410,464.5,548.44,22.34,11.67,4.48,0.0
20220108:1510,169.43,210.57,16.94,11.8,4.83,0.0
20220108:1610,29.78,49.94,9.52,11.71,4.55,0.0
20220108:1710,0.0,0.0,0.0,11.31,4.0,0.0
20220108:1810,0.0,0.0,0.0,11.09,3.72,0.0
20220108:1910,0.0,0.0,0.0,11.07,4.0,0.0
20220108:2010,0.0,0.0,0.0,11.08,4.14,0.0
20220108:2110,0.0,0.0,0.0,11.04,4.0,0.0
20220108:2210,0.0,0.0,0.0,11.09,4.07,0.0
20220108:2310,0.0,0.0,0.0,11.22,4.55,0.0
20220109:0010,0.0,0.0,0.0,11.28,4.83,0.0
20220109:0110,0.0,0.0,0.0,11.46,4.76,0.0
20220109:0210,0.0,0.0,0.0,11.62,4.62,0.0
20220109:0310,0.0,0.0,0.0,11.83,4.62,0.0
20220109:0410,0.0,0.0,0.0,11.97,4.62,0.0
20220109:0510,0.0,0.0,0.0,12.13,4.83,0.0
20220109:0610,0.0,0.0,0.0,12.23,5.17,0.0
20220109:0710,0.0,0.0,0.0,11.66,4.9,0.0
20220109:0810,0.0,0.0,0.0,11.78,4.55,0.0
20220109:0910,26.68,46.07,9.27,11.99,4.0,0.0
20220109:1010,23.84,42.46,16.78,12.35,4.34,0.0
20220109:1110,41.38,64.61,22.28,12.66,4.9,0.0
20220109:1210,23.78,42.46,25.26,12.83,4.83,0.0
20220109:1310,36.84,59.08,25.33,12.85,4.34,0.0
20220109:1410,48.03,72.92,22.5,13.28,4.28,0.0
20220109:1510,39.03,61.84,17.11,13.11,4.34,0.0
20220109:1610,80.94,111.49,9.69,12.99,4.14,0.0
20220109:1710,0.0,0.0,0.0,12.89,3.79,0.0
20220109:1810,0.0,0.0,0.0,12.71,3.45,0.0
20220109:1910,0.0,0.0,0.0,12.64,2.69,0.0
20220109:2010,0.0,0.0,0.0,12.57,2.69,0.0
20220109:2110,0.0,0.0,0.0,12.56,2.9,0.0
20220109:2210,0.0,0.0,0.0,12.51,2.97,0.0
20220109:2310,0.0,0.0,0.0,12.41,2.83,0.0
20220110:0010,0.0,0.0,0.0,12.26,2.62,0.0
20220110:0110,0.0,0.0,0.0,12.25,2.34,0.0
20220110:0210,0.0,0.0,0.0,12.19,2.28,0.0
20220110:0310,0.0,0.0,0.0,12.14,2.28,0.0
20220110:0410,0.0,0.0,0.0,12.15,2.28,0.0
20220110:0510,0.0,0.0,0.0,12.09,2.41,0.0
20220110:0610,0.0,0.0,0.0,12.05,2.55,0.0
20220110:0710,0.0,0.0,0.0,11.91,1.93,0.0
20220110:0810,0.0,0.0,0.0,11.76,2.0,0.0
20220110:0910,39.96,62.74,9.33,11.83,2.14,0.0
20220110:1010,55.15,81.23,16.86,12.02,2.48,0.0
20220110:1110,122.96,160.36,22.39,12.78,2.62,0.0
20220110:1210,163.98,207.35,25.39,12.88,2.69,0.0
20220110:1310,157.98,200.68,25.49,13.22,3.03,0.0
20220110:1410,78.94,109.84,22.67,13.24,3.17,0.0
20220110:1510,170.82,213.98,17.28,13.11,3.31,0.0
20220110:1610,112.83,148.45,9.86,13.05,3.17,0.0
20220110:1710,0.0,0.0,0.0,12.53,2.9,0.0
20220110:1810,0.0,0.0,0.0,11.75,2.83,0.0
20220110:1910,0.0,0.0,0.0,11.34,2.83,0.0
20220110:2010,0.0,0.0,0.0,11.33,2.9,0.0
20220110:2110,0.0,0.0,0.0,11.24,3.17,0.0
20220110:2210,0.0,0.0,0.0,11.12,3.38,0.0
20220110:2310,0.0,0.0,0.0,10.88,3.45,0.0
20220111:0010,0.0,0.0,0.0,10.64,3.52,0.0
20220111:0110,0.0,0.0,0.0,10.48,3.52,0.0
20220111:0210,0.0,0.0,0.0,10.23,3.59,0.0
20220111:0310,0.0,0.0,0.0,10.1,3.66,0.0
20220111:0410,0.0,0.0,0.0,9.94,3.66,0.0
20220111:0510,0.0,0.0,0.0,9.79,3.66,0.0
20220111:0610,0.0,0.0,0.0,9.63,3.66,0.0
20220111:0710,0.0,0.0,0.0,9.05,3.1,0.0
20220111:0810,0.0,0.0,0.0,8.76,3.17,0.0
20220111:0910,278.18,334.84,9.4,8.94,3.31,0.0
20220111:1010,488.88,576.69,16.95,9.9,3.45,0.0
20220111:1110,635.26,759.46,22.51,11.01,3.52,0.0
20220111:1210,691.77,836.71,25.53,12.17,3.59,0.0
20220111:1310,679.23,823.44,25.65,13.14,3.72,0.0
20220111:1410,623.53,753.36,22.84,13.83,3.79,0.0
20220111:1510,525.4,633.02,17.46,14.22,3.52,0.0
20220111:1610,322.61,392.98,10.04,14.16,3.38,0.0
20220111:1710,0.0,0.0,0.0,13.42,3.38,0.0
20220111:1810,0.0,0.0,0.0,12.38,3.52,0.0
20220111:1910,0.0,0.0,0.0,11.8,4.07,0.0
20220111:2010,0.0,0.0,0.0,11.06,4.0,0.0
20220111:2110,0.0,0.0,0.0,10.32,3.93,0.0
20220111:2210,0.0,0.0,0.0,9.58,3.93,0.0
20220111:2310,0.0,0.0,0.0,9.02,3.93,0.0
20220112:0010,0.0,0.0,0.0,8.55,3.79,0.0
20220112:0110,0.0,0.0,0.0,8.21,3.66,0.0
20220112:0210,0.0,0.0,0.0,7.87,3.52,0.0
20220112:0310,0.0,0.0,0.0,7.61,3.45,0.0
20220112:0410,0.0,0.0,0.0,7.36,3.38,0.0
20220112:0510,0.0,0.0,0.0,7.2,3.45,0.0
20220112:0610,0.0,0.0,0.0,7.07,3.66,0.0
20220112:0710,0.0,0.0,0.0,7.36,3.66,0.0
20220112:0810,0.0,0.0,0.0,7.28,3.52,0.0
20220112:0910,280.29,335.45,9.48,7.65,3.24,0.0
20220112:1010,500.11,591.5,17.05,9.48,2.9,0.0
20220112:1110,634.45,766.72,22.63,11.57,2.76,0.0
20220112:1210,677.22,831.24,25.68,12.95,2.55,0.0
20220112:1310,668.68,828.89,25.82,13.93,2.14,0.0
20220112:1410,625.84,774.33,23.02,14.48,2.0,0.0
20220112:1510,534.12,652.89,17.64,14.71,2.28,0.0
20220112:1610,335.36,411.22,10.22,14.54,2.28,0.0
20220112:1710,0.0,0.0,0.0,13.68,2.55,0.0
20220112:1810,0.0,0.0,0.0,12.33,2.83,0.0
20220112:1910,0.0,0.0,0.0,11.26,3.03,0.0
20220112:2010,0.0,0.0,0.0,10.1,2.83,0.0
20220112:2110,0.0,0.0,0.0,8.89,2.62,0.0
20220112:2210,0.0,0.0,0.0,7.78,2.69,0.0
20220112:2310,0.0,0.0,0.0,6.97,2.83,0.0
20220113:0010,0.0,0.0,0.0,6.36,2.9,0.0
20220113:0110,0.0,0.0,0.0,5.82,2.9,0.0
20220113:0210,0.0,0.0,0.0,5.36,2.9,0.0
20220113:0310,0.0,0.0,0.0,4.98,2.97,0.0
20220113:0410,0.0,0.0,0.0,4.63,3.03,0.0
20220113:0510,0.0,0.0,0.0,4.29,3.1,0.0
20220113:0610,0.0,0.0,0.0,4.01,3.17,0.0
20220113:0710,0.0,0.0,0.0,3.79,3.17,0.0
20220113:0810,0.0,0.0,0.0,3.47,3.1,0.0
20220113:0910,294.11,346.31,9.56,4.1,2.9,0.0
20220113:1010,507.9,594.79,17.15,6.81,2.62,0.0
20220113:1110,648.9,782.77,22.76,9.67,2.28,0.0
20220113:1210,692.99,854.28,25.84,11.55,1.93,0.0
20220113:1310,689.54,860.81,25.99,12.67,1.52,0.0
20220113:1410,628.01,784.1,23.2,13.34,1.1,0.0
20220113:1510,527.25,654.87,17.83,13.59,0.62,0.0
20220113:1610,336.04,417.68,10.41,13.46,0.07,0.0
20220113:1710,0.0,0.0,0.0,12.7,0.62,0.0
20220113:1810,0.0,0.0,0.0,11.55,0.97,0.0
20220113:1910,0.0,0.0,0.0,9.16,1.45,0.0
20220113:2010,0.0,0.0,0.0,7.09,1.79,0.0
20220113:2110,0.0,0.0,0.0,5.4,2.07,0.0
20220113:2210,0.0,0.0,0.0,4.14,2.28,0.0
20220113:2310,0.0,0.0,0.0,3.48,2.48,0.0
20220114:0010,0.0,0.0,0.0,3.18,2.62,0.0
20220114:0110,0.0,0.0,0.0,3.12,2.62,0.0
20220114:0210,0.0,0.0,0.0,3.12,2.62,0.0
20220114:0310,0.0,0.0,0.0,3.14,2.62,0.0
20220114:0410,0.0,0.0,0.0,3.14,2.69,0.0
20220114:0510,0.0,0.0,0.0,3.1,2.76,0.0
20220114:0610,0.0,0.0,0.0,3.06,2.83,0.0
20220114:0710,0.0,0.0,0.0,2.64,2.9,0.0
20220114:0810,0.0,0.0,0.0,2.57,3.03,0.0
20220114:0910,304.08,356.6,9.64,3.42,2.9,0.0
20220114:1010,515.01,603.0,17.26,6.68,2.62,0.0
20220114:1110,654.39,790.18,22.9,9.75,2.28,0.0
20220114:1210,694.8,856.33,26.0,11.28,1.86,0.0
20220114:1310,692.3,864.83,26.17,12.01,1.31,0.0
20220114:1410,621.46,774.08,23.39,12.37,0.9,0.0
20220114:1510,522.6,643.16,18.02,12.39,0.76,0.0
20220114:1610,333.89,408.5,10.6,12.15,0.97,0.0
20220114:1710,0.0,2.77,1.68,11.21,1.1,0.0
20220114:1810,0.0,0.0,0.0,10.6,0.76,0.0
20220114:1910,0.0,0.0,0.0,10.24,0.55,0.0
20220114:2010,0.0,0.0,0.0,9.42,1.1,0.0
20220114:2110,0.0,0.0,0.0,6.32,1.59,0.0
20220114:2210,0.0,0.0,0.0,4.57,2.0,0.0
20220114:2310,0.0,0.0,0.0,3.56,2.21,0.0
20220115:0010,0.0,0.0,0.0,2.86,2.34,0.0
20220115:0110,0.0,0.0,0.0,2.51,2.48,0.0
20220115:0210,0.0,0.0,0.0,2.41,2.62,0.0
20220115:0310,0.0,0.0,0.0,2.46,2.69,0.0
20220115:0410,0.0,0.0,0.0,2.62,2.76,0.0
20220115:0510,0.0,0.0,0.0,2.74,2.83,0.0
20220115:0610,0.0,0.0,0.0,2.87,2.83,0.0
20220115:0710,0.0,0.0,0.0,3.16,3.03,0.0
20220115:0810,0.0,0.0,0.0,3.37,3.03,0.0
20220115:0910,251.85,299.36,9.74,4.68,2.83,0.0
20220115:1010,248.0,294.67,17.38,7.19,2.76,0.0
20220115:1110,260.88,313.17,23.05,9.86,2.76,0.0
20220115:1210,395.7,471.06,26.17,11.16,2.97,0.0
20220115:1310,96.97,130.15,26.36,11.87,3.45,0.0
20220115:1410,315.94,378.18,23.59,12.37,3.93,0.0
20220115:1510,144.93,184.15,18.22,12.47,4.0,0.0
20220115:1610,183.33,227.92,10.79,12.18,3.72,0.0
20220115:1710,0.0,4.62,1.87,11.62,3.59,0.0
20220115:1810,0.0,0.0,0.0,11.19,3.31,0.0
20220115:1910,0.0,0.0,0.0,10.73,3.31,0.0
20220115:2010,0.0,0.0,0.0,10.11,3.38,0.0
20220115:2110,0.0,0.0,0.0,9.43,3.31,0.0
20220115:2210,0.0,0.0,0.0,8.76,3.17,0.0
20220115:2310,0.0,0.0,0.0,8.01,3.17,0.0
20220116:0010,0.0,0.0,0.0,7.61,3.03,0.0
20220116:0110,0.0,0.0,0.0,7.19,3.03,0.0
20220116:0210,0.0,0.0,0.0,7.2,3.24,0.0
20220116:0310,0.0,0.0,0.0,6.96,3.59,0.0
20220116:0410,0.0,0.0,0.0,6.89,3.59,0.0
20220116:0510,0.0,0.0,0.0,6.84,3.59,0.0
20220116:0610,0.0,0.0,0.0,6.94,3.72,0.0
20220116:0710,0.0,0.0,0.0,7.71,3.52,0.0
20220116:0810,0.0,0.0,0.0,7.84,3.59,0.0
20220116:0910,135.77,171.85,9.84,8.06,3.45,0.0
20220116:1010,99.7,131.37,17.51,9.26,3.17,0.0
20220116:1110,280.14,336.54,23.2,11.22,3.03,0.0
20220116:1210,495.98,595.84,26.34,13.14,3.17,0.0
20220116:1310,439.21,528.38,26.55,14.21,3.52,0.0
20220116:1410,530.05,639.21,23.79,14.61,3.72,0.0
20220116:1510,86.24,118.75,18.42,14.64,3.52,0.0
20220116:1610,202.51,252.74,10.99,14.41,2.9,0.0
20220116:1710,0.0,4.62,2.06,13.81,2.48,0.0
20220116:1810,0.0,0.0,0.0,12.68,2.14,0.0
20220116:1910,0.0,0.0,0.0,10.73,1.79,0.0
20220116:2010,0.0,0.0,0.0,9.53,1.66,0.0
20220116:2110,0.0,0.0,0.0,8.37,1.79,0.0
20220116:2210,0.0,0.0,0.0,7.4,2.07,0.0
20220116:2310,0.0,0.0,0.0,6.78,2.14,0.0
20220117:0010,0.0,0.0,0.0,6.44,2.07,0.0
20220117:0110,0.0,0.0,0.0,6.1,2.07,0.0
20220117:0210,0.0,0.0,0.0,5.94,2.28,0.0
20220117:0310,0.0,0.0,0.0,5.96,2.55,0.0
20220117:0410,0.0,0.0,0.0,5.91,2.69,0.0
20220117:0510,0.0,0.0,0.0,5.8,2.62,0.0
20220117:0610,0.0,0.0,0.0,5.67,2.55,0.0
20220117:0710,0.0,0.0,0.0,5.62,2.34,0.0
20220117:0810,0.0,0.0,0.0,5.5,2.41,0.0
20220117:0910,260.66,312.15,9.95,6.14,2.21,0.0
20220117:1010,486.81,579.75,17.64,8.9,1.72,0.0
20220117:1110,563.83,686.6,23.36,11.6,1.52,0.0
20220117:1210,599.3,742.08,26.53,13.14,1.31,0.0
20220117:1310,625.33,787.22,26.75,14.09,0.9,0.0
20220117:1410,595.1,753.9,24.0,14.6,0.41,0.0
20220117:1510,471.35,585.16,18.63,14.76,0.55,0.0
20220117:1610,294.29,363.75,11.19,14.5,1.17,0.0
20220117:1710,0.0,4.62,2.25,13.66,1.52,0.0
20220117:1810,0.0,0.0,0.0,11.88,1.03,0.0
20220117:1910,0.0,0.0,0.0,12.22,0.62,0.0
20220117:2010,0.0,0.0,0.0,11.14,1.1,0.0
20220117:2110,0.0,0.0,0.0,9.07,1.38,0.0
20220117:2210,0.0,0.0,0.0,8.53,1.38,0.0
20220117:2310,0.0,0.0,0.0,8.23,1.38,0.0
20220118:0010,0.0,0.0,0.0,7.88,1.45,0.0
20220118:0110,0.0,0.0,0.0,7.6,1.52,0.0
20220118:0210,0.0,0.0,0.0,7.15,1.59,0.0
20220118:0310,0.0,0.0,0.0,6.25,1.79,0.0
20220118:0410,0.0,0.0,0.0,5.3,1.93,0.0
20220118:0510,0.0,0.0,0.0,4.85,2.07,0.0
20220118:0610,0.0,0.0,0.0,4.48,2.14,0.0
20220118:0710,0.0,0.0,0.0,4.13,2.14,0.0
20220118:0810,0.0,0.0,0.0,4.09,2.14,0.0
20220118:0910,281.73,335.24,10.06,5.16,2.0,0.0
20220118:1010,484.15,575.64,17.78,8.59,1.72,0.0
20220118:1110,570.21,695.64,23.52,11.38,1.38,0.0
20220118:1210,636.1,795.51,26.72,12.77,0.97,0.0
20220118:1310,678.33,865.15,26.96,13.56,0.62,0.0
20220118:1410,627.73,795.13,24.22,14.0,0.55,0.0
20220118:1510,507.03,624.97,18.84,14.16,1.1,0.0
20220118:1610,318.5,390.61,11.4,13.92,1.66,0.0
20220118:1710,0.66,7.38,2.45,13.23,1.79,0.0
20220118:1810,0.0,0.0,0.0,11.57,1.52,0.0
20220118:1910,0.0,0.0,0.0,10.23,1.31,0.0
20220118:2010,0.0,0.0,0.0,8.68,1.59,0.0
20220118:2110,0.0,0.0,0.0,7.14,1.86,0.0
20220118:2210,0.0,0.0,0.0,5.93,2.07,0.0
20220118:2310,0.0,0.0,0.0,5.04,2.21,0.0
20220119:0010,0.0,0.0,0.0,4.64,2.41,0.0
20220119:0110,0.0,0.0,0.0,4.46,2.55,0.0
20220119:0210,0.0,0.0,0.0,4.38,2.62,0.0
20220119:0310,0.0,0.0,0.0,4.3,2.69,0.0
20220119:0410,0.0,0.0,0.0,4.17,2.69,0.0
20220119:0510,0.0,0.0,0.0,4.21,2.69,0.0
20220119:0610,0.0,0.0,0.0,4.24,2.76,0.0
20220119:0710,0.0,0.0,0.0,4.0,3.24,0.0
20220119:0810,0.0,0.0,0.0,3.79,3.31,0.0
20220119:0910,299.71,352.35,10.18,4.1,3.17,0.0
20220119:1010,503.26,584.52,17.92,5.53,2.83,0.0
20220119:1110,609.52,723.01,23.69,7.72,2.48,0.0
20220119:1210,631.22,765.88,26.91,10.28,2.0,0.0
20220119:1310,678.35,845.35,27.17,12.22,1.38,0.0
20220119:1410,631.06,789.19,24.44,13.31,1.03,0.0
20220119:1510,496.42,610.29,19.06,13.81,1.1,0.0
20220119:1610,314.45,386.87,11.61,13.83,1.17,0.0
20220119:1710,1.49,9.23,2.66,13.29,1.52,0.0
20220119:1810,0.0,0.0,0.0,11.37,1.93,0.0
20220119:1910,0.0,0.0,0.0,9.65,2.41,0.0
20220119:2010,0.0,0.0,0.0,8.51,2.76,0.0
20220119:2110,0.0,0.0,0.0,7.85,2.9,0.0
20220119:2210,0.0,0.0,0.0,7.3,2.97,0.0
20220119:2310,0.0,0.0,0.0,6.75,3.03,0.0
20220120:0010,0.0,0.0,0.0,6.25,3.24,0.0
20220120:0110,0.0,0.0,0.0,5.87,3.24,0.0
20220120:0210,0.0,0.0,0.0,5.47,3.31,0.0
20220120:0310,0.0,0.0,0.0,5.09,3.45,0.0
20220120:0410,0.0,0.0,0.0,4.8,3.52,0.0
20220120:0510,0.0,0.0,0.0,4.74,3.45,0.0
20220120:0610,0.0,0.0,0.0,4.68,3.45,0.0
20220120:0710,0.0,0.0,0.0,5.09,3.45,0.0
20220120:0810,0.0,0.0,0.0,4.89,3.45,0.0
20220120:0910,291.47,345.07,10.3,5.63,3.38,0.0
20220120:1010,510.38,598.01,18.07,7.94,3.24,0.0
20220120:1110,628.81,754.5,23.87,10.67,2.97,0.0
20220120:1210,663.3,808.07,27.11,12.51,2.9,0.0
20220120:1310,721.87,887.01,27.39,13.61,3.24,0.0
20220120:1410,666.07,812.27,24.66,14.18,3.52,0.0
20220120:1510,535.47,646.8,19.28,14.38,3.38,0.0
20220120:1610,347.68,422.42,11.83,14.19,3.17,0.0
20220120:1710,7.12,19.58,2.86,13.34,3.17,0.0
20220120:1810,0.0,0.0,0.0,11.89,3.24,0.0
20220120:1910,0.0,0.0,0.0,10.55,4.07,0.0
20220120:2010,0.0,0.0,0.0,9.43,4.21,0.0
20220120:2110,0.0,0.0,0.0,8.46,4.34,0.0
20220120:2210,0.0,0.0,0.0,7.64,4.07,0.0
20220120:2310,0.0,0.0,0.0,6.91,3.93,0.0
20220121:0010,0.0,0.0,0.0,6.28,3.72,0.0
20220121:0110,0.0,0.0,0.0,5.78,3.66,0.0
20220121:0210,0.0,0.0,0.0,5.37,3.66,0.0
20220121:0310,0.0,0.0,0.0,5.14,3.66,0.0
20220121:0410,0.0,0.0,0.0,4.81,3.59,0.0
20220121:0510,0.0,0.0,0.0,4.62,3.59,0.0
20220121:0610,0.0,0.0,0.0,4.35,3.52,0.0
20220121:0710,0.0,0.0,0.0,4.35,3.38,0.0
20220121:0810,0.0,0.0,0.0,4.14,3.31,0.0
20220121:0910,301.12,354.93,10.44,4.72,3.17,0.0
20220121:1010,509.9,595.92,18.23,6.96,2.97,0.0
20220121:1110,616.9,735.68,24.05,9.21,2.76,0.0
20220121:1210,639.23,772.11,27.32,10.72,2.62,0.0
20220121:1310,697.28,853.75,27.62,11.65,2.48,0.0
20220121:1410,633.48,773.78,24.89,12.25,2.21,0.0
20220121:1510,531.06,645.39,19.51,12.56,1.79,0.0
20220121:1610,357.15,434.46,12.04,12.53,1.66,0.0
20220121:1710,7.5,20.06,3.07,11.95,1.72,0.0
20220121:1810,0.0,0.0,0.0,10.53,2.21,0.0
20220121:1910,0.0,0.0,0.0,9.43,2.97,0.0
20220121:2010,0.0,0.0,0.0,8.46,3.17,0.0
20220121:2110,0.0,0.0,0.0,7.58,3.17,0.0
20220121:2210,0.0,0.0,0.0,6.7,3.1,0.0
20220121:2310,0.0,0.0,0.0,5.86,3.03,0.0
20220122:0010,0.0,0.0,0.0,5.19,2.97,0.0
20220122:0110,0.0,0.0,0.0,4.74,2.76,0.0
20220122:0210,0.0,0.0,0.0,4.34,2.76,0.0
20220122:0310,0.0,0.0,0.0,3.96,2.9,0.0
20220122:0410,0.0,0.0,0.0,3.57,3.1,0.0
20220122:0510,0.0,0.0,0.0,3.12,3.24,0.0
20220122:0610,0.0,0.0,0.0,2.64,3.24,0.0
20220122:0710,0.0,0.0,0.0,2.54,3.24,0.0
20220122:0810,0.0,0.0,0.0,2.24,3.31,0.0
20220122:0910,310.86,362.86,10.57,2.9,3.31,0.0
20220122:1010,534.27,619.58,18.39,5.28,3.1,0.0
20220122:1110,641.93,759.61,24.25,7.59,2.97,0.0
20220122:1210,687.82,828.49,27.54,9.23,2.69,0.0
20220122:1310,732.42,900.09,27.85,10.42,2.14,0.0
20220122:1410,667.97,822.13,25.13,11.23,1.66,0.0
20220122:1510,545.14,662.78,19.74,11.65,1.52,0.0
20220122:1610,361.1,437.54,12.27,11.74,1.66,0.0
20220122:1710,12.21,27.33,3.28,11.25,1.66,0.0
20220122:1810,0.0,0.0,0.0,9.32,1.66,0.0
20220122:1910,0.0,0.0,0.0,7.17,2.28,0.0
20220122:2010,0.0,0.0,0.0,6.06,2.0,0.0
20220122:2110,0.0,0.0,0.0,5.16,1.93,0.0
20220122:2210,0.0,0.0,0.0,3.92,2.07,0.0
20220122:2310,0.0,0.0,0.0,2.76,2.21,0.0
20220123:0010,0.0,0.0,0.0,2.2,2.34,0.0
20220123:0110,0.0,0.0,0.0,1.92,2.48,0.0
20220123:0210,0.0,0.0,0.0,1.85,2.55,0.0
20220123:0310,0.0,0.0,0.0,1.89,2.62,0.0
20220123:0410,0.0,0.0,0.0,1.96,2.69,0.0
20220123:0510,0.0,0.0,0.0,2.02,2.69,0.0
20220123:0610,0.0,0.0,0.0,2.04,2.69,0.0
20220123:0710,0.0,0.0,0.0,1.93,2.62,0.0
20220123:0810,0.0,0.0,0.0,1.86,2.69,0.0
20220123:0910,317.21,371.75,10.72,3.01,2.41,0.0
20220123:1010,510.23,601.65,18.56,6.85,1.93,0.0
20220123:1110,604.07,735.01,24.44,10.11,1.45,0.0
20220123:1210,632.18,787.78,27.76,11.53,0.83,0.0
20220123:1310,687.35,885.93,28.08,12.24,0.07,0.0
20220123:1410,653.1,821.47,25.37,12.54,0.76,0.0
20220123:1510,545.56,668.81,19.98,12.51,1.24,0.0
20220123:1610,368.12,447.12,12.49,12.18,1.59,0.0
20220123:1710,13.08,28.52,3.5,11.42,1.66,0.0
20220123:1810,0.0,0.0,0.0,9.47,1.52,0.0
20220123:1910,0.0,0.0,0.0,9.23,1.1,0.0
20220123:2010,0.0,0.0,0.0,9.26,0.9,0.0
20220123:2110,0.0,0.0,0.0,8.81,0.9,0.0
20220123:2210,0.0,0.0,0.0,8.05,1.24,0.0
20220123:2310,0.0,0.0,0.0,5.78,1.45,0.0
20220124:0010,0.0,0.0,0.0,4.71,1.59,0.0
20220124:0110,0.0,0.0,0.0,4.15,1.52,0.0
20220124:0210,0.0,0.0,0.0,3.57,1.59,0.0
20220124:0310,0.0,0.0,0.0,3.13,1.59,0.0
20220124:0410,0.0,0.0,0.0,2.7,1.59,0.0
20220124:0510,0.0,0.0,0.0,1.67,1.79,0.0
20220124:0610,0.0,0.0,0.0,0.8,1.93,0.0
20220124:0710,0.0,0.0,0.0,1.4,2.0,0.0
20220124:0810,0.0,2.6,1.6,1.46,2.07,0.0
20220124:0910,316.56,371.51,10.87,2.66,1.86,0.0
20220124:1010,509.28,603.0,18.74,6.98,1.59,0.0
20220124:1110,623.12,760.13,24.65,9.06,1.1,0.0
20220124:1210,657.76,822.26,27.99,10.22,0.55,0.0
20220124:1310,675.23,849.92,28.33,10.83,0.55,0.0
20220124:1410,651.5,809.52,25.61,11.17,0.97,0.0
20220124:1510,541.11,659.2,20.22,11.24,1.17,0.0
20220124:1610,364.08,441.12,12.72,11.12,1.24,0.0
20220124:1710,17.58,34.91,3.71,10.57,1.31,0.0
20220124:1810,0.0,0.0,0.0,8.93,1.38,0.0
20220124:1910,0.0,0.0,0.0,9.52,0.97,0.0
20220124:2010,0.0,0.0,0.0,8.94,1.1,0.0
20220124:2110,0.0,0.0,0.0,7.31,1.38,0.0
20220124:2210,0.0,0.0,0.0,5.8,1.66,0.0
20220124:2310,0.0,0.0,0.0,4.51,1.86,0.0
20220125:0010,0.0,0.0,0.0,3.39,2.0,0.0
20220125:0110,0.0,0.0,0.0,2.58,2.14,0.0
20220125:0210,0.0,0.0,0.0,1.85,2.14,0.0
20220125:0310,0.0,0.0,0.0,1.32,2.21,0.0
20220125:0410,0.0,0.0,0.0,1.03,2.28,0.0
20220125:0510,0.0,0.0,0.0,0.79,2.28,0.0
20220125:0610,0.0,0.0,0.0,0.61,2.34,0.0
20220125:0710,0.0,0.0,0.0,0.86,2.41,0.0
20220125:0810,0.0,3.47,1.74,1.48,2.41,0.0
20220125:0910,313.83,368.17,11.03,2.97,2.21,0.0
20220125:1010,521.1,613.39,18.92,6.35,1.93,0.0
20220125:1110,624.19,758.86,24.86,9.27,1.38,0.0
20220125:1210,680.1,853.3,28.22,11.01,0.76,0.0
20220125:1310,704.97,901.52,28.57,11.94,0.41,0.0
20220125:1410,660.44,835.08,25.86,12.42,0.55,0.0
20220125:1510,547.61,677.01,20.46,12.66,0.76,0.0
20220125:1610,366.78,447.89,12.95,12.65,1.17,0.0
20220125:1710,19.0,36.96,3.93,12.13,1.66,0.0
20220125:1810,0.0,0.0,0.0,10.34,1.72,0.0
20220125:1910,0.0,0.0,0.0,8.23,1.93,0.0
20220125:2010,0.0,0.0,0.0,7.13,1.93,0.0
20220125:2110,0.0,0.0,0.0,5.92,2.0,0.0
20220125:2210,0.0,0.0,0.0,4.53,2.21,0.0
20220125:2310,0.0,0.0,0.0,3.68,2.48,0.0
20220126:0010,0.0,0.0,0.0,3.41,2.69,0.0
20220126:0110,0.0,0.0,0.0,3.38,2.76,0.0
20220126:0210,0.0,0.0,0.0,3.5,2.83,0.0
20220126:0310,0.0,0.0,0.0,3.55,2.83,0.0
20220126:0410,0.0,0.0,0.0,3.54,2.9,0.0
20220126:0510,0.0,0.0,0.0,3.42,2.9,0.0
20220126:0610,0.0,0.0,0.0,3.33,2.97,0.0
20220126:0710,0.0,0.0,0.0,3.48,2.97,0.0
20220126:0810,0.0,5.21,1.88,3.31,3.03,0.0
20220126:0910,326.86,384.37,11.19,4.4,2.83,0.0
20220126:1010,523.4,615.83,19.11,7.73,2.69,0.0
20220126:1110,632.09,762.31,25.07,10.31,2.41,0.0
20220126:1210,683.03,841.29,28.46,11.97,2.07,0.0
20220126:1310,710.05,885.34,28.83,12.88,1.86,0.0
20220126:1410,655.12,814.83,26.12,13.34,1.59,0.0
20220126:1510,536.48,657.9,20.71,13.55,1.52,0.0
20220126:1610,373.9,456.67,13.19,13.46,1.59,0.0
20220126:1710,23.86,43.7,4.15,12.79,1.79,0.0
20220126:1810,0.0,0.0,0.0,11.2,2.14,0.0
20220126:1910,0.0,0.0,0.0,9.37,2.34,0.0
20220126:2010,0.0,0.0,0.0,7.85,2.62,0.0
20220126:2110,0.0,0.0,0.0,6.91,2.83,0.0
20220126:2210,0.0,0.0,0.0,6.31,2.97,0.0
20220126:2310,0.0,0.0,0.0,5.82,3.03,0.0
20220127:0010,0.0,0.0,0.0,5.34,3.03,0.0
20220127:0110,0.0,0.0,0.0,4.96,3.03,0.0
20220127:0210,0.0,0.0,0.0,4.73,3.03,0.0
20220127:0310,0.0,0.0,0.0,4.54,3.03,0.0
20220127:0410,0.0,0.0,0.0,4.38,3.03,0.0
20220127:0510,0.0,0.0,0.0,4.22,3.03,0.0
20220127:0610,0.0,0.0,0.0,4.05,3.03,0.0
20220127:0710,0.0,0.0,0.0,4.32,3.03,0.0
20220127:0810,0.0,5.21,2.02,4.08,3.1,0.0
20220127:0910,309.85,365.87,11.36,5.11,2.9,0.0
20220127:1010,512.23,604.12,19.31,8.35,2.69,0.0
20220127:1110,638.04,773.67,25.3,11.27,2.41,0.0
20220127:1210,688.3,854.68,28.71,13.18,2.0,0.0
20220127:1310,703.55,889.85,29.09,14.33,1.45,0.0
20220127:1410,648.16,820.71,26.38,14.99,1.03,0.0
20220127:1510,529.95,658.25,20.96,15.26,1.17,0.0
20220127:1610,350.27,431.38,13.43,15.12,1.52,0.0
20220127:1710,23.68,43.66,4.38,14.43,1.86,0.0
20220127:1810,0.0,0.0,0.0,12.83,2.28,0.0
20220127:1910,0.0,0.0,0.0,11.19,2.76,0.0
20220127:2010,0.0,0.0,0.0,9.74,2.76,0.0
20220127:2110,0.0,0.0,0.0,8.46,2.83,0.0
20220127:2210,0.0,0.0,0.0,7.65,3.03,0.0
20220127:2310,0.0,0.0,0.0,6.97,3.24,0.0
20220128:0010,0.0,0.0,0.0,6.28,3.45,0.0
20220128:0110,0.0,0.0,0.0,5.81,3.66,0.0
20220128:0210,0.0,0.0,0.0,5.46,3.79,0.0
20220128:0310,0.0,0.0,0.0,5.12,3.79,0.0
20220128:0410,0.0,0.0,0.0,4.83,3.86,0.0
20220128:0510,0.0,0.0,0.0,4.55,3.79,0.0
20220128:0610,0.0,0.0,0.0,4.22,3.79,0.0
20220128:0710,0.0,0.0,0.0,4.21,3.93,0.0
20220128:0810,0.94,7.81,2.18,3.98,3.93,0.0
20220128:0910,340.81,399.59,11.53,4.91,3.79,0.0
20220128:1010,544.28,636.42,19.51,7.33,3.45,0.0
20220128:1110,651.5,781.44,25.52,10.2,3.1,0.0
20220128:1210,683.79,837.47,28.96,12.32,2.69,0.0
20220128:1310,731.71,915.08,29.35,13.7,2.21,0.0
20220128:1410,673.84,836.73,26.64,14.53,2.34,0.0
20220128:1510,525.12,640.33,21.21,14.89,2.62,0.0
20220128:1610,394.86,482.58,13.67,14.77,2.34,0.0
20220128:1710,24.59,44.7,4.6,13.97,2.34,0.0
20220128:1810,0.0,0.0,0.0,12.21,2.41,0.0
20220128:1910,0.0,0.0,0.0,10.1,2.69,0.0
20220128:2010,0.0,0.0,0.0,8.44,2.9,0.0
20220128:2110,0.0,0.0,0.0,7.37,3.1,0.0
20220128:2210,0.0,0.0,0.0,6.67,3.24,0.0
20220128:2310,0.0,0.0,0.0,5.99,3.17,0.0
20220129:0010,0.0,0.0,0.0,5.38,3.24,0.0
20220129:0110,0.0,0.0,0.0,4.91,3.31,0.0
20220129:0210,0.0,0.0,0.0,4.51,3.31,0.0
20220129:0310,0.0,0.0,0.0,4.15,3.31,0.0
20220129:0410,0.0,0.0,0.0,3.81,3.17,0.0
20220129:0510,0.0,0.0,0.0,3.4,3.17,0.0
20220129:0610,0.0,0.0,0.0,3.08,3.1,0.0
20220129:0710,0.0,0.0,0.0,2.98,3.1,0.0
20220129:0810,1.36,8.68,2.33,2.82,3.1,0.0
20220129:0910,349.85,410.55,11.71,4.17,2.76,0.0
20220129:1010,551.26,653.42,19.71,8.01,2.34,0.0
20220129:1110,669.98,824.95,25.76,11.75,1.86,0.0
20220129:1210,720.98,916.9,29.22,13.8,1.24,0.0
20220129:1310,734.05,958.6,29.62,14.91,0.55,0.0
20220129:1410,676.6,885.87,26.91,15.42,0.07,0.0
20220129:1510,556.57,701.04,21.47,15.57,0.69,0.0
20220129:1610,382.52,473.28,13.91,15.36,1.17,0.0
20220129:1710,37.39,61.84,4.83,14.63,1.52,0.0
20220129:1810,0.0,0.0,0.0,12.21,1.45,0.0
20220129:1910,0.0,0.0,0.0,10.13,1.79,0.0
20220129:2010,0.0,0.0,0.0,8.17,2.0,0.0
20220129:2110,0.0,0.0,0.0,6.31,2.21,0.0
20220129:2210,0.0,0.0,0.0,5.05,2.48,0.0
20220129:2310,0.0,0.0,0.0,4.51,2.62,0.0
20220130:0010,0.0,0.0,0.0,4.18,2.76,0.0
20220130:0110,0.0,0.0,0.0,4.06,2.83,0.0
20220130:0210,0.0,0.0,0.0,4.03,2.9,0.0
20220130:0310,0.0,0.0,0.0,4.0,2.9,0.0
20220130:0410,0.0,0.0,0.0,3.94,2.97,0.0
20220130:0510,0.0,0.0,0.0,3.84,3.03,0.0
20220130:0610,0.0,0.0,0.0,3.64,3.1,0.0
20220130:0710,0.0,0.0,0.0,3.17,3.1,0.0
20220130:0810,0.95,7.81,2.5,2.97,3.03,0.0
20220130:0910,336.81,395.9,11.9,4.28,2.62,0.0
20220130:1010,524.86,622.9,19.93,8.15,2.07,0.0
20220130:1110,637.41,788.25,26.0,12.42,1.52,0.0
20220130:1210,672.27,859.52,29.48,14.49,0.76,0.0
20220130:1310,701.88,914.59,29.9,15.49,0.48,0.0
20220130:1410,661.94,845.03,27.18,15.86,1.03,0.0
20220130:1510,558.62,695.74,21.73,15.74,1.45,0.0
20220130:1610,393.46,485.65,14.16,15.24,1.38,0.0
20220130:1710,152.23,205.37,5.06,14.35,1.31,0.0
20220130:1810,0.0,0.0,0.0,12.07,1.31,0.0
20220130:1910,0.0,0.0,0.0,10.08,1.79,0.0
20220130:2010,0.0,0.0,0.0,9.21,1.79,0.0
20220130:2110,0.0,0.0,0.0,8.55,1.66,0.0
20220130:2210,0.0,0.0,0.0,7.36,1.79,0.0
20220130:2310,0.0,0.0,0.0,5.96,1.93,0.0
20220131:0010,0.0,0.0,0.0,4.92,2.07,0.0
20220131:0110,0.0,0.0,0.0,3.51,2.34,0.0
20220131:0210,0.0,0.0,0.0,3.02,2.76,0.0
20220131:0310,0.0,0.0,0.0,3.11,2.97,0.0
20220131:0410,0.0,0.0,0.0,3.28,3.03,0.0
20220131:0510,0.0,0.0,0.0,3.3,3.03,0.0
20220131:0610,0.0,0.0,0.0,3.4,3.86,0.0
20220131:0710,0.0,0.0,0.0,3.41,3.86,0.0
20220131:0810,5.38,16.56,2.67,3.64,4.0,0.0
20220131:0910,357.16,417.86,12.09,4.89,4.0,0.0
20220131:1010,575.48,670.75,20.15,7.27,4.07,0.0
20220131:1110,720.53,852.52,26.24,9.65,4.97,0.0
20220131:1210,752.52,902.57,29.75,11.39,4.9,0.0
20220131:1310,759.95,924.38,30.17,12.68,4.21,0.0
20220131:1410,724.24,879.88,27.46,13.53,4.28,0.0
20220131:1510,618.35,736.87,22.0,13.72,5.72,0.0
20220131:1610,434.5,518.1,14.4,13.33,5.59,0.0
20220131:1710,145.86,193.82,5.3,12.41,5.31,0.0
20220131:1810,0.0,0.0,0.0,10.93,5.72,0.0
20220131:1910,0.0,0.0,0.0,9.63,6.28,0.0
20220131:2010,0.0,0.0,0.0,8.71,6.28,0.0
20220131:2110,0.0,0.0,0.0,8.05,6.62,0.0
20220131:2210,0.0,0.0,0.0,7.71,6.62,0.0
20220131:2310,0.0,0.0,0.0,7.64,6.62,0.0
20220201:0010,0.0,0.0,0.0,7.56,6.07,0.0
20220201:0110,0.0,0.0,0.0,7.29,5.79,0.0
20220201:0210,0.0,0.0,0.0,7.01,5.52,0.0
20220201:0310,0.0,0.0,0.0,6.7,5.52,0.0
20220201:0410,0.0,0.0,0.0,6.47,5.52,0.0
20220201:0510,0.0,0.0,0.0,6.25,5.38,0.0
20220201:0610,0.0,0.0,0.0,6.08,5.38,0.0
20220201:0710,0.0,0.0,0.0,6.16,4.97,0.0
20220201:0810,5.68,17.12,2.84,6.07,5.03,0.0
20220201:0910,336.34,396.2,12.29,6.87,4.9,0.0
20220201:1010,551.83,642.15,20.37,8.6,5.1,0.0
20220201:1110,684.12,809.96,26.5,10.28,4.83,0.0
20220201:1210,736.2,885.6,30.02,11.8,4.55,0.0
20220201:1310,731.81,887.41,30.46,13.04,4.34,0.0
20220201:1410,686.67,831.1,27.74,13.98,4.48,0.0
20220201:1510,583.81,702.42,22.27,14.5,4.41,0.0
20220201:1610,405.79,489.54,14.66,14.55,4.21,0.0
20220201:1710,126.33,171.42,5.53,13.97,4.14,0.0
20220201:1810,0.0,0.0,0.0,12.68,4.28,0.0
20220201:1910,0.0,0.0,0.0,11.63,4.21,0.0
20220201:2010,0.0,0.0,0.0,10.46,3.93,0.0
20220201:2110,0.0,0.0,0.0,9.48,3.59,0.0
20220201:2210,0.0,0.0,0.0,8.66,3.45,0.0
20220201:2310,0.0,0.0,0.0,7.99,3.24,0.0
20220202:0010,0.0,0.0,0.0,7.38,2.9,0.0
20220202:0110,0.0,0.0,0.0,6.83,2.69,0.0
20220202:0210,0.0,0.0,0.0,6.37,2.62,0.0
20220202:0310,0.0,0.0,0.0,5.96,2.69,0.0
20220202:0410,0.0,0.0,0.0,5.66,2.76,0.0
20220202:0510,0.0,0.0,0.0,5.44,2.9,0.0
20220202:0610,0.0,0.0,0.0,5.39,3.03,0.0
20220202:0710,0.0,0.0,0.0,5.75,3.31,0.0
20220202:0810,10.1,24.38,3.03,5.72,3.24,0.0
20220202:0910,347.25,412.27,12.49,7.03,2.97,0.0
20220202:1010,549.58,656.01,20.6,9.98,2.55,0.0
20220202:1110,0.0,0.0,0.0,13.1,1.93,0.0
20220202:1210,696.7,889.34,30.3,15.13,1.17,0.0
20220202:1310,700.22,910.53,30.75,16.24,0.69,0.0
20220202:1410,678.37,872.15,28.03,16.65,1.03,0.0
20220202:1510,582.34,730.75,22.54,16.65,1.45,0.0
20220202:1610,410.41,503.89,14.91,16.07,2.48,0.0
20220202:1710,152.78,204.26,5.77,14.65,2.69,0.0
20220202:1810,0.0,0.0,0.0,13.1,1.79,0.0
20220202:1910,0.0,0.0,0.0,11.6,1.66,0.0
20220202:2010,0.0,0.0,0.0,10.03,1.72,0.0
20220202:2110,0.0,0.0,0.0,9.21,1.93,0.0
20220202:2210,0.0,0.0,0.0,8.85,2.55,0.0
20220202:2310,0.0,0.0,0.0,8.18,2.48,0.0
20220203:0010,0.0,0.0,0.0,7.44,2.28,0.0
20220203:0110,0.0,0.0,0.0,7.21,2.55,0.0
20220203:0210,0.0,0.0,0.0,7.4,2.9,0.0
20220203:0310,0.0,0.0,0.0,7.78,2.83,0.0
20220203:0410,0.0,0.0,0.0,7.8,2.69,0.0
20220203:0510,0.0,0.0,0.0,7.82,2.83,0.0
20220203:0610,0.0,0.0,0.0,7.67,2.62,0.0
20220203:0710,0.0,0.0,0.0,7.58,2.48,0.0
20220203:0810,5.83,17.38,3.21,7.94,2.9,0.0
20220203:0910,110.89,144.51,12.7,9.22,3.03,0.0
20220203:1010,454.4,540.14,20.84,11.16,3.17,0.0
20220203:1110,470.49,560.28,27.02,11.96,3.59,0.0
20220203:1210,188.4,234.82,30.58,12.52,3.72,0.0
20220203:1310,169.45,213.69,31.04,12.93,3.93,0.0
20220203:1410,264.64,321.41,28.32,12.98,3.93,0.0
20220203:1510,197.56,244.57,22.81,12.8,3.52,0.0
20220203:1610,106.94,141.41,15.16,12.55,3.31,0.0
20220203:1710,20.31,38.13,6.01,12.09,2.83,0.0
20220203:1810,0.0,0.0,0.0,11.36,2.41,0.0
20220203:1910,0.0,0.0,0.0,11.19,2.28,0.0
20220203:2010,0.0,0.0,0.0,10.85,2.07,0.0
20220203:2110,0.0,0.0,0.0,10.66,2.41,0.0
20220203:2210,0.0,0.0,0.0,10.46,2.07,0.0
20220203:2310,0.0,0.0,0.0,10.01,1.79,0.0
20220204:0010,0.0,0.0,0.0,9.58,2.0,0.0
20220204:0110,0.0,0.0,0.0,9.49,2.07,0.0
20220204:0210,0.0,0.0,0.0,9.49,1.79,0.0
20220204:0310,0.0,0.0,0.0,9.37,1.66,0.0
20220204:0410,0.0,0.0,0.0,9.36,1.31,0.0
20220204:0510,0.0,0.0,0.0,9.02,0.83,0.0
20220204:0610,0.0,0.0,0.0,9.57,0.55,0.0
20220204:0710,0.0,0.0,0.0,9.54,0.28,0.0
20220204:0810,1.1,8.31,3.4,9.57,0.34,0.0
20220204:0910,321.59,393.91,12.92,9.81,0.41,0.0
20220204:1010,185.4,230.63,21.08,10.6,0.83,0.0
20220204:1110,461.82,555.86,27.28,11.18,1.72,0.0
20220204:1210,547.72,661.09,30.87,11.7,2.41,0.0
20220204:1310,360.23,434.0,31.34,12.14,2.34,0.0
20220204:1410,453.73,545.71,28.61,12.52,2.55,0.0
20220204:1510,76.87,107.07,23.09,12.47,3.1,0.0
20220204:1610,138.62,177.33,15.42,12.38,3.45,0.0
20220204:1710,44.85,69.99,6.24,11.96,3.17,0.0
20220204:1810,0.0,0.0,0.0,11.31,2.83,0.0
20220204:1910,0.0,0.0,0.0,10.81,2.41,0.0
20220204:2010,0.0,0.0,0.0,10.14,2.07,0.0
20220204:2110,0.0,0.0,0.0,9.54,2.21,0.0
20220204:2210,0.0,0.0,0.0,9.12,2.48,0.0
20220204:2310,0.0,0.0,0.0,9.09,2.76,0.0
20220205:0010,0.0,0.0,0.0,9.04,3.1,0.0
20220205:0110,0.0,0.0,0.0,9.08,3.59,0.0
20220205:0210,0.0,0.0,0.0,9.16,4.14,0.0
20220205:0310,0.0,0.0,0.0,9.19,4.62,0.0
20220205:0410,0.0,0.0,0.0,9.08,4.9,0.0
20220205:0510,0.0,0.0,0.0,8.95,5.03,0.0
20220205:0610,0.0,0.0,0.0,8.61,4.97,0.0
20220205:0710,0.0,0.0,0.0,8.09,4.62,0.0
20220205:0810,15.42,32.31,3.6,7.69,4.48,0.0
20220205:0910,355.02,420.75,13.13,8.1,4.28,0.0
20220205:1010,565.28,661.34,21.32,8.96,4.62,0.0
20220205:1110,704.11,835.37,27.56,10.06,4.69,0.0
20220205:1210,736.19,883.45,31.17,11.34,4.62,0.0
20220205:1310,759.94,920.93,31.64,12.36,4.41,0.0
20220205:1410,671.78,809.97,28.91,13.11,4.34,0.0
20220205:1510,614.57,736.8,23.37,13.38,4.48,0.0
20220205:1610,432.24,516.77,15.68,13.26,4.69,0.0
20220205:1710,165.21,216.07,6.48,12.6,4.41,0.0
20220205:1810,0.0,0.0,0.0,11.25,4.62,0.0
20220205:1910,0.0,0.0,0.0,10.31,4.83,0.0
20220205:2010,0.0,0.0,0.0,9.31,4.97,0.0
20220205:2110,0.0,0.0,0.0,8.47,4.69,0.0
20220205:2210,0.0,0.0,0.0,7.68,4.0,0.0
20220205:2310,0.0,0.0,0.0,6.85,3.59,0.0
20220206:0010,0.0,0.0,0.0,6.07,3.52,0.0
20220206:0110,0.0,0.0,0.0,5.41,3.38,0.0
20220206:0210,0.0,0.0,0.0,4.94,3.31,0.0
20220206:0310,0.0,0.0,0.0,4.54,3.31,0.0
20220206:0410,0.0,0.0,0.0,4.2,3.45,0.0
20220206:0510,0.0,0.0,0.0,3.97,3.45,0.0
20220206:0610,0.0,0.0,0.0,3.82,3.79,0.0
20220206:0710,0.0,0.0,0.0,3.93,3.79,0.0
20220206:0810,67.05,101.54,3.8,3.88,4.0,0.0
20220206:0910,363.29,425.06,13.36,5.17,4.0,0.0
20220206:1010,578.69,678.06,21.57,7.61,3.59,0.0
20220206:1110,713.81,858.09,27.84,9.66,3.24,0.0
20220206:1210,734.45,896.14,31.47,11.1,2.97,0.0
20220206:1310,758.56,933.69,31.95,12.29,3.03,0.0
20220206:1410,723.27,888.85,29.21,13.1,3.03,0.0
20220206:1510,616.26,747.1,23.65,13.58,3.31,0.0
20220206:1610,417.88,501.18,15.94,13.59,4.34,0.0
20220206:1710,171.53,223.81,6.73,12.92,4.14,0.0
20220206:1810,0.0,0.0,0.0,11.62,4.14,0.0
20220206:1910,0.0,0.0,0.0,10.52,4.48,0.0
20220206:2010,0.0,0.0,0.0,9.61,4.76,0.0
20220206:2110,0.0,0.0,0.0,8.95,4.76,0.0
20220206:2210,0.0,0.0,0.0,8.48,4.62,0.0
20220206:2310,0.0,0.0,0.0,8.14,4.34,0.0
20220207:0010,0.0,0.0,0.0,7.69,4.0,0.0
20220207:0110,0.0,0.0,0.0,7.14,4.0,0.0
20220207:0210,0.0,0.0,0.0,6.67,3.93,0.0
20220207:0310,0.0,0.0,0.0,6.24,3.93,0.0
20220207:0410,0.0,0.0,0.0,5.86,3.86,0.0
20220207:0510,0.0,0.0,0.0,5.52,3.79,0.0
20220207:0610,0.0,0.0,0.0,5.21,3.79,0.0
20220207:0710,0.0,0.0,0.0,5.31,3.72,0.0
20220207:0810,77.21,115.03,4.01,5.1,3.72,0.0
20220207:0910,361.37,426.02,13.59,6.31,3.45,0.0
20220207:1010,563.49,666.88,21.83,9.05,3.1,0.0
20220207:1110,694.42,846.61,28.12,11.72,2.76,0.0
20220207:1210,715.53,889.84,31.77,13.76,2.41,0.0
20220207:1310,742.26,933.93,32.26,15.15,2.41,0.0
20220207:1410,710.69,890.46,29.51,16.02,2.62,0.0
20220207:1510,600.23,738.64,23.93,16.43,3.1,0.0
20220207:1610,428.07,522.87,16.2,16.4,3.45,0.0
20220207:1710,166.22,220.09,6.97,15.71,3.72,0.0
20220207:1810,0.0,0.0,0.0,14.24,4.14,0.0
20220207:1910,0.0,0.0,0.0,13.36,3.72,0.0
20220207:2010,0.0,0.0,0.0,11.85,3.59,0.0
20220207:2110,0.0,0.0,0.0,10.51,3.45,0.0
20220207:2210,0.0,0.0,0.0,9.27,3.38,0.0
20220207:2310,0.0,0.0,0.0,8.22,3.31,0.0
20220208:0010,0.0,0.0,0.0,7.42,3.24,0.0
20220208:0110,0.0,0.0,0.0,6.85,3.1,0.0
20220208:0210,0.0,0.0,0.0,6.37,2.9,0.0
20220208:0310,0.0,0.0,0.0,5.91,2.76,0.0
20220208:0410,0.0,0.0,0.0,5.49,2.76,0.0
20220208:0510,0.0,0.0,0.0,5.17,2.83,0.0
20220208:0610,0.0,0.0,0.0,4.95,2.9,0.0
20220208:0710,0.0,0.0,0.0,4.14,2.9,0.0
20220208:0810,84.93,124.21,4.23,4.06,2.9,0.0
20220208:0910,369.91,437.11,13.83,6.04,2.69,0.0
20220208:1010,559.9,669.74,22.09,9.92,2.41,0.0
20220208:1110,693.82,861.3,28.41,13.05,2.0,0.0
20220208:1210,718.17,912.43,32.08,14.98,1.59,0.0
20220208:1310,735.33,950.32,32.58,16.1,1.24,0.0
20220208:1410,710.17,912.13,29.82,16.61,1.38,0.0
20220208:1510,602.26,758.04,24.22,16.64,1.45,0.0
20220208:1610,432.91,538.27,16.47,16.26,1.24,0.0
20220208:1710,177.05,234.84,7.21,15.43,1.03,0.0
20220208:1810,0.0,0.0,0.0,14.0,0.69,0.0
20220208:1910,0.0,0.0,0.0,13.61,0.14,0.0
20220208:2010,0.0,0.0,0.0,12.3,1.1,0.0
20220208:2110,0.0,0.0,0.0,9.5,1.72,0.0
20220208:2210,0.0,0.0,0.0,7.93,2.0,0.0
20220208:2310,0.0,0.0,0.0,6.7,2.28,0.0
20220209:0010,0.0,0.0,0.0,6.1,2.55,0.0
20220209:0110,0.0,0.0,0.0,5.87,2.76,0.0
20220209:0210,0.0,0.0,0.0,5.85,2.76,0.0
20220209:0310,0.0,0.0,0.0,5.9,2.76,0.0
20220209:0410,0.0,0.0,0.0,5.93,2.69,0.0
20220209:0510,0.0,0.0,0.0,5.92,2.62,0.0
20220209:0610,0.0,0.0,0.0,5.8,2.55,0.0
20220209:0710,0.0,0.0,0.0,6.12,2.69,0.0
20220209:0810,84.55,124.53,4.45,5.99,2.62,0.0
20220209:0910,353.19,422.11,14.07,7.93,2.28,0.0
20220209:1010,543.43,660.06,22.36,12.56,2.07,0.0
20220209:1110,686.06,850.55,28.7,15.1,2.76,0.0
20220209:1210,731.2,907.18,32.39,15.82,3.59,0.0
20220209:1310,749.19,931.3,32.9,16.01,3.72,0.0
20220209:1410,717.04,887.55,30.13,16.01,3.66,0.0
20220209:1510,594.92,725.91,24.51,15.75,3.59,0.0
20220209:1610,402.57,490.32,16.73,15.31,2.97,0.0
20220209:1710,150.67,200.48,7.46,14.66,2.14,0.0
20220209:1810,0.0,0.0,0.0,13.72,1.93,0.0
20220209:1910,0.0,0.0,0.0,12.08,2.0,0.0
20220209:2010,0.0,0.0,0.0,10.45,1.72,0.0
20220209:2110,0.0,0.0,0.0,9.51,1.72,0.0
20220209:2210,0.0,0.0,0.0,8.56,1.86,0.0
20220209:2310,0.0,0.0,0.0,8.37,1.66,0.0
20220210:0010,0.0,0.0,0.0,7.36,1.79,0.0
20220210:0110,0.0,0.0,0.0,6.22,2.14,0.0
20220210:0210,0.0,0.0,0.0,5.79,2.41,0.0
20220210:0310,0.0,0.0,0.0,5.71,2.55,0.0
20220210:0410,0.0,0.0,0.0,5.75,2.55,0.0
20220210:0510,0.0,0.0,0.0,5.71,2.34,0.0
20220210:0610,0.0,0.0,0.0,5.42,1.86,0.0
20220210:0710,0.0,0.0,0.0,6.03,1.93,0.0
20220210:0810,5.25,15.69,4.67,5.42,2.34,0.0
20220210:0910,48.97,72.55,14.31,7.72,2.14,0.0
20220210:1010,272.42,332.48,22.63,12.5,1.52,0.0
20220210:1110,413.37,501.66,29.0,14.45,2.55,0.0
20220210:1210,237.28,293.82,32.71,14.67,3.17,0.0
20220210:1310,607.02,741.8,33.22,15.11,3.52,0.0
20220210:1410,538.12,654.3,30.44,15.14,3.38,0.0
20220210:1510,305.08,371.39,24.8,14.57,2.9,0.0
20220210:1610,80.44,111.81,17.0,13.87,2.21,0.0
20220210:1710,77.69,110.68,7.7,13.25,1.59,0.0
20220210:1810,0.0,0.0,0.0,12.42,1.45,0.0
20220210:1910,0.0,0.0,0.0,11.87,1.52,0.0
20220210:2010,0.0,0.0,0.0,11.99,0.14,0.0
20220210:2110,0.0,0.0,0.0,10.85,1.38,0.0
20220210:2210,0.0,0.0,0.0,10.29,1.79,0.0
20220210:2310,0.0,0.0,0.0,9.68,1.93,0.0
20220211:0010,0.0,0.0,0.0,9.11,2.14,0.0
20220211:0110,0.0,0.0,0.0,8.76,2.14,0.0
20220211:0210,0.0,0.0,0.0,8.21,1.72,0.0
20220211:0310,0.0,0.0,0.0,7.45,1.45,0.0
20220211:0410,0.0,0.0,0.0,6.8,1.52,0.0
20220211:0510,0.0,0.0,0.0,6.92,1.86,0.0
20220211:0610,0.0,0.0,0.0,7.44,2.21,0.0
20220211:0710,0.0,0.0,0.0,7.93,2.07,0.0
20220211:0810,27.2,48.5,4.9,8.18,1.86,0.0
20220211:0910,244.23,296.99,14.56,8.78,1.66,0.0
20220211:1010,518.03,623.86,22.91,9.91,1.45,0.0
20220211:1110,618.86,766.11,29.3,11.57,1.03,0.0
20220211:1210,434.97,531.5,33.03,12.84,1.17,0.0
20220211:1310,564.64,693.74,33.55,13.77,2.0,0.0
20220211:1410,322.41,391.76,30.75,13.64,2.55,0.0
20220211:1510,435.24,524.66,25.09,13.25,2.55,0.0
20220211:1610,130.91,169.57,17.27,12.77,1.79,0.0
20220211:1710,35.48,57.84,7.95,12.33,0.83,0.0
20220211:1810,0.0,0.0,0.0,11.83,0.41,0.0
20220211:1910,0.0,0.0,0.0,11.78,0.69,0.0
20220211:2010,0.0,0.0,0.0,11.72,0.41,0.0
20220211:2110,0.0,0.0,0.0,11.32,0.48,0.0
20220211:2210,0.0,0.0,0.0,11.12,0.07,0.0
20220211:2310,0.0,0.0,0.0,10.91,0.62,0.0
20220212:0010,0.0,0.0,0.0,10.38,0.9,0.0
20220212:0110,0.0,0.0,0.0,10.33,0.76,0.0
20220212:0210,0.0,0.0,0.0,9.54,1.1,0.0
20220212:0310,0.0,0.0,0.0,7.33,1.79,0.0
20220212:0410,0.0,0.0,0.0,8.53,1.1,0.0
20220212:0510,0.0,0.0,0.0,8.55,0.69,0.0
20220212:0610,0.0,0.0,0.0,7.18,1.1,0.0
20220212:0710,0.0,0.0,0.0,7.75,0.48,0.0
20220212:0810,36.01,60.4,5.13,7.67,0.76,0.0
20220212:0910,23.56,41.54,14.82,8.33,0.83,0.0
20220212:1010,143.42,182.97,23.19,9.93,0.28,0.0
20220212:1110,222.17,274.75,29.61,10.93,0.48,0.0
20220212:1210,203.4,254.27,33.36,11.93,0.76,0.0
20220212:1310,397.72,484.99,33.88,12.41,1.1,0.0
20220212:1410,641.17,793.38,31.07,12.67,1.66,0.0
20220212:1510,566.85,687.73,25.39,12.64,2.34,0.0
20220212:1610,367.5,442.0,17.54,12.39,2.83,0.0
20220212:1710,28.05,48.02,8.2,11.68,2.41,0.0
20220212:1810,0.0,0.0,0.0,10.8,2.07,0.0
20220212:1910,0.0,0.0,0.0,10.06,1.86,0.0
20220212:2010,0.0,0.0,0.0,8.85,1.17,0.0
20220212:2110,0.0,0.0,0.0,8.38,1.24,0.0
20220212:2210,0.0,0.0,0.0,7.39,1.72,0.0
20220212:2310,0.0,0.0,0.0,7.8,2.34,0.0
20220213:0010,0.0,0.0,0.0,8.53,2.97,0.0
20220213:0110,0.0,0.0,0.0,8.65,3.66,0.0
20220213:0210,0.0,0.0,0.0,8.72,4.07,0.0
20220213:0310,0.0,0.0,0.0,8.71,4.62,0.0
20220213:0410,0.0,0.0,0.0,8.71,5.31,0.0
20220213:0510,0.0,0.0,0.0,8.72,5.79,0.0
20220213:0610,0.0,0.0,0.0,8.75,6.41,0.0
20220213:0710,0.0,0.0,0.0,9.41,7.17,0.0
20220213:0810,2.48,11.08,5.37,9.7,7.79,0.0
20220213:0910,38.2,60.0,15.08,9.99,8.48,0.0
20220213:1010,46.56,70.15,23.47,10.19,8.48,0.0
20220213:1110,51.95,76.61,29.92,10.36,9.1,0.0
20220213:1210,58.13,84.0,33.69,10.65,9.66,0.0
20220213:1310,58.78,84.92,34.21,11.13,9.79,0.0
20220213:1410,93.8,125.54,31.39,11.22,9.79,0.0
20220213:1510,140.67,178.62,25.69,11.33,7.17,0.0
20220213:1610,192.05,235.72,17.81,11.38,6.28,0.0
20220213:1710,52.9,78.88,8.44,10.83,5.86,0.0
20220213:1810,0.0,0.0,0.0,10.51,4.76,0.0
20220213:1910,0.0,0.0,0.0,10.16,3.86,0.0
20220213:2010,0.0,0.0,0.0,9.4,3.93,0.0
20220213:2110,0.0,0.0,0.0,8.59,4.0,0.0
20220213:2210,0.0,0.0,0.0,8.52,3.79,0.0
20220213:2310,0.0,0.0,0.0,8.47,3.79,0.0
20220214:0010,0.0,0.0,0.0,8.72,3.52,0.0
20220214:0110,0.0,0.0,0.0,8.63,3.66,0.0
20220214:0210,0.0,0.0,0.0,8.75,3.79,0.0
20220214:0310,0.0,0.0,0.0,8.88,3.66,0.0
20220214:0410,0.0,0.0,0.0,8.91,3.72,0.0
20220214:0510,0.0,0.0,0.0,8.68,4.07,0.0
20220214:0610,0.0,0.0,0.0,8.68,3.79,0.0
20220214:0710,0.0,0.0,0.0,8.03,2.97,0.0
20220214:0810,106.84,152.45,5.61,7.69,3.03,0.0
20220214:0910,150.55,188.51,15.34,8.23,3.17,0.0
20220214:1010,221.97,268.55,23.76,9.24,3.38,0.0
20220214:1110,377.92,447.74,30.24,9.84,3.24,0.0
20220214:1210,546.9,653.93,34.03,10.56,2.97,0.0
20220214:1310,783.09,958.61,34.55,10.92,3.17,0.0
20220214:1410,601.16,720.93,31.71,11.31,3.38,0.0
20220214:1510,616.4,736.54,25.98,11.31,3.66,0.0
20220214:1610,443.25,526.53,18.08,11.18,3.86,0.0
20220214:1710,166.64,214.6,8.69,10.93,3.93,0.0
20220214:1810,0.0,0.0,0.0,10.29,3.45,0.0
20220214:1910,0.0,0.0,0.0,9.45,2.14,0.0
20220214:2010,0.0,0.0,0.0,8.32,1.59,0.0
20220214:2110,0.0,0.0,0.0,7.62,1.52,0.0
20220214:2210,0.0,0.0,0.0,8.35,1.1,0.0
20220214:2310,0.0,0.0,0.0,8.18,0.76,0.0
20220215:0010,0.0,0.0,0.0,7.82,0.83,0.0
20220215:0110,0.0,0.0,0.0,7.36,0.97,0.0
20220215:0210,0.0,0.0,0.0,6.48,1.31,0.0
20220215:0310,0.0,0.0,0.0,6.13,2.07,0.0
20220215:0410,0.0,0.0,0.0,6.19,2.55,0.0
20220215:0510,0.0,0.0,0.0,6.32,2.55,0.0
20220215:0610,0.0,0.0,0.0,6.31,2.76,0.0
20220215:0710,0.0,0.0,0.0,7.13,2.48,0.0
20220215:0810,18.47,35.36,5.86,7.26,2.21,0.0
20220215:0910,53.39,77.91,15.61,8.25,2.62,0.0
20220215:1010,231.68,279.91,24.06,9.54,3.24,0.0
20220215:1110,206.89,253.18,30.56,10.34,4.07,0.0
20220215:1210,408.17,483.01,34.37,10.83,4.48,0.0
20220215:1310,246.18,298.72,34.89,11.42,4.76,0.0
20220215:1410,209.87,257.79,32.04,11.67,4.76,0.0
20220215:1510,339.58,403.35,26.28,11.77,5.1,0.0
20220215:1610,71.7,100.47,18.35,11.85,5.1,0.0
20220215:1710,29.88,50.27,8.94,11.61,4.28,0.0
20220215:1810,0.0,0.0,0.0,11.07,3.59,0.0
20220215:1910,0.0,0.0,0.0,10.76,3.79,0.0
20220215:2010,0.0,0.0,0.0,10.63,3.66,0.0
20220215:2110,0.0,0.0,0.0,10.75,3.79,0.0
20220215:2210,0.0,0.0,0.0,10.77,3.79,0.0
20220215:2310,0.0,0.0,0.0,10.74,4.0,0.0
20220216:0010,0.0,0.0,0.0,10.86,4.28,0.0
20220216:0110,0.0,0.0,0.0,10.93,4.28,0.0
20220216:0210,0.0,0.0,0.0,11.06,4.28,0.0
20220216:0310,0.0,0.0,0.0,11.16,4.28,0.0
20220216:0410,0.0,0.0,0.0,11.23,4.28,0.0
20220216:0510,0.0,0.0,0.0,11.2,4.34,0.0
20220216:0610,0.0,0.0,0.0,11.3,4.34,0.0
20220216:0710,0.0,0.0,0.0,11.33,4.41,0.0
20220216:0810,30.75,52.99,6.11,11.42,4.34,0.0
20220216:0910,32.6,53.54,15.88,11.74,4.34,0.0
20220216:1010,181.42,225.39,24.36,12.09,4.83,0.0
20220216:1110,168.98,212.34,30.88,12.69,5.52,0.0
20220216:1210,193.04,239.86,34.71,12.76,5.66,0.0
20220216:1310,148.18,189.29,35.23,13.1,5.79,0.0
20220216:1410,143.51,183.93,32.37,13.07,5.45,0.0
20220216:1510,115.53,151.88,26.58,13.18,5.17,0.0
20220216:1610,82.94,114.15,18.62,13.22,4.9,0.0
20220216:1710,29.55,50.1,9.19,12.89,4.34,0.0
20220216:1810,0.0,0.0,0.0,12.68,3.79,0.0
20220216:1910,0.0,0.0,0.0,12.11,3.66,0.0
20220216:2010,0.0,0.0,0.0,11.93,3.59,0.0
20220216:2110,0.0,0.0,0.0,11.93,3.59,0.0
20220216:2210,0.0,0.0,0.0,11.92,3.59,0.0
20220216:2310,0.0,0.0,0.0,11.83,3.52,0.0
20220217:0010,0.0,0.0,0.0,11.9,3.38,0.0
20220217:0110,0.0,0.0,0.0,11.85,3.17,0.0
20220217:0210,0.0,0.0,0.0,11.86,2.9,0.0
20220217:0310,0.0,0.0,0.0,11.78,2.48,0.0
20220217:0410,0.0,0.0,0.0,11.68,2.14,0.0
20220217:0510,0.0,0.0,0.0,11.57,1.86,0.0
20220217:0610,0.0,0.0,0.0,11.5,1.66,0.0
20220217:0710,0.0,0.0,0.0,11.64,1.66,0.0
20220217:0810,22.64,41.72,6.37,11.72,1.72,0.0
20220217:0910,105.0,139.72,16.16,12.14,1.93,0.0
20220217:1010,130.57,169.26,24.66,12.6,2.55,0.0
20220217:1110,183.43,230.2,31.21,13.14,3.17,0.0
20220217:1210,132.07,171.69,35.05,13.46,3.52,0.0
20220217:1310,279.05,340.35,35.58,13.56,3.66,0.0
20220217:1410,255.48,312.76,32.7,13.54,3.66,0.0
20220217:1510,185.37,231.93,26.88,13.44,3.66,0.0
20220217:1610,225.78,277.31,18.9,13.23,3.66,0.0
20220217:1710,151.35,197.91,9.44,12.97,3.66,0.0
20220217:1810,0.0,0.0,0.0,12.43,3.38,0.0
20220217:1910,0.0,0.0,0.0,11.63,2.62,0.0
20220217:2010,0.0,0.0,0.0,11.5,2.97,0.0
20220217:2110,0.0,0.0,0.0,11.28,3.38,0.0
20220217:2210,0.0,0.0,0.0,11.4,3.86,0.0
20220217:2310,0.0,0.0,0.0,11.45,4.07,0.0
20220218:0010,0.0,0.0,0.0,11.48,4.21,0.0
20220218:0110,0.0,0.0,0.0,11.54,4.48,0.0
20220218:0210,0.0,0.0,0.0,11.41,4.41,0.0
20220218:0310,0.0,0.0,0.0,11.31,4.28,0.0
20220218:0410,0.0,0.0,0.0,10.97,4.14,0.0
20220218:0510,0.0,0.0,0.0,10.84,4.14,0.0
20220218:0610,0.0,0.0,0.0,10.79,3.93,0.0
20220218:0710,0.0,0.0,0.0,11.11,4.34,0.0
20220218:0810,57.55,88.14,6.63,11.03,3.93,0.0
20220218:0910,22.59,40.61,16.44,10.88,4.0,0.0
20220218:1010,32.84,53.54,24.97,10.36,5.17,0.0
20220218:1110,60.56,86.77,31.54,9.84,4.62,0.0
20220218:1210,78.76,108.0,35.4,9.82,4.07,0.0
20220218:1310,223.2,271.59,35.93,9.83,3.93,0.0
20220218:1410,130.41,167.1,33.03,9.86,3.79,0.0
20220218:1510,54.98,80.31,27.19,10.12,4.21,0.0
20220218:1610,97.61,129.48,19.17,10.14,4.83,0.0
20220218:1710,66.14,94.29,9.69,9.88,5.1,0.0
20220218:1810,0.0,0.0,0.0,9.24,5.24,0.0
20220218:1910,0.0,0.0,0.0,8.63,4.83,0.0
20220218:2010,0.0,0.0,0.0,8.25,5.03,0.0
20220218:2110,0.0,0.0,0.0,7.86,5.17,0.0
20220218:2210,0.0,0.0,0.0,7.54,5.17,0.0
20220218:2310,0.0,0.0,0.0,7.15,5.31,0.0
20220219:0010,0.0,0.0,0.0,6.83,5.24,0.0
20220219:0110,0.0,0.0,0.0,6.46,4.97,0.0
20220219:0210,0.0,0.0,0.0,6.14,4.69,0.0
20220219:0310,0.0,0.0,0.0,5.89,4.48,0.0
20220219:0410,0.0,0.0,0.0,5.74,4.34,0.0
20220219:0510,0.0,0.0,0.0,5.61,4.34,0.0
20220219:0610,0.0,0.0,0.0,5.46,4.41,0.0
20220219:0710,0.0,0.0,0.0,5.44,4.21,0.0
20220219:0810,138.15,187.65,6.89,5.52,4.28,0.0
20220219:0910,404.83,473.86,16.73,6.55,4.48,0.0
20220219:1010,614.93,715.19,25.28,7.72,5.03,0.0
20220219:1110,722.62,849.99,31.88,8.82,5.31,0.0
20220219:1210,800.52,956.96,35.76,9.72,4.97,0.0
20220219:1310,823.21,1000.44,36.28,10.43,4.0,0.0
20220219:1410,786.21,953.08,33.36,11.06,4.0,0.0
20220219:1510,668.58,798.66,27.49,11.61,4.41,0.0
20220219:1610,482.29,575.07,19.44,11.9,3.93,0.0
20220219:1710,233.54,295.77,9.94,11.89,3.17,0.0
20220219:1810,0.0,0.0,0.0,11.19,1.86,0.0
20220219:1910,0.0,0.0,0.0,9.46,3.52,0.0
20220219:2010,0.0,0.0,0.0,8.99,3.1,0.0
20220219:2110,0.0,0.0,0.0,8.53,3.1,0.0
20220219:2210,0.0,0.0,0.0,8.05,2.55,0.0
20220219:2310,0.0,0.0,0.0,7.4,2.34,0.0
20220220:0010,0.0,0.0,0.0,7.0,2.21,0.0
20220220:0110,0.0,0.0,0.0,6.43,2.07,0.0
20220220:0210,0.0,0.0,0.0,5.9,2.0,0.0
20220220:0310,0.0,0.0,0.0,5.55,1.93,0.0
20220220:0410,0.0,0.0,0.0,5.51,2.07,0.0
20220220:0510,0.0,0.0,0.0,6.04,2.21,0.0
20220220:0610,0.0,0.0,0.0,6.28,2.28,0.0
20220220:0710,0.0,0.0,0.0,6.24,2.28,0.0
20220220:0810,86.83,123.49,7.16,6.63,2.07,0.0
20220220:0910,367.78,441.64,17.01,8.79,1.79,0.0
20220220:1010,575.2,693.17,25.59,10.72,2.21,0.0
20220220:1110,680.49,833.19,32.22,11.9,2.41,0.0
20220220:1210,706.09,879.54,36.11,12.9,2.0,0.0
20220220:1310,353.31,430.37,36.64,13.32,2.0,0.0
20220220:1410,315.97,384.61,33.7,13.67,2.69,0.0
20220220:1510,369.75,445.79,27.8,13.66,3.17,0.0
20220220:1610,434.23,521.75,19.72,13.25,3.52,0.0
20220220:1710,223.03,283.57,10.18,12.7,3.66,0.0
20220220:1810,0.0,0.0,0.0,11.8,3.45,0.0
20220220:1910,0.0,0.0,0.0,11.46,3.31,0.0
20220220:2010,0.0,0.0,0.0,10.77,2.48,0.0
20220220:2110,0.0,0.0,0.0,9.88,2.14,0.0
20220220:2210,0.0,0.0,0.0,9.29,2.83,0.0
20220220:2310,0.0,0.0,0.0,8.68,2.07,0.0
20220221:0010,0.0,0.0,0.0,7.62,2.0,0.0
20220221:0110,0.0,0.0,0.0,6.59,1.93,0.0
20220221:0210,0.0,0.0,0.0,6.3,1.79,0.0
20220221:0310,0.0,0.0,0.0,6.01,2.0,0.0
20220221:0410,0.0,0.0,0.0,6.15,2.07,0.0
20220221:0510,0.0,0.0,0.0,6.74,2.21,0.0
20220221:0610,0.0,0.0,0.0,7.28,2.28,0.0
20220221:0710,0.0,0.0,0.0,7.92,2.0,0.0
20220221:0810,44.33,69.35,7.43,8.14,1.79,0.0
20220221:0910,252.59,307.14,17.31,9.33,1.59,0.0
20220221:1010,513.06,618.23,25.91,10.76,1.79,0.0
20220221:1110,672.27,826.78,32.56,11.95,2.07,0.0
20220221:1210,668.6,816.12,36.47,13.27,3.38,0.0
20220221:1310,737.77,907.47,37.0,14.3,3.86,0.0
20220221:1410,764.69,948.15,34.03,14.8,3.52,0.0
20220221:1510,644.95,791.39,28.1,15.2,3.24,0.0
20220221:1610,470.52,572.78,19.99,15.26,3.17,0.0
20220221:1710,230.57,296.05,10.43,14.91,3.1,0.0
20220221:1810,0.0,0.0,0.0,13.8,3.31,0.0
20220221:1910,0.0,0.0,0.0,12.9,3.66,0.0
20220221:2010,0.0,0.0,0.0,11.74,3.93,0.0
20220221:2110,0.0,0.0,0.0,10.81,3.59,0.0
20220221:2210,0.0,0.0,0.0,9.79,3.45,0.0
20220221:2310,0.0,0.0,0.0,8.8,3.45,0.0
20220222:0010,0.0,0.0,0.0,8.05,3.45,0.0
20220222:0110,0.0,0.0,0.0,7.48,3.45,0.0
20220222:0210,0.0,0.0,0.0,6.99,3.38,0.0
20220222:0310,0.0,0.0,0.0,6.63,3.31,0.0
20220222:0410,0.0,0.0,0.0,6.34,3.17,0.0
20220222:0510,0.0,0.0,0.0,6.0,2.97,0.0
20220222:0610,0.0,0.0,0.0,5.64,2.83,0.0
20220222:0710,0.0,0.0,0.0,5.57,2.97,0.0
20220222:0810,144.14,194.35,7.71,5.71,3.03,0.0
20220222:0910,408.77,486.99,17.6,8.53,2.76,0.0
20220222:1010,585.5,711.96,26.23,12.53,2.34,0.0
20220222:1110,694.74,879.22,32.91,15.35,1.66,0.0
20220222:1210,738.38,973.43,36.84,16.88,0.69,0.0
20220222:1310,776.72,1029.7,37.36,17.58,0.97,0.0
20220222:1410,736.41,959.17,34.37,17.77,1.31,0.0
20220222:1510,628.92,799.83,28.41,17.73,1.45,0.0
20220222:1610,470.09,586.04,20.27,17.6,1.79,0.0
20220222:1710,240.13,311.78,10.68,17.11,2.28,0.0
20220222:1810,0.0,0.0,0.0,15.91,3.1,0.0
20220222:1910,0.0,0.0,0.0,14.45,3.45,0.0
20220222:2010,0.0,0.0,0.0,13.29,3.52,0.0
20220222:2110,0.0,0.0,0.0,12.2,3.24,0.0
20220222:2210,0.0,0.0,0.0,11.02,2.97,0.0
20220222:2310,0.0,0.0,0.0,9.85,2.83,0.0
20220223:0010,0.0,0.0,0.0,8.79,2.83,0.0
20220223:0110,0.0,0.0,0.0,7.94,2.97,0.0
20220223:0210,0.0,0.0,0.0,7.36,3.1,0.0
20220223:0310,0.0,0.0,0.0,7.0,3.03,0.0
20220223:0410,0.0,0.0,0.0,6.76,2.83,0.0
20220223:0510,0.0,0.0,0.0,6.44,2.76,0.0
20220223:0610,0.0,0.0,0.0,6.22,2.76,0.0
20220223:0710,0.0,0.0,0.0,6.5,2.55,0.0
20220223:0810,126.86,172.97,7.99,6.69,2.48,0.0
20220223:0910,373.32,447.7,17.91,9.04,2.07,0.0
20220223:1010,540.13,662.79,26.56,13.02,1.45,0.0
20220223:1110,655.35,845.63,33.26,15.62,0.48,0.0
20220223:1210,716.72,942.51,37.2,16.94,0.62,0.0
20220223:1310,749.32,973.38,37.72,17.42,1.52,0.0
20220223:1410,649.83,825.39,34.71,17.49,1.79,0.0
20220223:1510,428.76,531.67,28.71,17.3,1.72,0.0
20220223:1610,208.68,264.09,20.54,16.85,1.59,0.0
20220223:1710,58.05,86.76,10.93,16.11,1.66,0.0
20220223:1810,0.0,0.0,0.0,15.04,1.93,0.0
20220223:1910,0.0,0.0,0.0,13.51,2.55,0.0
20220223:2010,0.0,0.0,0.0,12.52,3.03,0.0
20220223:2110,0.0,0.0,0.0,11.83,3.31,0.0
20220223:2210,0.0,0.0,0.0,11.06,3.24,0.0
20220223:2310,0.0,0.0,0.0,10.26,3.45,0.0
20220224:0010,0.0,0.0,0.0,9.49,3.93,0.0
20220224:0110,0.0,0.0,0.0,8.78,4.34,0.0
20220224:0210,0.0,0.0,0.0,8.29,4.48,0.0
20220224:0310,0.0,0.0,0.0,7.94,4.07,0.0
20220224:0410,0.0,0.0,0.0,7.44,4.21,0.0
20220224:0510,0.0,0.0,0.0,7.22,4.76,0.0
20220224:0610,0.0,0.0,0.0,7.14,5.03,0.0
20220224:0710,0.0,0.0,0.0,7.48,4.55,0.0
20220224:0810,83.36,117.75,8.28,7.57,4.97,0.0
20220224:0910,223.43,269.07,18.21,8.49,5.86,0.0
20220224:1010,175.9,216.87,26.89,9.78,6.55,0.0
20220224:1110,417.4,490.7,33.62,11.3,6.76,0.0
20220224:1210,803.11,961.52,37.57,12.6,6.76,0.0
20220224:1310,646.18,768.97,38.08,13.38,6.9,0.0
20220224:1410,608.16,721.6,35.05,13.77,7.31,0.0
20220224:1510,457.67,541.54,29.02,13.88,7.38,0.0
20220224:1610,303.09,363.82,20.81,13.75,7.17,0.0
20220224:1710,76.06,107.06,11.18,13.16,6.83,0.0
20220224:1810,0.0,0.0,0.0,12.09,6.34,0.0
20220224:1910,0.0,0.0,0.0,11.3,5.31,0.0
20220224:2010,0.0,0.0,0.0,10.36,5.79,0.0
20220224:2110,0.0,0.0,0.0,9.65,6.0,0.0
20220224:2210,0.0,0.0,0.0,9.17,6.28,0.0
20220224:2310,0.0,0.0,0.0,8.71,6.48,0.0
20220225:0010,0.0,0.0,0.0,8.33,6.69,0.0
20220225:0110,0.0,0.0,0.0,8.09,6.69,0.0
20220225:0210,0.0,0.0,0.0,8.02,6.55,0.0
20220225:0310,0.0,0.0,0.0,7.87,6.07,0.0
20220225:0410,0.0,0.0,0.0,7.51,5.45,0.0
20220225:0510,0.0,0.0,0.0,7.05,4.97,0.0
20220225:0610,0.0,0.0,0.0,6.53,4.55,0.0
20220225:0710,0.0,0.0,0.0,6.58,4.21,0.0
20220225:0810,165.41,220.24,8.56,6.43,4.14,0.0
20220225:0910,410.71,484.08,18.52,7.94,4.07,0.0
20220225:1010,590.76,700.27,27.22,10.06,3.79,0.0
20220225:1110,727.18,887.26,33.97,12.13,3.31,0.0
20220225:1210,796.95,993.26,37.94,13.75,3.17,0.0
20220225:1310,832.12,1048.33,38.45,14.92,3.24,0.0
20220225:1410,757.34,953.37,35.39,15.73,2.76,0.0
20220225:1510,639.87,796.56,29.33,16.26,2.48,0.0
20220225:1610,480.54,593.54,21.09,16.56,2.28,0.0
20220225:1710,250.25,323.64,11.42,16.35,1.86,0.0
20220225:1810,0.0,0.0,0.0,15.33,2.0,0.0
20220225:1910,0.0,0.0,0.0,13.54,2.83,0.0
20220225:2010,0.0,0.0,0.0,12.11,2.69,0.0
20220225:2110,0.0,0.0,0.0,10.69,2.55,0.0
20220225:2210,0.0,0.0,0.0,9.44,2.55,0.0
20220225:2310,0.0,0.0,0.0,8.53,2.69,0.0
20220226:0010,0.0,0.0,0.0,7.9,2.69,0.0
20220226:0110,0.0,0.0,0.0,7.2,2.55,0.0
20220226:0210,0.0,0.0,0.0,6.53,2.62,0.0
20220226:0310,0.0,0.0,0.0,6.09,2.76,0.0
20220226:0410,0.0,0.0,0.0,5.85,2.83,0.0
20220226:0510,0.0,0.0,0.0,5.71,2.9,0.0
20220226:0610,0.0,0.0,0.0,5.58,3.03,0.0
20220226:0710,0.0,0.0,0.0,5.68,3.24,0.0
20220226:0810,151.36,202.11,8.85,6.02,3.1,0.0
20220226:0910,397.42,473.04,18.83,8.38,2.62,0.0
20220226:1010,573.05,694.93,27.55,11.48,2.0,0.0
20220226:1110,683.56,860.43,34.33,13.28,1.24,0.0
20220226:1210,717.29,912.97,38.32,14.3,1.38,0.0
20220226:1310,766.6,966.0,38.82,14.87,2.55,0.0
20220226:1410,739.85,918.85,35.73,14.64,3.1,0.0
20220226:1510,324.69,394.4,29.63,14.27,3.17,0.0
20220226:1610,446.42,539.56,21.36,13.86,3.1,0.0
20220226:1710,135.67,178.93,11.67,13.32,2.48,0.0
20220226:1810,0.0,0.0,0.0,12.63,1.72,0.0
20220226:1910,0.0,0.0,0.0,11.64,2.62,0.0
20220226:2010,0.0,0.0,0.0,10.89,2.34,0.0
20220226:2110,0.0,0.0,0.0,9.88,1.93,0.0
20220226:2210,0.0,0.0,0.0,9.55,1.03,0.0
20220226:2310,0.0,0.0,0.0,10.15,0.48,0.0
20220227:0010,0.0,0.0,0.0,9.82,0.21,0.0
20220227:0110,0.0,0.0,0.0,9.51,0.69,0.0
20220227:0210,0.0,0.0,0.0,7.51,1.38,0.0
20220227:0310,0.0,0.0,0.0,6.5,1.66,0.0
20220227:0410,0.0,0.0,0.0,6.33,1.45,0.0
20220227:0510,0.0,0.0,0.0,6.3,1.1,0.0
20220227:0610,0.0,0.0,0.0,6.49,0.76,0.0
20220227:0710,0.0,0.0,0.0,7.02,1.38,0.0
20220227:0810,147.92,199.61,9.15,7.64,1.66,0.0
20220227:0910,391.04,469.91,19.14,9.77,2.14,0.0
20220227:1010,495.75,592.62,27.89,11.11,2.76,0.0
20220227:1110,154.32,196.34,34.7,12.14,3.17,0.0
20220227:1210,91.05,123.69,38.69,12.59,3.24,0.0
20220227:1310,161.59,205.63,39.19,13.03,3.03,0.0
20220227:1410,172.75,218.48,36.08,13.09,2.97,0.0
20220227:1510,335.68,405.9,29.94,12.9,2.62,0.0
20220227:1610,185.14,231.75,21.63,12.83,2.34,0.0
20220227:1710,187.77,241.24,11.92,12.6,1.93,0.0
20220227:1810,0.0,0.0,0.0,12.15,1.38,0.0
20220227:1910,0.0,0.0,0.0,11.15,0.48,0.0
20220227:2010,0.0,0.0,0.0,11.05,0.55,0.0
20220227:2110,0.0,0.0,0.0,9.82,1.03,0.0
20220227:2210,0.0,0.0,0.0,9.65,1.03,0.0
20220227:2310,0.0,0.0,0.0,10.09,0.76,0.0
20220228:0010,0.0,0.0,0.0,9.7,0.83,0.0
20220228:0110,0.0,0.0,0.0,8.93,0.9,0.0
20220228:0210,0.0,0.0,0.0,8.4,0.9,0.0
20220228:0310,0.0,0.0,0.0,7.42,1.52,0.0
20220228:0410,0.0,0.0,0.0,7.51,2.14,0.0
20220228:0510,0.0,0.0,0.0,7.29,2.0,0.0
20220228:0610,0.0,0.0,0.0,7.03,1.59,0.0
20220228:0710,0.0,0.0,0.0,7.4,2.14,0.0
20220228:0810,52.49,78.73,9.44,8.35,2.14,0.0
20220228:0910,318.95,385.61,19.46,9.95,1.59,0.0
20220228:1010,320.29,388.62,28.23,12.15,1.66,0.0
20220228:1110,238.64,294.8,35.06,13.4,2.55,0.0
20220228:1210,563.64,685.79,39.07,14.04,3.24,0.0
20220228:1310,434.85,526.09,39.56,14.34,3.66,0.0
20220228:1410,264.95,325.85,36.42,14.82,3.86,0.0
20220228:1510,363.7,440.0,30.25,14.84,3.86,0.0
20220228:1610,150.51,193.1,21.91,14.58,3.59,0.0
20220228:1710,59.06,86.97,12.16,14.0,3.17,0.0
20220228:1810,0.0,0.0,0.0,13.14,2.48,0.0
20220228:1910,0.0,0.0,0.0,12.34,1.93,0.0
20220228:2010,0.0,0.0,0.0,11.72,2.0,0.0
20220228:2110,0.0,0.0,0.0,11.0,2.0,0.0
20220228:2210,0.0,0.0,0.0,10.62,2.0,0.0
20220228:2310,0.0,0.0,0.0,10.25,2.0,0.0
20220301:0010,0.0,0.0,0.0,10.14,2.48,0.0
20220301:0110,0.0,0.0,0.0,10.1,2.9,0.0
20220301:0210,0.0,0.0,0.0,9.86,2.69,0.0
20220301:0310,0.0,0.0,0.0,9.46,2.69,0.0
20220301:0410,0.0,0.0,0.0,9.48,2.9,0.0
20220301:0510,0.0,0.0,0.0,9.69,3.1,0.0
20220301:0610,0.0,0.0,0.0,10.01,3.52,0.0
20220301:0710,0.0,0.0,0.0,11.19,3.93,0.0
20220301:0810,57.09,85.32,9.75,11.46,4.34,0.0
20220301:0910,89.93,121.87,19.78,12.16,4.69,0.0
20220301:1010,58.14,84.92,28.58,12.94,5.72,0.0
20220301:1110,43.5,67.38,35.43,13.47,6.48,0.0
20220301:1210,47.88,72.92,39.46,14.24,7.31,0.0
20220301:1310,47.1,72.0,39.94,14.39,8.0,0.0
20220301:1410,41.18,64.61,36.77,13.91,8.14,0.0
20220301:1510,97.65,131.07,30.56,13.02,7.59,0.0
20220301:1610,99.74,133.17,22.18,12.59,6.62,0.0
20220301:1710,175.59,224.24,12.41,12.35,5.66,0.0
20220301:1810,0.0,0.92,1.81,11.86,5.03,0.0
20220301:1910,0.0,0.0,0.0,11.06,3.17,0.0
20220301:2010,0.0,0.0,0.0,10.46,3.52,0.0
20220301:2110,0.0,0.0,0.0,10.1,3.66,0.0
20220301:2210,0.0,0.0,0.0,10.16,3.86,0.0
20220301:2310,0.0,0.0,0.0,10.21,4.21,0.0
20220302:0010,0.0,0.0,0.0,10.1,4.34,0.0
20220302:0110,0.0,0.0,0.0,10.09,4.21,0.0
20220302:0210,0.0,0.0,0.0,9.97,3.72,0.0
20220302:0310,0.0,0.0,0.0,9.99,3.24,0.0
20220302:0410,0.0,0.0,0.0,10.01,3.38,0.0
20220302:0510,0.0,0.0,0.0,10.04,3.45,0.0
20220302:0610,0.0,0.0,0.0,10.05,3.17,0.0
20220302:0710,0.0,0.0,0.0,10.19,3.38,0.0
20220302:0810,36.72,58.88,10.05,10.39,3.31,0.0
20220302:0910,179.27,223.01,20.1,10.76,3.31,0.0
20220302:1010,74.92,104.31,28.92,11.52,3.72,0.0
20220302:1110,192.84,239.75,35.8,11.99,3.86,0.0
20220302:1210,304.73,367.31,39.84,11.69,3.86,0.0
20220302:1310,134.27,172.61,40.31,11.55,4.48,0.0
20220302:1410,183.46,228.25,37.11,11.24,4.21,0.0
20220302:1510,174.21,217.47,30.86,11.21,4.0,0.0
20220302:1610,37.86,60.0,22.45,11.43,4.34,0.0
20220302:1710,61.75,89.12,12.65,11.37,4.55,0.0
20220302:1810,0.0,0.92,2.03,11.23,4.55,0.0
20220302:1910,0.0,0.0,0.0,11.26,4.55,0.0
20220302:2010,0.0,0.0,0.0,11.16,4.69,0.0
20220302:2110,0.0,0.0,0.0,11.17,4.97,0.0
20220302:2210,0.0,0.0,0.0,11.17,5.31,0.0
20220302:2310,0.0,0.0,0.0,11.2,5.45,0.0
20220303:0010,0.0,0.0,0.0,11.19,5.66,0.0
20220303:0110,0.0,0.0,0.0,11.15,5.66,0.0
20220303:0210,0.0,0.0,0.0,11.05,5.72,0.0
20220303:0310,0.0,0.0,0.0,10.82,5.1,0.0
20220303:0410,0.0,0.0,0.0,10.69,2.69,0.0
20220303:0510,0.0,0.0,0.0,10.18,5.1,0.0
20220303:0610,0.0,0.0,0.0,9.41,5.38,0.0
20220303:0710,0.0,0.0,0.0,9.76,3.93,0.0
20220303:0810,128.52,173.29,10.35,9.18,4.0,0.0
20220303:0910,35.27,56.31,20.42,9.3,5.17,0.0
20220303:1010,73.15,101.54,29.27,10.15,5.38,0.0
20220303:1110,229.58,279.3,36.17,11.07,5.52,0.0
20220303:1210,260.98,315.77,40.23,11.61,5.59,0.0
20220303:1310,499.08,590.97,40.69,12.1,5.93,0.0
20220303:1410,361.06,428.49,37.46,11.81,6.34,0.0
20220303:1510,79.26,108.92,31.17,11.12,7.03,0.0
20220303:1610,350.98,413.88,22.72,11.02,6.9,0.0
20220303:1710,105.69,140.35,12.89,10.51,7.03,0.0
20220303:1810,0.0,5.54,2.26,9.72,6.69,0.0
20220303:1910,0.0,0.0,0.0,8.98,5.93,0.0
20220303:2010,0.0,0.0,0.0,8.22,5.86,0.0
20220303:2110,0.0,0.0,0.0,7.83,5.66,0.0
20220303:2210,0.0,0.0,0.0,7.62,5.59,0.0
20220303:2310,0.0,0.0,0.0,7.45,5.45,0.0
20220304:0010,0.0,0.0,0.0,7.27,5.17,0.0
20220304:0110,0.0,0.0,0.0,7.11,4.97,0.0
20220304:0210,0.0,0.0,0.0,6.83,4.69,0.0
20220304:0310,0.0,0.0,0.0,6.7,4.48,0.0
20220304:0410,0.0,0.0,0.0,6.36,4.14,0.0
20220304:0510,0.0,0.0,0.0,6.19,3.86,0.0
20220304:0610,0.0,0.0,0.0,6.13,3.72,0.0
20220304:0710,0.0,0.0,0.0,6.35,4.0,0.0
20220304:0810,172.09,225.24,10.66,6.53,3.66,0.0
20220304:0910,430.24,503.54,20.75,7.36,4.69,0.0
20220304:1010,598.93,700.4,29.62,8.36,4.69,0.0
20220304:1110,734.15,871.47,36.55,9.33,4.83,0.0
20220304:1210,848.59,1028.65,40.61,10.28,4.55,0.0
20220304:1310,862.4,1053.7,41.07,10.82,4.28,0.0
20220304:1410,761.01,919.63,37.81,11.23,4.28,0.0
20220304:1510,619.11,738.53,31.48,11.42,4.21,0.0
20220304:1610,468.99,557.19,22.99,11.33,4.07,0.0
20220304:1710,251.19,313.66,13.14,11.07,3.93,0.0
20220304:1810,4.45,17.03,2.48,10.31,3.59,0.0
20220304:1910,0.0,0.0,0.0,9.53,3.38,0.0
20220304:2010,0.0,0.0,0.0,8.68,3.17,0.0
20220304:2110,0.0,0.0,0.0,7.89,2.9,0.0
20220304:2210,0.0,0.0,0.0,7.19,2.76,0.0
20220304:2310,0.0,0.0,0.0,6.4,2.48,0.0
20220305:0010,0.0,0.0,0.0,5.54,2.21,0.0
20220305:0110,0.0,0.0,0.0,4.52,2.07,0.0
20220305:0210,0.0,0.0,0.0,3.71,2.0,0.0
20220305:0310,0.0,0.0,0.0,3.25,1.79,0.0
20220305:0410,0.0,0.0,0.0,3.46,1.31,0.0
20220305:0510,0.0,0.0,0.0,4.0,0.9,0.0
20220305:0610,0.0,0.0,0.0,2.57,1.45,0.0
20220305:0710,0.0,0.0,0.0,2.69,2.0,0.0
20220305:0810,74.34,102.92,10.97,3.57,1.79,0.0
20220305:0910,219.73,265.76,21.08,6.63,1.66,0.0
20220305:1010,240.11,290.87,29.98,8.79,1.86,0.0
20220305:1110,226.27,277.24,36.92,9.79,1.72,0.0
20220305:1210,617.04,756.72,41.0,10.55,1.59,0.0
20220305:1310,749.02,942.43,41.44,11.41,1.52,0.0
20220305:1410,681.45,852.87,38.15,12.3,1.38,0.0
20220305:1510,401.29,486.9,31.78,12.86,1.86,0.0
20220305:1610,409.48,494.1,23.26,13.06,2.83,0.0
20220305:1710,231.96,293.04,13.38,12.79,3.59,0.0
20220305:1810,1.51,9.23,2.71,11.9,4.34,0.0
20220305:1910,0.0,0.0,0.0,10.7,5.03,0.0
20220305:2010,0.0,0.0,0.0,9.29,5.72,0.0
20220305:2110,0.0,0.0,0.0,8.01,5.66,0.0
20220305:2210,0.0,0.0,0.0,7.09,5.59,0.0
20220305:2310,0.0,0.0,0.0,6.35,5.79,0.0
20220306:0010,0.0,0.0,0.0,5.84,5.93,0.0
20220306:0110,0.0,0.0,0.0,5.46,6.07,0.0
20220306:0210,0.0,0.0,0.0,5.19,6.0,0.0
20220306:0310,0.0,0.0,0.0,4.94,5.72,0.0
20220306:0410,0.0,0.0,0.0,4.62,5.45,0.0
20220306:0510,0.0,0.0,0.0,4.38,5.17,0.0
20220306:0610,0.0,0.0,0.0,4.15,5.03,0.0
20220306:0710,0.0,0.0,0.0,4.3,5.1,0.0
20220306:0810,180.96,232.83,11.29,4.65,4.9,0.0
20220306:0910,438.43,509.05,21.41,6.11,5.1,0.0
20220306:1010,652.51,759.96,30.33,7.69,5.31,0.0
20220306:1110,783.11,927.65,37.3,9.13,5.52,0.0
20220306:1210,830.8,996.12,41.39,10.48,5.66,0.0
20220306:1310,763.98,916.92,41.82,11.48,5.52,0.0
20220306:1410,483.57,574.47,38.5,12.01,5.03,0.0
20220306:1510,432.97,513.48,32.09,12.11,5.1,0.0
20220306:1610,492.8,583.57,23.53,11.95,5.38,0.0
20220306:1710,260.2,323.73,13.62,11.48,5.31,0.0
20220306:1810,3.72,14.39,2.93,10.53,5.24,0.0
20220306:1910,0.0,0.0,0.0,8.93,4.83,0.0
20220306:2010,0.0,0.0,0.0,7.9,4.62,0.0
20220306:2110,0.0,0.0,0.0,7.04,4.41,0.0
20220306:2210,0.0,0.0,0.0,6.36,4.21,0.0
20220306:2310,0.0,0.0,0.0,5.77,3.72,0.0
20220307:0010,0.0,0.0,0.0,5.22,3.38,0.0
20220307:0110,0.0,0.0,0.0,4.72,3.31,0.0
20220307:0210,0.0,0.0,0.0,4.22,3.1,0.0
20220307:0310,0.0,0.0,0.0,3.68,2.97,0.0
20220307:0410,0.0,0.0,0.0,3.27,2.83,0.0
20220307:0510,0.0,0.0,0.0,2.84,2.69,0.0
20220307:0610,0.0,0.0,0.0,2.64,2.69,0.0
20220307:0710,0.0,0.0,0.0,2.91,2.62,0.0
20220307:0810,182.39,234.37,11.6,3.59,2.41,0.0
20220307:0910,426.43,504.44,21.75,6.58,2.14,0.0
20220307:1010,619.85,752.13,30.69,9.29,1.59,0.0
20220307:1110,762.14,940.73,37.68,10.93,2.41,0.0
20220307:1210,828.8,1018.74,41.79,11.69,3.79,0.0
20220307:1310,319.72,384.39,42.21,11.85,4.55,0.0
20220307:1410,246.34,299.88,38.85,11.71,4.69,0.0
20220307:1510,486.72,575.81,32.39,11.55,4.9,0.0
20220307:1610,44.77,68.31,23.8,10.97,4.76,0.0
20220307:1710,25.52,44.31,13.86,10.37,4.48,0.0
20220307:1810,0.0,1.85,3.16,9.91,4.48,0.0
20220307:1910,0.0,0.0,0.0,9.51,5.45,0.0
20220307:2010,0.0,0.0,0.0,9.16,5.72,0.0
20220307:2110,0.0,0.0,0.0,8.85,6.14,0.0
20220307:2210,0.0,0.0,0.0,8.49,6.41,0.0
20220307:2310,0.0,0.0,0.0,8.56,6.83,0.0
20220308:0010,0.0,0.0,0.0,8.58,6.97,0.0
20220308:0110,0.0,0.0,0.0,8.36,4.48,0.0
20220308:0210,0.0,0.0,0.0,8.37,3.1,0.0
20220308:0310,0.0,0.0,0.0,8.15,2.21,0.0
20220308:0410,0.0,0.0,0.0,7.9,2.21,0.0
20220308:0510,0.0,0.0,0.0,7.93,2.62,0.0
20220308:0610,0.0,0.0,0.0,8.14,3.38,0.0
20220308:0710,0.0,0.0,0.0,8.64,5.1,0.0
20220308:0810,84.27,116.51,11.92,8.71,4.83,0.0
20220308:0910,321.05,382.07,22.08,9.33,4.0,0.0
20220308:1010,613.77,727.21,31.05,9.99,4.07,0.0
20220308:1110,676.65,813.74,38.07,10.79,3.66,0.0
20220308:1210,223.19,273.98,42.18,11.2,3.66,0.0
20220308:1310,810.41,996.98,42.59,11.79,3.59,0.0
20220308:1410,785.52,962.18,39.19,11.87,3.59,0.0
20220308:1510,662.79,796.61,32.7,11.87,3.93,0.0
20220308:1610,478.7,569.67,24.06,11.4,3.86,0.0
20220308:1710,175.82,223.58,14.1,11.21,3.86,0.0
20220308:1810,1.98,10.15,3.38,10.81,3.59,0.0
20220308:1910,0.0,0.0,0.0,10.34,3.93,0.0
20220308:2010,0.0,0.0,0.0,10.1,3.93,0.0
20220308:2110,0.0,0.0,0.0,9.91,4.0,0.0
20220308:2210,0.0,0.0,0.0,9.76,4.34,0.0
20220308:2310,0.0,0.0,0.0,9.7,4.69,0.0
20220309:0010,0.0,0.0,0.0,9.64,5.45,0.0
20220309:0110,0.0,0.0,0.0,9.6,5.86,0.0
20220309:0210,0.0,0.0,0.0,9.5,5.93,0.0
20220309:0310,0.0,0.0,0.0,9.72,6.14,0.0
20220309:0410,0.0,0.0,0.0,9.84,6.48,0.0
20220309:0510,0.0,0.0,0.0,9.89,6.62,0.0
20220309:0610,0.0,0.0,0.0,10.01,6.69,0.0
20220309:0710,0.0,0.0,0.0,10.31,6.69,0.0
20220309:0810,14.38,29.54,12.24,10.51,6.69,0.0
20220309:0910,155.38,195.3,22.42,10.97,6.07,0.0
20220309:1010,333.91,395.12,31.41,11.19,6.97,0.0
20220309:1110,187.51,232.3,38.45,11.8,7.66,0.0
20220309:1210,161.58,202.83,42.58,11.58,8.34,0.0
20220309:1310,71.95,100.61,42.97,11.69,8.14,0.0
20220309:1410,47.02,71.08,39.54,11.44,7.72,0.0
20220309:1510,57.85,84.0,33.0,11.26,5.86,0.0
20220309:1610,46.93,71.08,24.33,11.4,3.72,0.0
20220309:1710,175.91,223.95,14.33,10.93,2.83,0.0
20220309:1810,6.82,20.17,3.6,10.65,2.62,0.0
20220309:1910,0.0,0.0,0.0,9.88,2.41,0.0
20220309:2010,0.0,0.0,0.0,9.18,1.66,0.0
20220309:2110,0.0,0.0,0.0,8.08,1.38,0.0
20220309:2210,0.0,0.0,0.0,8.97,0.83,0.0
20220309:2310,0.0,0.0,0.0,8.33,0.97,0.0
20220310:0010,0.0,0.0,0.0,7.49,1.03,0.0
20220310:0110,0.0,0.0,0.0,6.43,1.24,0.0
20220310:0210,0.0,0.0,0.0,5.15,1.45,0.0
20220310:0310,0.0,0.0,0.0,4.56,1.59,0.0
20220310:0410,0.0,0.0,0.0,4.56,1.59,0.0
20220310:0510,0.0,0.0,0.0,4.46,1.59,0.0
20220310:0610,0.0,0.0,0.0,4.4,1.86,0.0
20220310:0710,0.0,0.87,1.72,6.29,2.9,0.0
20220310:0810,50.92,75.26,12.56,7.62,3.31,0.0
20220310:0910,151.7,190.61,22.76,9.36,3.52,0.0
20220310:1010,504.1,593.84,31.77,11.55,5.79,0.0
20220310:1110,564.94,665.31,38.84,12.58,7.79,0.0
20220310:1210,75.45,105.23,42.97,13.02,8.83,0.0
20220310:1310,246.83,301.62,43.35,13.77,8.21,0.0
20220310:1410,109.37,144.92,39.89,13.75,8.55,0.0
20220310:1510,191.27,237.98,33.3,13.78,8.48,0.0
20220310:1610,215.39,263.85,24.59,13.21,8.55,0.0
20220310:1710,9.1,22.15,14.57,12.94,9.17,0.0
20220310:1810,6.09,18.23,3.82,12.6,10.0,0.0
20220310:1910,0.0,0.0,0.0,12.15,8.9,0.0
20220310:2010,0.0,0.0,0.0,12.02,9.45,0.0
20220310:2110,0.0,0.0,0.0,11.59,10.48,0.0
20220310:2210,0.0,0.0,0.0,11.52,9.79,0.0
20220310:2310,0.0,0.0,0.0,11.71,10.0,0.0
20220311:0010,0.0,0.0,0.0,11.62,9.24,0.0
20220311:0110,0.0,0.0,0.0,11.05,7.86,0.0
20220311:0210,0.0,0.0,0.0,10.49,6.0,0.0
20220311:0310,0.0,0.0,0.0,10.32,5.52,0.0
20220311:0410,0.0,0.0,0.0,10.13,5.38,0.0
20220311:0510,0.0,0.0,0.0,9.89,5.59,0.0
20220311:0610,0.0,0.0,0.0,9.58,6.14,0.0
20220311:0710,0.0,0.92,2.03,9.51,5.24,0.0
20220311:0810,196.01,254.78,12.88,9.84,5.45,0.0
20220311:0910,155.56,194.64,23.1,9.91,6.07,0.0
20220311:1010,639.98,754.1,32.14,10.49,5.45,0.0
20220311:1110,570.81,673.67,39.23,11.12,5.72,0.0
20220311:1210,860.26,1033.89,43.37,11.23,6.14,0.0
20220311:1310,402.58,477.31,43.74,11.28,5.66,0.0
20220311:1410,444.18,524.97,40.23,11.38,5.72,0.0
20220311:1510,171.02,212.94,33.6,10.73,6.14,0.0
20220311:1610,211.93,258.5,24.85,10.81,5.38,0.0
20220311:1710,132.27,171.49,14.81,10.67,4.62,0.0
20220311:1810,8.98,23.26,4.04,10.31,3.38,0.0
20220311:1910,0.0,0.0,0.0,10.01,2.83,0.0
20220311:2010,0.0,0.0,0.0,9.38,2.28,0.0
20220311:2110,0.0,0.0,0.0,8.48,2.0,0.0
20220311:2210,0.0,0.0,0.0,7.26,1.66,0.0
20220311:2310,0.0,0.0,0.0,6.7,2.41,0.0
20220312:0010,0.0,0.0,0.0,6.72,3.03,0.0
20220312:0110,0.0,0.0,0.0,7.15,3.52,0.0
20220312:0210,0.0,0.0,0.0,7.43,3.93,0.0
20220312:0310,0.0,0.0,0.0,7.58,4.76,0.0
20220312:0410,0.0,0.0,0.0,7.76,6.0,0.0
20220312:0510,0.0,0.0,0.0,7.84,6.69,0.0
20220312:0610,0.0,0.0,0.0,7.89,7.24,0.0
20220312:0710,0.0,5.54,2.35,8.67,7.79,0.0
20220312:0810,47.93,71.63,13.21,8.79,8.0,0.0
20220312:0910,42.19,64.61,23.44,9.09,8.28,0.0
20220312:1010,86.43,116.31,32.5,9.4,8.14,0.0
20220312:1110,284.9,338.46,39.61,9.78,7.93,0.0
20220312:1210,221.42,268.6,43.77,10.3,8.69,0.0
20220312:1310,149.63,189.23,44.12,11.15,7.1,0.0
20220312:1410,89.39,120.92,40.58,11.51,5.59,0.0
20220312:1510,173.93,217.28,33.9,11.67,5.45,0.0
20220312:1610,135.37,173.13,25.11,11.29,5.31,0.0
20220312:1710,58.39,84.78,15.04,11.07,4.62,0.0
20220312:1810,0.31,6.46,4.26,10.58,4.0,0.0
20220312:1910,0.0,0.0,0.0,9.8,3.59,0.0
20220312:2010,0.0,0.0,0.0,9.08,3.86,0.0
20220312:2110,0.0,0.0,0.0,8.87,3.79,0.0
20220312:2210,0.0,0.0,0.0,8.26,4.34,0.0
20220312:2310,0.0,0.0,0.0,7.92,4.41,0.0
20220313:0010,0.0,0.0,0.0,7.69,4.0,0.0
20220313:0110,0.0,0.0,0.0,7.59,3.59,0.0
20220313:0210,0.0,0.0,0.0,7.52,2.07,0.0
20220313:0310,0.0,0.0,0.0,6.84,1.66,0.0
20220313:0410,0.0,0.0,0.0,6.17,1.59,0.0
20220313:0510,0.0,0.0,0.0,5.78,1.72,0.0
20220313:0610,0.0,0.0,0.0,6.0,2.07,0.0
20220313:0710,1.52,10.13,2.66,6.26,3.72,0.0
20220313:0810,132.74,173.12,13.53,7.11,4.41,0.0
20220313:0910,190.55,232.3,23.78,8.08,5.1,0.0
20220313:1010,92.9,123.69,32.87,9.09,6.0,0.0
20220313:1110,79.72,108.92,40.0,9.88,6.76,0.0
20220313:1210,156.32,196.61,44.17,10.92,7.1,0.0
20220313:1310,706.84,834.96,44.5,11.28,7.31,0.0
20220313:1410,689.56,809.41,40.92,10.79,7.59,0.0
20220313:1510,150.85,189.49,34.2,10.06,7.52,0.0
20220313:1610,43.45,66.46,25.37,10.15,5.79,0.0
20220313:1710,30.0,49.85,15.27,9.7,5.45,0.0
20220313:1810,5.14,15.69,4.48,8.92,4.76,0.0
20220313:1910,0.0,0.0,0.0,8.6,3.66,0.0
20220313:2010,0.0,0.0,0.0,8.56,3.1,0.0
20220313:2110,0.0,0.0,0.0,8.51,2.9,0.0
20220313:2210,0.0,0.0,0.0,8.45,2.76,0.0
20220313:2310,0.0,0.0,0.0,8.42,2.41,0.0
20220314:0010,0.0,0.0,0.0,8.31,2.07,0.0
20220314:0110,0.0,0.0,0.0,8.03,2.28,0.0
20220314:0210,0.0,0.0,0.0,7.87,2.41,0.0
20220314:0310,0.0,0.0,0.0,7.56,2.9,0.0
20220314:0410,0.0,0.0,0.0,6.87,2.97,0.0
20220314:0510,0.0,0.0,0.0,6.54,3.03,0.0
20220314:0610,0.0,0.0,0.0,6.29,3.24,0.0
20220314:0710,2.43,11.81,2.98,6.46,3.72,0.0
20220314:0810,94.78,127.45,13.86,7.27,3.79,0.0
20220314:0910,122.22,156.99,24.13,8.85,3.93,0.0
20220314:1010,131.16,168.63,33.24,10.88,4.07,0.0
20220314:1110,464.64,555.53,40.39,12.49,4.28,0.0
20220314:1210,846.13,1045.57,44.57,13.66,4.41,0.0
20220314:1310,482.38,584.63,44.89,14.76,4.14,0.0
20220314:1410,205.62,258.21,41.26,15.54,4.62,0.0
20220314:1510,250.52,309.72,34.5,16.11,5.24,0.0
20220314:1610,82.04,114.46,25.63,15.88,5.66,0.0
20220314:1710,24.19,43.38,15.51,15.24,5.45,0.0
20220314:1810,15.16,34.26,4.69,14.32,4.9,0.0
20220314:1910,0.0,0.0,0.0,13.27,3.45,0.0
20220314:2010,0.0,0.0,0.0,12.44,3.03,0.0
20220314:2110,0.0,0.0,0.0,11.96,2.83,0.0
20220314:2210,0.0,0.0,0.0,11.31,2.62,0.0
20220314:2310,0.0,0.0,0.0,10.7,2.34,0.0
20220315:0010,0.0,0.0,0.0,9.95,2.41,0.0
20220315:0110,0.0,0.0,0.0,8.89,2.48,0.0
20220315:0210,0.0,0.0,0.0,7.65,2.07,0.0
20220315:0310,0.0,0.0,0.0,6.78,2.34,0.0
20220315:0410,0.0,0.0,0.0,6.22,2.55,0.0
20220315:0510,0.0,0.0,0.0,5.93,2.62,0.0
20220315:0610,0.0,0.0,0.0,5.86,2.83,0.0
20220315:0710,3.43,13.52,3.3,6.36,3.1,0.0
20220315:0810,177.69,229.11,14.19,8.01,3.03,0.0
20220315:0910,306.71,370.71,24.47,10.97,2.41,0.0
20220315:1010,364.56,442.87,33.6,13.38,2.28,0.0
20220315:1110,500.82,615.34,40.79,15.17,2.41,0.0
20220315:1210,556.08,687.03,44.97,16.49,3.1,0.0
20220315:1310,522.1,648.52,45.27,17.62,2.9,0.0
20220315:1410,438.38,546.07,41.61,18.62,2.55,0.0
20220315:1510,322.8,402.76,34.8,19.19,2.9,0.0
20220315:1610,196.91,252.2,25.89,19.37,3.31,0.0
20220315:1710,107.86,148.46,15.74,19.2,3.1,0.0
20220315:1810,11.18,26.97,4.91,18.36,3.52,0.0
20220315:1910,0.0,0.0,0.0,16.24,3.45,0.0
20220315:2010,0.0,0.0,0.0,14.75,3.86,0.0
20220315:2110,0.0,0.0,0.0,13.7,3.45,0.0
20220315:2210,0.0,0.0,0.0,12.95,3.24,0.0
20220315:2310,0.0,0.0,0.0,12.16,2.97,0.0
20220316:0010,0.0,0.0,0.0,11.39,2.76,0.0
20220316:0110,0.0,0.0,0.0,10.9,3.1,0.0
20220316:0210,0.0,0.0,0.0,10.39,3.52,0.0
20220316:0310,0.0,0.0,0.0,10.06,3.79,0.0
20220316:0410,0.0,0.0,0.0,9.9,4.14,0.0
20220316:0510,0.0,0.0,0.0,9.88,4.48,0.0
20220316:0610,0.0,0.0,0.0,9.87,4.69,0.0
20220316:0710,0.0,2.77,3.62,10.46,4.69,0.0
20220316:0810,127.06,168.04,14.52,10.9,5.66,0.0
20220316:0910,268.65,322.87,24.82,11.47,7.03,0.0
20220316:1010,171.63,214.63,33.97,12.14,7.31,0.0
20220316:1110,89.69,121.84,41.18,12.97,7.59,0.0
20220316:1210,206.06,255.19,45.38,13.36,7.59,0.0
20220316:1310,232.42,285.37,45.66,13.54,7.59,0.0
20220316:1410,259.67,316.34,41.95,13.84,7.66,0.0
20220316:1510,322.88,387.59,35.09,14.05,7.59,0.0
20220316:1610,285.31,344.19,26.15,13.87,7.59,0.0
20220316:1710,107.35,143.47,15.97,13.42,7.59,0.0
20220316:1810,8.73,22.16,5.13,12.6,7.59,0.0
20220316:1910,0.0,0.0,0.0,11.34,6.69,0.0
20220316:2010,0.0,0.0,0.0,10.55,6.62,0.0
20220316:2110,0.0,0.0,0.0,9.9,6.34,0.0
20220316:2210,0.0,0.0,0.0,9.44,6.21,0.0
20220316:2310,0.0,0.0,0.0,9.04,6.41,0.0
20220317:0010,0.0,0.0,0.0,8.79,6.55,0.0
20220317:0110,0.0,0.0,0.0,8.69,6.69,0.0
20220317:0210,0.0,0.0,0.0,8.54,6.76,0.0
20220317:0310,0.0,0.0,0.0,8.37,6.83,0.0
20220317:0410,0.0,0.0,0.0,8.22,6.9,0.0
20220317:0510,0.0,0.0,0.0,8.12,6.9,0.0
20220317:0610,0.0,0.0,0.0,7.96,6.83,0.0
20220317:0710,9.44,25.86,3.94,7.99,6.41,0.0
20220317:0810,230.49,293.0,14.85,8.52,6.0,0.0
20220317:0910,480.23,561.9,25.16,9.64,6.83,0.0
20220317:1010,577.71,676.76,34.34,11.0,6.9,0.0
20220317:1110,649.41,770.18,41.57,12.39,6.76,0.0
20220317:1210,776.08,934.66,45.78,13.6,6.76,0.0
20220317:1310,823.65,1003.28,46.04,14.55,6.34,0.0
20220317:1410,747.64,908.64,42.29,15.19,6.0,0.0
20220317:1510,593.02,714.06,35.38,15.55,5.86,0.0
20220317:1610,424.66,511.1,26.4,15.53,5.86,0.0
20220317:1710,204.06,260.2,16.19,15.04,5.59,0.0
20220317:1810,25.83,52.63,5.34,13.81,6.0,0.0
20220317:1910,0.0,0.0,0.0,12.23,5.66,0.0
20220317:2010,0.0,0.0,0.0,10.95,5.59,0.0
20220317:2110,0.0,0.0,0.0,9.92,5.66,0.0
20220317:2210,0.0,0.0,0.0,9.05,5.45,0.0
20220317:2310,0.0,0.0,0.0,8.25,5.24,0.0
20220318:0010,0.0,0.0,0.0,7.54,5.03,0.0
20220318:0110,0.0,0.0,0.0,6.99,4.69,0.0
20220318:0210,0.0,0.0,0.0,6.55,4.34,0.0
20220318:0310,0.0,0.0,0.0,6.14,4.07,0.0
20220318:0410,0.0,0.0,0.0,5.82,3.86,0.0
20220318:0510,0.0,0.0,0.0,5.56,3.72,0.0
20220318:0610,0.0,0.0,0.0,5.34,3.59,0.0
20220318:0710,13.87,37.01,4.26,5.33,3.59,0.0
20220318:0810,221.92,280.99,15.18,6.52,3.45,0.0
20220318:0910,440.21,522.93,25.51,9.13,3.03,0.0
20220318:1010,613.58,742.63,34.71,11.61,2.69,0.0
20220318:1110,751.02,942.07,41.96,13.52,2.21,0.0
20220318:1210,809.98,1043.31,46.18,14.93,1.86,0.0
20220318:1310,793.27,1047.03,46.42,15.9,0.97,0.0
20220318:1410,719.28,940.48,42.63,16.43,0.76,0.0
20220318:1510,617.52,777.69,35.68,16.75,1.72,0.0
20220318:1610,465.79,572.84,26.66,16.33,2.62,0.0
20220318:1710,260.26,333.28,16.42,15.5,2.28,0.0
20220318:1810,37.04,75.09,5.55,14.65,1.45,0.0
20220318:1910,0.0,0.0,0.0,13.43,1.31,0.0
20220318:2010,0.0,0.0,0.0,12.8,0.41,0.0
20220318:2110,0.0,0.0,0.0,10.44,1.59,0.0
20220318:2210,0.0,0.0,0.0,9.29,2.0,0.0
20220318:2310,0.0,0.0,0.0,8.55,2.34,0.0
20220319:0010,0.0,0.0,0.0,8.18,2.48,0.0
20220319:0110,0.0,0.0,0.0,8.09,2.55,0.0
20220319:0210,0.0,0.0,0.0,8.24,2.62,0.0
20220319:0310,0.0,0.0,0.0,8.35,2.55,0.0
20220319:0410,0.0,0.0,0.0,8.45,2.48,0.0
20220319:0510,0.0,0.0,0.0,8.66,2.55,0.0
20220319:0610,0.0,0.0,0.0,8.38,2.83,0.0
20220319:0710,15.26,40.5,4.59,7.74,2.83,0.0
20220319:0810,213.04,274.24,15.51,9.59,2.48,0.0
20220319:0910,451.03,547.54,25.86,12.57,2.34,0.0
20220319:1010,531.24,653.4,35.08,15.04,2.21,0.0
20220319:1110,748.71,955.4,42.36,16.54,2.14,0.0
20220319:1210,796.53,1028.11,46.58,17.44,2.34,0.0
20220319:1310,397.13,494.39,46.81,17.73,2.28,0.0
20220319:1410,195.23,250.23,42.97,17.6,2.14,0.0
20220319:1510,95.01,131.07,35.97,17.26,2.14,0.0
20220319:1610,121.75,162.05,26.91,16.33,2.07,0.0
20220319:1710,213.19,275.69,16.65,15.87,1.59,0.0
20220319:1810,12.3,27.63,5.77,15.19,1.38,0.0
20220319:1910,0.0,0.0,0.0,14.22,1.17,0.0
20220319:2010,0.0,0.0,0.0,12.92,1.1,0.0
20220319:2110,0.0,0.0,0.0,11.82,1.38,0.0
20220319:2210,0.0,0.0,0.0,11.38,2.07,0.0
20220319:2310,0.0,0.0,0.0,11.31,2.41,0.0
20220320:0010,0.0,0.0,0.0,11.53,2.55,0.0
20220320:0110,0.0,0.0,0.0,11.58,2.55,0.0
20220320:0210,0.0,0.0,0.0,11.24,2.55,0.0
20220320:0310,0.0,0.0,0.0,10.61,2.62,0.0
20220320:0410,0.0,0.0,0.0,10.4,2.55,0.0
20220320:0510,0.0,0.0,0.0,9.98,2.69,0.0
20220320:0610,0.0,0.0,0.0,9.55,2.76,0.0
20220320:0710,15.28,36.62,4.91,9.78,2.83,0.0
20220320:0810,154.63,201.81,15.84,11.04,2.62,0.0
20220320:0910,363.79,442.3,26.21,13.01,2.34,0.0
20220320:1010,513.74,632.2,35.45,15.21,2.14,0.0
20220320:1110,429.56,531.8,42.75,16.37,2.0,0.0
20220320:1210,484.01,603.66,46.99,16.5,1.72,0.0
20220320:1310,327.03,408.76,47.19,16.83,1.52,0.0
20220320:1410,288.87,362.97,43.31,17.16,1.31,0.0
20220320:1510,161.9,210.82,36.26,17.38,1.45,0.0
20220320:1610,134.18,177.83,27.16,17.39,1.31,0.0
20220320:1710,66.59,97.07,16.87,17.01,1.52,0.0
20220320:1810,19.64,40.05,5.98,16.36,1.93,0.0
20220320:1910,0.0,0.0,0.0,15.04,1.86,0.0
20220320:2010,0.0,0.0,0.0,13.66,2.07,0.0
20220320:2110,0.0,0.0,0.0,12.59,2.28,0.0
20220320:2210,0.0,0.0,0.0,11.81,2.41,0.0
20220320:2310,0.0,0.0,0.0,11.27,2.55,0.0
20220321:0010,0.0,0.0,0.0,10.96,2.69,0.0
20220321:0110,0.0,0.0,0.0,10.96,2.69,0.0
20220321:0210,0.0,0.0,0.0,11.17,2.83,0.0
20220321:0310,0.0,0.0,0.0,11.42,2.83,0.0
20220321:0410,0.0,0.0,0.0,11.11,2.28,0.0
20220321:0510,0.0,0.0,0.0,10.55,1.66,0.0
20220321:0610,0.0,0.0,0.0,9.96,1.45,0.0
20220321:0710,10.62,25.16,5.23,8.47,1.17,0.0
20220321:0810,99.77,134.6,16.17,10.22,0.97,0.0
20220321:0910,127.86,167.25,26.55,12.74,0.83,0.0
20220321:1010,496.13,617.23,35.82,13.8,0.62,0.0
20220321:1110,501.25,630.17,43.14,14.75,0.48,0.0
20220321:1210,600.76,773.41,47.39,15.28,0.28,0.0
20220321:1310,636.76,818.14,47.57,15.43,0.69,0.0
20220321:1410,194.81,248.57,43.65,15.56,1.1,0.0
20220321:1510,203.87,258.5,36.54,15.87,1.72,0.0
20220321:1610,128.38,169.0,27.41,15.45,2.62,0.0
20220321:1710,213.65,274.13,17.1,14.95,2.41,0.0
20220321:1810,18.78,38.01,6.19,14.19,1.52,0.0
20220321:1910,0.0,0.0,0.0,12.89,1.24,0.0
20220321:2010,0.0,0.0,0.0,11.92,1.03,0.0
20220321:2110,0.0,0.0,0.0,10.86,1.38,0.0
20220321:2210,0.0,0.0,0.0,9.93,1.52,0.0
20220321:2310,0.0,0.0,0.0,9.72,1.31,0.0
20220322:0010,0.0,0.0,0.0,9.74,1.1,0.0
20220322:0110,0.0,0.0,0.0,9.5,1.17,0.0
20220322:0210,0.0,0.0,0.0,9.34,1.45,0.0
20220322:0310,0.0,0.0,0.0,9.13,1.86,0.0
20220322:0410,0.0,0.0,0.0,9.31,2.14,0.0
20220322:0510,0.0,0.0,0.0,10.11,2.62,0.0
20220322:0610,0.0,0.0,0.0,10.94,3.45,0.0
20220322:0710,20.19,47.02,5.56,11.32,3.66,0.0
20220322:0810,153.21,199.64,16.5,11.87,3.93,0.0
20220322:0910,210.34,259.13,26.9,12.66,5.93,0.0
20220322:1010,185.93,232.19,36.19,13.3,6.76,0.0
20220322:1110,93.29,126.46,43.54,13.67,6.62,0.0
20220322:1210,105.13,140.3,47.79,13.92,6.76,0.0
20220322:1310,143.22,184.61,47.95,14.45,6.76,0.0
20220322:1410,69.32,98.77,43.98,14.59,6.97,0.0
20220322:1510,483.34,574.81,36.83,14.01,6.69,0.0
20220322:1610,83.09,114.46,27.65,13.31,5.86,0.0
20220322:1710,7.89,20.31,17.32,12.99,5.24,0.0
20220322:1810,5.58,16.62,6.4,12.63,4.21,0.0
20220322:1910,0.0,0.0,0.0,12.28,3.52,0.0
20220322:2010,0.0,0.0,0.0,11.92,2.48,0.0
20220322:2110,0.0,0.0,0.0,11.68,2.21,0.0
20220322:2210,0.0,0.0,0.0,11.45,2.34,0.0
20220322:2310,0.0,0.0,0.0,11.32,2.34,0.0
20220323:0010,0.0,0.0,0.0,11.31,2.48,0.0
20220323:0110,0.0,0.0,0.0,11.29,3.03,0.0
20220323:0210,0.0,0.0,0.0,10.95,3.24,0.0
20220323:0310,0.0,0.0,0.0,10.65,3.17,0.0
20220323:0410,0.0,0.0,0.0,10.51,3.38,0.0
20220323:0510,0.0,0.0,0.0,10.45,3.31,0.0
20220323:0610,0.0,0.0,0.0,10.41,3.38,0.0
20220323:0710,22.94,48.01,5.88,10.27,2.76,0.0
20220323:0810,72.66,101.98,16.83,10.96,2.14,0.0
20220323:0910,103.21,138.04,27.25,12.34,1.66,0.0
20220323:1010,267.63,330.27,36.56,13.53,1.72,0.0
20220323:1110,658.23,825.15,43.93,14.71,1.86,0.0
20220323:1210,533.8,667.49,48.19,15.81,1.59,0.0
20220323:1310,411.55,514.26,48.34,16.48,1.24,0.0
20220323:1410,250.78,317.18,44.32,16.56,0.83,0.0
20220323:1510,383.56,479.26,37.11,16.4,0.76,0.0
20220323:1610,173.5,222.97,27.9,16.23,1.52,0.0
20220323:1710,218.2,282.12,17.54,16.26,1.86,0.0
20220323:1810,44.57,85.17,6.61,16.02,2.28,0.0
20220323:1910,0.0,0.0,0.0,15.22,3.1,0.0
20220323:2010,0.0,0.0,0.0,14.13,3.38,0.0
20220323:2110,0.0,0.0,0.0,13.27,3.59,0.0
20220323:2210,0.0,0.0,0.0,12.57,3.31,0.0
20220323:2310,0.0,0.0,0.0,11.7,3.17,0.0
20220324:0010,0.0,0.0,0.0,10.88,3.31,0.0
20220324:0110,0.0,0.0,0.0,10.21,3.24,0.0
20220324:0210,0.0,0.0,0.0,9.6,3.24,0.0
20220324:0310,0.0,0.0,0.0,9.14,3.31,0.0
20220324:0410,0.0,0.0,0.0,8.84,3.38,0.0
20220324:0510,0.0,0.0,0.0,8.59,3.38,0.0
20220324:0610,0.0,0.0,0.0,8.09,3.38,0.0
20220324:0710,30.76,66.87,6.2,8.61,3.1,0.0
20220324:0810,234.5,299.16,17.17,9.92,2.83,0.0
20220324:0910,447.58,541.34,27.59,12.6,2.76,0.0
20220324:1010,625.04,768.08,36.93,14.63,2.83,0.0
20220324:1110,752.5,942.77,44.32,16.03,3.24,0.0
20220324:1210,822.45,1045.12,48.59,17.21,3.52,0.0
20220324:1310,815.39,1038.86,48.72,18.19,3.66,0.0
20220324:1410,740.4,937.39,44.65,19.01,3.59,0.0
20220324:1510,493.26,614.87,37.4,19.52,3.03,0.0
20220324:1610,185.2,239.36,28.14,19.47,2.48,0.0
20220324:1710,97.52,135.76,17.76,19.17,2.21,0.0
20220324:1810,31.33,59.61,6.81,18.39,1.93,0.0
20220324:1910,0.0,0.0,0.0,17.0,2.34,0.0
20220324:2010,0.0,0.0,0.0,15.42,2.41,0.0
20220324:2110,0.0,0.0,0.0,14.33,2.41,0.0
20220324:2210,0.0,0.0,0.0,13.19,2.62,0.0
20220324:2310,0.0,0.0,0.0,12.39,2.62,0.0
20220325:0010,0.0,0.0,0.0,11.64,2.55,0.0
20220325:0110,0.0,0.0,0.0,10.88,2.62,0.0
20220325:0210,0.0,0.0,0.0,10.32,2.69,0.0
20220325:0310,0.0,0.0,0.0,9.93,2.76,0.0
20220325:0410,0.0,0.0,0.0,9.88,2.69,0.0
20220325:0510,0.0,0.0,0.0,9.77,2.76,0.0
20220325:0610,0.0,0.0,0.0,9.8,2.69,0.0
20220325:0710,16.33,33.56,6.53,10.15,3.24,0.0
20220325:0810,79.82,110.53,17.5,11.51,2.97,0.0
20220325:0910,197.55,247.73,27.94,13.81,2.69,0.0
20220325:1010,183.72,233.71,37.3,15.4,2.62,0.0
20220325:1110,336.82,416.83,44.71,16.39,2.48,0.0
20220325:1210,219.58,278.98,49.0,17.38,2.28,0.0
20220325:1310,211.67,271.42,49.09,17.79,1.17,0.0
20220325:1410,299.15,380.22,44.98,17.75,0.21,0.0
20220325:1510,345.07,434.2,37.68,17.78,0.76,0.0
20220325:1610,233.64,295.79,28.38,17.17,1.1,0.0
20220325:1710,126.46,170.09,17.97,16.83,0.97,0.0
20220325:1810,21.43,41.68,7.02,16.21,1.03,0.0
20220325:1910,0.0,0.0,0.0,15.19,1.17,0.0
20220325:2010,0.0,0.0,0.0,14.09,1.93,0.0
20220325:2110,0.0,0.0,0.0,13.5,2.07,0.0
20220325:2210,0.0,0.0,0.0,12.95,2.14,0.0
20220325:2310,0.0,0.0,0.0,12.51,2.28,0.0
20220326:0010,0.0,0.0,0.0,12.22,2.34,0.0
20220326:0110,0.0,0.0,0.0,11.62,2.48,0.0
20220326:0210,0.0,0.0,0.0,11.27,2.62,0.0
20220326:0310,0.0,0.0,0.0,11.01,2.69,0.0
20220326:0410,0.0,0.0,0.0,10.49,2.76,0.0
20220326:0510,0.0,0.0,0.0,9.91,2.69,0.0
20220326:0610,0.0,0.0,0.0,9.39,2.62,0.0
20220326:0710,14.83,30.53,6.85,9.67,2.14,0.0
20220326:0810,66.67,94.93,17.83,11.5,2.0,0.0
20220326:0910,182.27,231.46,28.28,14.27,1.52,0.0
20220326:1010,344.87,427.94,37.67,15.85,1.31,0.0
20220326:1110,385.73,479.84,45.11,16.54,1.59,0.0
20220326:1210,277.43,347.9,49.4,16.75,1.86,0.0
20220326:1310,208.31,265.27,49.47,16.67,1.79,0.0
20220326:1410,290.01,363.19,45.31,16.63,1.52,0.0
20220326:1510,241.55,304.47,37.96,16.61,1.45,0.0
20220326:1610,158.46,205.18,28.62,16.26,1.86,0.0
20220326:1710,103.35,140.86,18.19,15.81,2.07,0.0
20220326:1810,17.31,35.02,7.23,15.25,1.79,0.0
20220326:1910,0.0,0.0,0.0,14.48,1.72,0.0
20220326:2010,0.0,0.0,0.0,13.33,1.31,0.0
20220326:2110,0.0,0.0,0.0,12.73,1.1,0.0
20220326:2210,0.0,0.0,0.0,12.31,1.24,0.0
20220326:2310,0.0,0.0,0.0,11.65,1.45,0.0
20220327:0010,0.0,0.0,0.0,11.07,1.59,0.0
20220327:0110,0.0,0.0,0.0,10.5,1.72,0.0
20220327:0210,0.0,0.0,0.0,10.05,1.86,0.0
20220327:0310,0.0,0.0,0.0,9.96,1.86,0.0
20220327:0410,0.0,0.0,0.0,9.81,1.79,0.0
20220327:0510,0.0,0.0,0.0,9.27,1.86,0.0
20220327:0610,0.0,0.0,0.0,9.15,1.93,0.0
20220327:0710,34.1,65.96,7.17,9.89,2.41,0.0
20220327:0810,213.42,275.01,18.15,12.27,2.0,0.0
20220327:0910,425.15,526.15,28.63,15.74,1.72,0.0
20220327:1010,594.77,749.04,38.03,17.26,1.72,0.0
20220327:1110,715.7,917.99,45.5,17.89,2.0,0.0
20220327:1210,512.66,644.58,49.8,18.1,2.0,0.0
20220327:1310,746.49,965.6,49.85,18.02,2.0,0.0
20220327:1410,674.81,859.37,45.64,17.7,2.07,0.0
20220327:1510,549.34,685.25,38.23,17.52,2.28,0.0
20220327:1610,271.44,339.22,28.86,17.43,2.41,0.0
20220327:1710,217.93,282.38,18.41,17.21,2.41,0.0
20220327:1810,28.16,52.18,7.43,16.7,2.21,0.0
20220327:1910,0.0,0.0,0.0,15.86,2.21,0.0
20220327:2010,0.0,0.0,0.0,15.36,2.21,0.0
20220327:2110,0.0,0.0,0.0,14.75,2.34,0.0
20220327:2210,0.0,0.0,0.0,14.2,2.55,0.0
20220327:2310,0.0,0.0,0.0,13.66,2.21,0.0
20220328:0010,0.0,0.0,0.0,12.52,2.14,0.0
20220328:0110,0.0,0.0,0.0,11.94,2.21,0.0
20220328:0210,0.0,0.0,0.0,11.78,2.28,0.0
20220328:0310,0.0,0.0,0.0,11.39,2.34,0.0
20220328:0410,0.0,0.0,0.0,11.22,2.41,0.0
20220328:0510,0.0,0.0,0.0,10.88,2.41,0.0
20220328:0610,0.0,0.0,0.0,10.51,2.41,0.0
20220328:0710,34.66,65.16,7.5,10.53,2.28,0.0
20220328:0810,189.86,244.9,18.48,12.06,1.72,0.0
20220328:0910,171.39,219.94,28.97,15.0,1.03,0.0
20220328:1010,387.42,486.64,38.4,16.62,0.48,0.0
20220328:1110,647.97,826.56,45.89,17.05,1.52,0.0
20220328:1210,437.09,543.85,50.2,17.07,2.14,0.0
20220328:1310,511.95,639.77,50.22,17.04,2.07,0.0
20220328:1410,310.26,387.78,45.96,16.92,1.72,0.0
20220328:1510,183.53,236.04,38.51,17.06,1.66,0.0
20220328:1610,267.87,335.88,29.1,17.16,1.66,0.0
20220328:1710,150.28,199.1,18.62,17.03,1.38,0.0
20220328:1810,20.44,39.46,7.64,16.64,1.1,0.0
20220328:1910,0.0,0.0,0.0,15.59,1.38,0.0
20220328:2010,0.0,0.0,0.0,13.63,1.79,0.0
20220328:2110,0.0,0.0,0.0,12.15,2.0,0.0
20220328:2210,0.0,0.0,0.0,11.29,2.41,0.0
20220328:2310,0.0,0.0,0.0,10.95,2.69,0.0
20220329:0010,0.0,0.0,0.0,10.77,2.76,0.0
20220329:0110,0.0,0.0,0.0,10.49,2.62,0.0
20220329:0210,0.0,0.0,0.0,10.12,2.55,0.0
20220329:0310,0.0,0.0,0.0,9.8,2.69,0.0
20220329:0410,0.0,0.0,0.0,9.53,3.03,0.0
20220329:0510,0.0,0.0,0.0,9.25,3.17,0.0
20220329:0610,0.0,0.0,0.0,9.22,3.31,0.0
20220329:0710,34.14,61.81,7.82,10.54,3.24,0.0
20220329:0810,228.09,290.27,18.81,11.46,3.45,0.0
20220329:0910,439.68,528.12,29.31,12.88,4.0,0.0
20220329:1010,612.91,742.12,38.76,14.35,4.21,0.0
20220329:1110,731.29,901.09,46.27,15.61,4.34,0.0
20220329:1210,813.92,1018.96,50.59,16.43,4.28,0.0
20220329:1310,790.66,988.63,50.6,16.92,4.41,0.0
20220329:1410,710.01,873.97,46.29,16.94,5.1,0.0
20220329:1510,590.14,715.41,38.78,16.69,5.66,0.0
20220329:1610,454.96,548.81,29.34,16.11,5.93,0.0
20220329:1710,208.59,265.98,18.83,15.36,5.79,0.0
20220329:1810,30.98,55.48,7.84,14.29,5.52,0.0
20220329:1910,0.0,0.0,0.0,13.15,4.76,0.0
20220329:2010,0.0,0.0,0.0,12.09,4.97,0.0
20220329:2110,0.0,0.0,0.0,11.12,4.69,0.0
20220329:2210,0.0,0.0,0.0,10.33,4.41,0.0
20220329:2310,0.0,0.0,0.0,9.95,4.34,0.0
20220330:0010,0.0,0.0,0.0,9.52,4.14,0.0
20220330:0110,0.0,0.0,0.0,9.31,4.0,0.0
20220330:0210,0.0,0.0,0.0,9.12,3.79,0.0
20220330:0310,0.0,0.0,0.0,9.12,3.52,0.0
20220330:0410,0.0,0.0,0.0,9.17,3.1,0.0
20220330:0510,0.0,0.0,0.0,9.07,2.69,0.0
20220330:0610,0.0,0.0,0.0,9.15,2.41,0.0
20220330:0710,43.62,85.93,8.14,9.19,2.48,0.0
20220330:0810,140.48,181.07,19.14,10.04,3.45,0.0
20220330:0910,470.49,561.72,29.66,11.15,3.66,0.0
20220330:1010,582.75,698.83,39.13,12.26,4.0,0.0
20220330:1110,753.8,920.16,46.66,13.04,4.21,0.0
20220330:1210,841.74,1037.35,50.99,13.23,4.48,0.0
20220330:1310,835.84,1028.68,50.97,13.51,4.69,0.0
20220330:1410,758.32,924.46,46.61,13.78,4.83,0.0
20220330:1510,662.17,798.41,39.05,13.81,4.83,0.0
20220330:1610,440.18,528.09,29.57,13.81,4.83,0.0
20220330:1710,197.68,251.16,19.05,13.53,4.62,0.0
20220330:1810,40.53,70.9,8.04,13.07,4.21,0.0
20220330:1910,0.0,0.0,0.0,12.21,3.24,0.0
20220330:2010,0.0,0.0,0.0,11.42,3.1,0.0
20220330:2110,0.0,0.0,0.0,10.81,3.17,0.0
20220330:2210,0.0,0.0,0.0,10.32,2.69,0.0
20220330:2310,0.0,0.0,0.0,10.17,2.21,0.0
20220331:0010,0.0,0.0,0.0,9.68,2.28,0.0
20220331:0110,0.0,0.0,0.0,9.56,2.14,0.0
20220331:0210,0.0,0.0,0.0,9.18,1.03,0.0
20220331:0310,0.0,0.0,0.0,9.0,1.72,0.0
20220331:0410,0.0,0.0,0.0,9.16,2.62,0.0
20220331:0510,0.0,0.0,0.0,9.47,3.24,0.0
20220331:0610,0.0,0.0,0.0,9.43,3.79,0.0
20220331:0710,33.4,57.66,8.46,9.5,4.62,0.0
20220331:0810,75.29,104.0,19.46,9.68,4.55,0.0
20220331:0910,271.11,326.31,29.99,10.49,4.55,0.0
20220331:1010,514.37,609.27,39.49,11.09,4.76,0.0
20220331:1110,737.58,887.42,47.05,11.77,4.97,0.0
20220331:1210,573.78,685.66,51.39,12.07,5.1,0.0
20220331:1310,634.25,761.58,51.34,12.47,5.1,0.0
20220331:1410,648.72,779.35,46.93,12.89,5.17,0.0
20220331:1510,297.72,360.46,39.32,13.25,5.17,0.0
20220331:1610,241.34,294.14,29.8,12.52,5.86,0.0
20220331:1710,224.71,281.24,19.26,11.93,5.72,0.0
20220331:1810,22.29,41.06,8.24,11.61,4.69,0.0
20220331:1910,0.0,0.0,0.0,10.86,4.76,0.0
20220331:2010,0.0,0.0,0.0,10.31,4.62,0.0
20220331:2110,0.0,0.0,0.0,9.89,4.55,0.0
20220331:2210,0.0,0.0,0.0,9.44,4.62,0.0
20220331:2310,0.0,0.0,0.0,8.96,4.83,0.0
20220401:0010,0.0,0.0,0.0,8.4,4.9,0.0
20220401:0110,0.0,0.0,0.0,8.01,4.97,0.0
20220401:0210,0.0,0.0,0.0,7.46,5.1,0.0
20220401:0310,0.0,0.0,0.0,6.82,5.24,0.0
20220401:0410,0.0,0.0,0.0,6.16,5.24,0.0
20220401:0510,0.0,0.0,0.0,5.59,5.24,0.0
20220401:0610,0.0,0.0,0.0,5.17,5.17,0.0
20220401:0710,51.81,101.13,8.77,5.25,4.83,0.0
20220401:0810,271.98,334.49,19.78,6.08,4.83,0.0
20220401:0910,507.44,589.95,30.33,7.27,5.31,0.0
20220401:1010,672.08,785.33,39.85,8.51,5.86,0.0
20220401:1110,693.72,818.02,47.43,9.5,6.0,0.0
20220401:1210,789.84,944.22,51.78,10.27,5.79,0.0
20220401:1310,695.23,829.68,51.71,10.95,5.59,0.0
20220401:1410,743.23,889.49,47.25,11.22,5.52,0.0
20220401:1510,706.38,838.78,39.59,11.28,5.72,0.0
20220401:1610,541.45,638.28,30.03,11.18,6.07,0.0
20220401:1710,294.03,363.79,19.46,10.86,6.14,0.0
20220401:1810,58.58,104.78,8.45,10.24,5.79,0.0
20220401:1910,0.0,0.0,0.0,8.91,5.93,0.0
20220401:2010,0.0,0.0,0.0,7.91,5.72,0.0
20220401:2110,0.0,0.0,0.0,7.13,5.52,0.0
20220401:2210,0.0,0.0,0.0,6.44,5.31,0.0
20220401:2310,0.0,0.0,0.0,5.85,5.17,0.0
20220402:0010,0.0,0.0,0.0,5.38,5.03,0.0
20220402:0110,0.0,0.0,0.0,4.97,4.9,0.0
20220402:0210,0.0,0.0,0.0,4.59,4.83,0.0
20220402:0310,0.0,0.0,0.0,4.28,4.69,0.0
20220402:0410,0.0,0.0,0.0,3.98,4.55,0.0
20220402:0510,0.0,0.0,0.0,3.74,4.28,0.0
20220402:0610,0.0,0.0,0.0,3.45,4.0,0.0
20220402:0710,54.56,104.78,9.09,3.81,3.66,0.0
20220402:0810,280.44,344.57,20.11,5.34,3.72,0.0
20220402:0910,515.4,602.91,30.67,7.15,4.07,0.0
20220402:1010,690.92,819.57,40.21,8.87,4.14,0.0
20220402:1110,823.52,997.62,47.82,10.36,4.34,0.0
20220402:1210,884.36,1085.81,52.17,11.45,4.48,0.0
20220402:1310,881.48,1087.99,52.08,12.35,4.41,0.0
20220402:1410,809.94,994.58,47.56,13.2,4.34,0.0
20220402:1510,678.68,821.75,39.86,13.38,4.28,0.0
20220402:1610,513.55,615.78,30.26,13.39,4.69,0.0
20220402:1710,290.02,363.52,19.67,12.89,4.97,0.0
20220402:1810,60.26,110.48,8.65,11.97,5.17,0.0
20220402:1910,0.0,0.0,0.0,11.07,4.97,0.0
20220402:2010,0.0,0.0,0.0,9.73,5.52,0.0
20220402:2110,0.0,0.0,0.0,8.49,6.0,0.0
20220402:2210,0.0,0.0,0.0,7.4,6.14,0.0
20220402:2310,0.0,0.0,0.0,6.59,5.86,0.0
20220403:0010,0.0,0.0,0.0,6.01,5.52,0.0
20220403:0110,0.0,0.0,0.0,5.55,5.38,0.0
20220403:0210,0.0,0.0,0.0,5.14,5.24,0.0
20220403:0310,0.0,0.0,0.0,4.79,5.03,0.0
20220403:0410,0.0,0.0,0.0,4.45,4.83,0.0
20220403:0510,0.0,0.0,0.0,4.11,4.62,0.0
20220403:0610,0.0,0.0,0.0,3.81,4.28,0.0
20220403:0710,56.1,106.08,9.4,4.03,4.14,0.0
20220403:0810,280.4,343.26,20.43,5.42,4.55,0.0
20220403:0910,519.16,603.28,31.0,6.94,5.1,0.0
20220403:1010,697.3,818.26,40.56,8.51,5.38,0.0
20220403:1110,812.48,970.87,48.2,10.01,5.52,0.0
20220403:1210,885.49,1075.85,52.56,11.34,5.45,0.0
20220403:1310,766.83,926.61,52.44,12.39,5.59,0.0
20220403:1410,688.32,826.72,47.88,12.91,5.72,0.0
20220403:1510,670.44,800.43,40.12,12.99,5.93,0.0
20220403:1610,516.72,612.3,30.49,12.39,6.14,0.0
20220403:1710,286.27,356.04,19.88,11.8,6.0,0.0
20220403:1810,61.79,112.36,8.84,10.83,6.14,0.0
20220403:1910,0.0,0.0,0.0,9.63,6.14,0.0
20220403:2010,0.0,0.0,0.0,8.39,6.34,0.0
20220403:2110,0.0,0.0,0.0,7.32,6.48,0.0
20220403:2210,0.0,0.0,0.0,6.49,6.34,0.0
20220403:2310,0.0,0.0,0.0,5.8,6.14,0.0
20220404:0010,0.0,0.0,0.0,5.26,5.79,0.0
20220404:0110,0.0,0.0,0.0,4.71,5.38,0.0
20220404:0210,0.0,0.0,0.0,4.16,5.1,0.0
20220404:0310,0.0,0.0,0.0,3.67,4.83,0.0
20220404:0410,0.0,0.0,0.0,3.23,4.83,0.0
20220404:0510,0.0,0.0,0.0,2.88,4.76,0.0
20220404:0610,0.0,0.0,0.0,2.6,4.69,0.0
20220404:0710,59.26,109.78,9.72,2.91,4.34,0.0
20220404:0810,291.54,355.23,20.74,4.59,4.48,0.0
20220404:0910,529.89,615.54,31.33,6.67,4.97,0.0
20220404:1010,714.81,838.75,40.92,8.44,5.52,0.0
20220404:1110,846.46,1012.2,48.58,9.99,5.79,0.0
20220404:1210,913.75,1111.37,52.95,11.47,5.72,0.0
20220404:1310,897.76,1108.07,52.81,12.97,4.9,0.0
20220404:1410,822.54,1018.11,48.19,14.11,4.21,0.0
20220404:1510,694.1,847.78,40.38,14.81,4.28,0.0
20220404:1610,514.14,619.63,30.71,14.86,5.1,0.0
20220404:1710,293.81,369.55,20.08,14.22,6.14,0.0
20220404:1810,61.22,111.12,9.04,12.63,6.76,0.0
20220404:1910,0.0,0.0,0.0,10.71,6.62,0.0
20220404:2010,0.0,0.0,0.0,9.2,6.14,0.0
20220404:2110,0.0,0.0,0.0,8.08,5.52,0.0
20220404:2210,0.0,0.0,0.0,7.09,5.31,0.0
20220404:2310,0.0,0.0,0.0,6.28,5.17,0.0
20220405:0010,0.0,0.0,0.0,5.63,4.9,0.0
20220405:0110,0.0,0.0,0.0,5.07,4.55,0.0
20220405:0210,0.0,0.0,0.0,4.55,4.34,0.0
20220405:0310,0.0,0.0,0.0,4.09,4.14,0.0
20220405:0410,0.0,0.0,0.0,3.68,3.86,0.0
20220405:0510,0.0,0.0,0.0,3.36,3.66,0.0
20220405:0610,0.0,0.0,0.0,3.06,3.52,0.0
20220405:0710,61.03,111.29,10.03,3.55,3.38,0.0
20220405:0810,287.95,353.89,21.06,5.72,3.1,0.0
20220405:0910,517.9,614.57,31.66,8.49,2.97,0.0
20220405:1010,684.81,829.3,41.27,10.64,2.97,0.0
20220405:1110,788.82,975.95,48.95,12.32,3.17,0.0
20220405:1210,858.82,1085.11,53.34,13.64,3.03,0.0
20220405:1310,851.65,1087.13,53.17,14.62,2.69,0.0
20220405:1410,772.01,986.96,48.5,15.34,2.0,0.0
20220405:1510,656.31,830.78,40.64,15.82,1.52,0.0
20220405:1610,497.52,614.36,30.94,15.8,2.28,0.0
20220405:1710,285.67,365.16,20.29,15.35,2.97,0.0
20220405:1810,59.39,106.1,9.24,14.64,2.9,0.0
20220405:1910,0.0,0.0,0.0,13.37,3.93,0.0
20220405:2010,0.0,0.0,0.0,11.95,3.86,0.0
20220405:2110,0.0,0.0,0.0,10.82,3.52,0.0
20220405:2210,0.0,0.0,0.0,9.76,3.17,0.0
20220405:2310,0.0,0.0,0.0,8.68,2.97,0.0
20220406:0010,0.0,0.0,0.0,7.7,2.9,0.0
20220406:0110,0.0,0.0,0.0,6.82,2.76,0.0
20220406:0210,0.0,0.0,0.0,6.13,2.69,0.0
20220406:0310,0.0,0.0,0.0,5.57,2.83,0.0
20220406:0410,0.0,0.0,0.0,5.18,2.97,0.0
20220406:0510,0.0,0.0,0.0,4.9,2.97,0.0
20220406:0610,0.0,0.0,0.0,4.67,2.97,0.0
20220406:0710,61.29,111.79,10.34,5.32,2.69,0.0
20220406:0810,286.97,357.99,21.37,7.77,2.07,0.0
20220406:0910,518.13,621.32,31.99,9.9,2.48,0.0
20220406:1010,671.11,820.64,41.62,11.46,2.34,0.0
20220406:1110,673.25,830.95,49.33,12.7,2.48,0.0
20220406:1210,833.46,1043.13,53.73,13.51,3.31,0.0
20220406:1310,724.76,887.7,53.53,13.9,4.41,0.0
20220406:1410,681.76,826.05,48.81,13.56,4.83,0.0
20220406:1510,558.62,669.91,40.9,13.01,4.48,0.0
20220406:1610,510.56,612.68,31.16,12.91,4.14,0.0
20220406:1710,266.24,335.01,20.49,12.64,3.86,0.0
20220406:1810,57.26,98.69,9.44,12.15,3.38,0.0
20220406:1910,0.0,0.0,0.0,10.95,3.1,0.0
20220406:2010,0.0,0.0,0.0,10.43,2.14,0.0
20220406:2110,0.0,0.0,0.0,10.15,2.07,0.0
20220406:2210,0.0,0.0,0.0,10.13,2.34,0.0
20220406:2310,0.0,0.0,0.0,10.32,2.9,0.0
20220407:0010,0.0,0.0,0.0,10.24,3.45,0.0
20220407:0110,0.0,0.0,0.0,10.37,3.79,0.0
20220407:0210,0.0,0.0,0.0,10.51,4.21,0.0
20220407:0310,0.0,0.0,0.0,10.6,4.69,0.0
20220407:0410,0.0,0.0,0.0,10.61,4.9,0.0
20220407:0510,0.0,0.0,0.0,10.65,5.1,0.0
20220407:0610,0.0,0.0,0.0,10.64,5.1,0.0
20220407:0710,39.77,63.77,10.64,11.41,5.52,0.0
20220407:0810,110.97,146.24,21.69,11.75,6.28,0.0
20220407:0910,129.06,166.81,32.32,12.57,7.31,0.0
20220407:1010,237.09,290.0,41.97,13.17,7.72,0.0
20220407:1110,121.65,158.77,49.7,13.23,7.86,0.0
20220407:1210,131.94,170.77,54.11,13.5,7.79,0.0
20220407:1310,131.03,169.84,53.89,13.66,7.72,0.0
20220407:1410,75.17,105.23,49.11,13.63,7.52,0.0
20220407:1510,89.43,121.84,41.15,13.55,7.38,0.0
20220407:1610,77.58,108.0,31.38,13.46,7.24,0.0
20220407:1710,88.86,121.25,20.69,13.26,6.76,0.0
20220407:1810,51.02,85.3,9.63,13.02,6.34,0.0
20220407:1910,0.0,0.0,0.0,12.29,6.0,0.0
20220407:2010,0.0,0.0,0.0,11.95,6.28,0.0
20220407:2110,0.0,0.0,0.0,11.69,6.55,0.0
20220407:2210,0.0,0.0,0.0,11.51,7.52,0.0
20220407:2310,0.0,0.0,0.0,11.49,7.17,0.0
20220408:0010,0.0,0.0,0.0,11.35,7.72,0.0
20220408:0110,0.0,0.0,0.0,11.36,8.14,0.0
20220408:0210,0.0,0.0,0.0,11.2,7.93,0.0
20220408:0310,0.0,0.0,0.0,11.39,8.0,0.0
20220408:0410,0.0,0.0,0.0,11.42,8.34,0.0
20220408:0510,0.0,0.0,0.0,11.64,8.34,0.0
20220408:0610,0.0,0.0,0.0,11.78,8.21,0.0
20220408:0710,2.44,11.08,10.95,12.06,8.62,0.0
20220408:0810,12.29,26.77,21.99,12.31,8.69,0.0
20220408:0910,35.49,57.23,32.64,12.41,7.59,0.0
20220408:1010,82.64,113.54,42.31,12.55,6.48,0.0
20220408:1110,93.73,126.46,50.07,12.62,6.14,0.0
20220408:1210,130.95,169.84,54.49,13.19,5.17,0.0
20220408:1310,363.16,439.34,54.24,13.6,4.69,0.0
20220408:1410,364.62,441.92,49.41,14.01,4.34,0.0
20220408:1510,463.31,559.56,41.4,14.26,4.0,0.0
20220408:1610,374.62,454.5,31.6,14.06,3.38,0.0
20220408:1710,153.36,198.38,20.89,13.36,3.03,0.0
20220408:1810,30.09,51.64,9.83,13.07,2.14,0.0
20220408:1910,0.0,0.0,0.0,12.49,0.97,0.0
20220408:2010,0.0,0.0,0.0,11.7,0.97,0.0
20220408:2110,0.0,0.0,0.0,11.77,0.41,0.0
20220408:2210,0.0,0.0,0.0,11.05,0.83,0.0
20220408:2310,0.0,0.0,0.0,9.83,1.24,0.0
20220409:0010,0.0,0.0,0.0,9.93,1.03,0.0
20220409:0110,0.0,0.0,0.0,9.89,0.97,0.0
20220409:0210,0.0,0.0,0.0,9.01,1.24,0.0
20220409:0310,0.0,0.0,0.0,8.34,1.52,0.0
20220409:0410,0.0,0.0,0.0,8.75,1.93,0.0
20220409:0510,0.0,0.0,0.0,8.76,2.28,0.0
20220409:0610,0.0,0.0,0.0,8.46,2.34,0.0
20220409:0710,66.21,119.48,11.25,8.68,2.14,0.0
20220409:0810,277.41,347.46,22.3,9.52,2.21,0.0
20220409:0910,482.31,581.68,32.96,10.96,2.21,0.0
20220409:1010,642.26,791.51,42.65,12.44,1.93,0.0
20220409:1110,740.5,947.25,50.44,14.06,1.31,0.0
20220409:1210,774.15,1005.92,54.87,15.28,1.31,0.0
20220409:1310,793.32,1019.47,54.6,16.09,2.21,0.0
20220409:1410,752.28,940.55,49.71,16.13,3.52,0.0
20220409:1510,627.96,768.39,41.65,15.51,3.86,0.0
20220409:1610,469.21,571.0,31.81,14.83,3.31,0.0
20220409:1710,278.79,355.49,21.09,14.46,3.03,0.0
20220409:1810,61.57,111.9,10.02,13.94,3.31,0.0
20220409:1910,0.0,0.0,0.0,13.09,2.34,0.0
20220409:2010,0.0,0.0,0.0,12.25,2.34,0.0
20220409:2110,0.0,0.0,0.0,11.74,2.62,0.0
20220409:2210,0.0,0.0,0.0,11.61,2.9,0.0
20220409:2310,0.0,0.0,0.0,11.89,3.24,0.0
20220410:0010,0.0,0.0,0.0,12.07,3.45,0.0
20220410:0110,0.0,0.0,0.0,12.26,3.52,0.0
20220410:0210,0.0,0.0,0.0,12.3,3.31,0.0
20220410:0310,0.0,0.0,0.0,12.03,3.1,0.0
20220410:0410,0.0,0.0,0.0,11.62,3.1,0.0
20220410:0510,0.0,0.0,0.0,11.5,3.31,0.0
20220410:0610,0.0,0.0,0.0,11.36,3.52,0.0
20220410:0710,65.12,107.57,11.55,11.53,2.97,0.0
20220410:0810,104.31,139.75,22.6,12.92,2.55,0.0
20220410:0910,49.14,74.77,33.28,14.73,3.03,0.0
20220410:1010,519.02,634.5,42.99,16.43,3.93,0.0
20220410:1110,386.5,472.35,50.81,17.6,6.34,0.0
20220410:1210,505.98,616.39,55.25,18.04,7.03,0.0
20220410:1310,737.68,907.21,54.95,18.67,7.24,0.0
20220410:1410,683.7,836.09,50.01,18.29,6.97,0.0
20220410:1510,641.3,776.13,41.9,17.14,6.69,0.0
20220410:1610,451.67,545.16,32.03,16.22,6.21,0.0
20220410:1710,245.96,312.7,21.29,15.62,6.0,0.0
20220410:1810,60.28,108.0,10.21,14.77,5.52,0.0
20220410:1910,0.0,0.0,0.0,13.91,5.59,0.0
20220410:2010,0.0,0.0,0.0,13.25,5.93,0.0
20220410:2110,0.0,0.0,0.0,12.9,6.21,0.0
20220410:2210,0.0,0.0,0.0,12.59,6.48,0.0
20220410:2310,0.0,0.0,0.0,12.43,6.76,0.0
20220411:0010,0.0,0.0,0.0,12.36,7.17,0.0
20220411:0110,0.0,0.0,0.0,12.29,6.76,0.0
20220411:0210,0.0,0.0,0.0,12.04,6.21,0.0
20220411:0310,0.0,0.0,0.0,11.91,5.31,0.0
20220411:0410,0.0,0.0,0.0,11.79,5.17,0.0
20220411:0510,0.0,0.0,0.0,11.79,5.31,0.0
20220411:0610,0.0,0.0,0.0,11.7,5.31,0.0
20220411:0710,32.27,53.32,11.85,11.51,5.31,0.0
20220411:0810,146.75,188.11,22.91,11.97,5.72,0.0
20220411:0910,86.49,118.15,33.59,12.75,5.86,0.0
20220411:1010,93.4,126.46,43.33,13.31,5.93,0.0
20220411:1110,193.33,242.23,51.17,14.07,5.72,0.0
20220411:1210,424.45,511.36,55.63,14.4,5.93,0.0
20220411:1310,261.84,320.06,55.3,14.26,8.28,0.0
20220411:1410,471.08,557.23,50.31,12.89,8.41,0.0
20220411:1510,166.4,210.32,42.15,13.5,6.83,0.0
20220411:1610,323.07,388.54,32.24,13.18,6.07,0.0
20220411:1710,238.0,299.06,21.48,12.94,5.79,0.0
20220411:1810,61.92,111.22,10.41,12.68,5.45,0.0
20220411:1910,0.0,0.0,0.0,12.09,5.38,0.0
20220411:2010,0.0,0.0,0.0,11.59,5.1,0.0
20220411:2110,0.0,0.0,0.0,11.12,5.66,0.0
20220411:2210,0.0,0.0,0.0,10.82,5.79,0.0
20220411:2310,0.0,0.0,0.0,10.77,5.24,0.0
20220412:0010,0.0,0.0,0.0,10.72,5.03,0.0
20220412:0110,0.0,0.0,0.0,10.77,5.52,0.0
20220412:0210,0.0,0.0,0.0,10.6,5.79,0.0
20220412:0310,0.0,0.0,0.0,10.5,5.38,0.0
20220412:0410,0.0,0.0,0.0,10.39,5.31,0.0
20220412:0510,0.0,0.0,0.0,10.27,5.38,0.0
20220412:0610,0.0,0.0,0.0,10.21,5.17,0.0
20220412:0710,43.97,68.32,12.14,10.64,3.52,0.0
20220412:0810,13.67,28.61,23.2,11.02,3.86,0.0
20220412:0910,358.33,429.29,33.9,11.7,4.21,0.0
20220412:1010,372.4,446.77,43.66,12.3,4.41,0.0
20220412:1110,347.63,420.52,51.53,13.22,4.48,0.0
20220412:1210,752.8,920.86,56.0,14.09,4.9,0.0
20220412:1310,760.95,926.7,55.64,13.56,5.17,0.0
20220412:1410,346.93,419.35,50.6,13.77,5.38,0.0
20220412:1510,381.2,457.4,42.39,13.46,5.45,0.0
20220412:1610,301.16,364.2,32.45,13.02,5.03,0.0
20220412:1710,204.62,259.22,21.68,12.7,3.59,0.0
20220412:1810,64.1,117.24,10.6,12.32,2.97,0.0
20220412:1910,0.0,0.0,0.0,12.0,1.93,0.0
20220412:2010,0.0,0.0,0.0,11.57,2.14,0.0
20220412:2110,0.0,0.0,0.0,11.44,2.21,0.0
20220412:2210,0.0,0.0,0.0,11.19,1.66,0.0
20220412:2310,0.0,0.0,0.0,10.52,0.9,0.0
20220413:0010,0.0,0.0,0.0,10.38,0.97,0.0
20220413:0110,0.0,0.0,0.0,10.29,1.59,0.0
20220413:0210,0.0,0.0,0.0,10.71,1.66,0.0
20220413:0310,0.0,0.0,0.0,10.45,0.97,0.0
20220413:0410,0.0,0.0,0.0,10.8,0.34,0.0
20220413:0510,0.0,0.0,0.0,10.68,0.14,0.0
20220413:0610,0.0,0.0,0.0,10.52,0.28,0.0
20220413:0710,60.84,92.34,12.43,10.63,1.59,0.0
20220413:0810,206.51,261.19,23.5,12.02,2.07,0.0
20220413:0910,237.28,293.02,34.21,12.54,2.28,0.0
20220413:1010,310.44,380.95,43.99,13.37,2.0,0.0
20220413:1110,298.86,369.65,51.89,14.21,1.86,0.0
20220413:1210,699.64,876.66,56.37,15.09,2.69,0.0
20220413:1310,703.4,874.81,55.99,15.38,3.45,0.0
20220413:1410,788.38,980.34,50.89,15.49,4.0,0.0
20220413:1510,661.34,804.29,42.63,15.32,4.69,0.0
20220413:1610,450.67,544.93,32.66,15.25,4.83,0.0
20220413:1710,259.9,330.63,21.87,15.04,4.55,0.0
20220413:1810,62.32,111.17,10.79,14.64,4.07,0.0
20220413:1910,0.0,0.0,0.0,13.67,3.38,0.0
20220413:2010,0.0,0.0,0.0,12.81,3.45,0.0
20220413:2110,0.0,0.0,0.0,12.2,3.38,0.0
20220413:2210,0.0,0.0,0.0,11.61,3.03,0.0
20220413:2310,0.0,0.0,0.0,11.07,2.9,0.0
20220414:0010,0.0,0.0,0.0,10.5,2.41,0.0
20220414:0110,0.0,0.0,0.0,9.7,1.93,0.0
20220414:0210,0.0,0.0,0.0,8.98,1.93,0.0
20220414:0310,0.0,0.0,0.0,8.59,1.93,0.0
20220414:0410,0.0,0.0,0.0,8.27,1.86,0.0
20220414:0510,0.0,0.0,0.0,8.01,1.86,0.0
20220414:0610,0.0,0.87,1.69,7.77,1.86,0.0
20220414:0710,76.78,134.05,12.72,8.54,1.86,0.0
20220414:0810,288.52,361.64,23.79,10.0,1.79,0.0
20220414:0910,481.41,593.57,34.51,11.71,0.62,0.0
20220414:1010,649.61,806.17,44.32,13.38,1.86,0.0
20220414:1110,769.93,971.72,52.24,14.13,2.28,0.0
20220414:1210,832.57,1075.26,56.74,14.8,1.93,0.0
20220414:1310,831.83,1091.25,56.33,15.59,1.45,0.0
20220414:1410,769.79,994.59,51.18,16.52,1.72,0.0
20220414:1510,669.5,840.59,42.87,16.91,2.48,0.0
20220414:1610,496.25,610.82,32.87,16.71,3.17,0.0
20220414:1710,282.31,362.38,22.06,16.22,3.86,0.0
20220414:1810,64.57,118.83,10.98,15.28,3.86,0.0
20220414:1910,0.0,0.0,0.0,14.13,3.24,0.0
20220414:2010,0.0,0.0,0.0,13.13,3.03,0.0
20220414:2110,0.0,0.0,0.0,12.59,2.9,0.0
20220414:2210,0.0,0.0,0.0,12.19,2.76,0.0
20220414:2310,0.0,0.0,0.0,11.81,2.83,0.0
20220415:0010,0.0,0.0,0.0,11.38,2.69,0.0
20220415:0110,0.0,0.0,0.0,10.85,2.69,0.0
20220415:0210,0.0,0.0,0.0,10.36,2.76,0.0
20220415:0310,0.0,0.0,0.0,10.05,2.76,0.0
20220415:0410,0.0,0.0,0.0,9.86,2.83,0.0
20220415:0510,0.0,0.0,0.0,9.84,2.83,0.0
20220415:0610,0.0,3.47,1.98,9.86,2.83,0.0
20220415:0710,77.17,135.3,13.01,10.88,2.28,0.0
20220415:0810,293.85,372.31,24.08,12.42,1.93,0.0
20220415:0910,498.18,616.42,34.81,14.04,1.31,0.0
20220415:1010,654.16,839.63,44.64,15.52,0.69,0.0
20220415:1110,748.01,993.84,52.59,17.0,0.55,0.0
20220415:1210,818.05,1078.38,57.1,18.06,1.72,0.0
20220415:1310,838.28,1092.83,56.67,18.5,2.55,0.0
20220415:1410,771.17,986.09,51.46,18.55,2.97,0.0
20220415:1510,640.61,805.41,43.11,18.46,2.76,0.0
20220415:1610,462.31,576.04,33.08,18.29,2.48,0.0
20220415:1710,247.51,321.99,22.26,18.0,2.28,0.0
20220415:1810,64.66,121.43,11.17,17.39,2.28,0.0
20220415:1910,0.0,0.0,0.0,16.38,2.28,0.0
20220415:2010,0.0,0.0,0.0,15.07,1.59,0.0
20220415:2110,0.0,0.0,0.0,14.17,0.97,0.0
20220415:2210,0.0,0.0,0.0,14.07,0.97,0.0
20220415:2310,0.0,0.0,0.0,13.25,1.1,0.0
20220416:0010,0.0,0.0,0.0,11.5,1.17,0.0
20220416:0110,0.0,0.0,0.0,10.43,1.1,0.0
20220416:0210,0.0,0.0,0.0,10.0,1.03,0.0
20220416:0310,0.0,0.0,0.0,9.79,1.17,0.0
20220416:0410,0.0,0.0,0.0,10.1,1.24,0.0
20220416:0510,0.0,0.0,0.0,10.51,1.17,0.0
20220416:0610,0.0,1.74,2.27,10.71,1.31,0.0
20220416:0710,57.45,85.55,13.29,10.85,1.38,0.0
20220416:0810,151.61,195.43,24.36,12.16,1.17,0.0
20220416:0910,323.15,398.96,35.11,13.78,1.17,0.0
20220416:1010,641.0,809.97,44.96,15.22,1.31,0.0
20220416:1110,751.12,975.12,52.94,16.56,1.38,0.0
20220416:1210,818.38,1070.75,57.46,17.75,2.0,0.0
20220416:1310,818.71,1056.92,57.0,18.33,2.9,0.0
20220416:1410,749.99,949.2,51.74,18.41,3.52,0.0
20220416:1510,487.78,601.32,43.34,18.21,4.0,0.0
20220416:1610,479.89,590.9,33.28,17.89,3.93,0.0
20220416:1710,269.5,347.9,22.45,17.32,3.59,0.0
20220416:1810,64.39,112.41,11.36,16.63,3.03,0.0
20220416:1910,0.0,0.0,0.0,15.88,2.9,0.0
20220416:2010,0.0,0.0,0.0,14.78,2.9,0.0
20220416:2110,0.0,0.0,0.0,14.1,2.9,0.0
20220416:2210,0.0,0.0,0.0,13.89,2.9,0.0
20220416:2310,0.0,0.0,0.0,13.51,2.76,0.0
20220417:0010,0.0,0.0,0.0,13.05,2.69,0.0
20220417:0110,0.0,0.0,0.0,12.75,2.76,0.0
20220417:0210,0.0,0.0,0.0,12.45,2.9,0.0
20220417:0310,0.0,0.0,0.0,12.21,3.03,0.0
20220417:0410,0.0,0.0,0.0,12.06,3.17,0.0
20220417:0510,0.0,0.0,0.0,11.98,3.24,0.0
20220417:0610,0.15,6.08,2.55,11.97,3.24,0.0
20220417:0710,80.69,131.99,13.57,12.43,3.03,0.0
20220417:0810,263.15,330.8,24.64,13.27,3.66,0.0
20220417:0910,494.89,598.74,35.4,14.37,4.0,0.0
20220417:1010,682.03,837.49,45.27,15.79,4.07,0.0
20220417:1110,760.14,949.53,53.28,17.27,4.21,0.0
20220417:1210,794.67,1004.93,57.82,18.4,4.21,0.0
20220417:1310,839.44,1064.65,57.33,19.11,4.69,0.0
20220417:1410,786.72,987.14,52.02,19.38,5.1,0.0
20220417:1510,670.42,828.6,43.57,19.4,5.38,0.0
20220417:1610,490.76,602.55,33.48,19.13,5.52,0.0
20220417:1710,279.01,360.33,22.63,18.44,5.72,0.0
20220417:1810,65.08,121.33,11.54,17.32,5.52,0.0
20220417:1910,0.0,0.0,0.0,15.8,5.52,0.0
20220417:2010,0.0,0.0,0.0,14.34,5.45,0.0
20220417:2110,0.0,0.0,0.0,13.41,5.31,0.0
20220417:2210,0.0,0.0,0.0,12.77,4.83,0.0
20220417:2310,0.0,0.0,0.0,12.25,4.34,0.0
20220418:0010,0.0,0.0,0.0,11.69,4.07,0.0
20220418:0110,0.0,0.0,0.0,11.13,4.07,0.0
20220418:0210,0.0,0.0,0.0,10.6,4.28,0.0
20220418:0310,0.0,0.0,0.0,10.21,4.41,0.0
20220418:0410,0.0,0.0,0.0,9.9,4.41,0.0
20220418:0510,0.0,0.0,0.0,9.7,4.48,0.0
20220418:0610,1.7,9.55,2.83,9.65,4.83,0.0
20220418:0710,82.96,141.08,13.84,11.0,5.45,0.0
20220418:0810,297.8,370.03,24.92,12.18,6.14,0.0
20220418:0910,435.55,520.21,35.69,13.39,6.0,0.0
20220418:1010,451.36,541.54,45.59,14.26,5.86,0.0
20220418:1110,413.26,500.0,53.62,15.1,5.72,0.0
20220418:1210,153.7,197.53,58.17,15.37,6.41,0.0
20220418:1310,59.1,86.77,57.66,15.15,7.31,0.0
20220418:1410,62.42,90.46,52.3,14.43,7.93,0.0
20220418:1510,412.74,490.72,43.8,13.39,7.93,0.0
20220418:1610,360.57,429.71,33.68,12.75,7.52,0.0
20220418:1710,71.69,100.61,22.82,12.34,7.31,0.0
20220418:1810,34.45,56.08,11.73,11.85,7.17,0.0
20220418:1910,0.0,0.0,0.0,11.78,6.9,0.0
20220418:2010,0.0,0.0,0.0,11.07,6.41,0.0
20220418:2110,0.0,0.0,0.0,10.58,6.07,0.0
20220418:2210,0.0,0.0,0.0,10.24,5.86,0.0
20220418:2310,0.0,0.0,0.0,9.98,5.79,0.0
20220419:0010,0.0,0.0,0.0,9.79,5.72,0.0
20220419:0110,0.0,0.0,0.0,9.68,5.52,0.0
20220419:0210,0.0,0.0,0.0,9.53,5.38,0.0
20220419:0310,0.0,0.0,0.0,9.28,5.38,0.0
20220419:0410,0.0,0.0,0.0,9.12,5.38,0.0
20220419:0510,0.0,0.0,0.0,8.93,5.31,0.0
20220419:0610,0.0,4.34,3.11,8.82,5.31,0.0
20220419:0710,70.75,102.07,14.11,9.31,6.14,0.0
20220419:0810,302.22,370.78,25.2,10.06,6.83,0.0
20220419:0910,390.83,461.99,35.98,11.08,6.83,0.0
20220419:1010,475.8,561.98,45.89,11.92,7.03,0.0
20220419:1110,646.45,769.3,53.96,12.61,6.9,0.0
20220419:1210,643.93,769.4,58.53,13.01,6.83,0.0
20220419:1310,259.97,316.5,57.99,12.77,7.17,0.0
20220419:1410,68.58,96.92,52.57,12.21,7.31,0.0
20220419:1510,356.2,424.89,44.03,12.47,7.1,0.0
20220419:1610,329.93,394.33,33.88,12.41,7.31,0.0
20220419:1710,287.36,358.43,23.01,11.93,7.59,0.0
20220419:1810,59.45,91.54,11.91,11.25,7.17,0.0
20220419:1910,0.0,0.0,0.0,10.13,6.34,0.0
20220419:2010,0.0,0.0,0.0,9.33,5.86,0.0
20220419:2110,0.0,0.0,0.0,9.0,5.59,0.0
20220419:2210,0.0,0.0,0.0,8.71,5.1,0.0
20220419:2310,0.0,0.0,0.0,8.52,4.83,0.0
20220420:0010,0.0,0.0,0.0,8.32,4.55,0.0
20220420:0110,0.0,0.0,0.0,8.21,4.55,0.0
20220420:0210,0.0,0.0,0.0,8.25,4.48,0.0
20220420:0310,0.0,0.0,0.0,8.2,4.55,0.0
20220420:0410,0.0,0.0,0.0,8.17,4.55,0.0
20220420:0510,0.0,0.0,0.0,7.95,4.48,0.0
20220420:0610,3.59,13.02,3.38,7.92,4.55,0.0
20220420:0710,88.24,149.56,14.38,8.32,4.76,0.0
20220420:0810,313.34,383.73,25.47,9.25,5.93,0.0
20220420:0910,529.21,621.6,36.26,10.41,6.21,0.0
20220420:1010,372.25,442.82,46.2,11.57,6.28,0.0
20220420:1110,440.45,524.81,54.29,12.62,6.55,0.0
20220420:1210,705.24,846.31,58.88,13.07,6.62,0.0
20220420:1310,630.56,755.89,58.31,13.5,6.55,0.0
20220420:1410,800.9,965.8,52.84,13.78,6.69,0.0
20220420:1510,687.32,821.49,44.26,13.88,6.55,0.0
20220420:1610,479.24,572.02,34.08,13.65,6.21,0.0
20220420:1710,275.92,347.22,23.19,13.22,5.86,0.0
20220420:1810,67.97,124.28,12.1,12.51,5.24,0.0
20220420:1910,0.0,0.0,0.0,11.55,4.76,0.0
20220420:2010,0.0,0.0,0.0,10.43,4.41,0.0
20220420:2110,0.0,0.0,0.0,9.61,3.93,0.0
20220420:2210,0.0,0.0,0.0,8.96,3.31,0.0
20220420:2310,0.0,0.0,0.0,8.35,2.69,0.0
20220421:0010,0.0,0.0,0.0,7.59,2.0,0.0
20220421:0110,0.0,0.0,0.0,6.79,1.59,0.0
20220421:0210,0.0,0.0,0.0,6.48,1.38,0.0
20220421:0310,0.0,0.0,0.0,6.6,1.17,0.0
20220421:0410,0.0,0.0,0.0,6.62,1.03,0.0
20220421:0510,0.0,0.0,0.0,6.23,1.45,0.0
20220421:0610,1.73,9.55,3.65,7.31,1.86,0.0
20220421:0710,69.23,99.37,14.65,8.64,2.34,0.0
20220421:0810,169.8,213.39,25.73,9.57,2.62,0.0
20220421:0910,226.42,277.17,36.53,10.42,3.1,0.0
20220421:1010,179.05,223.67,46.49,11.12,3.79,0.0
20220421:1110,425.96,509.14,54.62,11.58,4.62,0.0
20220421:1210,434.84,519.82,59.22,12.25,5.52,0.0
20220421:1310,110.55,145.84,58.63,12.52,5.72,0.0
20220421:1410,181.22,227.07,53.11,12.92,6.0,0.0
20220421:1510,155.68,197.53,44.48,12.68,6.34,0.0
20220421:1610,91.25,123.69,34.28,12.85,6.34,0.0
20220421:1710,90.34,122.09,23.38,11.67,6.69,0.0
20220421:1810,10.45,24.0,12.28,11.03,5.59,0.0
20220421:1910,0.0,0.0,0.0,10.28,5.93,0.0
20220421:2010,0.0,0.0,0.0,10.07,5.03,0.0
20220421:2110,0.0,0.0,0.0,9.93,4.28,0.0
20220421:2210,0.0,0.0,0.0,9.89,4.14,0.0
20220421:2310,0.0,0.0,0.0,9.32,4.41,0.0
20220422:0010,0.0,0.0,0.0,9.08,4.62,0.0
20220422:0110,0.0,0.0,0.0,8.68,4.14,0.0
20220422:0210,0.0,0.0,0.0,8.43,4.28,0.0
20220422:0310,0.0,0.0,0.0,8.1,4.07,0.0
20220422:0410,0.0,0.0,0.0,8.33,4.07,0.0
20220422:0510,0.0,0.0,0.0,8.21,4.14,0.0
20220422:0610,5.67,16.49,3.92,7.85,4.14,0.0
20220422:0710,72.43,102.65,14.91,7.71,4.48,0.0
20220422:0810,262.58,320.1,25.99,8.23,4.83,0.0
20220422:0910,149.27,187.8,36.81,9.39,5.1,0.0
20220422:1010,335.46,399.75,46.79,10.08,4.83,0.0
20220422:1110,311.28,375.41,54.94,11.11,4.07,0.0
20220422:1210,352.23,425.38,59.56,11.87,3.72,0.0
20220422:1310,107.39,142.15,58.95,11.92,3.79,0.0
20220422:1410,92.61,124.61,53.38,11.16,4.28,0.0
20220422:1510,64.32,91.38,44.7,10.28,3.93,0.0
20220422:1610,53.27,78.46,34.47,10.41,2.55,0.0
20220422:1710,23.36,41.54,23.56,10.1,1.59,0.0
20220422:1810,4.55,14.77,12.47,9.69,0.62,0.0
20220422:1910,0.0,0.0,0.0,9.58,1.52,0.0
20220422:2010,0.0,0.0,0.0,9.16,1.86,0.0
20220422:2110,0.0,0.0,0.0,8.92,2.41,0.0
20220422:2210,0.0,0.0,0.0,8.82,2.62,0.0
20220422:2310,0.0,0.0,0.0,8.41,2.55,0.0
20220423:0010,0.0,0.0,0.0,7.94,1.59,0.0
20220423:0110,0.0,0.0,0.0,7.63,0.41,0.0
20220423:0210,0.0,0.0,0.0,7.32,0.55,0.0
20220423:0310,0.0,0.0,0.0,7.31,1.24,0.0
20220423:0410,0.0,0.0,0.0,7.41,1.79,0.0
20220423:0510,0.0,0.0,0.0,7.39,2.21,0.0
20220423:0610,2.62,11.28,4.18,7.79,2.34,0.0
20220423:0710,92.27,153.64,15.16,8.33,2.34,0.0
20220423:0810,160.52,201.94,26.25,9.3,3.17,0.0
20220423:0910,358.65,428.48,37.08,10.42,3.72,0.0
20220423:1010,689.34,824.81,47.08,11.29,4.55,0.0
20220423:1110,704.47,847.94,55.26,12.15,5.1,0.0
20220423:1210,851.22,1036.91,59.9,12.84,5.59,0.0
20220423:1310,826.87,1007.08,59.27,13.05,5.52,0.0
20220423:1410,729.21,879.22,53.64,13.14,5.66,0.0
20220423:1510,601.55,717.69,44.92,13.05,5.72,0.0
20220423:1610,507.74,605.78,34.66,12.98,5.52,0.0
20220423:1710,253.87,319.17,23.74,12.58,4.76,0.0
20220423:1810,68.04,106.54,12.65,12.28,4.0,0.0
20220423:1910,0.0,0.87,1.74,12.17,3.52,0.0
20220423:2010,0.0,0.0,0.0,11.79,2.83,0.0
20220423:2110,0.0,0.0,0.0,11.47,2.34,0.0
20220423:2210,0.0,0.0,0.0,11.2,2.14,0.0
20220423:2310,0.0,0.0,0.0,11.02,2.34,0.0
20220424:0010,0.0,0.0,0.0,10.85,2.83,0.0
20220424:0110,0.0,0.0,0.0,10.5,3.24,0.0
20220424:0210,0.0,0.0,0.0,10.41,3.31,0.0
20220424:0310,0.0,0.0,0.0,10.25,3.45,0.0
20220424:0410,0.0,0.0,0.0,10.25,3.66,0.0
20220424:0510,0.0,0.0,0.0,10.17,3.72,0.0
20220424:0610,3.04,12.15,4.44,10.34,3.52,0.0
20220424:0710,25.44,44.31,15.41,10.83,3.24,0.0
20220424:0810,56.95,83.08,26.51,11.26,3.24,0.0
20220424:0910,73.18,102.46,37.34,11.84,3.17,0.0
20220424:1010,48.06,72.92,47.36,12.93,3.1,0.0
20220424:1110,278.9,343.18,55.58,13.82,3.31,0.0
20220424:1210,629.36,771.81,60.23,14.39,3.79,0.0
20220424:1310,648.77,794.75,59.58,14.65,4.21,0.0
20220424:1410,737.47,906.19,53.9,14.76,4.34,0.0
20220424:1510,619.06,752.28,45.14,14.52,4.07,0.0
20220424:1610,459.75,558.19,34.86,14.47,3.59,0.0
20220424:1710,271.4,346.95,23.92,14.05,2.9,0.0
20220424:1810,69.0,122.25,12.83,13.61,2.28,0.0
20220424:1910,0.0,1.74,1.93,13.06,1.52,0.0
20220424:2010,0.0,0.0,0.0,12.21,1.31,0.0
20220424:2110,0.0,0.0,0.0,11.23,1.24,0.0
20220424:2210,0.0,0.0,0.0,10.48,1.59,0.0
20220424:2310,0.0,0.0,0.0,9.84,1.66,0.0
20220425:0010,0.0,0.0,0.0,9.18,1.72,0.0
20220425:0110,0.0,0.0,0.0,8.69,1.93,0.0
20220425:0210,0.0,0.0,0.0,8.35,2.07,0.0
20220425:0310,0.0,0.0,0.0,8.34,2.21,0.0
20220425:0410,0.0,0.0,0.0,8.23,2.34,0.0
20220425:0510,0.0,0.0,0.0,8.3,2.55,0.0
20220425:0610,9.03,21.7,4.69,8.26,2.55,0.0
20220425:0710,94.13,156.05,15.66,9.39,2.48,0.0
20220425:0810,319.23,400.67,26.75,11.34,2.0,0.0
20220425:0910,528.97,651.98,37.6,13.62,1.66,0.0
20220425:1010,695.67,863.38,47.64,15.1,2.9,0.0
20220425:1110,676.42,833.36,55.89,15.6,4.14,0.0
20220425:1210,658.04,810.61,60.57,15.55,4.21,0.0
20220425:1310,369.95,452.88,59.88,15.44,4.14,0.0
20220425:1410,554.72,678.21,54.16,15.7,4.21,0.0
20220425:1510,667.58,817.61,45.35,15.78,4.21,0.0
20220425:1610,430.24,524.36,35.04,15.44,3.79,0.0
20220425:1710,277.78,356.85,24.1,15.05,3.1,0.0
20220425:1810,70.0,120.45,13.01,14.6,2.07,0.0
20220425:1910,0.0,1.74,2.12,14.43,2.14,0.0
20220425:2010,0.0,0.0,0.0,13.66,2.21,0.0
20220425:2110,0.0,0.0,0.0,12.82,2.55,0.0
20220425:2210,0.0,0.0,0.0,12.23,2.83,0.0
20220425:2310,0.0,0.0,0.0,12.01,2.9,0.0
20220426:0010,0.0,0.0,0.0,11.8,2.83,0.0
20220426:0110,0.0,0.0,0.0,11.49,2.97,0.0
20220426:0210,0.0,0.0,0.0,11.39,2.97,0.0
20220426:0310,0.0,0.0,0.0,11.31,2.76,0.0
20220426:0410,0.0,0.0,0.0,10.92,2.48,0.0
20220426:0510,0.0,0.0,0.0,10.67,2.55,0.0
20220426:0610,7.77,19.96,4.94,10.44,2.76,0.0
20220426:0710,22.49,40.61,15.91,11.56,2.34,0.0
20220426:0810,43.47,67.38,27.0,13.0,2.14,0.0
20220426:0910,264.01,325.99,37.85,13.53,2.21,0.0
20220426:1010,231.47,288.23,47.92,13.55,2.21,0.0
20220426:1110,385.78,472.26,56.19,13.97,2.55,0.0
20220426:1210,193.52,244.61,60.89,14.83,3.24,0.0
20220426:1310,349.13,428.08,60.19,14.9,3.52,0.0
20220426:1410,282.93,348.3,54.41,14.69,4.0,0.0
20220426:1510,287.77,354.36,45.56,15.36,4.07,0.0
20220426:1610,285.68,351.41,35.23,15.4,4.28,0.0
20220426:1710,235.92,299.42,24.28,14.07,4.14,0.0
20220426:1810,71.09,117.31,13.19,13.93,3.17,0.0
20220426:1910,0.0,5.21,2.31,13.41,3.03,0.0
20220426:2010,0.0,0.0,0.0,12.8,2.48,0.0
20220426:2110,0.0,0.0,0.0,12.27,2.28,0.0
20220426:2210,0.0,0.0,0.0,11.79,2.34,0.0
20220426:2310,0.0,0.0,0.0,11.59,2.41,0.0
20220427:0010,0.0,0.0,0.0,11.22,2.69,0.0
20220427:0110,0.0,0.0,0.0,11.0,2.55,0.0
20220427:0210,0.0,0.0,0.0,10.86,2.48,0.0
20220427:0310,0.0,0.0,0.0,10.76,2.48,0.0
20220427:0410,0.0,0.0,0.0,10.89,2.62,0.0
20220427:0510,0.0,0.0,0.0,10.81,2.76,0.0
20220427:0610,10.66,24.3,5.19,10.87,2.76,0.0
20220427:0710,95.7,158.47,16.15,10.79,2.14,0.0
20220427:0810,289.87,363.28,27.24,12.23,2.28,0.0
20220427:0910,335.72,408.92,38.1,13.38,2.97,0.0
20220427:1010,0.0,0.0,0.0,14.3,3.1,0.0
20220427:1110,726.31,902.33,56.5,14.97,3.38,0.0
20220427:1210,823.7,1031.58,61.21,15.46,3.93,0.0
20220427:1310,756.59,936.76,60.49,15.07,4.21,0.0
20220427:1410,611.81,749.6,54.66,14.92,3.79,0.0
20220427:1510,462.72,564.48,45.77,14.89,3.17,0.0
20220427:1610,375.59,458.92,35.42,14.8,3.1,0.0
20220427:1710,261.28,334.58,24.45,14.26,2.48,0.0
20220427:1810,69.13,124.92,13.36,13.37,1.72,0.0
20220427:1910,0.15,6.08,2.5,13.25,0.76,0.0
20220427:2010,0.0,0.0,0.0,12.4,0.76,0.0
20220427:2110,0.0,0.0,0.0,12.25,0.55,0.0
20220427:2210,0.0,0.0,0.0,11.99,0.62,0.0
20220427:2310,0.0,0.0,0.0,10.53,1.1,0.0
20220428:0010,0.0,0.0,0.0,9.81,1.17,0.0
20220428:0110,0.0,0.0,0.0,9.43,1.03,0.0
20220428:0210,0.0,0.0,0.0,9.1,1.1,0.0
20220428:0310,0.0,0.0,0.0,8.41,1.66,0.0
20220428:0410,0.0,0.0,0.0,8.53,2.14,0.0
20220428:0510,0.0,0.0,0.0,8.37,2.14,0.0
20220428:0610,10.8,24.3,5.43,8.35,1.93,0.0
20220428:0710,97.73,160.24,16.38,9.69,2.48,0.0
20220428:0810,318.21,395.53,27.47,11.12,3.38,0.0
20220428:0910,525.1,633.7,38.35,13.2,3.66,0.0
20220428:1010,686.02,839.43,48.46,14.86,4.0,0.0
20220428:1110,796.48,994.79,56.79,16.25,4.07,0.0
20220428:1210,738.71,925.94,61.53,17.39,4.07,0.0
20220428:1310,703.81,880.05,60.78,18.31,4.48,0.0
20220428:1410,654.88,815.91,54.91,19.04,4.62,0.0
20220428:1510,614.39,764.99,45.98,19.47,4.07,0.0
20220428:1610,473.24,589.35,35.6,19.57,3.52,0.0
20220428:1710,273.4,357.86,24.63,19.23,3.66,0.0
20220428:1810,68.15,127.94,13.54,18.46,4.34,0.0
20220428:1910,0.46,6.94,2.68,16.88,5.17,0.0
20220428:2010,0.0,0.0,0.0,15.41,5.1,0.0
20220428:2110,0.0,0.0,0.0,14.51,4.9,0.0
20220428:2210,0.0,0.0,0.0,13.85,4.28,0.0
20220428:2310,0.0,0.0,0.0,13.14,3.59,0.0
20220429:0010,0.0,0.0,0.0,12.38,3.03,0.0
20220429:0110,0.0,0.0,0.0,11.62,2.69,0.0
20220429:0210,0.0,0.0,0.0,10.88,2.76,0.0
20220429:0310,0.0,0.0,0.0,10.4,2.97,0.0
20220429:0410,0.0,0.0,0.0,10.1,2.97,0.0
20220429:0510,0.0,0.0,0.0,9.86,2.9,0.0
20220429:0610,11.33,25.17,5.67,9.72,2.9,0.0
20220429:0710,97.95,161.73,16.61,11.32,2.21,0.0
20220429:0810,307.18,392.04,27.7,14.62,1.52,0.0
20220429:0910,494.85,625.74,38.59,17.28,0.9,0.0
20220429:1010,645.59,832.78,48.72,18.77,1.24,0.0
20220429:1110,739.13,970.4,57.08,19.56,1.52,0.0
20220429:1210,786.25,1065.65,61.85,20.29,0.9,0.0
20220429:1310,767.6,1025.17,61.08,20.7,1.38,0.0
20220429:1410,717.98,931.2,55.15,20.8,2.34,0.0
20220429:1510,620.1,782.29,46.18,20.66,3.31,0.0
20220429:1610,451.02,563.08,35.78,20.01,3.45,0.0
20220429:1710,257.76,337.99,24.8,19.42,2.83,0.0
20220429:1810,71.14,122.43,13.72,18.95,1.86,0.0
20220429:1910,0.44,6.94,2.87,18.87,1.79,0.0
20220429:2010,0.0,0.0,0.0,17.48,1.66,0.0
20220429:2110,0.0,0.0,0.0,15.92,1.66,0.0
20220429:2210,0.0,0.0,0.0,14.89,1.72,0.0
20220429:2310,0.0,0.0,0.0,13.61,2.0,0.0
20220430:0010,0.0,0.0,0.0,12.67,2.07,0.0
20220430:0110,0.0,0.0,0.0,11.74,2.07,0.0
20220430:0210,0.0,0.0,0.0,11.01,1.93,0.0
20220430:0310,0.0,0.0,0.0,11.04,1.86,0.0
20220430:0410,0.0,0.0,0.0,11.09,1.93,0.0
20220430:0510,0.0,0.0,0.0,10.98,1.93,0.0
20220430:0610,13.07,27.78,5.9,10.95,1.79,0.0
20220430:0710,99.44,161.11,16.84,13.05,0.9,0.0
20220430:0810,299.94,392.03,27.93,17.04,0.07,0.0
20220430:0910,493.03,624.07,38.82,18.44,1.24,0.0
20220430:1010,658.64,842.77,48.97,18.94,1.86,0.0
20220430:1110,765.45,993.28,57.37,19.33,2.28,0.0
20220430:1210,713.99,917.08,62.16,19.52,2.76,0.0
20220430:1310,764.54,981.42,61.37,19.46,3.17,0.0
20220430:1410,748.63,953.87,55.39,19.22,3.24,0.0
20220430:1510,636.85,800.92,46.39,18.92,2.9,0.0
20220430:1610,470.51,587.65,35.96,18.52,2.48,0.0
20220430:1710,266.73,349.21,24.98,18.04,2.14,0.0
20220430:1810,72.75,123.39,13.89,17.26,2.0,0.0
20220430:1910,1.61,9.55,3.05,15.8,2.14,0.0
20220430:2010,0.0,0.0,0.0,14.49,1.93,0.0
20220430:2110,0.0,0.0,0.0,13.45,1.66,0.0
20220430:2210,0.0,0.0,0.0,12.39,1.24,0.0
20220430:2310,0.0,0.0,0.0,13.0,0.62,0.0
20220501:0010,0.0,0.0,0.0,12.86,0.0,0.0
20220501:0110,0.0,0.0,0.0,12.0,0.55,0.0
20220501:0210,0.0,0.0,0.0,11.35,0.62,0.0
20220501:0310,0.0,0.0,0.0,11.68,0.69,0.0
20220501:0410,0.0,0.0,0.0,11.5,0.69,0.0
20220501:0510,0.0,0.0,0.0,11.39,0.69,0.0
20220501:0610,14.26,29.51,6.13,11.43,0.62,0.0
20220501:0710,72.52,103.02,17.06,11.69,0.9,0.0
20220501:0810,114.48,151.38,28.15,12.32,1.24,0.0
20220501:0910,147.41,190.3,39.05,13.27,1.45,0.0
20220501:1010,163.14,209.53,49.23,14.36,1.72,0.0
20220501:1110,230.76,290.04,57.65,15.37,2.21,0.0
20220501:1210,264.53,330.77,62.46,16.16,2.76,0.0
20220501:1310,397.0,489.31,61.65,16.63,3.72,0.0
20220501:1410,441.88,541.21,55.63,16.71,4.55,0.0
20220501:1510,224.23,280.5,46.59,16.17,5.31,0.0
20220501:1610,226.95,282.44,36.14,15.5,5.52,0.0
20220501:1710,196.51,250.23,25.15,14.86,5.31,0.0
20220501:1810,45.32,70.31,14.07,14.21,4.83,0.0
20220501:1910,0.0,5.21,3.24,13.43,4.55,0.0
20220501:2010,0.0,0.0,0.0,12.57,4.07,0.0
20220501:2110,0.0,0.0,0.0,12.27,4.0,0.0
20220501:2210,0.0,0.0,0.0,11.92,3.66,0.0
20220501:2310,0.0,0.0,0.0,11.63,3.17,0.0
20220502:0010,0.0,0.0,0.0,11.35,2.62,0.0
20220502:0110,0.0,0.0,0.0,11.06,2.41,0.0
20220502:0210,0.0,0.0,0.0,10.61,2.48,0.0
20220502:0310,0.0,0.0,0.0,10.4,2.41,0.0
20220502:0410,0.0,0.0,0.0,10.36,2.48,0.0
20220502:0510,0.0,0.0,0.0,10.21,2.62,0.0
20220502:0610,14.38,29.51,6.35,10.06,2.76,0.0
20220502:0710,101.72,167.18,17.27,11.48,3.31,0.0
20220502:0810,325.32,405.68,28.37,12.45,3.93,0.0
20220502:0910,527.44,634.94,39.28,13.52,4.28,0.0
20220502:1010,660.38,800.88,49.47,14.31,4.55,0.0
20220502:1110,766.87,942.42,57.93,15.01,4.76,0.0
20220502:1210,855.11,1063.9,62.76,15.5,4.83,0.0
20220502:1310,833.96,1034.55,61.94,16.18,5.24,0.0
20220502:1410,621.32,758.21,55.87,16.38,5.45,0.0
20220502:1510,461.09,558.59,46.78,16.33,5.86,0.0
20220502:1610,255.92,316.18,36.32,15.92,6.07,0.0
20220502:1710,197.35,251.45,25.32,15.29,6.14,0.0
20220502:1810,20.1,37.85,14.24,14.62,5.93,0.0
20220502:1910,0.0,5.21,3.42,13.51,5.93,0.0
20220502:2010,0.0,0.0,0.0,12.65,5.86,0.0
20220502:2110,0.0,0.0,0.0,12.01,6.0,0.0
20220502:2210,0.0,0.0,0.0,11.64,5.93,0.0
20220502:2310,0.0,0.0,0.0,11.18,5.86,0.0
20220503:0010,0.0,0.0,0.0,10.72,5.93,0.0
20220503:0110,0.0,0.0,0.0,10.42,5.93,0.0
20220503:0210,0.0,0.0,0.0,10.17,5.86,0.0
20220503:0310,0.0,0.0,0.0,9.98,5.72,0.0
20220503:0410,0.0,0.0,0.0,9.8,5.52,0.0
20220503:0510,0.0,0.0,0.0,9.65,5.31,0.0
20220503:0610,15.06,30.38,6.57,9.65,5.17,0.0
20220503:0710,103.92,168.36,17.49,10.6,4.97,0.0
20220503:0810,326.04,403.19,28.58,11.98,5.59,0.0
20220503:0910,522.11,622.39,39.5,13.65,6.28,0.0
20220503:1010,635.77,764.22,49.71,15.38,6.76,0.0
20220503:1110,726.49,886.46,58.2,16.4,6.34,0.0
20220503:1210,832.44,1030.27,63.06,17.21,6.14,0.0
20220503:1310,771.59,956.98,62.21,17.99,5.86,0.0
20220503:1410,716.34,885.05,56.1,18.15,5.59,0.0
20220503:1510,649.62,795.57,46.98,18.16,5.66,0.0
20220503:1610,485.93,594.78,36.5,18.29,5.59,0.0
20220503:1710,275.09,356.0,25.48,17.96,5.45,0.0
20220503:1810,71.05,129.57,14.41,17.2,5.66,0.0
20220503:1910,2.93,12.15,3.6,15.95,5.45,0.0
20220503:2010,0.0,0.0,0.0,14.69,5.31,0.0
20220503:2110,0.0,0.0,0.0,13.75,5.38,0.0
20220503:2210,0.0,0.0,0.0,12.94,5.03,0.0
20220503:2310,0.0,0.0,0.0,12.25,4.9,0.0
20220504:0010,0.0,0.0,0.0,11.72,4.69,0.0
20220504:0110,0.0,0.0,0.0,11.31,4.69,0.0
20220504:0210,0.0,0.0,0.0,10.92,4.69,0.0
20220504:0310,0.0,0.0,0.0,10.71,4.48,0.0
20220504:0410,0.0,0.0,0.0,10.34,4.34,0.0
20220504:0510,0.0,0.0,0.0,10.13,4.41,0.0
20220504:0610,15.01,30.38,6.79,10.14,4.34,0.0
20220504:0710,105.0,170.05,17.69,10.98,4.28,0.0
20220504:0810,328.63,410.12,28.79,12.65,3.93,0.0
20220504:0910,531.71,647.49,39.71,14.43,3.31,0.0
20220504:1010,690.81,853.86,49.95,16.07,3.66,0.0
20220504:1110,799.48,1004.12,58.47,17.39,4.14,0.0
20220504:1210,847.38,1077.32,63.35,18.2,4.14,0.0
20220504:1310,821.63,1047.27,62.49,18.98,4.0,0.0
20220504:1410,764.51,973.27,56.33,19.7,3.66,0.0
20220504:1510,644.43,809.06,47.17,20.13,3.72,0.0
20220504:1610,481.42,598.16,36.67,19.96,4.28,0.0
20220504:1710,275.42,359.86,25.65,19.57,4.97,0.0
20220504:1810,70.79,130.85,14.58,18.63,5.31,0.0
20220504:1910,3.84,13.89,3.78,17.39,5.59,0.0
20220504:2010,0.0,0.0,0.0,15.81,5.31,0.0
20220504:2110,0.0,0.0,0.0,14.58,4.76,0.0
20220504:2210,0.0,0.0,0.0,13.55,4.07,0.0
20220504:2310,0.0,0.0,0.0,12.57,4.0,0.0
20220505:0010,0.0,0.0,0.0,11.8,4.07,0.0
20220505:0110,0.0,0.0,0.0,11.2,4.14,0.0
20220505:0210,0.0,0.0,0.0,10.73,4.07,0.0
20220505:0310,0.0,0.0,0.0,10.35,3.93,0.0
20220505:0410,0.0,0.0,0.0,10.05,3.66,0.0
20220505:0510,0.0,0.0,0.0,9.75,3.38,0.0
20220505:0610,16.31,32.12,6.99,9.68,3.1,0.0
20220505:0710,105.83,171.97,17.89,11.31,2.76,0.0
20220505:0810,320.95,405.56,28.99,13.96,2.48,0.0
20220505:0910,512.13,637.23,39.92,16.36,1.93,0.0
20220505:1010,647.93,834.84,50.17,18.18,1.17,0.0
20220505:1110,736.76,980.79,58.73,19.42,0.9,0.0
20220505:1210,794.77,1056.87,63.64,20.11,1.66,0.0
20220505:1310,780.24,1027.64,62.76,20.47,2.07,0.0
20220505:1410,727.38,944.84,56.55,20.62,2.28,0.0
20220505:1510,602.43,766.46,47.36,20.67,2.48,0.0
20220505:1610,470.85,594.48,36.84,20.7,2.55,0.0
20220505:1710,270.2,357.99,25.82,20.63,2.62,0.0
20220505:1810,71.09,131.44,14.75,20.28,2.62,0.0
20220505:1910,3.79,13.89,3.96,19.39,2.76,0.0
20220505:2010,0.0,0.0,0.0,18.25,2.97,0.0
20220505:2110,0.0,0.0,0.0,17.23,3.38,0.0
20220505:2210,0.0,0.0,0.0,16.27,3.38,0.0
20220505:2310,0.0,0.0,0.0,15.27,3.17,0.0
20220506:0010,0.0,0.0,0.0,14.24,3.1,0.0
20220506:0110,0.0,0.0,0.0,13.25,3.17,0.0
20220506:0210,0.0,0.0,0.0,12.37,3.24,0.0
20220506:0310,0.0,0.0,0.0,11.59,3.31,0.0
20220506:0410,0.0,0.0,0.0,10.98,3.31,0.0
20220506:0510,0.0,0.0,0.0,10.49,3.38,0.0
20220506:0610,14.99,30.38,7.2,10.37,3.38,0.0
20220506:0710,106.88,174.34,18.09,11.52,3.31,0.0
20220506:0810,331.43,417.27,29.18,13.7,3.03,0.0
20220506:0910,531.49,656.14,40.13,15.91,2.62,0.0
20220506:1010,667.58,850.01,50.4,18.11,2.0,0.0
20220506:1110,752.86,1008.53,58.98,19.88,0.9,0.0
20220506:1210,781.62,1064.77,63.92,20.89,0.83,0.0
20220506:1310,785.14,1051.79,63.02,21.41,1.59,0.0
20220506:1410,730.46,961.98,56.77,21.63,1.86,0.0
20220506:1510,631.84,816.98,47.55,21.77,1.93,0.0
20220506:1610,473.48,604.96,37.01,21.81,1.93,0.0
20220506:1710,267.12,356.76,25.98,21.69,1.86,0.0
20220506:1810,70.71,134.82,14.91,21.4,1.86,0.0
20220506:1910,4.73,15.62,4.14,20.58,2.9,0.0
20220506:2010,0.0,0.0,0.0,19.39,3.17,0.0
20220506:2110,0.0,0.0,0.0,18.37,3.1,0.0
20220506:2210,0.0,0.0,0.0,17.22,2.9,0.0
20220506:2310,0.0,0.0,0.0,16.0,2.83,0.0
20220507:0010,0.0,0.0,0.0,14.92,2.83,0.0
20220507:0110,0.0,0.0,0.0,14.0,2.76,0.0
20220507:0210,0.0,0.0,0.0,13.21,2.62,0.0
20220507:0310,0.0,0.0,0.0,12.58,2.55,0.0
20220507:0410,0.0,0.0,0.0,12.21,2.69,0.0
20220507:0510,0.0,0.0,0.0,11.93,2.69,0.0
20220507:0610,16.75,32.98,7.4,11.87,2.48,0.0
20220507:0710,105.83,172.52,18.28,14.23,2.07,0.0
20220507:0810,310.59,401.52,29.37,17.94,1.79,0.0
20220507:0910,493.89,632.38,40.33,20.05,1.03,0.0
20220507:1010,626.95,831.23,50.62,20.98,0.41,0.0
20220507:1110,732.77,975.66,59.23,21.4,1.31,0.0
20220507:1210,786.25,1045.83,64.2,21.52,1.93,0.0
20220507:1310,770.25,1015.51,63.29,21.67,2.28,0.0
20220507:1410,711.21,923.55,56.99,21.75,2.55,0.0
20220507:1510,594.52,757.52,47.73,21.72,2.76,0.0
20220507:1610,168.42,221.65,37.18,21.38,2.9,0.0
20220507:1710,186.97,246.64,26.14,20.76,2.62,0.0
20220507:1810,61.43,93.39,15.08,20.07,2.14,0.0
20220507:1910,3.33,13.02,4.31,18.8,1.72,0.0
20220507:2010,0.0,0.0,0.0,17.98,1.31,0.0
20220507:2110,0.0,0.0,0.0,16.93,0.97,0.0
20220507:2210,0.0,0.0,0.0,16.44,1.1,0.0
20220507:2310,0.0,0.0,0.0,15.41,1.59,0.0
20220508:0010,0.0,0.0,0.0,14.76,1.86,0.0
20220508:0110,0.0,0.0,0.0,14.3,2.0,0.0
20220508:0210,0.0,0.0,0.0,13.76,2.07,0.0
20220508:0310,0.0,0.0,0.0,13.29,2.14,0.0
20220508:0410,0.0,0.0,0.0,13.1,2.21,0.0
20220508:0510,0.0,0.0,0.0,13.16,2.21,0.0
20220508:0610,23.09,41.66,7.59,13.19,2.0,0.0
20220508:0710,110.46,168.34,18.47,14.86,1.1,0.0
20220508:0810,317.44,415.09,29.56,18.22,0.69,0.0
20220508:0910,495.61,641.45,40.52,19.94,0.34,0.0
20220508:1010,638.11,843.14,50.83,21.21,0.69,0.0
20220508:1110,741.42,990.17,59.48,21.93,1.38,0.0
20220508:1210,792.38,1061.73,64.47,22.34,1.86,0.0
20220508:1310,790.74,1048.81,63.55,22.61,2.41,0.0
20220508:1410,732.66,953.59,57.21,22.66,2.9,0.0
20220508:1510,629.15,805.65,47.92,22.51,2.9,0.0
20220508:1610,468.97,596.71,37.34,22.26,2.55,0.0
20220508:1710,269.39,360.63,26.3,21.95,2.0,0.0
20220508:1810,71.35,133.35,15.24,21.37,1.66,0.0
20220508:1910,5.76,17.36,4.49,20.07,1.31,0.0
20220508:2010,0.0,0.0,0.0,18.74,0.76,0.0
20220508:2110,0.0,0.0,0.0,18.7,0.76,0.0
20220508:2210,0.0,0.0,0.0,17.22,1.31,0.0
20220508:2310,0.0,0.0,0.0,16.63,1.45,0.0
20220509:0010,0.0,0.0,0.0,15.9,1.59,0.0
20220509:0110,0.0,0.0,0.0,15.19,1.59,0.0
20220509:0210,0.0,0.0,0.0,14.54,1.59,0.0
20220509:0310,0.0,0.0,0.0,13.44,1.72,0.0
20220509:0410,0.0,0.0,0.0,12.51,1.86,0.0
20220509:0510,0.0,0.0,0.0,12.32,1.72,0.0
20220509:0610,17.96,34.72,7.78,12.49,1.52,0.0
20220509:0710,106.8,175.13,18.65,14.18,1.03,0.0
20220509:0810,309.35,405.61,29.74,18.38,0.34,0.0
20220509:0910,490.19,629.83,40.71,19.96,0.76,0.0
20220509:1010,631.36,822.6,51.03,20.89,1.24,0.0
20220509:1110,739.23,969.62,59.72,21.51,2.14,0.0
20220509:1210,792.43,1039.51,64.74,21.39,2.69,0.0
20220509:1310,782.24,1026.42,63.8,21.55,2.62,0.0
20220509:1410,720.21,938.15,57.42,21.72,2.41,0.0
20220509:1510,608.72,780.05,48.1,21.81,2.41,0.0
20220509:1610,466.96,592.44,37.51,21.53,2.48,0.0
20220509:1710,264.59,350.46,26.46,20.82,2.48,0.0
20220509:1810,72.49,135.08,15.41,19.9,2.48,0.0
20220509:1910,7.4,19.96,4.66,18.77,2.62,0.0
20220509:2010,0.0,0.0,0.0,17.57,2.55,0.0
20220509:2110,0.0,0.0,0.0,16.66,2.28,0.0
20220509:2210,0.0,0.0,0.0,15.72,2.14,0.0
20220509:2310,0.0,0.0,0.0,14.54,2.0,0.0
20220510:0010,0.0,0.0,0.0,13.61,1.79,0.0
20220510:0110,0.0,0.0,0.0,12.84,1.86,0.0
20220510:0210,0.0,0.0,0.0,12.09,2.0,0.0
20220510:0310,0.0,0.0,0.0,11.52,2.0,0.0
20220510:0410,0.0,0.0,0.0,11.11,2.0,0.0
20220510:0510,0.0,0.0,0.0,10.83,2.07,0.0
20220510:0610,16.86,32.98,7.97,10.61,2.07,0.0
20220510:0710,109.84,178.08,18.83,13.14,1.93,0.0
20220510:0810,328.43,418.69,29.91,15.55,2.28,0.0
20220510:0910,528.48,656.98,40.89,17.16,2.55,0.0
20220510:1010,677.14,857.46,51.23,18.35,2.55,0.0
20220510:1110,772.09,1004.75,59.95,19.79,2.34,0.0
20220510:1210,815.72,1070.94,65.0,20.84,2.69,0.0
20220510:1310,816.08,1063.64,64.05,21.19,3.24,0.0
20220510:1410,760.74,978.36,57.63,21.11,3.45,0.0
20220510:1510,651.33,823.36,48.28,20.85,3.52,0.0
20220510:1610,484.44,607.72,37.67,20.43,3.31,0.0
20220510:1710,282.95,373.24,26.62,19.89,3.1,0.0
20220510:1810,73.49,138.46,15.57,19.15,2.62,0.0
20220510:1910,7.99,20.83,4.83,17.83,2.28,0.0
20220510:2010,0.0,0.0,0.0,16.39,1.86,0.0
20220510:2110,0.0,0.0,0.0,15.12,1.59,0.0
20220510:2210,0.0,0.0,0.0,13.7,1.38,0.0
20220510:2310,0.0,0.0,0.0,13.83,1.1,0.0
20220511:0010,0.0,0.0,0.0,13.92,0.76,0.0
20220511:0110,0.0,0.0,0.0,13.74,0.48,0.0
20220511:0210,0.0,0.0,0.0,13.51,0.28,0.0
20220511:0310,0.0,0.0,0.0,12.95,0.28,0.0
20220511:0410,0.0,0.0,0.0,12.41,0.55,0.0
20220511:0510,0.0,0.0,0.0,12.11,0.97,0.0
20220511:0610,25.94,45.14,8.15,11.58,1.1,0.0
20220511:0710,62.91,90.98,19.0,12.52,1.24,0.0
20220511:0810,109.07,145.78,30.08,13.52,1.24,0.0
20220511:0910,134.39,176.3,41.06,14.73,1.31,0.0
20220511:1010,311.11,388.57,51.43,16.0,1.52,0.0
20220511:1110,625.46,791.64,60.17,17.08,2.07,0.0
20220511:1210,799.56,1034.66,65.26,17.88,2.41,0.0
20220511:1310,792.63,1021.55,64.29,18.63,2.83,0.0
20220511:1410,731.31,928.89,57.84,19.08,3.31,0.0
20220511:1510,625.49,781.28,48.45,19.43,3.79,0.0
20220511:1610,414.43,514.7,37.83,19.41,4.14,0.0
20220511:1710,264.87,345.25,26.78,19.16,4.0,0.0
20220511:1810,81.7,135.07,15.73,18.76,3.66,0.0
20220511:1910,10.24,24.3,5.0,18.03,3.66,0.0
20220511:2010,0.0,0.0,0.0,17.24,3.72,0.0
20220511:2110,0.0,0.0,0.0,16.61,4.07,0.0
20220511:2210,0.0,0.0,0.0,16.09,4.0,0.0
20220511:2310,0.0,0.0,0.0,15.77,3.59,0.0
20220512:0010,0.0,0.0,0.0,15.45,3.31,0.0
20220512:0110,0.0,0.0,0.0,15.11,3.31,0.0
20220512:0210,0.0,0.0,0.0,14.78,3.17,0.0
20220512:0310,0.0,0.0,0.0,14.48,2.9,0.0
20220512:0410,0.0,0.0,0.0,14.22,2.83,0.0
20220512:0510,0.0,0.0,0.0,13.95,3.03,0.0
20220512:0610,21.06,39.06,8.32,13.84,3.03,0.0
20220512:0710,101.41,141.12,19.16,14.77,3.1,0.0
20220512:0810,281.69,357.67,30.25,16.34,2.69,0.0
20220512:0910,432.77,541.5,41.23,18.11,2.0,0.0
20220512:1010,622.25,797.11,51.62,19.52,1.72,0.0
20220512:1110,726.34,940.4,60.4,20.39,2.41,0.0
20220512:1210,699.09,903.85,65.51,20.9,2.69,0.0
20220512:1310,711.92,922.02,64.54,21.38,2.83,0.0
20220512:1410,533.18,677.89,58.04,21.66,2.97,0.0
20220512:1510,615.61,783.09,48.62,21.64,2.97,0.0
20220512:1610,481.48,610.21,37.99,21.56,2.69,0.0
20220512:1710,278.68,371.56,26.93,21.35,2.55,0.0
20220512:1810,71.9,108.2,15.89,20.83,2.55,0.0
20220512:1910,9.57,23.44,5.17,19.7,2.83,0.0
20220512:2010,0.0,0.0,0.0,18.58,2.62,0.0
20220512:2110,0.0,0.0,0.0,17.72,2.76,0.0
20220512:2210,0.0,0.0,0.0,17.27,2.83,0.0
20220512:2310,0.0,0.0,0.0,16.61,2.55,0.0
20220513:0010,0.0,0.0,0.0,15.91,2.34,0.0
20220513:0110,0.0,0.0,0.0,15.12,2.34,0.0
20220513:0210,0.0,0.0,0.0,14.48,2.34,0.0
20220513:0310,0.0,0.0,0.0,13.94,2.07,0.0
20220513:0410,0.0,0.0,0.0,13.36,1.79,0.0
20220513:0510,0.0,0.0,0.0,12.6,1.66,0.0
20220513:0610,19.9,37.32,8.49,12.42,1.52,0.0
20220513:0710,108.17,175.56,19.32,14.62,2.0,0.0
20220513:0810,311.31,401.36,30.41,16.66,1.31,0.0
20220513:0910,484.21,620.92,41.4,18.68,0.41,0.0
20220513:1010,628.39,813.42,51.8,20.14,1.31,0.0
20220513:1110,727.03,954.2,60.61,20.94,1.79,0.0
20220513:1210,773.57,1021.47,65.76,21.47,2.14,0.0
20220513:1310,769.86,1008.43,64.77,21.73,2.62,0.0
20220513:1410,710.94,917.3,58.24,21.65,2.9,0.0
20220513:1510,604.56,767.88,48.79,21.4,2.9,0.0
20220513:1610,411.4,520.09,38.14,21.0,2.48,0.0
20220513:1710,266.52,354.16,27.08,20.57,2.14,0.0
20220513:1810,82.24,130.99,16.04,19.87,1.66,0.0
20220513:1910,3.31,13.02,5.34,19.35,1.31,0.0
20220513:2010,0.0,0.0,0.0,18.27,1.1,0.0
20220513:2110,0.0,0.0,0.0,17.58,0.41,0.0
20220513:2210,0.0,0.0,0.0,17.21,0.76,0.0
20220513:2310,0.0,0.0,0.0,17.15,0.83,0.0
20220514:0010,0.0,0.0,0.0,17.07,0.76,0.0
20220514:0110,0.0,0.0,0.0,16.64,0.9,0.0
20220514:0210,0.0,0.0,0.0,15.31,1.24,0.0
20220514:0310,0.0,0.0,0.0,14.48,1.52,0.0
20220514:0410,0.0,0.0,0.0,13.93,1.66,0.0
20220514:0510,0.0,0.0,0.0,13.68,1.59,0.0
20220514:0610,21.11,39.06,8.65,13.29,1.79,0.0
20220514:0710,105.79,148.9,19.48,16.56,2.21,0.0
20220514:0810,130.78,174.1,30.56,18.19,2.9,0.0
20220514:0910,278.88,352.82,41.56,19.57,2.62,0.0
20220514:1010,643.12,823.24,51.98,20.79,2.34,0.0
20220514:1110,735.04,961.24,60.82,21.89,2.34,0.0
20220514:1210,777.05,1034.13,66.0,23.24,2.28,0.0
20220514:1310,755.4,1021.24,65.0,24.46,1.66,0.0
20220514:1410,681.0,919.18,58.43,25.15,1.17,0.0
20220514:1510,568.49,755.92,48.96,25.56,0.97,0.0
20220514:1610,437.59,577.31,38.3,25.62,0.69,0.0
20220514:1710,256.87,352.19,27.23,24.87,0.55,0.0
20220514:1810,6.25,18.46,16.2,24.36,0.62,0.0
20220514:1910,5.15,16.49,5.5,22.88,0.55,0.0
20220514:2010,0.0,0.0,0.0,21.82,0.97,0.0
20220514:2110,0.0,0.0,0.0,20.08,4.0,0.0
20220514:2210,0.0,0.0,0.0,17.19,6.14,0.0
20220514:2310,0.0,0.0,0.0,16.35,5.24,0.0
20220515:0010,0.0,0.0,0.0,15.89,5.72,0.0
20220515:0110,0.0,0.0,0.0,15.3,6.0,0.0
20220515:0210,0.0,0.0,0.0,14.98,6.07,0.0
20220515:0310,0.0,0.0,0.0,14.83,6.41,0.0
20220515:0410,0.0,0.0,0.0,14.81,6.28,0.0
20220515:0510,0.0,0.0,0.0,14.77,6.62,0.0
20220515:0610,18.41,35.59,8.81,14.81,6.69,0.0
20220515:0710,79.85,112.3,19.63,15.29,6.62,0.0
20220515:0810,69.79,99.69,30.71,15.49,6.97,0.0
20220515:0910,68.82,98.77,41.71,16.14,7.52,0.0
20220515:1010,258.76,319.5,52.15,16.26,7.79,0.0
20220515:1110,482.45,583.52,61.02,17.08,8.28,0.0
20220515:1210,374.75,458.99,66.23,17.98,7.72,0.0
20220515:1310,330.7,407.58,65.23,18.35,7.72,0.0
20220515:1410,256.26,319.64,58.62,18.27,7.86,0.0
20220515:1510,169.73,217.09,49.13,17.01,8.48,0.0
20220515:1610,163.27,209.94,38.45,17.27,7.79,0.0
20220515:1710,147.71,192.63,27.38,17.08,7.24,0.0
20220515:1810,30.34,51.69,16.35,16.94,6.97,0.0
20220515:1910,0.13,6.08,5.67,16.13,6.14,0.0
20220515:2010,0.0,0.0,0.0,15.76,6.76,0.0
20220515:2110,0.0,0.0,0.0,15.71,7.38,0.0
20220515:2210,0.0,0.0,0.0,15.7,7.52,0.0
20220515:2310,0.0,0.0,0.0,15.92,7.86,0.0
20220516:0010,0.0,0.0,0.0,15.86,7.86,0.0
20220516:0110,0.0,0.0,0.0,15.44,7.31,0.0
20220516:0210,0.0,0.0,0.0,15.2,6.55,0.0
20220516:0310,0.0,0.0,0.0,14.94,5.79,0.0
20220516:0410,0.0,0.0,0.0,14.67,4.97,0.0
20220516:0510,0.0,0.0,0.0,14.6,4.55,0.0
20220516:0610,29.63,50.35,8.96,14.49,3.93,0.0
20220516:0710,78.99,111.36,19.78,15.03,4.28,0.0
20220516:0810,131.88,173.13,30.85,16.03,5.17,0.0
20220516:0910,115.45,154.15,41.86,16.71,6.0,0.0
20220516:1010,102.75,139.38,52.31,17.01,6.48,0.0
20220516:1110,249.54,311.45,61.22,17.55,6.69,0.0
20220516:1210,620.63,757.82,66.46,18.1,7.38,0.0
20220516:1310,519.99,632.1,65.46,18.28,8.55,0.0
20220516:1410,735.09,894.3,58.81,18.49,8.48,0.0
20220516:1510,632.95,766.27,49.29,18.72,8.28,0.0
20220516:1610,330.23,405.64,38.6,18.31,7.86,0.0
20220516:1710,121.51,162.03,27.53,17.82,7.45,0.0
20220516:1810,52.78,80.28,16.5,17.42,6.76,0.0
20220516:1910,4.85,15.62,5.83,16.92,6.9,0.0
20220516:2010,0.0,0.0,0.0,16.43,6.55,0.0
20220516:2110,0.0,0.0,0.0,16.13,6.07,0.0
20220516:2210,0.0,0.0,0.0,16.01,5.86,0.0
20220516:2310,0.0,0.0,0.0,15.9,5.86,0.0
20220517:0010,0.0,0.0,0.0,15.93,6.14,0.0
20220517:0110,0.0,0.0,0.0,16.1,6.28,0.0
20220517:0210,0.0,0.0,0.0,16.34,6.48,0.0
20220517:0310,0.0,0.0,0.0,16.36,6.55,0.0
20220517:0410,0.0,0.0,0.0,16.18,6.76,0.0
20220517:0510,0.0,0.0,0.0,16.18,6.83,0.0
20220517:0610,16.37,32.98,9.11,16.47,6.9,0.0
20220517:0710,32.6,54.46,19.92,16.3,6.41,0.0
20220517:0810,24.03,43.38,30.99,16.59,6.9,0.0
20220517:0910,101.38,137.54,42.0,16.84,7.86,0.0
20220517:1010,62.23,91.38,52.47,17.5,7.52,0.0
20220517:1110,61.96,91.38,61.41,18.33,7.17,0.0
20220517:1210,120.75,161.53,66.68,18.63,6.83,0.0
20220517:1310,94.36,130.15,65.67,18.28,6.97,0.0
20220517:1410,66.68,96.92,59.0,17.79,6.41,0.0
20220517:1510,73.77,105.23,49.45,17.14,5.45,0.0
20220517:1610,132.02,174.54,38.75,17.75,4.76,0.0
20220517:1710,109.12,147.46,27.68,17.16,4.07,0.0
20220517:1810,17.16,34.15,16.65,16.73,3.03,0.0
20220517:1910,0.46,6.94,5.98,16.12,1.86,0.0
20220517:2010,0.0,0.0,0.0,15.78,0.83,0.0
20220517:2110,0.0,0.0,0.0,15.36,0.55,0.0
20220517:2210,0.0,0.0,0.0,15.35,0.62,0.0
20220517:2310,0.0,0.0,0.0,15.21,0.62,0.0
20220518:0010,0.0,0.0,0.0,15.02,0.62,0.0
20220518:0110,0.0,0.0,0.0,14.85,0.55,0.0
20220518:0210,0.0,0.0,0.0,14.66,0.48,0.0
20220518:0310,0.0,0.0,0.0,14.28,0.55,0.0
20220518:0410,0.0,0.0,0.0,13.69,0.76,0.0
20220518:0510,0.0,0.0,0.0,13.44,0.97,0.0
20220518:0610,31.68,52.95,9.25,13.93,0.83,0.0
20220518:0710,25.58,45.23,20.05,15.06,2.69,0.0
20220518:0810,110.03,147.6,31.12,15.53,3.17,0.0
20220518:0910,203.1,256.53,42.14,15.6,3.17,0.0
20220518:1010,296.24,367.99,52.62,16.17,2.9,0.0
20220518:1110,193.19,246.46,61.59,16.42,2.55,0.0
20220518:1210,242.98,306.22,66.9,16.66,2.41,0.0
20220518:1310,375.24,467.32,65.89,17.06,2.48,0.0
20220518:1410,621.09,781.39,59.18,17.35,2.48,0.0
20220518:1510,623.14,780.55,49.61,17.67,2.55,0.0
20220518:1610,454.17,562.75,38.89,17.58,2.97,0.0
20220518:1710,265.14,343.59,27.82,17.01,3.17,0.0
20220518:1810,79.0,138.4,16.8,16.3,2.34,0.0
20220518:1910,6.46,18.23,6.14,15.41,2.07,0.0
20220518:2010,0.0,0.0,0.0,14.67,1.31,0.0
20220518:2110,0.0,0.0,0.0,13.7,0.9,0.0
20220518:2210,0.0,0.0,0.0,13.35,0.9,0.0
20220518:2310,0.0,0.0,0.0,12.72,1.1,0.0
20220519:0010,0.0,0.0,0.0,12.05,1.38,0.0
20220519:0110,0.0,0.0,0.0,11.32,1.59,0.0
20220519:0210,0.0,0.0,0.0,10.9,1.72,0.0
20220519:0310,0.0,0.0,0.0,10.88,1.79,0.0
20220519:0410,0.0,0.0,0.0,10.92,1.93,0.0
20220519:0510,0.0,0.0,0.0,10.74,1.86,0.0
20220519:0610,28.75,48.61,9.39,11.0,1.72,0.0
20220519:0710,121.73,173.59,20.18,13.63,2.0,0.0
20220519:0810,197.33,251.0,31.25,14.81,2.07,0.0
20220519:0910,264.04,331.27,42.27,16.35,1.86,0.0
20220519:1010,416.4,520.91,52.77,17.65,1.93,0.0
20220519:1110,741.64,952.27,61.77,18.7,2.48,0.0
20220519:1210,789.3,1013.83,67.11,19.29,3.24,0.0
20220519:1310,708.74,900.81,66.1,19.61,3.59,0.0
20220519:1410,750.27,952.13,59.36,19.77,3.79,0.0
20220519:1510,634.69,793.88,49.76,19.79,3.86,0.0
20220519:1610,247.38,313.59,39.04,19.67,3.79,0.0
20220519:1710,229.74,298.37,27.96,19.34,3.59,0.0
20220519:1810,34.28,57.23,16.94,18.81,3.38,0.0
20220519:1910,11.41,26.04,6.29,17.76,2.76,0.0
20220519:2010,0.0,0.0,0.0,17.03,2.55,0.0
20220519:2110,0.0,0.0,0.0,16.37,2.55,0.0
20220519:2210,0.0,0.0,0.0,15.83,2.41,0.0
20220519:2310,0.0,0.0,0.0,15.45,2.62,0.0
20220520:0010,0.0,0.0,0.0,15.09,2.83,0.0
20220520:0110,0.0,0.0,0.0,14.72,3.03,0.0
20220520:0210,0.0,0.0,0.0,14.35,3.03,0.0
20220520:0310,0.0,0.0,0.0,14.03,3.03,0.0
20220520:0410,0.0,0.0,0.0,13.87,2.83,0.0
20220520:0510,0.0,0.0,0.0,13.6,2.97,0.0
20220520:0610,23.05,41.66,9.52,13.64,3.24,0.0
20220520:0710,111.12,180.27,20.3,15.11,3.17,0.0
20220520:0810,316.2,403.84,31.37,17.13,3.38,0.0
20220520:0910,508.03,631.27,42.4,19.09,3.59,0.0
20220520:1010,648.25,815.94,52.91,20.89,3.93,0.0
20220520:1110,734.25,945.76,61.94,22.54,3.66,0.0
20220520:1210,771.6,1018.02,67.32,23.95,2.97,0.0
20220520:1310,759.98,1005.22,66.3,24.94,3.03,0.0
20220520:1410,705.68,920.15,59.53,25.53,3.66,0.0
20220520:1510,603.92,776.5,49.91,25.89,4.0,0.0
20220520:1610,438.1,560.77,39.18,26.0,4.34,0.0
20220520:1710,257.3,345.87,28.1,25.72,4.55,0.0
20220520:1810,85.61,140.61,17.09,25.0,4.9,0.0
20220520:1910,15.18,32.12,6.45,23.06,4.83,0.0
20220520:2010,0.0,0.0,0.0,21.72,5.1,0.0
20220520:2110,0.0,0.0,0.0,20.48,4.9,0.0
20220520:2210,0.0,0.0,0.0,19.63,4.07,0.0
20220520:2310,0.0,0.0,0.0,19.08,4.21,0.0
20220521:0010,0.0,0.0,0.0,18.58,4.07,0.0
20220521:0110,0.0,0.0,0.0,18.18,3.66,0.0
20220521:0210,0.0,0.0,0.0,17.95,3.59,0.0
20220521:0310,0.0,0.0,0.0,17.71,3.66,0.0
20220521:0410,0.0,0.0,0.0,17.5,3.72,0.0
20220521:0510,0.0,0.0,0.0,17.3,3.38,0.0
20220521:0610,32.54,54.69,9.65,17.33,3.1,0.0
20220521:0710,75.91,109.41,20.42,19.12,2.69,0.0
20220521:0810,50.95,79.38,31.48,21.94,1.66,0.0
20220521:0910,59.07,90.46,42.52,24.12,1.17,0.0
20220521:1010,56.51,87.69,53.05,25.51,1.45,0.0
20220521:1110,128.15,178.15,62.1,25.63,0.0,0.0
20220521:1210,120.23,166.15,67.52,24.61,2.55,0.0
20220521:1310,113.03,156.92,66.5,23.8,2.07,0.0
20220521:1410,54.11,84.0,59.7,23.74,1.52,0.0
20220521:1510,78.39,114.46,50.06,23.69,1.1,0.0
20220521:1610,54.12,84.0,39.32,23.48,0.9,0.0
20220521:1710,22.44,42.46,28.24,23.46,1.93,0.0
20220521:1810,9.72,24.0,17.23,23.59,3.17,0.0
20220521:1910,1.13,8.68,6.6,22.12,2.07,0.0
20220521:2010,0.0,0.0,0.0,19.89,2.83,0.0
20220521:2110,0.0,0.0,0.0,18.12,2.9,0.0
20220521:2210,0.0,0.0,0.0,17.15,2.97,0.0
20220521:2310,0.0,0.0,0.0,16.77,1.79,0.0
20220522:0010,0.0,0.0,0.0,16.53,1.38,0.0
20220522:0110,0.0,0.0,0.0,16.28,1.17,0.0
20220522:0210,0.0,0.0,0.0,15.73,1.31,0.0
20220522:0310,0.0,0.0,0.0,15.46,1.1,0.0
20220522:0410,0.0,0.0,0.0,15.27,1.86,0.0
20220522:0510,0.0,0.0,0.0,15.03,2.0,0.0
20220522:0610,26.16,46.01,9.77,15.14,2.55,0.0
20220522:0710,102.76,142.89,20.53,15.49,0.9,0.0
20220522:0810,46.54,72.0,31.59,15.96,2.14,0.0
20220522:0910,31.84,53.54,42.63,16.16,2.97,0.0
20220522:1010,118.05,157.84,53.18,16.59,2.62,0.0
20220522:1110,500.87,626.03,62.26,17.33,2.34,0.0
20220522:1210,434.37,541.28,67.71,17.84,2.9,0.0
20220522:1310,215.83,275.28,66.69,18.5,3.24,0.0
20220522:1410,133.37,177.23,59.87,18.49,3.03,0.0
20220522:1510,326.96,407.1,50.21,18.39,3.72,0.0
20220522:1610,240.51,301.46,39.46,17.03,4.07,0.0
20220522:1710,64.57,94.15,28.37,16.72,3.52,0.0
20220522:1810,26.12,46.15,17.37,16.33,3.17,0.0
20220522:1910,0.46,6.94,6.74,15.7,2.83,0.0
20220522:2010,0.0,0.0,0.0,15.29,2.41,0.0
20220522:2110,0.0,0.0,0.0,15.04,2.07,0.0
20220522:2210,0.0,0.0,0.0,14.8,1.79,0.0
20220522:2310,0.0,0.0,0.0,14.46,1.59,0.0
20220523:0010,0.0,0.0,0.0,14.19,1.45,0.0
20220523:0110,0.0,0.0,0.0,14.04,1.93,0.0
20220523:0210,0.0,0.0,0.0,13.83,2.21,0.0
20220523:0310,0.0,0.0,0.0,13.55,2.28,0.0
20220523:0410,0.0,0.0,0.0,13.36,2.41,0.0
20220523:0510,0.0,0.0,0.0,13.54,2.83,0.0
20220523:0610,29.09,49.48,9.88,13.48,2.83,0.0
20220523:0710,81.26,113.54,20.64,14.03,3.1,0.0
20220523:0810,106.0,142.15,31.7,14.34,3.03,0.0
20220523:0910,237.31,295.03,42.74,14.48,3.38,0.0
20220523:1010,108.14,144.92,53.3,15.12,4.0,0.0
20220523:1110,345.28,423.13,62.41,15.42,4.41,0.0
20220523:1210,748.88,924.49,67.9,15.85,4.9,0.0
20220523:1310,758.38,936.3,66.88,16.04,5.03,0.0
20220523:1410,645.02,790.38,60.03,16.2,4.9,0.0
20220523:1510,632.91,772.03,50.35,16.46,4.9,0.0
20220523:1610,436.26,531.66,39.59,16.27,4.9,0.0
20220523:1710,257.59,328.51,28.51,16.08,5.03,0.0
20220523:1810,93.84,142.24,17.5,15.64,5.17,0.0
20220523:1910,11.0,25.17,6.89,15.11,4.76,0.0
20220523:2010,0.0,0.0,0.0,14.33,4.21,0.0
20220523:2110,0.0,0.0,0.0,13.76,3.79,0.0
20220523:2210,0.0,0.0,0.0,13.33,3.59,0.0
20220523:2310,0.0,0.0,0.0,12.89,3.59,0.0
20220524:0010,0.0,0.0,0.0,12.41,3.38,0.0
20220524:0110,0.0,0.0,0.0,12.04,3.31,0.0
20220524:0210,0.0,0.0,0.0,11.72,2.62,0.0
20220524:0310,0.0,0.0,0.0,11.5,2.28,0.0
20220524:0410,0.0,0.0,0.0,11.32,3.17,0.0
20220524:0510,0.0,0.0,0.0,11.24,3.24,0.0
20220524:0610,35.62,57.29,9.99,11.45,2.97,0.0
20220524:0710,116.54,181.97,20.74,12.25,3.03,0.0
20220524:0810,244.92,305.1,31.8,12.95,3.24,0.0
20220524:0910,384.61,465.86,42.84,13.62,4.0,0.0
20220524:1010,187.05,235.51,53.41,14.06,4.48,0.0
20220524:1110,314.51,384.26,62.56,14.22,4.62,0.0
20220524:1210,594.97,723.53,68.08,14.84,5.1,0.0
20220524:1310,635.58,774.56,67.07,15.16,5.24,0.0
20220524:1410,751.44,918.42,60.19,15.48,5.38,0.0
20220524:1510,618.38,747.0,50.49,15.46,5.66,0.0
20220524:1610,201.67,252.94,39.72,15.16,5.66,0.0
20220524:1710,155.43,200.17,28.64,14.93,5.38,0.0
20220524:1810,65.93,95.4,17.64,14.7,5.24,0.0
20220524:1910,0.47,6.94,7.03,14.63,4.76,0.0
20220524:2010,0.0,0.0,0.0,14.0,4.48,0.0
20220524:2110,0.0,0.0,0.0,13.36,4.41,0.0
20220524:2210,0.0,0.0,0.0,12.82,4.48,0.0
20220524:2310,0.0,0.0,0.0,12.56,4.21,0.0
20220525:0010,0.0,0.0,0.0,12.14,4.07,0.0
20220525:0110,0.0,0.0,0.0,11.87,3.86,0.0
20220525:0210,0.0,0.0,0.0,11.61,3.45,0.0
20220525:0310,0.0,0.0,0.0,11.35,3.24,0.0
20220525:0410,0.0,0.0,0.0,11.18,3.17,0.0
20220525:0510,0.0,0.0,0.0,11.01,3.17,0.0
20220525:0610,36.36,58.16,10.1,11.28,3.31,0.0
20220525:0710,114.57,181.04,20.84,12.36,3.31,0.0
20220525:0810,327.68,410.66,31.89,13.37,3.93,0.0
20220525:0910,525.7,634.94,42.94,14.53,4.62,0.0
20220525:1010,670.19,817.06,53.53,15.59,4.69,0.0
20220525:1110,708.42,874.97,62.69,16.47,4.55,0.0
20220525:1210,800.5,1003.23,68.25,17.29,4.41,0.0
20220525:1310,808.08,1018.11,67.25,18.19,4.41,0.0
20220525:1410,745.45,933.21,60.35,18.76,4.48,0.0
20220525:1510,629.99,779.47,50.63,19.22,4.76,0.0
20220525:1610,469.54,579.64,39.85,19.36,5.03,0.0
20220525:1710,276.92,360.69,28.76,19.25,5.31,0.0
20220525:1810,80.9,145.76,17.77,18.92,5.38,0.0
20220525:1910,15.6,32.12,7.17,18.13,5.66,0.0
20220525:2010,0.0,0.0,0.0,16.78,5.59,0.0
20220525:2110,0.0,0.0,0.0,15.77,5.17,0.0
20220525:2210,0.0,0.0,0.0,15.06,4.9,0.0
20220525:2310,0.0,0.0,0.0,14.5,4.55,0.0
20220526:0010,0.0,0.0,0.0,13.95,4.28,0.0
20220526:0110,0.0,0.0,0.0,13.41,4.07,0.0
20220526:0210,0.0,0.0,0.0,12.95,3.86,0.0
20220526:0310,0.0,0.0,0.0,12.51,3.72,0.0
20220526:0410,0.0,0.0,0.0,12.12,3.59,0.0
20220526:0510,0.0,0.0,0.0,11.78,3.45,0.0
20220526:0610,23.92,42.53,10.2,11.98,3.17,0.0
20220526:0710,112.84,183.19,20.93,13.9,2.97,0.0
20220526:0810,316.91,405.67,31.98,16.49,2.48,0.0
20220526:0910,497.59,626.86,43.03,18.74,1.86,0.0
20220526:1010,623.95,810.7,53.63,20.42,1.17,0.0
20220526:1110,708.63,943.07,62.83,21.63,1.17,0.0
20220526:1210,754.3,1009.82,68.42,22.46,1.59,0.0
20220526:1310,751.96,1003.58,67.42,23.06,1.86,0.0
20220526:1410,705.08,929.38,60.5,23.56,2.14,0.0
20220526:1510,618.39,802.59,50.77,24.12,2.41,0.0
20220526:1610,462.08,593.59,39.98,24.68,2.9,0.0
20220526:1710,276.89,373.36,28.89,24.93,3.59,0.0
20220526:1810,79.02,148.2,17.9,24.48,3.93,0.0
20220526:1910,14.56,31.25,7.3,23.33,4.28,0.0
20220526:2010,0.0,0.0,0.0,21.83,4.34,0.0
20220526:2110,0.0,0.0,0.0,20.49,3.79,0.0
20220526:2210,0.0,0.0,0.0,19.06,3.45,0.0
20220526:2310,0.0,0.0,0.0,17.84,3.31,0.0
20220527:0010,0.0,0.0,0.0,16.95,3.24,0.0
20220527:0110,0.0,0.0,0.0,16.38,3.31,0.0
20220527:0210,0.0,0.0,0.0,16.03,3.31,0.0
20220527:0310,0.0,0.0,0.0,15.6,3.31,0.0
20220527:0410,0.0,0.0,0.0,15.12,3.31,0.0
20220527:0510,0.0,0.0,0.0,14.67,3.38,0.0
20220527:0610,24.87,44.27,10.29,14.95,3.31,0.0
20220527:0710,111.54,183.06,21.02,17.18,3.03,0.0
20220527:0810,317.1,412.98,32.06,20.18,2.76,0.0
20220527:0910,455.98,582.74,43.12,22.78,2.34,0.0
20220527:1010,615.04,811.97,53.73,24.49,1.45,0.0
20220527:1110,687.54,950.53,62.95,25.44,0.41,0.0
20220527:1210,713.71,988.91,68.59,25.75,0.69,0.0
20220527:1310,729.95,1006.0,67.59,25.97,1.03,0.0
20220527:1410,684.87,931.81,60.65,26.35,1.17,0.0
20220527:1510,598.58,800.03,50.9,26.84,1.31,0.0
20220527:1610,449.78,593.38,40.1,27.05,1.38,0.0
20220527:1710,271.61,373.44,29.01,26.75,1.52,0.0
20220527:1810,78.96,149.21,18.03,26.07,1.72,0.0
20220527:1910,14.92,32.12,7.44,25.89,2.14,0.0
20220527:2010,0.0,0.0,0.0,24.36,2.28,0.0
20220527:2110,0.0,0.0,0.0,22.68,2.69,0.0
20220527:2210,0.0,0.0,0.0,21.23,3.03,0.0
20220527:2310,0.0,0.0,0.0,19.95,3.31,0.0
20220528:0010,0.0,0.0,0.0,18.96,3.52,0.0
20220528:0110,0.0,0.0,0.0,18.22,3.66,0.0
20220528:0210,0.0,0.0,0.0,17.64,3.52,0.0
20220528:0310,0.0,0.0,0.0,17.03,3.38,0.0
20220528:0410,0.0,0.0,0.0,16.38,3.24,0.0
20220528:0510,0.0,0.0,0.0,15.73,3.31,0.0
20220528:0610,23.44,42.53,10.38,15.87,3.17,0.0
20220528:0710,110.39,183.05,21.1,18.32,3.03,0.0
20220528:0810,310.92,407.45,32.14,21.44,2.69,0.0
20220528:0910,488.03,630.87,43.2,24.06,1.93,0.0
20220528:1010,615.02,815.09,53.82,25.21,1.45,0.0
20220528:1110,721.64,953.82,63.07,25.13,2.69,0.0
20220528:1210,769.83,1021.93,68.74,25.06,2.97,0.0
20220528:1310,754.3,1005.31,67.75,25.01,2.55,0.0
20220528:1410,705.49,936.3,60.79,24.98,2.21,0.0
20220528:1510,608.14,795.57,51.03,24.73,2.0,0.0
20220528:1610,462.96,599.09,40.22,24.19,1.86,0.0
20220528:1710,276.95,374.23,29.14,23.38,1.59,0.0
20220528:1810,79.83,149.64,18.15,22.62,1.38,0.0
20220528:1910,15.86,32.98,7.57,21.78,1.24,0.0
20220528:2010,0.0,0.0,0.0,20.57,0.97,0.0
20220528:2110,0.0,0.0,0.0,19.08,0.83,0.0
20220528:2210,0.0,0.0,0.0,17.4,1.59,0.0
20220528:2310,0.0,0.0,0.0,16.62,1.93,0.0
20220529:0010,0.0,0.0,0.0,16.23,1.93,0.0
20220529:0110,0.0,0.0,0.0,15.58,2.0,0.0
20220529:0210,0.0,0.0,0.0,15.14,2.14,0.0
20220529:0310,0.0,0.0,0.0,14.68,2.07,0.0
20220529:0410,0.0,0.0,0.0,14.03,1.86,0.0
20220529:0510,0.0,0.0,0.0,14.0,1.72,0.0
20220529:0610,30.87,52.08,10.46,14.96,1.93,0.0
20220529:0710,122.62,175.04,21.17,16.24,2.83,0.0
20220529:0810,292.9,371.93,32.21,16.62,3.45,0.0
20220529:0910,430.54,530.88,43.27,17.16,3.45,0.0
20220529:1010,373.48,464.62,53.91,18.29,3.31,0.0
20220529:1110,292.53,368.16,63.18,19.18,3.52,0.0
20220529:1210,308.48,388.24,68.89,19.85,3.93,0.0
20220529:1310,246.55,312.8,67.91,19.8,4.41,0.0
20220529:1410,132.47,176.3,60.93,19.29,4.55,0.0
20220529:1510,182.61,235.51,51.15,18.95,4.28,0.0
20220529:1610,158.45,206.91,40.34,18.61,3.38,0.0
20220529:1710,97.63,134.64,29.25,18.24,2.76,0.0
20220529:1810,46.13,72.0,18.27,17.87,2.76,0.0
20220529:1910,12.68,27.78,7.7,16.48,2.62,0.0
20220529:2010,0.0,0.0,0.0,16.0,1.86,0.0
20220529:2110,0.0,0.0,0.0,15.79,1.52,0.0
20220529:2210,0.0,0.0,0.0,15.57,1.86,0.0
20220529:2310,0.0,0.0,0.0,15.31,2.0,0.0
20220530:0010,0.0,0.0,0.0,14.99,2.0,0.0
20220530:0110,0.0,0.0,0.0,14.55,1.79,0.0
20220530:0210,0.0,0.0,0.0,14.4,2.07,0.0
20220530:0310,0.0,0.0,0.0,14.26,2.34,0.0
20220530:0410,0.0,0.0,0.0,14.18,2.28,0.0
20220530:0510,0.0,0.0,0.0,14.13,2.55,0.0
20220530:0610,22.95,41.66,10.54,14.44,3.03,0.0
20220530:0710,77.81,109.8,21.24,15.42,3.03,0.0
20220530:0810,190.44,242.92,32.28,16.02,3.59,0.0
20220530:0910,88.55,122.77,43.34,16.82,4.41,0.0
20220530:1010,124.29,165.23,53.99,17.28,4.28,0.0
20220530:1110,402.82,497.09,63.29,17.58,4.34,0.0
20220530:1210,129.62,171.69,69.03,17.56,4.34,0.0
20220530:1310,133.77,176.3,68.07,17.32,4.69,0.0
20220530:1410,243.85,305.53,61.07,17.16,4.76,0.0
20220530:1510,254.02,317.25,51.28,16.92,4.34,0.0
20220530:1610,162.93,210.6,40.46,16.72,3.1,0.0
20220530:1710,120.34,161.04,29.37,17.05,2.55,0.0
20220530:1810,63.08,93.13,18.39,17.55,2.28,0.0
20220530:1910,12.65,27.78,7.82,16.78,1.03,0.0
20220530:2010,0.0,0.0,0.0,16.68,1.52,0.0
20220530:2110,0.0,0.0,0.0,16.55,2.07,0.0
20220530:2210,0.0,0.0,0.0,16.41,2.14,0.0
20220530:2310,0.0,0.0,0.0,16.11,2.0,0.0
20220531:0010,0.0,0.0,0.0,15.97,1.79,0.0
20220531:0110,0.0,0.0,0.0,15.86,1.72,0.0
20220531:0210,0.0,0.0,0.0,15.91,1.72,0.0
20220531:0310,0.0,0.0,0.0,15.85,1.72,0.0
20220531:0410,0.0,0.0,0.0,16.01,1.86,0.0
20220531:0510,0.0,0.0,0.0,16.19,1.79,0.0
20220531:0610,6.95,19.1,10.61,16.55,1.79,0.0
20220531:0710,82.85,117.12,21.31,17.24,2.07,0.0
20220531:0810,76.35,108.92,32.34,17.72,2.28,0.0
20220531:0910,100.0,137.54,43.41,18.2,2.28,0.0
20220531:1010,76.01,108.92,54.06,18.66,2.41,0.0
20220531:1110,82.1,116.31,63.39,19.13,3.72,0.0
20220531:1210,89.04,124.61,69.17,19.3,4.62,0.0
20220531:1310,84.52,119.07,68.21,19.16,5.03,0.0
20220531:1410,141.66,187.38,61.2,19.55,4.69,0.0
20220531:1510,78.46,111.69,51.39,18.76,4.28,0.0
20220531:1610,133.72,178.15,40.57,19.27,3.31,0.0
20220531:1710,103.41,142.02,29.48,19.0,2.69,0.0
20220531:1810,63.53,94.05,18.51,18.53,2.28,0.0
20220531:1910,21.82,40.8,7.94,18.41,2.14,0.0
20220531:2010,0.0,0.0,0.0,17.65,2.21,0.0
20220531:2110,0.0,0.0,0.0,17.51,2.21,0.0
20220531:2210,0.0,0.0,0.0,17.39,2.21,0.0
20220531:2310,0.0,0.0,0.0,17.12,2.34,0.0
20220601:0010,0.0,0.0,0.0,16.91,2.55,0.0
20220601:0110,0.0,0.0,0.0,16.87,2.62,0.0
20220601:0210,0.0,0.0,0.0,16.89,2.83,0.0
20220601:0310,0.0,0.0,0.0,16.8,3.17,0.0
20220601:0410,0.0,0.0,0.0,16.68,3.31,0.0
20220601:0510,0.0,0.0,0.0,16.54,3.52,0.0
20220601:0610,22.07,40.8,10.68,16.55,4.41,0.0
20220601:0710,121.28,169.66,21.37,16.15,3.66,0.0
20220601:0810,245.06,309.82,32.4,16.63,4.21,0.0
20220601:0910,497.76,611.58,43.47,17.15,3.86,0.0
20220601:1010,561.53,692.63,54.13,17.97,4.28,0.0
20220601:1110,530.93,656.89,63.48,18.7,4.76,0.0
20220601:1210,293.14,367.44,69.3,19.62,5.45,0.0
20220601:1310,243.03,307.04,68.36,19.46,5.86,0.0
20220601:1410,393.42,483.97,61.33,18.18,5.79,0.0
20220601:1510,437.11,538.51,51.51,18.47,4.76,0.0
20220601:1610,177.42,229.19,40.69,18.77,4.07,0.0
20220601:1710,261.79,336.04,29.59,17.55,4.9,0.0
20220601:1810,99.43,150.1,18.62,17.32,4.14,0.0
20220601:1910,18.75,36.46,8.06,17.53,3.24,0.0
20220601:2010,0.0,0.0,0.0,16.78,2.97,0.0
20220601:2110,0.0,0.0,0.0,16.41,2.76,0.0
20220601:2210,0.0,0.0,0.0,15.94,2.69,0.0
20220601:2310,0.0,0.0,0.0,15.57,2.76,0.0
20220602:0010,0.0,0.0,0.0,15.01,2.55,0.0
20220602:0110,0.0,0.0,0.0,14.65,2.14,0.0
20220602:0210,0.0,0.0,0.0,13.94,1.93,0.0
20220602:0310,0.0,0.0,0.0,13.67,1.93,0.0
20220602:0410,0.0,0.0,0.0,13.61,2.14,0.0
20220602:0510,0.0,0.0,0.0,13.5,2.34,0.0
20220602:0610,33.12,54.69,10.74,13.8,2.34,0.0
20220602:0710,94.19,130.25,21.42,15.42,2.69,0.0
20220602:0810,304.09,387.22,32.45,16.34,3.31,0.0
20220602:0910,472.33,580.52,43.52,16.95,3.72,0.0
20220602:1010,495.5,611.46,54.2,17.58,3.79,0.0
20220602:1110,421.84,522.47,63.57,18.47,4.34,0.0
20220602:1210,664.01,828.99,69.42,18.9,4.69,0.0
20220602:1310,735.27,918.25,68.49,18.5,4.9,0.0
20220602:1410,707.75,887.86,61.46,18.95,4.07,0.0
20220602:1510,473.77,591.02,51.62,19.35,3.31,0.0
20220602:1610,223.97,285.62,40.79,19.05,2.97,0.0
20220602:1710,253.99,328.28,29.7,18.18,3.24,0.0
20220602:1810,88.22,151.66,18.73,17.87,2.41,0.0
20220602:1910,24.5,44.27,8.18,17.53,1.45,0.0
20220602:2010,0.0,0.0,0.0,17.08,1.72,0.0
20220602:2110,0.0,0.0,0.0,16.49,2.0,0.0
20220602:2210,0.0,0.0,0.0,16.15,1.93,0.0
20220602:2310,0.0,0.0,0.0,15.71,1.86,0.0
20220603:0010,0.0,0.0,0.0,14.9,1.93,0.0
20220603:0110,0.0,0.0,0.0,14.5,2.0,0.0
20220603:0210,0.0,0.0,0.0,14.3,1.93,0.0
20220603:0310,0.0,0.0,0.0,13.83,2.0,0.0
20220603:0410,0.0,0.0,0.0,13.49,2.0,0.0
20220603:0510,0.0,0.0,0.0,13.11,1.86,0.0
20220603:0610,39.39,62.5,10.79,13.46,1.66,0.0
20220603:0710,120.8,180.63,21.47,14.56,2.0,0.0
20220603:0810,305.18,392.15,32.5,16.21,1.79,0.0
20220603:0910,299.16,377.36,43.57,17.76,1.38,0.0
20220603:1010,422.53,540.63,54.26,18.92,0.48,0.0
20220603:1110,545.43,702.15,63.65,19.73,1.24,0.0
20220603:1210,428.68,541.07,69.53,19.87,2.55,0.0
20220603:1310,346.27,435.83,68.62,18.99,2.48,0.0
20220603:1410,430.91,541.9,61.58,18.85,2.21,0.0
20220603:1510,252.77,321.87,51.73,19.22,2.07,0.0
20220603:1610,44.24,70.15,40.9,19.45,1.72,0.0
20220603:1710,18.89,36.92,29.81,19.36,1.38,0.0
20220603:1810,9.39,23.08,18.84,18.58,1.31,0.0
20220603:1910,1.19,8.68,8.29,17.17,2.48,0.0
20220603:2010,0.0,0.0,0.0,16.74,1.79,0.0
20220603:2110,0.0,0.0,0.0,16.33,1.66,0.0
20220603:2210,0.0,0.0,0.0,16.07,1.38,0.0
20220603:2310,0.0,0.0,0.0,15.45,1.17,0.0
20220604:0010,0.0,0.0,0.0,15.28,0.97,0.0
20220604:0110,0.0,0.0,0.0,14.58,1.03,0.0
20220604:0210,0.0,0.0,0.0,14.35,0.9,0.0
20220604:0310,0.0,0.0,0.0,14.4,0.69,0.0
20220604:0410,0.0,0.0,0.0,14.05,0.69,0.0
20220604:0510,0.0,0.0,0.0,14.21,0.48,0.0
20220604:0610,39.92,63.37,10.85,13.97,0.55,0.0
20220604:0710,101.92,140.51,21.52,15.27,0.9,0.0
20220604:0810,294.24,377.52,32.54,15.49,1.1,0.0
20220604:0910,421.83,529.69,43.61,16.38,0.9,0.0
20220604:1010,473.44,590.9,54.31,17.3,2.14,0.0
20220604:1110,349.63,435.16,63.72,17.53,3.1,0.0
20220604:1210,594.53,741.33,69.64,17.19,3.31,0.0
20220604:1310,553.38,695.16,68.75,17.63,2.48,0.0
20220604:1410,678.66,860.4,61.69,18.23,2.62,0.0
20220604:1510,590.64,738.34,51.84,18.22,2.83,0.0
20220604:1610,466.47,580.01,41.0,18.12,2.9,0.0
20220604:1710,280.61,366.03,29.91,17.85,2.55,0.0
20220604:1810,88.66,153.39,18.94,17.64,2.41,0.0
20220604:1910,21.98,40.8,8.4,17.09,2.48,0.0
20220604:2010,0.0,0.0,0.0,16.54,2.07,0.0
20220604:2110,0.0,0.0,0.0,16.0,1.79,0.0
20220604:2210,0.0,0.0,0.0,15.12,1.52,0.0
20220604:2310,0.0,0.0,0.0,14.31,1.45,0.0
20220605:0010,0.0,0.0,0.0,13.96,1.59,0.0
20220605:0110,0.0,0.0,0.0,13.63,1.66,0.0
20220605:0210,0.0,0.0,0.0,13.83,1.59,0.0
20220605:0310,0.0,0.0,0.0,13.61,1.66,0.0
20220605:0410,0.0,0.0,0.0,13.88,1.66,0.0
20220605:0510,0.0,0.0,0.0,14.0,1.79,0.0
20220605:0610,33.7,55.55,10.89,14.36,2.07,0.0
20220605:0710,117.49,181.23,21.56,15.05,1.45,0.0
20220605:0810,286.13,363.74,32.58,15.78,2.41,0.0
20220605:0910,468.26,576.98,43.65,16.35,2.97,0.0
20220605:1010,594.33,737.45,54.36,16.59,2.9,0.0
20220605:1110,692.88,871.99,63.79,17.08,2.9,0.0
20220605:1210,623.29,781.04,69.75,17.6,3.24,0.0
20220605:1310,738.13,929.28,68.87,17.94,3.79,0.0
20220605:1410,431.08,534.21,61.8,17.73,3.52,0.0
20220605:1510,644.07,804.63,51.94,17.55,2.9,0.0
20220605:1610,299.64,374.63,41.1,17.56,2.69,0.0
20220605:1710,178.11,230.69,30.01,17.27,2.62,0.0
20220605:1810,92.24,154.6,19.04,16.82,2.41,0.0
20220605:1910,20.18,38.19,8.5,15.99,2.97,0.0
20220605:2010,0.0,0.0,0.0,15.23,2.0,0.0
20220605:2110,0.0,0.0,0.0,14.81,1.72,0.0
20220605:2210,0.0,0.0,0.0,14.51,2.0,0.0
20220605:2310,0.0,0.0,0.0,14.38,2.34,0.0
20220606:0010,0.0,0.0,0.0,14.24,2.62,0.0
20220606:0110,0.0,0.0,0.0,14.24,2.83,0.0
20220606:0210,0.0,0.0,0.0,14.2,3.1,0.0
20220606:0310,0.0,0.0,0.0,14.23,2.9,0.0
20220606:0410,0.0,0.0,0.0,14.18,3.03,0.0
20220606:0510,0.0,0.0,0.0,14.16,3.24,0.0
20220606:0610,21.0,39.06,10.93,14.45,3.52,0.0
20220606:0710,70.68,101.04,21.59,15.29,3.66,0.0
20220606:0810,178.35,228.1,32.61,15.91,4.14,0.0
20220606:0910,220.01,276.3,43.68,16.58,5.03,0.0
20220606:1010,119.98,159.69,54.4,16.86,5.17,0.0
20220606:1110,199.34,252.92,63.85,17.04,4.9,0.0
20220606:1210,110.85,149.54,69.84,17.64,4.83,0.0
20220606:1310,130.14,172.61,68.98,18.05,4.55,0.0
20220606:1410,314.21,391.37,61.91,18.2,4.28,0.0
20220606:1510,316.96,394.35,52.04,18.17,4.07,0.0
20220606:1610,173.93,224.48,41.2,18.04,3.79,0.0
20220606:1710,117.84,158.36,30.1,17.8,3.24,0.0
20220606:1810,76.23,109.49,19.14,17.28,2.76,0.0
20220606:1910,3.37,13.02,8.6,16.89,2.21,0.0
20220606:2010,0.0,0.0,0.0,16.18,1.79,0.0
20220606:2110,0.0,0.0,0.0,15.54,1.31,0.0
20220606:2210,0.0,0.0,0.0,15.33,0.48,0.0
20220606:2310,0.0,0.0,0.0,15.18,0.41,0.0
20220607:0010,0.0,0.0,0.0,15.01,0.34,0.0
20220607:0110,0.0,0.0,0.0,14.78,0.41,0.0
20220607:0210,0.0,0.0,0.0,14.6,0.69,0.0
20220607:0310,0.0,0.0,0.0,13.93,0.97,0.0
20220607:0410,0.0,0.0,0.0,12.44,1.45,0.0
20220607:0510,0.0,0.0,0.0,12.45,1.31,0.0
20220607:0610,28.94,49.48,10.97,14.0,0.41,0.0
20220607:0710,109.7,176.86,21.62,14.64,1.17,0.0
20220607:0810,302.51,391.28,32.63,15.76,0.9,0.0
20220607:0910,465.54,586.27,43.71,16.88,0.97,0.0
20220607:1010,603.01,765.71,54.43,17.83,1.52,0.0
20220607:1110,713.48,916.42,63.91,18.49,2.07,0.0
20220607:1210,759.77,977.73,69.93,19.13,2.69,0.0
20220607:1310,753.44,963.59,69.09,19.44,3.17,0.0
20220607:1410,699.51,885.66,62.01,19.43,3.31,0.0
20220607:1510,563.12,702.9,52.14,19.14,3.31,0.0
20220607:1610,329.74,412.15,41.29,18.69,3.17,0.0
20220607:1710,227.65,293.66,30.2,18.18,2.9,0.0
20220607:1810,24.52,44.31,19.24,17.83,2.69,0.0
20220607:1910,19.43,37.32,8.7,17.03,2.55,0.0
20220607:2010,0.0,0.0,0.0,16.74,2.76,0.0
20220607:2110,0.0,0.0,0.0,16.55,2.9,0.0
20220607:2210,0.0,0.0,0.0,16.47,3.1,0.0
20220607:2310,0.0,0.0,0.0,16.55,3.24,0.0
20220608:0010,0.0,0.0,0.0,16.59,3.17,0.0
20220608:0110,0.0,0.0,0.0,16.42,3.31,0.0
20220608:0210,0.0,0.0,0.0,16.43,3.31,0.0
20220608:0310,0.0,0.0,0.0,16.46,3.66,0.0
20220608:0410,0.0,0.0,0.0,16.48,3.72,0.0
20220608:0510,0.0,0.0,0.0,16.45,3.66,0.0
20220608:0610,22.07,40.8,11.0,16.49,3.66,0.0
20220608:0710,75.9,107.91,21.64,16.51,4.0,0.0
20220608:0810,118.15,157.68,32.66,16.6,3.79,0.0
20220608:0910,114.45,153.23,43.74,16.52,3.93,0.0
20220608:1010,108.71,146.77,54.46,16.99,3.93,0.0
20220608:1110,95.35,131.07,63.96,17.06,3.59,0.0
20220608:1210,170.54,219.69,70.01,17.05,3.59,0.0
20220608:1310,130.28,172.61,69.19,17.42,3.45,0.0
20220608:1410,131.83,174.46,62.11,17.32,3.17,0.0
20220608:1510,172.37,222.57,52.23,17.39,2.83,0.0
20220608:1610,189.54,243.12,41.38,17.53,2.62,0.0
20220608:1710,134.18,177.96,30.28,17.45,2.28,0.0
20220608:1810,77.12,110.82,19.33,17.23,1.86,0.0
20220608:1910,8.58,21.7,8.79,16.99,1.17,0.0
20220608:2010,0.0,0.0,0.0,16.8,0.97,0.0
20220608:2110,0.0,0.0,0.0,16.69,0.97,0.0
20220608:2210,0.0,0.0,0.0,16.65,0.97,0.0
20220608:2310,0.0,0.0,0.0,16.54,0.9,0.0
20220609:0010,0.0,0.0,0.0,16.48,0.83,0.0
20220609:0110,0.0,0.0,0.0,16.38,0.83,0.0
20220609:0210,0.0,0.0,0.0,16.27,1.03,0.0
20220609:0310,0.0,0.0,0.0,16.03,1.38,0.0
20220609:0410,0.0,0.0,0.0,15.94,1.66,0.0
20220609:0510,0.0,0.0,0.0,16.08,1.79,0.0
20220609:0610,40.24,64.23,11.02,16.16,1.86,0.0
20220609:0710,93.44,130.07,21.66,16.45,2.0,0.0
20220609:0810,107.5,145.84,32.67,17.17,2.28,0.0
20220609:0910,140.53,185.53,43.75,18.0,2.55,0.0
20220609:1010,503.83,630.22,54.49,19.12,2.97,0.0
20220609:1110,715.52,907.54,64.0,20.18,3.66,0.0
20220609:1210,739.19,941.65,70.09,21.02,4.14,0.0
20220609:1310,765.41,976.26,69.29,21.61,4.48,0.0
20220609:1410,722.07,916.31,62.21,22.13,4.62,0.0
20220609:1510,619.07,777.46,52.32,22.57,4.9,0.0
20220609:1610,465.85,583.71,41.47,22.7,5.24,0.0
20220609:1710,280.28,369.72,30.37,22.49,5.24,0.0
20220609:1810,88.33,157.9,19.42,22.1,4.97,0.0
20220609:1910,22.09,41.66,8.88,21.84,4.97,0.0
20220609:2010,0.0,0.0,0.0,20.64,4.83,0.0
20220609:2110,0.0,0.0,0.0,19.6,4.62,0.0
20220609:2210,0.0,0.0,0.0,18.8,4.21,0.0
20220609:2310,0.0,0.0,0.0,18.14,3.86,0.0
20220610:0010,0.0,0.0,0.0,17.55,3.66,0.0
20220610:0110,0.0,0.0,0.0,17.08,3.66,0.0
20220610:0210,0.0,0.0,0.0,16.65,3.66,0.0
20220610:0310,0.0,0.0,0.0,16.42,3.72,0.0
20220610:0410,0.0,0.0,0.0,16.18,3.72,0.0
20220610:0510,0.0,0.0,0.0,15.88,3.93,0.0
20220610:0610,40.32,64.23,11.04,16.13,3.86,0.0
20220610:0710,106.98,148.48,21.68,18.2,3.86,0.0
20220610:0810,232.74,299.51,32.68,19.69,3.72,0.0
20220610:0910,404.04,504.81,43.77,20.82,4.48,0.0
20220610:1010,633.83,795.72,54.51,21.89,4.69,0.0
20220610:1110,732.27,933.55,64.04,22.84,4.69,0.0
20220610:1210,780.2,1006.63,70.15,23.83,4.69,0.0
20220610:1310,764.94,987.83,69.38,24.57,4.83,0.0
20220610:1410,717.13,918.72,62.29,24.91,5.17,0.0
20220610:1510,619.06,783.67,52.41,24.95,5.52,0.0
20220610:1610,461.93,582.71,41.55,24.65,5.86,0.0
20220610:1710,279.99,370.99,30.45,23.96,5.86,0.0
20220610:1810,89.09,158.83,19.5,23.13,5.59,0.0
20220610:1910,22.05,41.66,8.97,22.2,5.38,0.0
20220610:2010,0.0,0.0,0.0,20.78,5.31,0.0
20220610:2110,0.0,0.0,0.0,19.57,5.1,0.0
20220610:2210,0.0,0.0,0.0,18.53,4.76,0.0
20220610:2310,0.0,0.0,0.0,17.71,4.76,0.0
20220611:0010,0.0,0.0,0.0,17.06,4.83,0.0
20220611:0110,0.0,0.0,0.0,16.47,4.9,0.0
20220611:0210,0.0,0.0,0.0,16.13,4.83,0.0
20220611:0310,0.0,0.0,0.0,15.92,4.83,0.0
20220611:0410,0.0,0.0,0.0,15.75,5.03,0.0
20220611:0510,0.0,0.0,0.0,15.62,5.17,0.0
20220611:0610,28.78,49.48,11.06,15.78,5.1,0.0
20220611:0710,108.1,177.66,21.69,16.52,5.03,0.0
20220611:0810,307.1,392.83,32.69,17.65,5.03,0.0
20220611:0910,489.92,603.46,43.78,19.15,5.17,0.0
20220611:1010,637.37,794.08,54.52,20.83,5.03,0.0
20220611:1110,728.3,926.91,64.07,22.43,4.62,0.0
20220611:1210,770.43,994.77,70.21,23.72,4.48,0.0
20220611:1310,757.51,981.0,69.46,24.68,4.55,0.0
20220611:1410,712.9,917.11,62.38,25.29,4.9,0.0
20220611:1510,612.63,779.48,52.49,25.61,5.24,0.0
20220611:1610,466.26,591.86,41.63,25.53,5.45,0.0
20220611:1710,281.09,374.92,30.53,25.16,5.52,0.0
20220611:1810,91.24,159.99,19.58,24.43,5.24,0.0
20220611:1910,25.11,46.01,9.05,23.21,5.17,0.0
20220611:2010,0.0,0.0,0.0,21.83,4.97,0.0
20220611:2110,0.0,0.0,0.0,20.4,5.1,0.0
20220611:2210,0.0,0.0,0.0,19.29,5.1,0.0
20220611:2310,0.0,0.0,0.0,18.48,4.62,0.0
20220612:0010,0.0,0.0,0.0,17.84,4.62,0.0
20220612:0110,0.0,0.0,0.0,17.42,4.69,0.0
20220612:0210,0.0,0.0,0.0,17.11,4.62,0.0
20220612:0310,0.0,0.0,0.0,16.9,4.55,0.0
20220612:0410,0.0,0.0,0.0,16.71,4.28,0.0
20220612:0510,0.0,0.0,0.0,16.38,4.34,0.0
20220612:0610,32.69,54.69,11.07,16.61,4.48,0.0
20220612:0710,106.9,175.8,21.69,18.11,4.28,0.0
20220612:0810,297.46,385.05,32.69,19.84,4.41,0.0
20220612:0910,476.63,597.86,43.78,21.63,4.07,0.0
20220612:1010,617.69,782.06,54.53,23.11,4.28,0.0
20220612:1110,714.8,918.19,64.09,24.45,4.62,0.0
20220612:1210,764.0,990.93,70.27,25.51,4.9,0.0
20220612:1310,756.53,983.37,69.54,26.31,5.03,0.0
20220612:1410,707.77,914.46,62.46,26.67,5.17,0.0
20220612:1510,605.61,773.23,52.56,26.74,5.52,0.0
20220612:1610,463.49,590.58,41.7,26.46,5.59,0.0
20220612:1710,277.04,370.03,30.61,25.81,5.79,0.0
20220612:1810,92.6,160.53,19.66,24.77,5.86,0.0
20220612:1910,26.28,47.74,9.13,24.09,6.07,0.0
20220612:2010,0.0,0.0,0.0,22.38,5.79,0.0
20220612:2110,0.0,0.0,0.0,20.88,5.24,0.0
20220612:2210,0.0,0.0,0.0,19.73,5.17,0.0
20220612:2310,0.0,0.0,0.0,18.87,5.1,0.0
20220613:0010,0.0,0.0,0.0,18.29,4.83,0.0
20220613:0110,0.0,0.0,0.0,17.94,4.69,0.0
20220613:0210,0.0,0.0,0.0,17.73,4.55,0.0
20220613:0310,0.0,0.0,0.0,17.55,4.34,0.0
20220613:0410,0.0,0.0,0.0,17.4,4.21,0.0
20220613:0510,0.0,0.0,0.0,17.23,4.14,0.0
20220613:0610,30.49,52.08,11.07,17.6,3.86,0.0
20220613:0710,105.43,174.89,21.69,19.34,3.38,0.0
20220613:0810,292.41,384.52,32.69,21.7,2.97,0.0
20220613:0910,463.56,595.42,43.78,24.08,2.48,0.0
20220613:1010,587.99,774.87,54.54,26.16,1.86,0.0
20220613:1110,664.86,905.64,64.11,27.77,1.31,0.0
20220613:1210,701.16,993.28,70.32,28.74,0.41,0.0
20220613:1310,703.73,979.64,69.61,29.07,1.1,0.0
20220613:1410,670.56,902.87,62.54,28.6,2.21,0.0
20220613:1510,583.88,767.0,52.64,27.62,2.62,0.0
20220613:1610,445.22,577.8,41.78,26.79,2.83,0.0
20220613:1710,271.4,366.43,30.68,25.81,2.62,0.0
20220613:1810,95.62,161.11,19.73,24.88,2.41,0.0
20220613:1910,28.63,51.21,9.2,24.94,1.03,0.0
20220613:2010,0.0,0.0,0.0,24.02,1.24,0.0
20220613:2110,0.0,0.0,0.0,22.8,2.0,0.0
20220613:2210,0.0,0.0,0.0,21.89,2.28,0.0
20220613:2310,0.0,0.0,0.0,21.24,2.21,0.0
20220614:0010,0.0,0.0,0.0,20.79,2.07,0.0
20220614:0110,0.0,0.0,0.0,20.23,1.93,0.0
20220614:0210,0.0,0.0,0.0,19.54,1.72,0.0
20220614:0310,0.0,0.0,0.0,18.74,1.59,0.0
20220614:0410,0.0,0.0,0.0,18.41,1.45,0.0
20220614:0510,0.0,0.0,0.0,18.34,1.38,0.0
20220614:0610,28.95,50.35,11.07,18.57,1.17,0.0
20220614:0710,107.56,177.11,21.69,19.27,1.1,0.0
20220614:0810,295.12,387.36,32.69,19.88,1.72,0.0
20220614:0910,473.87,601.81,43.77,20.6,1.93,0.0
20220614:1010,603.16,767.63,54.54,21.57,2.9,0.0
20220614:1110,701.94,900.43,64.13,22.52,3.72,0.0
20220614:1210,761.84,982.75,70.36,22.81,4.07,0.0
20220614:1310,749.57,963.9,69.68,22.84,4.28,0.0
20220614:1410,695.85,887.52,62.61,22.54,4.21,0.0
20220614:1510,604.36,764.3,52.71,22.18,3.79,0.0
20220614:1610,454.65,573.47,41.85,21.75,3.38,0.0
20220614:1710,218.31,285.21,30.75,21.05,2.62,0.0
20220614:1810,97.43,163.36,19.8,20.57,1.31,0.0
20220614:1910,29.36,51.21,9.28,20.19,1.1,0.0
20220614:2010,0.0,0.0,0.0,19.25,1.31,0.0
20220614:2110,0.0,0.0,0.0,18.16,0.62,0.0
20220614:2210,0.0,0.0,0.0,18.26,0.07,0.0
20220614:2310,0.0,0.0,0.0,17.99,0.62,0.0
20220615:0010,0.0,0.0,0.0,17.67,0.76,0.0
20220615:0110,0.0,0.0,0.0,16.83,1.17,0.0
20220615:0210,0.0,0.0,0.0,16.34,1.24,0.0
20220615:0310,0.0,0.0,0.0,16.19,1.24,0.0
20220615:0410,0.0,0.0,0.0,14.02,1.86,0.0
20220615:0510,0.0,0.0,0.0,14.55,1.31,0.0
20220615:0610,40.38,64.23,11.06,15.25,1.03,0.0
20220615:0710,43.68,69.23,21.68,18.59,1.45,0.0
20220615:0810,32.54,55.38,32.68,20.15,0.76,0.0
20220615:0910,56.23,85.84,43.76,21.48,1.72,0.0
20220615:1010,140.66,191.07,54.53,23.39,0.97,0.0
20220615:1110,365.72,466.5,64.13,23.03,3.24,0.0
20220615:1210,222.65,290.01,70.39,22.5,2.07,0.0
20220615:1310,146.48,197.53,69.73,23.68,2.48,0.0
20220615:1410,540.8,696.83,62.67,24.78,3.31,0.0
20220615:1510,527.94,681.99,52.77,25.56,2.97,0.0
20220615:1610,122.96,168.92,41.91,24.38,3.79,0.0
20220615:1710,267.56,352.53,30.82,22.77,3.93,0.0
20220615:1810,9.22,23.08,19.87,21.92,2.55,0.0
20220615:1910,1.51,9.55,9.34,22.82,2.97,0.0
20220615:2010,0.0,0.0,0.0,22.25,5.24,0.0
20220615:2110,0.0,0.0,0.0,22.07,6.21,0.0
20220615:2210,0.0,0.0,0.0,22.22,6.69,0.0
20220615:2310,0.0,0.0,0.0,22.28,5.45,0.0
20220616:0010,0.0,0.0,0.0,22.05,3.79,0.0
20220616:0110,0.0,0.0,0.0,21.13,3.17,0.0
20220616:0210,0.0,0.0,0.0,20.34,4.41,0.0
20220616:0310,0.0,0.0,0.0,19.68,4.97,0.0
20220616:0410,0.0,0.0,0.0,19.16,4.41,0.0
20220616:0510,0.0,0.0,0.0,18.82,3.86,0.0
20220616:0610,39.8,64.23,11.05,18.63,3.52,0.0
20220616:0710,113.38,174.48,21.67,18.29,5.66,0.0
20220616:0810,217.4,277.42,32.66,18.18,5.31,0.0
20220616:0910,273.56,341.92,43.75,18.32,4.83,0.0
20220616:1010,414.07,512.33,54.52,18.94,4.62,0.0
20220616:1110,430.13,534.74,64.14,19.4,4.41,0.0
20220616:1210,257.71,326.89,70.42,19.62,3.52,0.0
20220616:1310,219.74,282.63,69.79,19.99,2.48,0.0
20220616:1410,613.51,793.66,62.73,20.7,1.66,0.0
20220616:1510,536.77,695.13,52.84,21.38,1.03,0.0
20220616:1610,352.47,451.09,41.97,21.56,1.45,0.0
20220616:1710,89.24,126.46,30.88,21.29,1.59,0.0
20220616:1810,105.4,155.67,19.93,21.05,1.59,0.0
20220616:1910,22.79,42.53,9.4,21.09,2.41,0.0
20220616:2010,0.0,0.0,0.0,20.31,3.03,0.0
20220616:2110,0.0,0.0,0.0,19.79,3.52,0.0
20220616:2210,0.0,0.0,0.0,19.53,3.52,0.0
20220616:2310,0.0,0.0,0.0,19.06,3.24,0.0
20220617:0010,0.0,0.0,0.0,18.59,3.45,0.0
20220617:0110,0.0,0.0,0.0,17.87,3.24,0.0
20220617:0210,0.0,0.0,0.0,17.26,2.83,0.0
20220617:0310,0.0,0.0,0.0,16.68,2.48,0.0
20220617:0410,0.0,0.0,0.0,16.09,2.48,0.0
20220617:0510,0.0,0.0,0.0,15.55,2.41,0.0
20220617:0610,39.65,63.37,11.04,15.52,1.31,0.0
20220617:0710,110.62,173.02,21.65,17.98,2.0,0.0
20220617:0810,262.6,339.24,32.64,18.74,2.41,0.0
20220617:0910,303.5,385.54,43.73,19.71,1.66,0.0
20220617:1010,388.0,488.44,54.51,20.69,3.1,0.0
20220617:1110,136.48,182.77,64.13,20.87,3.17,0.0
20220617:1210,710.05,923.55,70.44,21.45,2.41,0.0
20220617:1310,702.34,921.99,69.83,22.09,2.0,0.0
20220617:1410,655.5,854.7,62.79,22.45,2.0,0.0
20220617:1510,566.22,728.62,52.89,22.28,1.93,0.0
20220617:1610,424.16,537.61,42.03,21.95,2.76,0.0
20220617:1710,251.64,328.54,30.94,20.9,2.97,0.0
20220617:1810,106.95,159.09,19.99,19.96,1.79,0.0
20220617:1910,17.96,35.59,9.46,18.95,1.24,0.0
20220617:2010,0.0,0.0,0.0,18.26,1.59,0.0
20220617:2110,0.0,0.0,0.0,17.7,1.24,0.0
20220617:2210,0.0,0.0,0.0,17.38,0.97,0.0
20220617:2310,0.0,0.0,0.0,16.89,1.1,0.0
20220618:0010,0.0,0.0,0.0,16.59,1.86,0.0
20220618:0110,0.0,0.0,0.0,16.49,3.03,0.0
20220618:0210,0.0,0.0,0.0,15.95,3.59,0.0
20220618:0310,0.0,0.0,0.0,15.27,3.31,0.0
20220618:0410,0.0,0.0,0.0,14.94,2.41,0.0
20220618:0510,0.0,0.0,0.0,14.91,1.17,0.0
20220618:0610,40.46,64.23,11.02,15.12,2.0,0.0
20220618:0710,98.79,136.86,21.63,16.47,2.69,0.0
20220618:0810,56.91,84.92,32.62,16.91,3.59,0.0
20220618:0910,212.1,268.62,43.71,17.26,3.86,0.0
20220618:1010,337.76,418.73,54.49,18.06,4.41,0.0
20220618:1110,391.39,485.37,64.12,18.93,4.76,0.0
20220618:1210,598.57,744.88,70.45,19.42,4.97,0.0
20220618:1310,282.98,355.73,69.87,19.63,4.97,0.0
20220618:1410,483.9,599.79,62.84,19.21,4.69,0.0
20220618:1510,631.66,784.67,52.95,18.84,4.0,0.0
20220618:1610,455.55,565.83,42.08,18.79,3.45,0.0
20220618:1710,238.79,307.61,30.99,18.38,2.76,0.0
20220618:1810,9.43,23.08,20.04,17.86,2.07,0.0
20220618:1910,1.19,8.68,9.51,17.28,0.69,0.0
20220618:2010,0.0,0.0,0.0,16.92,0.69,0.0
20220618:2110,0.0,0.0,0.0,16.71,1.31,0.0
20220618:2210,0.0,0.0,0.0,16.54,1.24,0.0
20220618:2310,0.0,0.0,0.0,16.22,0.97,0.0
20220619:0010,0.0,0.0,0.0,15.51,1.1,0.0
20220619:0110,0.0,0.0,0.0,14.88,2.0,0.0
20220619:0210,0.0,0.0,0.0,15.04,2.0,0.0
20220619:0310,0.0,0.0,0.0,14.68,1.52,0.0
20220619:0410,0.0,0.0,0.0,14.04,1.38,0.0
20220619:0510,0.0,0.0,0.0,13.55,1.31,0.0
20220619:0610,32.3,53.82,11.0,14.29,0.76,0.0
20220619:0710,58.2,85.84,21.6,15.16,4.14,0.0
20220619:0810,134.38,175.59,32.59,15.21,4.48,0.0
20220619:0910,51.27,77.54,43.68,15.52,4.48,0.0
20220619:1010,183.59,233.62,54.46,15.64,3.52,0.0
20220619:1110,237.26,298.73,64.11,15.9,2.07,0.0
20220619:1210,97.28,132.92,70.45,16.26,3.52,0.0
20220619:1310,88.77,122.77,69.91,16.42,4.9,0.0
20220619:1410,86.49,120.0,62.88,16.39,5.38,0.0
20220619:1510,73.94,105.23,53.0,16.68,5.38,0.0
20220619:1610,193.66,244.87,42.14,16.11,5.31,0.0
20220619:1710,145.65,188.88,31.04,15.49,5.24,0.0
20220619:1810,35.72,58.15,20.09,15.03,5.24,0.0
20220619:1910,1.21,8.68,9.56,15.51,5.45,0.0
20220619:2010,0.0,0.0,0.0,14.79,5.1,0.0
20220619:2110,0.0,0.0,0.0,14.13,4.62,0.0
20220619:2210,0.0,0.0,0.0,13.68,3.86,0.0
20220619:2310,0.0,0.0,0.0,13.33,3.52,0.0
20220620:0010,0.0,0.0,0.0,13.05,3.31,0.0
20220620:0110,0.0,0.0,0.0,12.95,3.1,0.0
20220620:0210,0.0,0.0,0.0,12.95,3.03,0.0
20220620:0310,0.0,0.0,0.0,13.0,3.45,0.0
20220620:0410,0.0,0.0,0.0,13.05,3.31,0.0
20220620:0510,0.0,0.0,0.0,13.05,2.9,0.0
20220620:0610,37.4,59.89,10.97,13.13,2.69,0.0
20220620:0710,60.93,88.61,21.57,13.41,2.69,0.0
20220620:0810,151.18,194.98,32.56,13.8,2.28,0.0
20220620:0910,281.81,349.17,43.65,14.25,2.0,0.0
20220620:1010,403.76,496.99,54.43,14.71,2.21,0.0
20220620:1110,545.8,676.57,64.09,15.62,2.62,0.0
20220620:1210,502.51,621.61,70.45,16.2,3.1,0.0
20220620:1310,465.39,573.91,69.93,16.58,3.66,0.0
20220620:1410,402.66,495.19,62.93,16.3,3.79,0.0
20220620:1510,305.25,377.27,53.04,15.76,3.38,0.0
20220620:1610,188.7,240.2,42.18,15.76,2.69,0.0
20220620:1710,112.15,150.32,31.09,15.72,2.76,0.0
20220620:1810,65.14,94.58,20.13,15.61,3.24,0.0
20220620:1910,24.84,44.27,9.61,15.01,2.07,0.0
20220620:2010,0.0,0.0,0.0,14.38,1.72,0.0
20220620:2110,0.0,0.0,0.0,14.3,1.52,0.0
20220620:2210,0.0,0.0,0.0,14.04,0.97,0.0
20220620:2310,0.0,0.0,0.0,13.84,0.83,0.0
20220621:0010,0.0,0.0,0.0,13.91,1.24,0.0
20220621:0110,0.0,0.0,0.0,13.81,1.86,0.0
20220621:0210,0.0,0.0,0.0,13.38,2.21,0.0
20220621:0310,0.0,0.0,0.0,13.46,2.28,0.0
20220621:0410,0.0,0.0,0.0,13.26,2.14,0.0
20220621:0510,0.0,0.0,0.0,13.1,2.14,0.0
20220621:0610,38.0,60.76,10.94,13.54,2.34,0.0
20220621:0710,79.21,110.99,21.53,14.24,3.66,0.0
20220621:0810,102.75,138.46,32.52,14.84,4.0,0.0
20220621:0910,212.26,266.74,43.61,15.64,4.07,0.0
20220621:1010,101.22,137.54,54.4,16.35,4.0,0.0
20220621:1110,222.67,280.89,64.06,16.83,3.72,0.0
20220621:1210,124.69,166.15,70.45,17.61,3.45,0.0
20220621:1310,88.79,123.69,69.95,17.77,3.38,0.0
20220621:1410,119.97,160.61,62.96,17.68,3.52,0.0
20220621:1510,106.85,144.92,53.08,17.42,3.52,0.0
20220621:1610,51.58,78.46,42.22,16.99,3.1,0.0
20220621:1710,24.67,44.31,31.13,16.65,2.62,0.0
20220621:1810,68.76,99.62,20.18,16.4,1.52,0.0
20220621:1910,28.75,49.48,9.65,15.63,2.0,0.0
20220621:2010,0.0,0.0,0.0,15.37,1.38,0.0
20220621:2110,0.0,0.0,0.0,15.1,1.45,0.0
20220621:2210,0.0,0.0,0.0,14.43,1.59,0.0
20220621:2310,0.0,0.0,0.0,14.0,1.66,0.0
20220622:0010,0.0,0.0,0.0,13.88,1.72,0.0
20220622:0110,0.0,0.0,0.0,14.26,1.86,0.0
20220622:0210,0.0,0.0,0.0,14.33,2.07,0.0
20220622:0310,0.0,0.0,0.0,14.41,2.0,0.0
20220622:0410,0.0,0.0,0.0,14.3,1.93,0.0
20220622:0510,0.0,0.0,0.0,14.02,1.86,0.0
20220622:0610,7.06,19.1,10.9,13.94,1.59,0.0
20220622:0710,112.87,155.76,21.49,14.81,1.45,0.0
20220622:0810,165.63,214.73,32.48,15.75,1.17,0.0
20220622:0910,368.7,464.05,43.57,17.1,0.97,0.0
20220622:1010,538.28,677.68,54.36,18.03,1.93,0.0
20220622:1110,668.93,844.34,64.03,18.45,3.03,0.0
20220622:1210,730.88,923.72,70.43,18.25,3.52,0.0
20220622:1310,766.83,971.36,69.97,18.63,3.72,0.0
20220622:1410,713.08,891.32,62.99,18.72,4.34,0.0
20220622:1510,577.49,712.12,53.12,17.59,4.0,0.0
20220622:1610,468.23,579.31,42.26,17.77,3.31,0.0
20220622:1710,292.99,378.91,31.17,17.68,2.9,0.0
20220622:1810,102.9,167.93,20.21,17.59,2.28,0.0
20220622:1910,29.27,50.35,9.68,16.62,2.21,0.0
20220622:2010,0.0,0.0,0.0,16.18,2.14,0.0
20220622:2110,0.0,0.0,0.0,15.49,2.14,0.0
20220622:2210,0.0,0.0,0.0,14.91,1.79,0.0
20220622:2310,0.0,0.0,0.0,14.24,1.59,0.0
20220623:0010,0.0,0.0,0.0,13.79,1.24,0.0
20220623:0110,0.0,0.0,0.0,13.78,1.1,0.0
20220623:0210,0.0,0.0,0.0,13.41,1.1,0.0
20220623:0310,0.0,0.0,0.0,13.42,0.9,0.0
20220623:0410,0.0,0.0,0.0,13.22,0.97,0.0
20220623:0510,0.0,0.0,0.0,13.1,0.97,0.0
20220623:0610,2.06,10.42,10.86,13.75,1.38,0.0
20220623:0710,18.07,35.08,21.45,14.03,1.24,0.0
20220623:0810,76.01,107.07,32.44,14.25,1.52,0.0
20220623:0910,86.08,119.07,43.53,14.47,1.79,0.0
20220623:1010,55.92,83.08,54.32,14.6,1.86,0.0
20220623:1110,196.64,249.23,63.99,14.97,2.21,0.0
20220623:1210,212.18,267.69,70.41,15.58,2.9,0.0
20220623:1310,133.85,176.3,69.97,16.55,3.03,0.0
20220623:1410,261.22,326.39,63.02,16.44,3.38,0.0
20220623:1510,442.39,545.63,53.15,16.96,3.31,0.0
20220623:1610,158.32,204.97,42.29,16.82,3.79,0.0
20220623:1710,75.42,107.07,31.2,16.55,3.86,0.0
20220623:1810,107.74,150.81,20.25,16.14,3.66,0.0
20220623:1910,7.56,19.96,9.71,15.22,2.55,0.0
20220623:2010,0.0,0.0,0.0,14.97,2.14,0.0
20220623:2110,0.0,0.0,0.0,14.67,2.41,0.0
20220623:2210,0.0,0.0,0.0,14.29,2.76,0.0
20220623:2310,0.0,0.0,0.0,14.22,3.1,0.0
20220624:0010,0.0,0.0,0.0,14.06,3.03,0.0
20220624:0110,0.0,0.0,0.0,14.04,2.97,0.0
20220624:0210,0.0,0.0,0.0,14.03,2.9,0.0
20220624:0310,0.0,0.0,0.0,14.0,2.97,0.0
20220624:0410,0.0,0.0,0.0,14.09,3.03,0.0
20220624:0510,0.0,0.0,0.0,14.09,3.24,0.0
20220624:0610,35.79,58.16,10.81,14.44,3.79,0.0
20220624:0710,100.83,138.33,21.4,14.77,4.21,0.0
20220624:0810,240.22,302.72,32.39,15.49,4.83,0.0
20220624:0910,422.38,514.59,43.48,15.95,4.83,0.0
20220624:1010,408.86,499.39,54.27,16.69,5.24,0.0
20220624:1110,403.55,494.8,63.95,17.4,5.66,0.0
20220624:1210,295.16,366.21,70.38,17.74,5.93,0.0
20220624:1310,327.56,404.83,69.97,17.88,6.0,0.0
20220624:1410,120.67,160.61,63.03,17.25,6.07,0.0
20220624:1510,225.29,282.35,53.18,16.75,5.79,0.0
20220624:1610,157.91,204.05,42.32,16.83,5.03,0.0
20220624:1710,57.82,85.84,31.23,16.53,4.41,0.0
20220624:1810,54.16,81.23,20.27,15.89,3.52,0.0
20220624:1910,32.84,54.69,9.74,15.6,3.59,0.0
20220624:2010,0.0,0.0,0.0,15.33,2.9,0.0
20220624:2110,0.0,0.0,0.0,15.12,2.41,0.0
20220624:2210,0.0,0.0,0.0,14.87,2.76,0.0
20220624:2310,0.0,0.0,0.0,14.61,2.83,0.0
20220625:0010,0.0,0.0,0.0,14.38,2.97,0.0
20220625:0110,0.0,0.0,0.0,14.1,2.83,0.0
20220625:0210,0.0,0.0,0.0,13.69,2.97,0.0
20220625:0310,0.0,0.0,0.0,13.46,2.76,0.0
20220625:0410,0.0,0.0,0.0,13.14,2.48,0.0
20220625:0510,0.0,0.0,0.0,12.82,1.72,0.0
20220625:0610,33.94,55.55,10.76,12.65,0.76,0.0
20220625:0710,120.09,169.18,21.35,14.36,1.03,0.0
20220625:0810,97.62,132.92,32.34,14.77,1.59,0.0
20220625:0910,435.1,535.0,43.43,15.25,2.69,0.0
20220625:1010,564.64,693.61,54.22,15.5,3.31,0.0
20220625:1110,637.2,785.92,63.9,15.77,3.86,0.0
20220625:1210,671.46,830.62,70.35,15.98,4.14,0.0
20220625:1310,136.89,179.07,69.97,15.98,4.14,0.0
20220625:1410,209.63,264.15,63.05,15.91,4.07,0.0
20220625:1510,498.67,609.92,53.2,15.92,3.93,0.0
20220625:1610,468.73,573.13,42.35,15.76,3.72,0.0
20220625:1710,289.86,367.95,31.26,15.67,3.59,0.0
20220625:1810,104.52,172.29,20.3,15.29,3.38,0.0
20220625:1910,24.92,44.27,9.76,14.52,2.69,0.0
20220625:2010,0.0,0.0,0.0,13.98,2.21,0.0
20220625:2110,0.0,0.0,0.0,13.3,1.72,0.0
20220625:2210,0.0,0.0,0.0,12.34,1.38,0.0
20220625:2310,0.0,0.0,0.0,12.2,1.03,0.0
20220626:0010,0.0,0.0,0.0,12.31,1.03,0.0
20220626:0110,0.0,0.0,0.0,11.54,1.17,0.0
20220626:0210,0.0,0.0,0.0,11.72,1.1,0.0
20220626:0310,0.0,0.0,0.0,11.63,1.1,0.0
20220626:0410,0.0,0.0,0.0,11.37,1.03,0.0
20220626:0510,0.0,0.0,0.0,10.67,1.17,0.0
20220626:0610,26.72,46.01,10.7,10.83,1.1,0.0
20220626:0710,114.82,173.39,21.3,12.89,0.69,0.0
20220626:0810,212.61,270.71,32.28,13.69,0.48,0.0
20220626:0910,213.66,270.43,43.37,14.77,0.97,0.0
20220626:1010,434.47,539.3,54.17,15.37,1.66,0.0
20220626:1110,697.47,879.57,63.85,15.92,2.34,0.0
20220626:1210,794.07,1005.65,70.31,16.15,3.03,0.0
20220626:1310,795.48,1000.98,69.95,16.33,3.59,0.0
20220626:1410,767.14,954.4,63.06,16.27,4.07,0.0
20220626:1510,637.61,782.35,53.22,16.32,4.14,0.0
20220626:1610,502.87,614.83,42.37,16.32,4.14,0.0
20220626:1710,305.9,390.25,31.28,16.28,4.14,0.0
20220626:1810,115.43,172.45,20.32,15.8,3.93,0.0
20220626:1910,34.26,56.42,9.77,15.37,4.07,0.0
20220626:2010,0.0,0.0,0.0,14.71,4.21,0.0
20220626:2110,0.0,0.0,0.0,14.11,4.07,0.0
20220626:2210,0.0,0.0,0.0,13.67,3.72,0.0
20220626:2310,0.0,0.0,0.0,13.17,3.38,0.0
20220627:0010,0.0,0.0,0.0,12.69,3.31,0.0
20220627:0110,0.0,0.0,0.0,12.22,3.59,0.0
20220627:0210,0.0,0.0,0.0,11.85,3.45,0.0
20220627:0310,0.0,0.0,0.0,11.54,3.24,0.0
20220627:0410,0.0,0.0,0.0,11.27,3.1,0.0
20220627:0510,0.0,0.0,0.0,10.94,2.9,0.0
20220627:0610,27.4,46.87,10.64,11.05,2.83,0.0
20220627:0710,100.07,169.39,21.24,12.52,3.45,0.0
20220627:0810,307.92,390.57,32.22,13.91,4.07,0.0
20220627:0910,500.59,608.22,43.31,15.01,4.28,0.0
20220627:1010,642.09,788.09,54.11,16.17,4.07,0.0
20220627:1110,726.11,908.82,63.79,17.32,3.72,0.0
20220627:1210,797.06,1006.11,70.26,18.1,4.14,0.0
20220627:1310,806.07,1017.68,69.93,18.54,4.41,0.0
20220627:1410,754.22,946.12,63.06,18.86,4.48,0.0
20220627:1510,648.47,804.64,53.23,19.09,4.55,0.0
20220627:1610,501.41,618.84,42.39,19.18,4.9,0.0
20220627:1710,309.37,397.9,31.29,18.82,5.38,0.0
20220627:1810,103.99,176.67,20.33,18.33,5.38,0.0
20220627:1910,24.59,44.27,9.78,17.28,5.24,0.0
20220627:2010,0.0,0.0,0.0,16.13,4.69,0.0
20220627:2110,0.0,0.0,0.0,15.14,4.41,0.0
20220627:2210,0.0,0.0,0.0,14.34,3.93,0.0
20220627:2310,0.0,0.0,0.0,13.67,3.59,0.0
20220628:0010,0.0,0.0,0.0,13.07,3.52,0.0
20220628:0110,0.0,0.0,0.0,12.49,3.45,0.0
20220628:0210,0.0,0.0,0.0,12.05,3.38,0.0
20220628:0310,0.0,0.0,0.0,11.66,3.1,0.0
20220628:0410,0.0,0.0,0.0,11.26,2.76,0.0
20220628:0510,0.0,0.0,0.0,10.76,2.48,0.0
20220628:0610,0.0,0.0,0.0,10.81,2.28,0.0
20220628:0710,0.0,0.0,0.0,11.88,1.93,0.0
20220628:0810,0.0,0.0,0.0,13.55,1.59,0.0
20220628:0910,488.95,603.96,43.25,15.27,2.21,0.0
20220628:1010,636.25,791.67,54.04,16.43,2.76,0.0
20220628:1110,737.69,933.36,63.73,17.33,2.9,0.0
20220628:1210,784.45,1006.42,70.21,17.99,2.76,0.0
20220628:1310,786.03,1007.96,69.91,18.44,2.97,0.0
20220628:1410,746.29,946.5,63.06,18.63,3.31,0.0
20220628:1510,614.47,767.28,53.24,18.5,3.31,0.0
20220628:1610,493.91,613.35,42.4,18.2,3.17,0.0
20220628:1710,305.92,395.18,31.31,17.9,2.97,0.0
20220628:1810,114.62,163.18,20.34,17.32,2.76,0.0
20220628:1910,25.31,45.14,9.79,16.54,2.34,0.0
20220628:2010,0.0,0.0,0.0,16.0,1.52,0.0
20220628:2110,0.0,0.0,0.0,15.62,0.97,0.0
20220628:2210,0.0,0.0,0.0,15.49,1.17,0.0
20220628:2310,0.0,0.0,0.0,15.29,1.38,0.0
20220629:0010,0.0,0.0,0.0,15.25,1.03,0.0
20220629:0110,0.0,0.0,0.0,15.3,2.0,0.0
20220629:0210,0.0,0.0,0.0,15.03,2.76,0.0
20220629:0310,0.0,0.0,0.0,14.93,2.97,0.0
20220629:0410,0.0,0.0,0.0,14.55,3.1,0.0
20220629:0510,0.0,0.0,0.0,14.19,3.17,0.0
20220629:0610,0.0,0.0,0.0,14.01,2.97,0.0
20220629:0710,0.0,0.0,0.0,14.48,3.52,0.0
20220629:0810,241.23,304.23,32.09,14.91,3.72,0.0
20220629:0910,336.85,414.87,43.18,15.57,3.24,0.0
20220629:1010,302.69,374.99,53.98,16.2,3.45,0.0
20220629:1110,469.73,578.27,63.66,16.89,4.0,0.0
20220629:1210,721.87,901.44,70.15,17.53,4.28,0.0
20220629:1310,676.85,838.6,69.87,17.68,4.97,0.0
20220629:1410,630.96,775.89,63.05,17.92,5.59,0.0
20220629:1510,615.46,750.17,53.24,17.68,6.0,0.0
20220629:1610,421.85,514.95,42.41,17.43,5.93,0.0
20220629:1710,242.49,306.85,31.31,17.14,5.72,0.0
20220629:1810,84.71,118.92,20.35,16.65,5.45,0.0
20220629:1910,2.92,12.15,9.79,16.04,4.76,0.0
20220629:2010,0.0,0.0,0.0,15.38,4.83,0.0
20220629:2110,0.0,0.0,0.0,14.6,4.83,0.0
20220629:2210,0.0,0.0,0.0,14.06,4.41,0.0
20220629:2310,0.0,0.0,0.0,13.53,4.0,0.0
20220630:0010,0.0,0.0,0.0,13.1,3.79,0.0
20220630:0110,0.0,0.0,0.0,12.8,3.72,0.0
20220630:0210,0.0,0.0,0.0,12.67,3.66,0.0
20220630:0310,0.0,0.0,0.0,12.53,3.66,0.0
20220630:0410,0.0,0.0,0.0,12.3,3.31,0.0
20220630:0510,0.0,0.0,0.0,12.26,2.97,0.0
20220630:0610,36.83,59.03,10.44,12.42,2.76,0.0
20220630:0710,101.91,165.31,21.04,13.29,2.9,0.0
20220630:0810,297.7,380.27,32.02,14.28,3.03,0.0
20220630:0910,482.75,589.86,43.11,15.42,3.59,0.0
20220630:1010,631.55,778.02,53.91,16.47,3.66,0.0
20220630:1110,733.42,918.16,63.59,17.18,3.59,0.0
20220630:1210,780.56,985.94,70.08,17.79,3.72,0.0
20220630:1310,783.67,987.48,69.83,18.03,4.07,0.0
20220630:1410,742.65,927.51,63.03,18.1,4.34,0.0
20220630:1510,634.61,781.19,53.24,18.01,4.69,0.0
20220630:1610,496.11,608.1,42.41,17.73,4.76,0.0
20220630:1710,303.5,388.46,31.32,17.46,4.48,0.0
20220630:1810,105.17,172.88,20.35,17.18,4.21,0.0
20220630:1910,24.64,44.27,9.79,16.83,4.14,0.0
20220630:2010,0.0,0.0,0.0,16.0,3.66,0.0
20220630:2110,0.0,0.0,0.0,15.27,3.31,0.0
20220630:2210,0.0,0.0,0.0,14.79,3.03,0.0
20220630:2310,0.0,0.0,0.0,14.31,2.83,0.0
20220701:0010,0.0,0.0,0.0,13.88,2.62,0.0
20220701:0110,0.0,0.0,0.0,13.38,2.48,0.0
20220701:0210,0.0,0.0,0.0,12.86,2.34,0.0
20220701:0310,0.0,0.0,0.0,12.45,2.28,0.0
20220701:0410,0.0,0.0,0.0,12.04,2.21,0.0
20220701:0510,0.0,0.0,0.0,11.52,2.21,0.0
20220701:0610,26.61,46.01,10.37,11.76,2.07,0.0
20220701:0710,95.05,163.24,20.96,12.89,1.93,0.0
20220701:0810,295.58,381.91,31.95,14.86,1.66,0.0
20220701:0910,475.42,597.99,43.04,17.0,1.24,0.0
20220701:1010,612.14,784.78,53.83,18.61,1.24,0.0
20220701:1110,708.32,921.61,63.51,19.85,1.72,0.0
20220701:1210,754.5,984.5,70.01,20.71,2.34,0.0
20220701:1310,769.75,997.31,69.79,21.21,3.1,0.0
20220701:1410,729.59,932.22,63.01,21.42,3.72,0.0
20220701:1510,629.93,793.29,53.23,21.47,4.0,0.0
20220701:1610,492.31,617.12,42.41,21.43,4.0,0.0
20220701:1710,301.53,394.05,31.31,21.23,3.86,0.0
20220701:1810,102.12,176.25,20.34,20.85,3.52,0.0
20220701:1910,24.11,44.27,9.78,20.87,3.38,0.0
20220701:2010,0.0,0.0,0.0,20.08,3.38,0.0
20220701:2110,0.0,0.0,0.0,19.32,3.45,0.0
20220701:2210,0.0,0.0,0.0,18.69,3.45,0.0
20220701:2310,0.0,0.0,0.0,18.05,3.24,0.0
20220702:0010,0.0,0.0,0.0,17.36,3.1,0.0
20220702:0110,0.0,0.0,0.0,16.67,2.97,0.0
20220702:0210,0.0,0.0,0.0,15.98,2.9,0.0
20220702:0310,0.0,0.0,0.0,15.35,2.9,0.0
20220702:0410,0.0,0.0,0.0,14.81,2.9,0.0
20220702:0510,0.0,0.0,0.0,14.39,3.03,0.0
20220702:0610,24.26,43.4,10.29,14.49,2.97,0.0
20220702:0710,93.15,161.88,20.89,16.45,2.55,0.0
20220702:0810,287.39,376.55,31.87,18.66,2.34,0.0
20220702:0910,467.16,591.64,42.96,20.71,2.28,0.0
20220702:1010,545.37,697.29,53.75,22.43,2.55,0.0
20220702:1110,648.1,839.73,63.43,23.84,3.03,0.0
20220702:1210,716.67,937.72,69.93,24.94,3.45,0.0
20220702:1310,661.45,861.23,69.73,25.59,3.79,0.0
20220702:1410,687.32,894.75,62.99,26.09,3.93,0.0
20220702:1510,607.79,782.52,53.22,26.33,4.14,0.0
20220702:1610,474.88,606.82,42.4,26.02,4.48,0.0
20220702:1710,292.9,389.23,31.31,25.51,4.83,0.0
20220702:1810,101.85,174.21,20.33,24.65,4.97,0.0
20220702:1910,25.69,46.87,9.76,23.66,5.03,0.0
20220702:2010,0.0,0.0,0.0,22.15,5.52,0.0
20220702:2110,0.0,0.0,0.0,20.76,5.59,0.0
20220702:2210,0.0,0.0,0.0,19.6,5.03,0.0
20220702:2310,0.0,0.0,0.0,18.59,4.55,0.0
20220703:0010,0.0,0.0,0.0,17.68,4.55,0.0
20220703:0110,0.0,0.0,0.0,16.99,4.48,0.0
20220703:0210,0.0,0.0,0.0,16.53,4.55,0.0
20220703:0310,0.0,0.0,0.0,16.28,4.83,0.0
20220703:0410,0.0,0.0,0.0,16.08,4.97,0.0
20220703:0510,0.0,0.0,0.0,15.97,4.69,0.0
20220703:0610,31.39,52.95,10.21,16.21,4.07,0.0
20220703:0710,93.61,159.63,20.81,17.16,4.41,0.0
20220703:0810,27.95,48.92,31.79,18.49,4.14,0.0
20220703:0910,31.23,53.54,42.88,19.94,3.17,0.0
20220703:1010,66.7,98.77,53.67,21.65,3.03,0.0
20220703:1110,123.56,168.92,63.34,23.05,2.97,0.0
20220703:1210,419.56,539.45,69.85,24.23,2.9,0.0
20220703:1310,318.63,413.23,69.67,25.1,2.62,0.0
20220703:1410,514.28,666.58,62.95,25.62,2.97,0.0
20220703:1510,547.91,706.56,53.2,25.82,3.38,0.0
20220703:1610,429.97,551.79,42.39,25.92,3.72,0.0
20220703:1710,276.67,367.25,31.3,25.5,4.21,0.0
20220703:1810,101.26,146.94,20.32,24.57,4.55,0.0
20220703:1910,1.12,8.68,9.74,23.31,3.72,0.0
20220703:2010,0.0,0.0,0.0,22.08,4.28,0.0
20220703:2110,0.0,0.0,0.0,21.0,4.34,0.0
20220703:2210,0.0,0.0,0.0,20.07,4.14,0.0
20220703:2310,0.0,0.0,0.0,19.18,4.0,0.0
20220704:0010,0.0,0.0,0.0,18.48,3.79,0.0
20220704:0110,0.0,0.0,0.0,17.94,3.59,0.0
20220704:0210,0.0,0.0,0.0,17.35,3.66,0.0
20220704:0310,0.0,0.0,0.0,16.86,3.79,0.0
20220704:0410,0.0,0.0,0.0,16.48,3.79,0.0
20220704:0510,0.0,0.0,0.0,16.24,4.0,0.0
20220704:0610,28.68,49.48,10.12,16.34,4.07,0.0
20220704:0710,91.65,158.21,20.72,17.48,3.38,0.0
20220704:0810,280.28,366.61,31.71,19.02,3.17,0.0
20220704:0910,461.05,580.33,42.8,20.65,2.9,0.0
20220704:1010,597.3,763.63,53.58,22.28,2.62,0.0
20220704:1110,683.16,893.62,63.25,23.72,2.41,0.0
20220704:1210,724.08,965.04,69.76,24.82,2.14,0.0
20220704:1310,718.88,962.56,69.61,25.53,2.07,0.0
20220704:1410,679.53,896.16,62.92,25.82,2.62,0.0
20220704:1510,594.58,770.39,53.18,25.93,3.1,0.0
20220704:1610,462.01,594.06,42.37,25.96,3.38,0.0
20220704:1710,226.48,300.53,31.28,25.39,3.24,0.0
20220704:1810,110.22,165.39,20.3,24.39,2.9,0.0
20220704:1910,30.75,53.82,9.72,24.31,4.07,0.0
20220704:2010,0.0,0.0,0.0,23.05,4.55,0.0
20220704:2110,0.0,0.0,0.0,21.97,4.97,0.0
20220704:2210,0.0,0.0,0.0,20.86,4.76,0.0
20220704:2310,0.0,0.0,0.0,19.76,4.48,0.0
20220705:0010,0.0,0.0,0.0,18.93,4.14,0.0
20220705:0110,0.0,0.0,0.0,18.13,4.0,0.0
20220705:0210,0.0,0.0,0.0,17.47,3.93,0.0
20220705:0310,0.0,0.0,0.0,17.02,3.79,0.0
20220705:0410,0.0,0.0,0.0,16.73,3.79,0.0
20220705:0510,0.0,0.0,0.0,16.46,3.79,0.0
20220705:0610,27.96,48.61,10.03,16.66,3.72,0.0
20220705:0710,90.65,157.99,20.63,18.44,3.24,0.0
20220705:0810,279.67,368.31,31.62,20.14,2.9,0.0
20220705:0910,457.98,580.21,42.71,21.73,2.76,0.0
20220705:1010,598.8,767.2,53.49,23.25,2.9,0.0
20220705:1110,688.57,897.44,63.16,24.69,3.1,0.0
20220705:1210,737.94,975.2,69.66,25.87,3.17,0.0
20220705:1310,739.13,977.95,69.53,26.74,3.45,0.0
20220705:1410,694.09,910.3,62.87,27.25,3.79,0.0
20220705:1510,603.36,780.14,53.15,27.5,4.28,0.0
20220705:1610,466.26,598.64,42.35,27.4,4.76,0.0
20220705:1710,290.04,387.08,31.26,26.85,5.24,0.0
20220705:1810,101.23,173.13,20.28,25.78,5.59,0.0
20220705:1910,24.32,45.14,9.69,24.3,4.28,0.0
20220705:2010,0.0,0.0,0.0,22.78,4.76,0.0
20220705:2110,0.0,0.0,0.0,21.71,4.9,0.0
20220705:2210,0.0,0.0,0.0,20.96,4.34,0.0
20220705:2310,0.0,0.0,0.0,20.08,4.55,0.0
20220706:0010,0.0,0.0,0.0,19.38,4.83,0.0
20220706:0110,0.0,0.0,0.0,18.76,4.76,0.0
20220706:0210,0.0,0.0,0.0,18.23,4.62,0.0
20220706:0310,0.0,0.0,0.0,17.82,4.69,0.0
20220706:0410,0.0,0.0,0.0,17.42,4.76,0.0
20220706:0510,0.0,0.0,0.0,17.15,4.69,0.0
20220706:0610,26.57,46.87,9.94,17.19,4.41,0.0
20220706:0710,90.29,157.79,20.54,18.23,3.93,0.0
20220706:0810,283.99,371.72,31.54,19.57,3.79,0.0
20220706:0910,464.08,583.36,42.62,21.24,3.52,0.0
20220706:1010,609.63,776.49,53.4,22.88,3.38,0.0
20220706:1110,698.93,913.33,63.06,24.39,2.9,0.0
20220706:1210,740.74,981.33,69.56,25.49,2.9,0.0
20220706:1310,741.84,980.07,69.45,26.35,3.45,0.0
20220706:1410,701.07,917.51,62.82,26.95,3.93,0.0
20220706:1510,611.23,789.93,53.12,27.27,4.28,0.0
20220706:1610,470.49,603.23,42.32,27.17,4.83,0.0
20220706:1710,291.32,388.02,31.23,26.58,5.31,0.0
20220706:1810,102.48,175.07,20.25,25.61,5.31,0.0
20220706:1910,24.91,46.01,9.65,24.66,5.03,0.0
20220706:2010,0.0,0.0,0.0,23.18,4.9,0.0
20220706:2110,0.0,0.0,0.0,21.89,4.9,0.0
20220706:2210,0.0,0.0,0.0,20.86,4.69,0.0
20220706:2310,0.0,0.0,0.0,20.07,4.55,0.0
20220707:0010,0.0,0.0,0.0,19.51,4.28,0.0
20220707:0110,0.0,0.0,0.0,19.03,4.34,0.0
20220707:0210,0.0,0.0,0.0,18.65,4.41,0.0
20220707:0310,0.0,0.0,0.0,18.3,4.34,0.0
20220707:0410,0.0,0.0,0.0,17.96,4.14,0.0
20220707:0510,0.0,0.0,0.0,17.54,3.93,0.0
20220707:0610,26.52,46.87,9.84,17.44,3.72,0.0
20220707:0710,89.55,158.69,20.45,19.1,3.38,0.0
20220707:0810,285.53,377.7,31.44,21.26,3.24,0.0
20220707:0910,464.34,592.71,42.53,23.33,2.9,0.0
20220707:1010,601.92,784.21,53.31,24.99,2.34,0.0
20220707:1110,690.47,928.48,62.95,26.21,1.72,0.0
20220707:1210,734.25,1008.13,69.45,27.04,1.45,0.0
20220707:1310,727.51,1000.91,69.36,27.59,1.45,0.0
20220707:1410,682.01,922.92,62.77,27.98,1.86,0.0
20220707:1510,597.94,791.44,53.08,28.33,2.48,0.0
20220707:1610,468.4,611.76,42.29,28.61,3.17,0.0
20220707:1710,291.56,393.85,31.2,28.59,3.93,0.0
20220707:1810,102.76,178.08,20.21,27.9,4.41,0.0
20220707:1910,24.03,45.14,9.61,26.56,4.34,0.0
20220707:2010,0.0,0.0,0.0,24.86,4.28,0.0
20220707:2110,0.0,0.0,0.0,23.36,4.21,0.0
20220707:2210,0.0,0.0,0.0,22.04,3.93,0.0
20220707:2310,0.0,0.0,0.0,20.79,3.72,0.0
20220708:0010,0.0,0.0,0.0,19.74,3.66,0.0
20220708:0110,0.0,0.0,0.0,18.94,3.72,0.0
20220708:0210,0.0,0.0,0.0,18.38,3.86,0.0
20220708:0310,0.0,0.0,0.0,17.99,3.93,0.0
20220708:0410,0.0,0.0,0.0,17.69,3.86,0.0
20220708:0510,0.0,0.0,0.0,17.36,3.66,0.0
20220708:0610,23.9,43.4,9.74,17.42,3.45,0.0
20220708:0710,89.84,158.98,20.35,19.31,2.62,0.0
20220708:0810,283.31,379.63,31.35,22.46,2.0,0.0
20220708:0910,454.75,595.19,42.44,24.87,1.17,0.0
20220708:1010,588.43,791.72,53.21,26.08,0.69,0.0
20220708:1110,683.88,932.59,62.84,26.79,1.17,0.0
20220708:1210,724.58,986.88,69.33,27.43,1.86,0.0
20220708:1310,734.43,994.92,69.27,27.83,2.34,0.0
20220708:1410,697.87,933.28,62.7,28.09,2.76,0.0
20220708:1510,611.85,804.23,53.03,28.16,3.1,0.0
20220708:1610,474.62,618.16,42.25,28.11,3.24,0.0
20220708:1710,295.99,400.27,31.17,27.98,3.03,0.0
20220708:1810,102.43,179.23,20.17,27.77,2.62,0.0
20220708:1910,21.97,42.53,9.57,27.85,2.41,0.0
20220708:2010,0.0,0.0,0.0,27.07,2.48,0.0
20220708:2110,0.0,0.0,0.0,26.13,2.69,0.0
20220708:2210,0.0,0.0,0.0,25.12,2.76,0.0
20220708:2310,0.0,0.0,0.0,23.96,2.76,0.0
20220709:0010,0.0,0.0,0.0,22.82,2.97,0.0
20220709:0110,0.0,0.0,0.0,21.78,3.24,0.0
20220709:0210,0.0,0.0,0.0,20.86,3.45,0.0
20220709:0310,0.0,0.0,0.0,20.06,3.52,0.0
20220709:0410,0.0,0.0,0.0,19.41,3.52,0.0
20220709:0510,0.0,0.0,0.0,18.89,3.38,0.0
20220709:0610,25.65,46.01,9.64,18.96,3.1,0.0
20220709:0710,88.17,157.42,20.25,21.01,2.55,0.0
20220709:0810,276.89,374.13,31.25,24.21,1.93,0.0
20220709:0910,449.48,594.19,42.34,26.53,1.03,0.0
20220709:1010,577.02,783.39,53.1,27.49,0.55,0.0
20220709:1110,672.31,921.74,62.73,27.83,1.1,0.0
20220709:1210,724.09,996.2,69.21,27.97,1.52,0.0
20220709:1310,727.23,995.11,69.17,28.42,1.93,0.0
20220709:1410,691.29,932.46,62.63,28.44,2.28,0.0
20220709:1510,604.44,799.59,52.98,28.42,2.62,0.0
20220709:1610,470.39,614.82,42.21,27.82,2.62,0.0
20220709:1710,295.84,400.44,31.12,27.46,2.34,0.0
20220709:1810,104.08,178.9,20.13,26.97,1.93,0.0
20220709:1910,25.85,47.74,9.52,26.66,1.52,0.0
20220709:2010,0.0,0.0,0.0,25.67,1.03,0.0
20220709:2110,0.0,0.0,0.0,24.99,0.34,0.0
20220709:2210,0.0,0.0,0.0,24.72,0.62,0.0
20220709:2310,0.0,0.0,0.0,24.32,0.76,0.0
20220710:0010,0.0,0.0,0.0,23.75,0.55,0.0
20220710:0110,0.0,0.0,0.0,22.89,0.14,0.0
20220710:0210,0.0,0.0,0.0,22.01,0.21,0.0
20220710:0310,0.0,0.0,0.0,21.3,0.21,0.0
20220710:0410,0.0,0.0,0.0,20.79,0.34,0.0
20220710:0510,0.0,0.0,0.0,20.43,0.55,0.0
20220710:0610,27.37,48.61,9.53,20.31,0.97,0.0
20220710:0710,90.15,157.28,20.15,19.56,0.9,0.0
20220710:0810,275.88,368.96,31.15,21.29,1.1,0.0
20220710:0910,443.44,572.22,42.24,22.68,1.38,0.0
20220710:1010,567.57,739.57,53.0,24.05,1.79,0.0
20220710:1110,670.37,883.68,62.62,25.1,2.41,0.0
20220710:1210,727.12,959.98,69.08,25.48,3.1,0.0
20220710:1310,695.07,908.54,69.06,25.4,3.66,0.0
20220710:1410,626.69,809.49,62.56,24.94,3.79,0.0
20220710:1510,585.55,750.55,52.93,24.48,3.59,0.0
20220710:1610,447.66,570.72,42.16,23.95,3.31,0.0
20220710:1710,287.16,377.97,31.08,23.17,2.97,0.0
20220710:1810,112.05,176.9,20.08,22.48,2.69,0.0
20220710:1910,31.27,53.82,9.46,20.94,3.1,0.0
20220710:2010,0.0,0.0,0.0,19.58,2.41,0.0
20220710:2110,0.0,0.0,0.0,18.67,2.14,0.0
20220710:2210,0.0,0.0,0.0,17.82,2.21,0.0
20220710:2310,0.0,0.0,0.0,17.14,1.86,0.0
20220711:0010,0.0,0.0,0.0,16.74,1.45,0.0
20220711:0110,0.0,0.0,0.0,16.44,1.31,0.0
20220711:0210,0.0,0.0,0.0,16.2,1.24,0.0
20220711:0310,0.0,0.0,0.0,15.92,1.1,0.0
20220711:0410,0.0,0.0,0.0,15.78,1.03,0.0
20220711:0510,0.0,0.0,0.0,15.74,0.97,0.0
20220711:0610,30.69,52.08,9.42,15.8,0.62,0.0
20220711:0710,93.0,130.72,20.05,16.08,0.9,0.0
20220711:0810,184.92,240.38,31.05,17.26,1.03,0.0
20220711:0910,323.91,410.34,42.13,18.66,1.17,0.0
20220711:1010,407.68,519.88,52.89,20.63,1.38,0.0
20220711:1110,605.51,785.12,62.49,22.04,1.93,0.0
20220711:1210,733.32,959.16,68.95,23.09,2.83,0.0
20220711:1310,697.06,902.77,68.94,23.5,3.52,0.0
20220711:1410,696.85,897.9,62.48,23.46,3.66,0.0
20220711:1510,606.12,773.38,52.87,23.51,3.52,0.0
20220711:1610,467.73,594.5,42.11,23.72,3.45,0.0
20220711:1710,289.05,381.47,31.03,23.96,3.59,0.0
20220711:1810,107.45,174.87,20.02,23.97,3.38,0.0
20220711:1910,29.55,52.08,9.4,23.5,3.1,0.0
20220711:2010,0.0,0.0,0.0,22.81,3.03,0.0
20220711:2110,0.0,0.0,0.0,22.72,3.24,0.0
20220711:2210,0.0,0.0,0.0,23.0,3.31,0.0
20220711:2310,0.0,0.0,0.0,23.03,3.38,0.0
20220712:0010,0.0,0.0,0.0,22.7,3.66,0.0
20220712:0110,0.0,0.0,0.0,22.38,3.79,0.0
20220712:0210,0.0,0.0,0.0,21.99,3.93,0.0
20220712:0310,0.0,0.0,0.0,21.61,4.07,0.0
20220712:0410,0.0,0.0,0.0,21.31,4.21,0.0
20220712:0510,0.0,0.0,0.0,21.1,4.28,0.0
20220712:0610,30.58,52.95,9.31,21.31,4.21,0.0
20220712:0710,96.1,156.75,19.94,23.13,3.52,0.0
20220712:0810,262.61,355.54,30.94,26.2,2.83,0.0
20220712:0910,423.66,561.25,42.03,29.42,2.0,0.0
20220712:1010,540.39,739.23,52.77,31.36,0.97,0.0
20220712:1110,623.75,879.78,62.37,32.02,0.55,0.0
20220712:1210,695.1,974.1,68.81,31.89,1.45,0.0
20220712:1310,701.84,966.53,68.82,31.7,2.34,0.0
20220712:1410,664.67,901.35,62.39,31.64,2.83,0.0
20220712:1510,574.88,768.87,52.8,31.52,2.83,0.0
20220712:1610,437.66,586.46,42.05,31.42,1.79,0.0
20220712:1710,246.64,340.45,30.97,31.41,1.17,0.0
20220712:1810,103.36,175.03,19.96,30.59,1.17,0.0
20220712:1910,29.2,52.95,9.33,29.63,1.59,0.0
20220712:2010,0.0,0.0,0.0,28.33,0.69,0.0
20220712:2110,0.0,0.0,0.0,26.87,0.97,0.0
20220712:2210,0.0,0.0,0.0,25.51,1.86,0.0
20220712:2310,0.0,0.0,0.0,24.73,2.28,0.0
20220713:0010,0.0,0.0,0.0,24.16,2.55,0.0
20220713:0110,0.0,0.0,0.0,23.71,2.83,0.0
20220713:0210,0.0,0.0,0.0,23.39,3.1,0.0
20220713:0310,0.0,0.0,0.0,23.0,3.1,0.0
20220713:0410,0.0,0.0,0.0,22.54,3.17,0.0
20220713:0510,0.0,0.0,0.0,22.03,3.17,0.0
20220713:0610,29.14,51.21,9.19,21.94,2.97,0.0
20220713:0710,96.3,156.45,19.83,23.73,2.34,0.0
20220713:0810,254.65,349.55,30.83,27.36,1.24,0.0
20220713:0910,427.56,568.26,41.92,29.65,1.79,0.0
20220713:1010,565.97,737.38,52.66,29.02,4.14,0.0
20220713:1110,670.47,883.09,62.24,29.07,4.14,0.0
20220713:1210,648.96,866.32,68.67,29.88,3.45,0.0
20220713:1310,698.34,954.05,68.69,30.76,2.48,0.0
20220713:1410,644.52,899.63,62.3,31.3,0.97,0.0
20220713:1510,519.79,716.77,52.73,32.0,0.62,0.0
20220713:1610,256.09,349.12,41.99,32.7,1.1,0.0
20220713:1710,185.75,258.17,30.91,32.07,1.17,0.0
20220713:1810,84.16,126.63,19.9,30.03,1.86,0.0
20220713:1910,28.54,52.08,9.26,29.86,1.59,0.0
20220713:2010,0.0,0.0,0.0,30.09,0.28,0.0
20220713:2110,0.0,0.0,0.0,27.13,1.45,0.0
20220713:2210,0.0,0.0,0.0,26.6,2.55,0.0
20220713:2310,0.0,0.0,0.0,27.26,3.72,0.0
20220714:0010,0.0,0.0,0.0,27.7,4.41,0.0
20220714:0110,0.0,0.0,0.0,27.54,4.62,0.0
20220714:0210,0.0,0.0,0.0,27.05,4.48,0.0
20220714:0310,0.0,0.0,0.0,26.28,4.55,0.0
20220714:0410,0.0,0.0,0.0,25.5,4.34,0.0
20220714:0510,0.0,0.0,0.0,24.85,3.86,0.0
20220714:0610,20.54,39.93,9.07,24.23,2.9,0.0
20220714:0710,98.69,154.54,19.71,24.92,2.69,0.0
20220714:0810,243.48,331.4,30.72,28.29,2.9,0.0
20220714:0910,410.23,542.88,41.8,30.97,3.03,0.0
20220714:1010,521.18,701.13,52.54,32.61,2.48,0.0
20220714:1110,642.77,873.08,62.11,32.83,2.97,0.0
20220714:1210,597.9,784.71,68.52,29.63,4.69,0.0
20220714:1310,112.16,157.84,68.56,27.4,3.72,0.0
20220714:1410,616.56,813.2,62.2,26.31,2.41,0.0
20220714:1510,260.67,344.75,52.65,26.26,1.03,0.0
20220714:1610,294.27,391.26,41.92,27.25,0.48,0.0
20220714:1710,147.36,203.59,30.84,28.44,2.0,0.0
20220714:1810,19.18,38.77,19.83,29.26,2.14,0.0
20220714:1910,1.05,8.68,9.18,30.01,4.41,0.0
20220714:2010,0.0,0.0,0.0,29.67,4.41,0.0
20220714:2110,0.0,0.0,0.0,28.73,1.66,0.0
20220714:2210,0.0,0.0,0.0,26.14,2.97,0.0
20220714:2310,0.0,0.0,0.0,24.5,3.03,0.0
20220715:0010,0.0,0.0,0.0,23.98,2.41,0.0
20220715:0110,0.0,0.0,0.0,23.35,2.0,0.0
20220715:0210,0.0,0.0,0.0,23.5,3.17,0.0
20220715:0310,0.0,0.0,0.0,24.0,4.21,0.0
20220715:0410,0.0,0.0,0.0,23.84,3.17,0.0
20220715:0510,0.0,0.0,0.0,22.19,2.62,0.0
20220715:0610,28.61,50.35,8.95,21.08,2.69,0.0
20220715:0710,98.75,154.24,19.6,21.35,1.79,0.0
20220715:0810,254.44,341.49,30.61,23.14,1.31,0.0
20220715:0910,426.49,553.51,41.69,24.69,1.66,0.0
20220715:1010,517.21,671.49,52.42,25.16,2.21,0.0
20220715:1110,543.55,712.18,61.97,25.67,2.14,0.0
20220715:1210,516.41,677.21,68.37,26.21,2.28,0.0
20220715:1310,531.19,697.01,68.42,26.24,2.34,0.0
20220715:1410,381.08,495.98,62.09,26.15,2.34,0.0
20220715:1510,351.1,455.87,52.57,25.8,2.28,0.0
20220715:1610,300.83,390.66,41.85,25.05,2.07,0.0
20220715:1710,257.65,342.23,30.77,24.64,2.0,0.0
20220715:1810,109.87,169.04,19.75,24.15,1.72,0.0
20220715:1910,21.94,41.66,9.1,22.77,1.93,0.0
20220715:2010,0.0,0.0,0.0,21.75,1.45,0.0
20220715:2110,0.0,0.0,0.0,20.98,0.97,0.0
20220715:2210,0.0,0.0,0.0,20.7,0.83,0.0
20220715:2310,0.0,0.0,0.0,19.85,1.1,0.0
20220716:0010,0.0,0.0,0.0,19.09,1.24,0.0
20220716:0110,0.0,0.0,0.0,18.55,1.38,0.0
20220716:0210,0.0,0.0,0.0,17.85,1.38,0.0
20220716:0310,0.0,0.0,0.0,17.92,1.03,0.0
20220716:0410,0.0,0.0,0.0,18.26,0.76,0.0
20220716:0510,0.0,0.0,0.0,18.02,0.83,0.0
20220716:0610,28.4,49.48,8.83,17.71,0.83,0.0
20220716:0710,95.02,152.76,19.48,18.3,0.69,0.0
20220716:0810,251.56,331.97,30.49,19.6,0.97,0.0
20220716:0910,411.68,525.07,41.57,20.95,1.52,0.0
20220716:1010,536.38,688.1,52.29,22.15,2.0,0.0
20220716:1110,625.66,813.42,61.83,23.15,2.28,0.0
20220716:1210,701.14,924.23,68.21,24.05,2.41,0.0
20220716:1310,718.65,950.06,68.27,24.78,2.62,0.0
20220716:1410,658.54,862.18,61.98,25.2,2.83,0.0
20220716:1510,585.04,756.25,52.48,25.32,3.03,0.0
20220716:1610,447.74,573.79,41.77,25.02,3.17,0.0
20220716:1710,250.59,330.81,30.69,24.44,2.97,0.0
20220716:1810,110.55,168.83,19.67,23.68,2.69,0.0
20220716:1910,11.58,26.91,9.01,24.01,1.93,0.0
20220716:2010,0.0,0.0,0.0,23.6,1.72,0.0
20220716:2110,0.0,0.0,0.0,23.22,1.79,0.0
20220716:2210,0.0,0.0,0.0,22.99,2.0,0.0
20220716:2310,0.0,0.0,0.0,22.67,2.07,0.0
20220717:0010,0.0,0.0,0.0,22.04,2.0,0.0
20220717:0110,0.0,0.0,0.0,21.2,1.86,0.0
20220717:0210,0.0,0.0,0.0,20.35,1.38,0.0
20220717:0310,0.0,0.0,0.0,20.25,0.97,0.0
20220717:0410,0.0,0.0,0.0,18.95,1.38,0.0
20220717:0510,0.0,0.0,0.0,18.58,1.86,0.0
20220717:0610,26.94,47.74,8.7,18.99,2.21,0.0
20220717:0710,96.52,151.83,19.36,20.02,1.52,0.0
20220717:0810,243.3,320.8,30.38,21.5,2.41,0.0
20220717:0910,421.55,537.81,41.45,22.64,2.41,0.0
20220717:1010,575.33,740.19,52.17,23.74,2.62,0.0
20220717:1110,687.6,897.0,61.68,24.39,2.9,0.0
20220717:1210,737.26,972.38,68.04,24.8,2.9,0.0
20220717:1310,732.55,966.92,68.12,24.98,2.9,0.0
20220717:1410,688.32,901.71,61.86,24.85,2.83,0.0
20220717:1510,599.4,776.94,52.38,24.68,2.55,0.0
20220717:1610,456.73,588.59,41.68,24.54,2.21,0.0
20220717:1710,277.95,368.86,30.61,24.31,2.28,0.0
20220717:1810,108.69,170.29,19.59,23.84,2.14,0.0
20220717:1910,21.49,40.8,8.92,21.21,1.86,0.0
20220717:2010,0.0,0.0,0.0,20.4,0.41,0.0
20220717:2110,0.0,0.0,0.0,20.05,0.9,0.0
20220717:2210,0.0,0.0,0.0,19.58,0.9,0.0
20220717:2310,0.0,0.0,0.0,19.22,0.34,0.0
20220718:0010,0.0,0.0,0.0,19.4,0.21,0.0
20220718:0110,0.0,0.0,0.0,18.85,0.83,0.0
20220718:0210,0.0,0.0,0.0,18.36,1.72,0.0
20220718:0310,0.0,0.0,0.0,18.01,1.79,0.0
20220718:0410,0.0,0.0,0.0,17.51,1.24,0.0
20220718:0510,0.0,0.0,0.0,16.72,1.17,0.0
20220718:0610,26.61,46.87,8.57,16.49,1.24,0.0
20220718:0710,87.05,149.41,19.23,17.88,1.79,0.0
20220718:0810,272.67,358.92,30.26,18.87,2.14,0.0
20220718:0910,458.09,574.46,41.33,20.09,3.03,0.0
20220718:1010,481.44,602.55,52.04,21.19,4.14,0.0
20220718:1110,610.45,770.16,61.53,21.87,4.48,0.0
20220718:1210,719.39,913.66,67.87,22.31,5.03,0.0
20220718:1310,770.1,978.34,67.95,22.46,5.45,0.0
20220718:1410,712.83,898.05,61.73,22.45,5.72,0.0
20220718:1510,607.72,757.25,52.28,22.32,6.0,0.0
20220718:1610,454.9,565.27,41.59,21.99,6.21,0.0
20220718:1710,284.43,366.73,30.52,21.52,6.14,0.0
20220718:1810,101.67,145.3,19.49,20.89,5.79,0.0
20220718:1910,20.43,39.06,8.82,19.82,5.66,0.0
20220718:2010,0.0,0.0,0.0,18.92,4.83,0.0
20220718:2110,0.0,0.0,0.0,18.39,4.55,0.0
20220718:2210,0.0,0.0,0.0,18.01,4.76,0.0
20220718:2310,0.0,0.0,0.0,17.7,4.69,0.0
20220719:0010,0.0,0.0,0.0,17.45,4.9,0.0
20220719:0110,0.0,0.0,0.0,17.17,5.24,0.0
20220719:0210,0.0,0.0,0.0,17.11,5.03,0.0
20220719:0310,0.0,0.0,0.0,16.98,4.9,0.0
20220719:0410,0.0,0.0,0.0,16.71,4.55,0.0
20220719:0510,0.0,0.0,0.0,16.62,4.14,0.0
20220719:0610,25.32,45.14,8.44,16.6,3.93,0.0
20220719:0710,94.06,133.68,19.11,17.03,4.41,0.0
20220719:0810,163.7,212.44,30.13,17.37,4.48,0.0
20220719:0910,280.44,349.88,41.21,18.07,4.55,0.0
20220719:1010,470.06,579.23,51.9,18.68,4.76,0.0
20220719:1110,460.98,571.03,61.38,19.07,4.62,0.0
20220719:1210,549.66,684.99,67.69,19.97,4.83,0.0
20220719:1310,550.3,686.62,67.79,20.12,4.76,0.0
20220719:1410,364.51,455.53,61.6,20.16,4.55,0.0
20220719:1510,528.3,657.87,52.17,20.04,4.14,0.0
20220719:1610,351.64,439.63,41.49,19.86,3.72,0.0
20220719:1710,292.38,377.64,30.43,19.57,3.17,0.0
20220719:1810,107.42,174.4,19.4,19.11,2.76,0.0
20220719:1910,23.12,42.53,8.71,18.37,2.48,0.0
20220719:2010,0.0,0.0,0.0,17.72,2.0,0.0
20220719:2110,0.0,0.0,0.0,17.14,1.72,0.0
20220719:2210,0.0,0.0,0.0,16.65,1.93,0.0
20220719:2310,0.0,0.0,0.0,16.16,2.0,0.0
20220720:0010,0.0,0.0,0.0,15.87,2.14,0.0
20220720:0110,0.0,0.0,0.0,15.82,2.55,0.0
20220720:0210,0.0,0.0,0.0,15.73,2.83,0.0
20220720:0310,0.0,0.0,0.0,15.73,2.97,0.0
20220720:0410,0.0,0.0,0.0,15.78,3.17,0.0
20220720:0510,0.0,0.0,0.0,15.81,3.31,0.0
20220720:0610,22.12,40.8,8.3,15.96,3.24,0.0
20220720:0710,85.8,149.43,18.98,17.0,4.07,0.0
20220720:0810,281.81,366.57,30.01,18.39,4.55,0.0
20220720:0910,470.04,585.2,41.08,20.02,4.14,0.0
20220720:1010,618.92,784.64,51.77,21.62,3.31,0.0
20220720:1110,719.95,936.35,61.22,23.11,2.97,0.0
20220720:1210,769.15,1009.75,67.51,24.1,3.31,0.0
20220720:1310,771.21,1009.95,67.61,24.9,3.86,0.0
20220720:1410,729.25,947.3,61.46,25.56,4.28,0.0
20220720:1510,633.3,812.64,52.06,26.15,4.69,0.0
20220720:1610,487.76,621.74,41.39,26.4,5.17,0.0
20220720:1710,301.59,399.48,30.33,26.22,5.38,0.0
20220720:1810,105.14,178.33,19.29,25.7,4.97,0.0
20220720:1910,21.73,41.66,8.6,24.92,4.76,0.0
20220720:2010,0.0,0.0,0.0,23.4,4.83,0.0
20220720:2110,0.0,0.0,0.0,22.07,4.76,0.0
20220720:2210,0.0,0.0,0.0,20.97,4.34,0.0
20220720:2310,0.0,0.0,0.0,20.01,4.0,0.0
20220721:0010,0.0,0.0,0.0,19.15,3.52,0.0
20220721:0110,0.0,0.0,0.0,18.52,3.1,0.0
20220721:0210,0.0,0.0,0.0,17.91,2.83,0.0
20220721:0310,0.0,0.0,0.0,17.31,2.62,0.0
20220721:0410,0.0,0.0,0.0,16.92,2.48,0.0
20220721:0510,0.0,0.0,0.0,16.55,2.34,0.0
20220721:0610,22.7,41.66,8.17,16.47,2.34,0.0
20220721:0710,84.35,148.18,18.85,18.3,2.14,0.0
20220721:0810,273.47,363.09,29.88,20.54,2.07,0.0
20220721:0910,454.52,582.15,40.95,22.53,2.0,0.0
20220721:1010,593.54,776.56,51.63,24.35,1.72,0.0
20220721:1110,693.32,928.0,61.06,25.79,1.86,0.0
20220721:1210,746.94,994.79,67.33,26.54,3.03,0.0
20220721:1310,756.28,1000.21,67.43,26.75,3.72,0.0
20220721:1410,708.46,928.18,61.31,26.87,3.93,0.0
20220721:1510,618.4,801.36,51.94,27.0,3.93,0.0
20220721:1610,473.9,609.62,41.29,26.97,4.07,0.0
20220721:1710,296.06,394.22,30.22,26.61,4.28,0.0
20220721:1810,104.49,176.39,19.18,25.94,4.28,0.0
20220721:1910,23.7,44.27,8.48,24.14,4.0,0.0
20220721:2010,0.0,0.0,0.0,22.66,4.0,0.0
20220721:2110,0.0,0.0,0.0,21.54,4.21,0.0
20220721:2210,0.0,0.0,0.0,20.7,4.48,0.0
20220721:2310,0.0,0.0,0.0,20.03,4.55,0.0
20220722:0010,0.0,0.0,0.0,19.54,4.69,0.0
20220722:0110,0.0,0.0,0.0,19.0,4.76,0.0
20220722:0210,0.0,0.0,0.0,18.68,5.03,0.0
20220722:0310,0.0,0.0,0.0,18.5,5.1,0.0
20220722:0410,0.0,0.0,0.0,18.29,5.03,0.0
20220722:0510,0.0,0.0,0.0,18.15,4.76,0.0
20220722:0610,21.88,40.8,8.03,18.18,4.83,0.0
20220722:0710,82.02,145.67,18.72,19.0,5.1,0.0
20220722:0810,272.66,356.13,29.75,19.99,5.45,0.0
20220722:0910,465.77,578.77,40.82,21.13,5.45,0.0
20220722:1010,619.18,777.14,51.48,22.54,4.97,0.0
20220722:1110,714.55,914.37,60.9,23.81,4.62,0.0
20220722:1210,769.57,991.5,67.14,24.66,5.17,0.0
20220722:1310,774.16,996.94,67.25,25.27,5.66,0.0
20220722:1410,721.7,925.95,61.16,25.8,5.66,0.0
20220722:1510,630.01,802.16,51.81,26.13,5.66,0.0
20220722:1610,485.17,615.48,41.17,26.08,5.72,0.0
20220722:1710,299.78,395.43,30.11,25.66,5.86,0.0
20220722:1810,104.02,176.01,19.07,24.87,5.72,0.0
20220722:1910,20.66,39.93,8.36,23.4,5.59,0.0
20220722:2010,0.0,0.0,0.0,21.98,5.52,0.0
20220722:2110,0.0,0.0,0.0,20.67,5.24,0.0
20220722:2210,0.0,0.0,0.0,19.57,5.1,0.0
20220722:2310,0.0,0.0,0.0,18.65,4.97,0.0
20220723:0010,0.0,0.0,0.0,17.99,4.55,0.0
20220723:0110,0.0,0.0,0.0,17.51,4.07,0.0
20220723:0210,0.0,0.0,0.0,17.06,3.93,0.0
20220723:0310,0.0,0.0,0.0,16.71,3.72,0.0
20220723:0410,0.0,0.0,0.0,16.36,3.72,0.0
20220723:0510,0.0,0.0,0.0,16.05,3.79,0.0
20220723:0610,20.82,39.06,7.89,16.08,3.79,0.0
20220723:0710,81.03,144.73,18.59,17.08,3.93,0.0
20220723:0810,274.59,359.66,29.62,18.9,3.52,0.0
20220723:0910,460.03,580.23,40.69,21.06,2.9,0.0
20220723:1010,597.28,771.14,51.34,23.14,2.21,0.0
20220723:1110,683.95,902.82,60.73,24.88,2.28,0.0
20220723:1210,743.38,989.34,66.94,26.01,2.83,0.0
20220723:1310,746.0,989.36,67.06,26.74,3.38,0.0
20220723:1410,699.12,918.4,61.01,27.33,3.79,0.0
20220723:1510,610.48,791.83,51.68,27.74,4.14,0.0
20220723:1610,471.08,607.81,41.05,27.87,4.21,0.0
20220723:1710,293.55,393.46,30.0,27.74,4.14,0.0
20220723:1810,102.06,175.14,18.95,27.31,3.93,0.0
20220723:1910,20.44,39.93,8.23,25.16,3.1,0.0
20220723:2010,0.0,0.0,0.0,23.89,2.83,0.0
20220723:2110,0.0,0.0,0.0,23.08,2.48,0.0
20220723:2210,0.0,0.0,0.0,22.6,2.28,0.0
20220723:2310,0.0,0.0,0.0,21.82,1.79,0.0
20220724:0010,0.0,0.0,0.0,21.53,0.9,0.0
20220724:0110,0.0,0.0,0.0,21.09,0.9,0.0
20220724:0210,0.0,0.0,0.0,20.18,0.97,0.0
20220724:0310,0.0,0.0,0.0,19.15,1.03,0.0
20220724:0410,0.0,0.0,0.0,18.28,1.03,0.0
20220724:0510,0.0,0.0,0.0,18.56,0.55,0.0
20220724:0610,21.91,40.8,7.74,17.52,1.1,0.0
20220724:0710,60.52,89.92,18.45,17.71,2.07,0.0
20220724:0810,166.05,217.58,29.49,18.38,2.21,0.0
20220724:0910,211.94,271.52,40.55,18.96,2.55,0.0
20220724:1010,557.3,700.03,51.19,19.67,2.9,0.0
20220724:1110,699.07,891.12,60.56,20.2,3.1,0.0
20220724:1210,757.15,977.47,66.74,20.88,3.1,0.0
20220724:1310,745.67,960.51,66.86,21.29,3.38,0.0
20220724:1410,686.05,876.16,60.84,21.38,3.45,0.0
20220724:1510,609.49,773.06,51.54,21.43,3.1,0.0
20220724:1610,474.4,597.43,40.93,21.5,3.17,0.0
20220724:1710,281.15,365.18,29.87,21.19,3.31,0.0
20220724:1810,99.66,144.04,18.83,20.53,3.24,0.0
20220724:1910,23.09,42.53,8.1,18.61,2.76,0.0
20220724:2010,0.0,0.0,0.0,17.73,2.0,0.0
20220724:2110,0.0,0.0,0.0,17.11,1.38,0.0
20220724:2210,0.0,0.0,0.0,16.54,1.38,0.0
20220724:2310,0.0,0.0,0.0,15.81,1.79,0.0
20220725:0010,0.0,0.0,0.0,15.35,1.79,0.0
20220725:0110,0.0,0.0,0.0,15.0,1.45,0.0
20220725:0210,0.0,0.0,0.0,15.05,1.38,0.0
20220725:0310,0.0,0.0,0.0,15.45,1.17,0.0
20220725:0410,0.0,0.0,0.0,15.52,1.17,0.0
20220725:0510,0.0,0.0,0.0,15.3,1.38,0.0
20220725:0610,21.49,39.93,7.6,15.6,1.59,0.0
20220725:0710,80.47,142.46,18.31,17.86,1.79,0.0
20220725:0810,268.43,354.35,29.36,19.24,2.21,0.0
20220725:0910,453.84,573.41,40.42,20.58,2.34,0.0
20220725:1010,599.8,766.89,51.04,21.98,2.48,0.0
20220725:1110,0.0,0.0,0.0,23.17,3.17,0.0
20220725:1210,752.55,975.4,66.53,23.6,3.86,0.0
20220725:1310,763.83,986.23,66.65,23.65,4.34,0.0
20220725:1410,715.39,915.21,60.67,23.73,4.62,0.0
20220725:1510,624.3,788.61,51.4,23.67,4.9,0.0
20220725:1610,482.77,607.34,40.8,23.53,4.83,0.0
20220725:1710,297.07,388.8,29.75,23.2,4.55,0.0
20220725:1810,102.82,172.32,18.7,22.89,4.41,0.0
20220725:1910,19.49,38.19,7.96,22.55,3.24,0.0
20220725:2010,0.0,0.0,0.0,22.01,3.24,0.0
20220725:2110,0.0,0.0,0.0,21.47,3.52,0.0
20220725:2210,0.0,0.0,0.0,20.83,3.52,0.0
20220725:2310,0.0,0.0,0.0,20.16,3.24,0.0
20220726:0010,0.0,0.0,0.0,19.51,2.9,0.0
20220726:0110,0.0,0.0,0.0,18.84,2.48,0.0
20220726:0210,0.0,0.0,0.0,18.19,2.34,0.0
20220726:0310,0.0,0.0,0.0,17.59,2.34,0.0
20220726:0410,0.0,0.0,0.0,17.38,2.41,0.0
20220726:0510,0.0,0.0,0.0,17.32,2.48,0.0
20220726:0610,18.12,35.59,7.45,17.48,2.41,0.0
20220726:0710,79.86,143.91,18.17,18.43,2.9,0.0
20220726:0810,270.84,356.3,29.22,19.58,3.1,0.0
20220726:0910,462.12,581.57,40.28,20.83,3.03,0.0
20220726:1010,610.67,778.02,50.89,22.11,2.97,0.0
20220726:1110,709.12,916.6,60.21,22.96,3.24,0.0
20220726:1210,769.17,999.36,66.32,23.45,3.79,0.0
20220726:1310,776.52,1005.96,66.44,23.62,4.21,0.0
20220726:1410,729.08,933.63,60.49,23.71,4.69,0.0
20220726:1510,639.49,808.41,51.25,23.56,4.9,0.0
20220726:1610,487.37,613.22,40.66,23.42,4.76,0.0
20220726:1710,299.97,392.89,29.62,23.38,4.48,0.0
20220726:1810,103.4,173.3,18.56,23.21,4.28,0.0
20220726:1910,19.5,38.19,7.82,22.49,4.14,0.0
20220726:2010,0.0,0.0,0.0,21.37,4.55,0.0
20220726:2110,0.0,0.0,0.0,20.39,4.83,0.0
20220726:2210,0.0,0.0,0.0,19.56,4.69,0.0
20220726:2310,0.0,0.0,0.0,18.72,4.48,0.0
20220727:0010,0.0,0.0,0.0,17.92,4.21,0.0
20220727:0110,0.0,0.0,0.0,17.11,4.0,0.0
20220727:0210,0.0,0.0,0.0,16.46,4.07,0.0
20220727:0310,0.0,0.0,0.0,16.15,4.14,0.0
20220727:0410,0.0,0.0,0.0,15.87,4.14,0.0
20220727:0510,0.0,0.0,0.0,15.7,4.0,0.0
20220727:0610,18.94,36.46,7.3,15.74,4.0,0.0
20220727:0710,80.22,142.8,18.03,17.11,3.72,0.0
20220727:0810,275.0,358.93,29.08,18.25,3.66,0.0
20220727:0910,467.23,582.46,40.13,19.49,3.45,0.0
20220727:1010,612.58,771.17,50.74,20.72,3.45,0.0
20220727:1110,716.51,917.83,60.03,21.9,3.59,0.0
20220727:1210,769.89,996.32,66.11,22.84,3.86,0.0
20220727:1310,786.2,1018.21,66.23,23.51,4.28,0.0
20220727:1410,735.43,940.32,60.31,23.79,4.97,0.0
20220727:1510,642.45,809.61,51.1,23.69,5.45,0.0
20220727:1610,492.99,617.02,40.52,23.29,5.66,0.0
20220727:1710,303.66,394.95,29.48,22.64,5.52,0.0
20220727:1810,103.56,176.12,18.42,21.77,5.1,0.0
20220727:1910,22.9,42.53,7.67,20.41,4.97,0.0
20220727:2010,0.0,0.0,0.0,19.13,4.14,0.0
20220727:2110,0.0,0.0,0.0,18.35,3.03,0.0
20220727:2210,0.0,0.0,0.0,17.79,2.41,0.0
20220727:2310,0.0,0.0,0.0,17.3,2.14,0.0
20220728:0010,0.0,0.0,0.0,16.87,1.79,0.0
20220728:0110,0.0,0.0,0.0,16.21,1.24,0.0
20220728:0210,0.0,0.0,0.0,16.43,0.83,0.0
20220728:0310,0.0,0.0,0.0,16.76,0.55,0.0
20220728:0410,0.0,0.0,0.0,16.84,0.28,0.0
20220728:0510,0.0,0.0,0.0,17.01,0.14,0.0
20220728:0610,16.25,32.98,7.15,17.23,0.21,0.0
20220728:0710,82.0,118.63,17.89,17.15,0.55,0.0
20220728:0810,178.66,233.74,28.94,17.99,1.24,0.0
20220728:0910,230.37,294.14,39.99,18.54,1.66,0.0
20220728:1010,465.36,585.7,50.58,18.69,1.79,0.0
20220728:1110,425.02,536.92,59.84,19.45,1.93,0.0
20220728:1210,406.65,514.45,65.89,20.67,2.62,0.0
20220728:1310,678.46,869.02,66.01,21.42,3.38,0.0
20220728:1410,677.59,860.61,60.12,21.73,4.07,0.0
20220728:1510,626.44,786.71,50.94,21.64,4.34,0.0
20220728:1610,470.1,587.06,40.38,21.5,4.41,0.0
20220728:1710,276.4,357.18,29.34,21.25,4.76,0.0
20220728:1810,106.35,163.44,18.28,20.65,4.62,0.0
20220728:1910,21.65,40.8,7.52,20.13,4.28,0.0
20220728:2010,0.0,0.0,0.0,19.32,3.72,0.0
20220728:2110,0.0,0.0,0.0,18.67,3.38,0.0
20220728:2210,0.0,0.0,0.0,18.23,3.31,0.0
20220728:2310,0.0,0.0,0.0,17.91,3.1,0.0
20220729:0010,0.0,0.0,0.0,17.62,2.9,0.0
20220729:0110,0.0,0.0,0.0,17.29,2.76,0.0
20220729:0210,0.0,0.0,0.0,16.97,2.69,0.0
20220729:0310,0.0,0.0,0.0,16.67,2.62,0.0
20220729:0410,0.0,0.0,0.0,16.45,2.62,0.0
20220729:0510,0.0,0.0,0.0,16.26,2.62,0.0
20220729:0610,19.51,37.32,6.99,16.27,2.55,0.0
20220729:0710,79.76,140.62,17.75,17.51,2.28,0.0
20220729:0810,267.33,351.68,28.8,19.13,2.62,0.0
20220729:0910,457.74,573.27,39.85,20.44,3.38,0.0
20220729:1010,611.86,772.38,50.42,21.84,3.72,0.0
20220729:1110,700.12,900.12,59.65,23.25,3.72,0.0
20220729:1210,753.79,977.11,65.66,24.13,4.14,0.0
20220729:1310,763.54,988.08,65.78,24.71,4.69,0.0
20220729:1410,714.64,921.25,59.93,25.65,4.9,0.0
20220729:1510,617.94,788.96,50.77,26.31,5.24,0.0
20220729:1610,474.99,604.41,40.22,26.67,5.59,0.0
20220729:1710,294.45,389.44,29.19,26.35,6.07,0.0
20220729:1810,99.94,168.9,18.13,25.49,6.28,0.0
20220729:1910,18.15,36.46,7.36,23.8,6.41,0.0
20220729:2010,0.0,0.0,0.0,22.45,6.0,0.0
20220729:2110,0.0,0.0,0.0,21.46,5.72,0.0
20220729:2210,0.0,0.0,0.0,20.59,5.52,0.0
20220729:2310,0.0,0.0,0.0,19.81,5.45,0.0
20220730:0010,0.0,0.0,0.0,19.12,5.45,0.0
20220730:0110,0.0,0.0,0.0,18.53,5.31,0.0
20220730:0210,0.0,0.0,0.0,18.1,4.97,0.0
20220730:0310,0.0,0.0,0.0,17.81,4.76,0.0
20220730:0410,0.0,0.0,0.0,17.51,4.55,0.0
20220730:0510,0.0,0.0,0.0,17.2,4.34,0.0
20220730:0610,16.92,33.85,6.84,17.12,4.21,0.0
20220730:0710,78.22,141.93,17.6,18.31,4.55,0.0
20220730:0810,274.54,360.7,28.66,20.28,4.48,0.0
20220730:0910,465.65,586.38,39.7,22.56,4.21,0.0
20220730:1010,608.72,777.88,50.26,24.76,4.07,0.0
20220730:1110,699.57,915.43,59.46,26.75,3.86,0.0
20220730:1210,749.88,999.46,65.43,28.31,3.72,0.0
20220730:1310,749.39,1004.95,65.55,29.4,3.72,0.0
20220730:1410,704.79,937.91,59.73,30.11,4.07,0.0
20220730:1510,609.4,798.69,50.6,30.46,4.62,0.0
20220730:1610,468.16,608.63,40.06,30.42,5.1,0.0
20220730:1710,287.25,387.08,29.03,29.99,5.45,0.0
20220730:1810,99.84,171.01,17.97,29.04,5.31,0.0
20220730:1910,18.33,37.32,7.19,27.97,5.38,0.0
20220730:2010,0.0,0.0,0.0,26.34,5.03,0.0
20220730:2110,0.0,0.0,0.0,24.81,4.69,0.0
20220730:2210,0.0,0.0,0.0,23.36,4.41,0.0
20220730:2310,0.0,0.0,0.0,22.12,4.34,0.0
20220731:0010,0.0,0.0,0.0,21.11,4.28,0.0
20220731:0110,0.0,0.0,0.0,20.35,4.21,0.0
20220731:0210,0.0,0.0,0.0,19.69,4.0,0.0
20220731:0310,0.0,0.0,0.0,19.11,3.86,0.0
20220731:0410,0.0,0.0,0.0,18.63,3.79,0.0
20220731:0510,0.0,0.0,0.0,18.29,3.72,0.0
20220731:0610,16.82,33.85,6.68,18.18,3.66,0.0
20220731:0710,78.95,141.24,17.45,19.79,2.97,0.0
20220731:0810,267.93,358.38,28.52,22.71,2.69,0.0
20220731:0910,445.54,578.55,39.55,25.69,2.14,0.0
20220731:1010,581.0,779.22,50.09,27.98,1.31,0.0
20220731:1110,660.34,917.95,59.26,29.47,0.83,0.0
20220731:1210,715.28,995.4,65.2,30.18,1.52,0.0
20220731:1310,729.65,1007.59,65.31,30.39,2.07,0.0
20220731:1410,689.96,939.39,59.52,30.53,2.41,0.0
20220731:1510,597.61,800.02,50.42,30.64,2.55,0.0
20220731:1610,464.32,615.53,39.9,30.74,2.55,0.0
20220731:1710,286.62,392.97,28.87,30.78,2.41,0.0
20220731:1810,98.11,169.55,17.81,30.69,2.34,0.0
20220731:1910,17.47,36.46,7.02,30.46,2.83,0.0
20220731:2010,0.0,0.0,0.0,29.38,3.17,0.0
20220731:2110,0.0,0.0,0.0,28.28,3.31,0.0
20220731:2210,0.0,0.0,0.0,27.04,3.24,0.0
20220731:2310,0.0,0.0,0.0,25.68,3.17,0.0
20220801:0010,0.0,0.0,0.0,24.44,3.1,0.0
20220801:0110,0.0,0.0,0.0,23.42,2.9,0.0
20220801:0210,0.0,0.0,0.0,22.51,2.69,0.0
20220801:0310,0.0,0.0,0.0,21.65,2.41,0.0
20220801:0410,0.0,0.0,0.0,20.95,2.48,0.0
20220801:0510,0.0,0.0,0.0,20.44,2.69,0.0
20220801:0610,16.61,33.85,6.52,20.35,2.76,0.0
20220801:0710,77.82,139.8,17.3,21.56,2.21,0.0
20220801:0810,261.39,354.63,28.37,24.43,1.72,0.0
20220801:0910,438.09,574.67,39.4,26.71,1.59,0.0
20220801:1010,572.46,767.18,49.93,28.53,1.45,0.0
20220801:1110,663.24,908.63,59.06,29.87,1.59,0.0
20220801:1210,715.07,981.3,64.96,30.47,2.28,0.0
20220801:1310,727.08,992.4,65.06,30.63,2.76,0.0
20220801:1410,687.38,925.41,59.31,30.64,3.17,0.0
20220801:1510,597.61,791.76,50.23,30.43,3.31,0.0
20220801:1610,460.15,605.71,39.73,30.27,3.03,0.0
20220801:1710,283.18,386.22,28.71,29.92,2.55,0.0
20220801:1810,98.05,167.25,17.64,29.35,2.14,0.0
20220801:1910,17.54,36.46,6.85,29.66,2.14,0.0
20220801:2010,0.0,0.0,0.0,28.92,2.62,0.0
20220801:2110,0.0,0.0,0.0,28.19,2.97,0.0
20220801:2210,0.0,0.0,0.0,27.37,2.83,0.0
20220801:2310,0.0,0.0,0.0,26.36,2.69,0.0
20220802:0010,0.0,0.0,0.0,25.18,2.55,0.0
20220802:0110,0.0,0.0,0.0,24.02,2.41,0.0
20220802:0210,0.0,0.0,0.0,22.89,2.14,0.0
20220802:0310,0.0,0.0,0.0,21.82,1.79,0.0
20220802:0410,0.0,0.0,0.0,21.42,1.38,0.0
20220802:0510,0.0,0.0,0.0,22.41,0.83,0.0
20220802:0610,16.43,33.85,6.37,22.04,0.48,0.0
20220802:0710,78.14,139.16,17.15,21.56,0.48,0.0
20220802:0810,256.24,349.98,28.22,23.85,0.28,0.0
20220802:0910,438.44,572.02,39.25,25.05,1.31,0.0
20220802:1010,579.49,760.24,49.76,25.79,1.93,0.0
20220802:1110,684.67,911.31,58.86,26.37,2.28,0.0
20220802:1210,716.01,959.84,64.72,26.9,2.48,0.0
20220802:1310,706.04,942.19,64.81,27.21,2.83,0.0
20220802:1410,679.89,899.46,59.09,27.23,3.03,0.0
20220802:1510,594.09,774.48,50.04,26.97,3.1,0.0
20220802:1610,457.69,592.79,39.56,26.73,2.83,0.0
20220802:1710,286.03,383.34,28.54,26.28,2.48,0.0
20220802:1810,98.3,164.55,17.47,25.83,2.34,0.0
20220802:1910,18.07,36.46,6.67,24.28,2.28,0.0
20220802:2010,0.0,0.0,0.0,23.28,1.86,0.0
20220802:2110,0.0,0.0,0.0,22.7,1.59,0.0
20220802:2210,0.0,0.0,0.0,22.25,1.66,0.0
20220802:2310,0.0,0.0,0.0,21.72,2.14,0.0
20220803:0010,0.0,0.0,0.0,21.19,2.62,0.0
20220803:0110,0.0,0.0,0.0,20.73,2.97,0.0
20220803:0210,0.0,0.0,0.0,20.3,3.31,0.0
20220803:0310,0.0,0.0,0.0,19.96,3.72,0.0
20220803:0410,0.0,0.0,0.0,19.68,4.0,0.0
20220803:0510,0.0,0.0,0.0,19.45,4.14,0.0
20220803:0610,16.09,32.98,6.2,19.44,4.14,0.0
20220803:0710,83.84,138.4,17.0,20.21,3.93,0.0
20220803:0810,258.69,342.01,28.07,21.5,3.52,0.0
20220803:0910,353.04,449.28,39.09,23.05,3.24,0.0
20220803:1010,574.12,733.83,49.58,24.35,3.59,0.0
20220803:1110,695.7,899.61,58.66,25.33,4.21,0.0
20220803:1210,747.23,976.69,64.47,26.45,4.48,0.0
20220803:1310,757.81,993.58,64.56,27.22,4.69,0.0
20220803:1410,723.76,942.15,58.86,27.64,5.1,0.0
20220803:1510,624.2,801.19,49.84,27.81,5.66,0.0
20220803:1610,475.81,607.97,39.38,27.67,5.72,0.0
20220803:1710,287.7,382.39,28.36,27.28,5.86,0.0
20220803:1810,96.83,164.25,17.29,26.34,5.86,0.0
20220803:1910,16.31,33.85,6.48,23.83,4.9,0.0
20220803:2010,0.0,0.0,0.0,22.66,4.69,0.0
20220803:2110,0.0,0.0,0.0,21.81,4.69,0.0
20220803:2210,0.0,0.0,0.0,21.15,4.69,0.0
20220803:2310,0.0,0.0,0.0,20.4,4.69,0.0
20220804:0010,0.0,0.0,0.0,19.76,4.76,0.0
20220804:0110,0.0,0.0,0.0,19.37,4.76,0.0
20220804:0210,0.0,0.0,0.0,19.17,4.83,0.0
20220804:0310,0.0,0.0,0.0,18.98,4.83,0.0
20220804:0410,0.0,0.0,0.0,18.9,4.83,0.0
20220804:0510,0.0,0.0,0.0,18.87,4.55,0.0
20220804:0610,10.76,25.17,6.04,18.89,4.41,0.0
20220804:0710,78.42,137.92,16.85,19.43,4.07,0.0
20220804:0810,261.91,344.45,27.92,20.62,3.93,0.0
20220804:0910,425.37,535.49,38.94,22.19,3.93,0.0
20220804:1010,605.75,771.52,49.41,23.78,3.79,0.0
20220804:1110,705.15,915.73,58.45,25.3,3.86,0.0
20220804:1210,752.65,988.79,64.22,26.46,4.07,0.0
20220804:1310,759.86,999.88,64.3,27.29,4.41,0.0
20220804:1410,710.29,925.88,58.63,27.79,4.9,0.0
20220804:1510,618.84,796.21,49.64,28.07,5.45,0.0
20220804:1610,475.3,607.19,39.19,27.83,5.93,0.0
20220804:1710,287.22,381.3,28.18,27.22,6.28,0.0
20220804:1810,96.25,166.09,17.11,26.1,6.48,0.0
20220804:1910,15.65,32.98,6.29,24.65,6.0,0.0
20220804:2010,0.0,0.0,0.0,23.17,6.14,0.0
20220804:2110,0.0,0.0,0.0,22.0,5.86,0.0
20220804:2210,0.0,0.0,0.0,21.1,5.52,0.0
20220804:2310,0.0,0.0,0.0,20.3,5.38,0.0
20220805:0010,0.0,0.0,0.0,19.7,5.66,0.0
20220805:0110,0.0,0.0,0.0,19.24,5.79,0.0
20220805:0210,0.0,0.0,0.0,18.93,5.72,0.0
20220805:0310,0.0,0.0,0.0,18.65,5.79,0.0
20220805:0410,0.0,0.0,0.0,18.48,5.72,0.0
20220805:0510,0.0,0.0,0.0,18.29,5.52,0.0
20220805:0610,14.38,30.38,5.88,18.09,5.31,0.0
20220805:0710,76.96,136.59,16.69,18.89,5.24,0.0
20220805:0810,270.3,354.33,27.77,20.25,5.03,0.0
20220805:0910,455.6,570.88,38.78,22.02,4.48,0.0
20220805:1010,612.72,779.4,49.23,24.04,4.14,0.0
20220805:1110,703.02,915.27,58.24,25.82,3.86,0.0
20220805:1210,741.99,982.54,63.97,27.21,3.66,0.0
20220805:1310,741.24,987.86,64.03,28.2,3.59,0.0
20220805:1410,696.8,925.34,58.39,28.95,3.59,0.0
20220805:1510,603.65,790.12,49.43,29.27,3.93,0.0
20220805:1610,454.81,588.96,39.0,29.13,4.55,0.0
20220805:1710,278.89,373.63,28.0,28.42,5.1,0.0
20220805:1810,95.21,161.04,16.92,27.41,5.52,0.0
20220805:1910,15.55,32.98,6.09,25.7,5.45,0.0
20220805:2010,0.0,0.0,0.0,24.23,5.38,0.0
20220805:2110,0.0,0.0,0.0,23.03,4.97,0.0
20220805:2210,0.0,0.0,0.0,22.02,4.48,0.0
20220805:2310,0.0,0.0,0.0,21.07,4.34,0.0
20220806:0010,0.0,0.0,0.0,20.38,3.93,0.0
20220806:0110,0.0,0.0,0.0,19.94,3.59,0.0
20220806:0210,0.0,0.0,0.0,19.63,3.31,0.0
20220806:0310,0.0,0.0,0.0,19.42,2.9,0.0
20220806:0410,0.0,0.0,0.0,19.29,2.69,0.0
20220806:0510,0.0,0.0,0.0,19.09,2.55,0.0
20220806:0610,13.1,28.64,5.71,18.89,2.41,0.0
20220806:0710,75.91,136.07,16.54,19.53,1.93,0.0
20220806:0810,264.04,352.93,27.62,21.41,1.66,0.0
20220806:0910,449.91,584.52,38.62,23.27,0.97,0.0
20220806:1010,562.56,756.55,49.05,24.63,0.14,0.0
20220806:1110,659.18,886.09,58.02,25.33,1.24,0.0
20220806:1210,710.42,949.53,63.71,25.43,2.14,0.0
20220806:1310,737.62,978.86,63.76,25.51,2.83,0.0
20220806:1410,682.24,888.91,58.15,25.26,3.45,0.0
20220806:1510,590.12,756.0,49.22,24.54,3.59,0.0
20220806:1610,426.98,542.31,38.8,23.53,3.31,0.0
20220806:1710,240.38,315.06,27.81,22.68,3.03,0.0
20220806:1810,91.46,137.17,16.73,21.88,2.83,0.0
20220806:1910,13.0,28.64,5.89,20.28,2.28,0.0
20220806:2010,0.0,0.0,0.0,19.38,1.93,0.0
20220806:2110,0.0,0.0,0.0,19.05,1.59,0.0
20220806:2210,0.0,0.0,0.0,18.9,1.38,0.0
20220806:2310,0.0,0.0,0.0,18.83,1.1,0.0
20220807:0010,0.0,0.0,0.0,18.5,1.1,0.0
20220807:0110,0.0,0.0,0.0,18.09,0.97,0.0
20220807:0210,0.0,0.0,0.0,17.65,1.03,0.0
20220807:0310,0.0,0.0,0.0,17.34,1.03,0.0
20220807:0410,0.0,0.0,0.0,17.22,0.83,0.0
20220807:0510,0.0,0.0,0.0,17.18,0.76,0.0
20220807:0610,8.57,21.7,5.55,17.16,0.76,0.0
20220807:0710,67.24,99.88,16.38,18.07,1.38,0.0
20220807:0810,116.58,158.38,27.47,19.01,1.52,0.0
20220807:0910,155.44,205.36,38.46,20.03,1.93,0.0
20220807:1010,268.78,343.02,48.87,20.91,2.48,0.0
20220807:1110,341.77,434.23,57.8,21.66,2.76,0.0
20220807:1210,324.25,413.21,63.45,21.92,2.83,0.0
20220807:1310,327.81,418.71,63.49,22.13,2.55,0.0
20220807:1410,358.36,457.64,57.9,22.53,2.48,0.0
20220807:1510,564.76,721.36,49.0,22.64,2.76,0.0
20220807:1610,462.7,586.1,38.6,22.28,2.83,0.0
20220807:1710,281.18,368.07,27.61,21.66,2.62,0.0
20220807:1810,95.59,147.1,16.53,20.8,2.34,0.0
20220807:1910,12.44,27.78,5.69,19.78,1.79,0.0
20220807:2010,0.0,0.0,0.0,18.86,1.59,0.0
20220807:2110,0.0,0.0,0.0,18.31,1.52,0.0
20220807:2210,0.0,0.0,0.0,17.88,1.59,0.0
20220807:2310,0.0,0.0,0.0,17.35,1.45,0.0
20220808:0010,0.0,0.0,0.0,17.24,1.17,0.0
20220808:0110,0.0,0.0,0.0,17.08,1.03,0.0
20220808:0210,0.0,0.0,0.0,16.99,0.9,0.0
20220808:0310,0.0,0.0,0.0,16.98,0.48,0.0
20220808:0410,0.0,0.0,0.0,17.27,0.34,0.0
20220808:0510,0.0,0.0,0.0,17.27,0.48,0.0
20220808:0610,12.02,26.91,5.38,17.19,0.48,0.0
20220808:0710,83.63,129.25,16.23,17.51,0.14,0.0
20220808:0810,188.18,249.24,27.31,19.27,0.07,0.0
20220808:0910,326.5,420.24,38.29,20.83,0.41,0.0
20220808:1010,543.44,705.4,48.69,22.45,1.24,0.0
20220808:1110,676.22,888.61,57.58,23.38,2.0,0.0
20220808:1210,696.47,917.05,63.18,24.08,2.48,0.0
20220808:1310,685.22,896.95,63.21,24.28,2.9,0.0
20220808:1410,668.98,869.08,57.65,24.2,3.1,0.0
20220808:1510,550.55,704.22,48.78,23.65,3.03,0.0
20220808:1610,422.52,537.61,38.39,22.83,2.55,0.0
20220808:1710,254.38,334.75,27.41,22.39,2.0,0.0
20220808:1810,93.14,143.95,16.32,21.79,1.52,0.0
20220808:1910,11.78,26.91,5.47,20.88,1.1,0.0
20220808:2010,0.0,0.0,0.0,19.99,0.97,0.0
20220808:2110,0.0,0.0,0.0,19.55,0.62,0.0
20220808:2210,0.0,0.0,0.0,19.41,0.97,0.0
20220808:2310,0.0,0.0,0.0,18.81,1.59,0.0
20220809:0010,0.0,0.0,0.0,18.31,1.59,0.0
20220809:0110,0.0,0.0,0.0,17.83,1.31,0.0
20220809:0210,0.0,0.0,0.0,17.49,0.97,0.0
20220809:0310,0.0,0.0,0.0,17.39,0.69,0.0
20220809:0410,0.0,0.0,0.0,17.33,0.97,0.0
20220809:0510,0.0,0.0,0.0,17.96,0.55,0.0
20220809:0610,10.78,25.17,5.21,18.29,0.48,0.0
20220809:0710,81.3,123.99,16.07,18.89,1.24,0.0
20220809:0810,184.68,244.45,27.15,20.25,1.1,0.0
20220809:0910,277.56,356.53,38.13,21.42,1.38,0.0
20220809:1010,344.91,441.17,48.5,22.3,1.86,0.0
20220809:1110,396.93,508.29,57.36,22.99,2.28,0.0
20220809:1210,425.38,546.14,62.91,23.53,2.48,0.0
20220809:1310,633.43,825.85,62.92,23.92,2.62,0.0
20220809:1410,607.12,787.09,57.39,23.94,2.69,0.0
20220809:1510,592.43,764.53,48.55,23.74,2.48,0.0
20220809:1610,450.15,574.66,38.18,23.23,2.41,0.0
20220809:1710,253.06,333.18,27.2,22.51,2.07,0.0
20220809:1810,92.95,147.85,16.12,21.8,1.52,0.0
20220809:1910,11.82,26.91,5.26,20.27,0.76,0.0
20220809:2010,0.0,0.0,0.0,19.99,0.34,0.0
20220809:2110,0.0,0.0,0.0,20.12,0.48,0.0
20220809:2210,0.0,0.0,0.0,20.14,0.28,0.0
20220809:2310,0.0,0.0,0.0,20.18,0.34,0.0
20220810:0010,0.0,0.0,0.0,19.56,0.76,0.0
20220810:0110,0.0,0.0,0.0,19.36,0.76,0.0
20220810:0210,0.0,0.0,0.0,19.26,0.69,0.0
20220810:0310,0.0,0.0,0.0,19.18,0.55,0.0
20220810:0410,0.0,0.0,0.0,19.17,0.48,0.0
20220810:0510,0.0,0.0,0.0,19.01,0.48,0.0
20220810:0610,10.75,25.17,5.04,18.87,0.62,0.0
20220810:0710,79.31,131.16,15.91,18.29,0.48,0.0
20220810:0810,172.22,228.0,27.0,19.52,0.97,0.0
20220810:0910,287.79,369.23,37.96,20.91,1.03,0.0
20220810:1010,517.07,666.63,48.31,22.05,1.38,0.0
20220810:1110,662.65,871.17,57.13,23.19,1.79,0.0
20220810:1210,715.09,951.57,62.63,23.95,1.93,0.0
20220810:1310,727.38,967.86,62.63,24.72,2.28,0.0
20220810:1410,686.01,905.56,57.13,25.01,2.34,0.0
20220810:1510,350.64,451.9,48.31,25.16,2.69,0.0
20220810:1610,109.53,153.23,37.96,25.09,2.97,0.0
20220810:1710,72.42,107.07,26.99,24.43,2.9,0.0
20220810:1810,83.38,126.96,15.9,23.37,3.03,0.0
20220810:1910,10.66,25.17,5.04,20.41,2.28,0.0
20220810:2010,0.0,0.0,0.0,19.49,1.59,0.0
20220810:2110,0.0,0.0,0.0,19.44,1.38,0.0
20220810:2210,0.0,0.0,0.0,19.97,1.52,0.0
20220810:2310,0.0,0.0,0.0,20.29,0.62,0.0
20220811:0010,0.0,0.0,0.0,20.28,0.28,0.0
20220811:0110,0.0,0.0,0.0,19.99,0.48,0.0
20220811:0210,0.0,0.0,0.0,18.57,2.21,0.0
20220811:0310,0.0,0.0,0.0,17.82,2.34,0.0
20220811:0410,0.0,0.0,0.0,17.23,1.93,0.0
20220811:0510,0.0,0.0,0.0,16.99,1.45,0.0
20220811:0610,10.29,24.3,4.87,16.94,1.72,0.0
20220811:0710,80.66,131.25,15.75,17.18,1.31,0.0
20220811:0810,230.94,301.68,26.84,18.23,1.45,0.0
20220811:0910,350.97,442.78,37.8,19.55,1.86,0.0
20220811:1010,467.87,591.65,48.12,20.72,2.28,0.0
20220811:1110,576.16,737.31,56.9,22.0,2.69,0.0
20220811:1210,644.16,830.75,62.35,22.93,3.17,0.0
20220811:1310,733.62,952.76,62.34,23.51,3.59,0.0
20220811:1410,721.01,925.2,56.86,23.25,4.14,0.0
20220811:1510,629.32,797.25,48.07,22.62,3.93,0.0
20220811:1610,474.83,598.18,37.74,22.06,3.38,0.0
20220811:1710,282.38,369.76,26.77,21.46,2.69,0.0
20220811:1810,91.72,151.97,15.68,20.75,1.93,0.0
20220811:1910,10.72,25.17,4.81,19.42,0.9,0.0
20220811:2010,0.0,0.0,0.0,18.83,0.28,0.0
20220811:2110,0.0,0.0,0.0,18.61,0.0,0.0
20220811:2210,0.0,0.0,0.0,18.28,0.41,0.0
20220811:2310,0.0,0.0,0.0,18.06,0.55,0.0
20220812:0010,0.0,0.0,0.0,18.06,0.34,0.0
20220812:0110,0.0,0.0,0.0,18.07,0.34,0.0
20220812:0210,0.0,0.0,0.0,17.95,0.28,0.0
20220812:0310,0.0,0.0,0.0,17.77,0.14,0.0
20220812:0410,0.0,0.0,0.0,17.52,0.0,0.0
20220812:0510,0.0,0.0,0.0,17.19,0.21,0.0
20220812:0610,9.72,23.44,4.7,16.8,0.41,0.0
20220812:0710,75.54,133.93,15.58,17.64,0.14,0.0
20220812:0810,265.73,353.64,26.68,18.76,0.28,0.0
20220812:0910,449.75,575.28,37.63,20.09,0.9,0.0
20220812:1010,545.96,700.78,47.93,21.16,1.59,0.0
20220812:1110,703.82,918.52,56.66,22.02,2.21,0.0
20220812:1210,766.41,1003.42,62.07,22.73,2.97,0.0
20220812:1310,777.36,1013.52,62.04,22.94,3.45,0.0
20220812:1410,726.73,936.41,56.58,22.82,3.66,0.0
20220812:1510,631.98,802.41,47.82,22.44,3.66,0.0
20220812:1610,482.24,608.27,37.51,22.0,3.24,0.0
20220812:1710,289.97,379.72,26.55,21.47,2.83,0.0
20220812:1810,90.75,153.23,15.46,20.82,2.41,0.0
20220812:1910,10.12,24.3,4.58,19.96,2.14,0.0
20220812:2010,0.0,0.0,0.0,18.93,1.72,0.0
20220812:2110,0.0,0.0,0.0,18.25,1.59,0.0
20220812:2210,0.0,0.0,0.0,17.55,1.52,0.0
20220812:2310,0.0,0.0,0.0,16.53,1.38,0.0
20220813:0010,0.0,0.0,0.0,16.7,1.17,0.0
20220813:0110,0.0,0.0,0.0,16.78,1.1,0.0
20220813:0210,0.0,0.0,0.0,16.82,0.97,0.0
20220813:0310,0.0,0.0,0.0,16.65,0.76,0.0
20220813:0410,0.0,0.0,0.0,16.67,0.55,0.0
20220813:0510,0.0,0.0,0.0,16.64,0.48,0.0
20220813:0610,9.18,22.57,4.53,16.33,0.76,0.0
20220813:0710,56.39,85.0,15.42,15.81,0.62,0.0
20220813:0810,93.35,129.2,26.51,16.49,0.41,0.0
20220813:0910,148.12,195.2,37.45,18.01,1.31,0.0
20220813:1010,244.84,312.13,47.74,19.21,2.0,0.0
20220813:1110,536.37,680.65,56.43,20.25,2.41,0.0
20220813:1210,756.87,977.77,61.78,20.89,3.17,0.0
20220813:1310,663.49,845.44,61.73,21.13,3.66,0.0
20220813:1410,664.14,842.43,56.3,21.1,3.86,0.0
20220813:1510,636.89,801.83,47.57,20.78,3.72,0.0
20220813:1610,491.63,615.26,37.27,20.4,3.31,0.0
20220813:1710,275.99,357.94,26.33,19.97,2.9,0.0
20220813:1810,90.45,140.2,15.23,19.26,2.55,0.0
20220813:1910,9.1,22.57,4.35,17.94,2.48,0.0
20220813:2010,0.0,0.0,0.0,17.02,0.97,0.0
20220813:2110,0.0,0.0,0.0,16.61,0.83,0.0
20220813:2210,0.0,0.0,0.0,15.88,1.38,0.0
20220813:2310,0.0,0.0,0.0,15.24,1.17,0.0
20220814:0010,0.0,0.0,0.0,16.09,0.55,0.0
20220814:0110,0.0,0.0,0.0,15.72,0.83,0.0
20220814:0210,0.0,0.0,0.0,14.9,1.52,0.0
20220814:0310,0.0,0.0,0.0,15.01,1.72,0.0
20220814:0410,0.0,0.0,0.0,14.93,1.86,0.0
20220814:0510,0.0,0.0,0.0,15.25,2.48,0.0
20220814:0610,0.0,5.21,4.35,15.69,3.24,0.0
20220814:0710,75.1,112.12,15.26,16.44,2.41,0.0
20220814:0810,213.02,275.23,26.35,17.46,2.97,0.0
20220814:0910,292.98,366.66,37.28,18.45,3.24,0.0
20220814:1010,543.0,676.17,47.54,19.34,3.59,0.0
20220814:1110,598.36,751.27,56.19,20.13,3.86,0.0
20220814:1210,703.01,891.5,61.49,20.32,4.0,0.0
20220814:1310,758.63,969.65,61.43,20.72,3.93,0.0
20220814:1410,695.7,884.33,56.02,20.87,3.72,0.0
20220814:1510,590.64,743.07,47.31,20.71,3.45,0.0
20220814:1610,450.82,564.12,37.03,20.54,3.31,0.0
20220814:1710,256.31,332.35,26.09,20.08,3.1,0.0
20220814:1810,85.32,130.89,15.0,19.48,2.69,0.0
20220814:1910,6.88,19.1,4.11,18.4,2.21,0.0
20220814:2010,0.0,0.0,0.0,17.69,1.59,0.0
20220814:2110,0.0,0.0,0.0,17.33,1.17,0.0
20220814:2210,0.0,0.0,0.0,17.05,1.1,0.0
20220814:2310,0.0,0.0,0.0,16.52,1.17,0.0
20220815:0010,0.0,0.0,0.0,16.39,1.31,0.0
20220815:0110,0.0,0.0,0.0,16.22,1.45,0.0
20220815:0210,0.0,0.0,0.0,16.08,1.52,0.0
20220815:0310,0.0,0.0,0.0,16.18,1.45,0.0
20220815:0410,0.0,0.0,0.0,16.19,1.38,0.0
20220815:0510,0.0,0.0,0.0,16.21,1.31,0.0
20220815:0610,5.38,16.49,4.18,16.09,1.52,0.0
20220815:0710,68.1,101.51,15.09,16.14,1.45,0.0
20220815:0810,183.3,238.39,26.19,17.04,1.86,0.0
20220815:0910,237.93,301.49,37.11,18.07,2.28,0.0
20220815:1010,382.44,477.19,47.34,18.88,2.83,0.0
20220815:1110,518.95,650.25,55.94,19.69,3.31,0.0
20220815:1210,704.13,894.05,61.2,20.45,3.93,0.0
20220815:1310,754.2,959.31,61.11,20.76,4.34,0.0
20220815:1410,714.97,902.44,55.73,20.74,4.48,0.0
20220815:1510,512.42,637.58,47.05,20.46,4.34,0.0
20220815:1610,193.53,249.44,36.79,20.15,4.28,0.0
20220815:1710,170.85,223.7,25.86,19.77,4.34,0.0
20220815:1810,34.94,58.15,14.76,19.25,4.21,0.0
20220815:1910,7.42,19.96,3.86,18.46,4.14,0.0
20220815:2010,0.0,0.0,0.0,18.02,4.28,0.0
20220815:2110,0.0,0.0,0.0,17.82,4.41,0.0
20220815:2210,0.0,0.0,0.0,17.55,4.83,0.0
20220815:2310,0.0,0.0,0.0,17.19,4.76,0.0
20220816:0010,0.0,0.0,0.0,16.89,4.21,0.0
20220816:0110,0.0,0.0,0.0,16.67,4.07,0.0
20220816:0210,0.0,0.0,0.0,16.32,3.17,0.0
20220816:0310,0.0,0.0,0.0,16.0,2.41,0.0
20220816:0410,0.0,0.0,0.0,15.58,2.62,0.0
20220816:0510,0.0,0.0,0.0,15.3,2.62,0.0
20220816:0610,2.48,11.28,4.0,15.17,2.28,0.0
20220816:0710,78.34,120.28,14.93,15.76,1.79,0.0
20220816:0810,191.86,247.37,26.02,16.31,2.9,0.0
20220816:0910,148.15,193.42,36.93,17.29,3.72,0.0
20220816:1010,88.07,122.77,47.14,17.84,4.07,0.0
20220816:1110,94.14,130.15,55.7,18.25,4.55,0.0
20220816:1210,232.27,292.96,60.9,18.32,5.31,0.0
20220816:1310,165.68,215.07,60.8,18.77,4.83,0.0
20220816:1410,86.46,120.92,55.43,18.29,5.38,0.0
20220816:1510,196.91,251.59,46.79,18.46,4.62,0.0
20220816:1610,183.22,235.64,36.54,18.85,4.69,0.0
20220816:1710,81.84,115.38,25.62,18.22,5.31,0.0
20220816:1810,14.47,30.46,14.52,17.68,4.83,0.0
20220816:1910,0.0,2.6,3.61,17.27,4.62,0.0
20220816:2010,0.0,0.0,0.0,16.65,4.28,0.0
20220816:2110,0.0,0.0,0.0,16.35,3.86,0.0
20220816:2210,0.0,0.0,0.0,16.27,3.52,0.0
20220816:2310,0.0,0.0,0.0,16.17,3.52,0.0
20220817:0010,0.0,0.0,0.0,16.16,3.52,0.0
20220817:0110,0.0,0.0,0.0,15.97,3.24,0.0
20220817:0210,0.0,0.0,0.0,15.77,3.31,0.0
20220817:0310,0.0,0.0,0.0,15.79,3.66,0.0
20220817:0410,0.0,0.0,0.0,15.77,3.86,0.0
20220817:0510,0.0,0.0,0.0,15.85,4.21,0.0
20220817:0610,3.4,13.02,3.83,15.81,4.62,0.0
20220817:0710,69.15,102.81,14.76,15.89,4.62,0.0
20220817:0810,217.88,278.13,25.86,16.42,5.52,0.0
20220817:0910,440.89,535.94,36.75,16.88,5.72,0.0
20220817:1010,588.04,715.91,46.93,17.37,5.72,0.0
20220817:1110,516.04,632.37,55.45,18.07,5.59,0.0
20220817:1210,678.13,844.07,60.6,18.7,4.97,0.0
20220817:1310,702.74,879.99,60.48,19.43,4.9,0.0
20220817:1410,538.67,665.71,55.13,19.61,5.45,0.0
20220817:1510,514.17,632.16,46.51,19.75,5.93,0.0
20220817:1610,485.74,596.92,36.29,19.88,6.0,0.0
20220817:1710,289.8,372.83,25.37,19.79,5.93,0.0
20220817:1810,85.71,144.86,14.28,19.2,5.86,0.0
20220817:1910,5.31,16.49,3.36,18.19,6.34,0.0
20220817:2010,0.0,0.0,0.0,17.13,6.07,0.0
20220817:2110,0.0,0.0,0.0,16.46,5.86,0.0
20220817:2210,0.0,0.0,0.0,15.94,5.45,0.0
20220817:2310,0.0,0.0,0.0,15.36,5.24,0.0
20220818:0010,0.0,0.0,0.0,14.86,5.03,0.0
20220818:0110,0.0,0.0,0.0,14.35,4.83,0.0
20220818:0210,0.0,0.0,0.0,14.03,4.62,0.0
20220818:0310,0.0,0.0,0.0,13.81,4.55,0.0
20220818:0410,0.0,0.0,0.0,13.55,4.55,0.0
20220818:0510,0.0,0.0,0.0,13.39,4.48,0.0
20220818:0610,6.01,17.36,3.65,13.25,4.41,0.0
20220818:0710,74.99,133.5,14.59,14.48,4.28,0.0
20220818:0810,284.52,363.31,25.69,15.71,5.17,0.0
20220818:0910,490.11,596.72,36.57,17.18,5.45,0.0
20220818:1010,641.49,789.79,46.73,18.68,5.17,0.0
20220818:1110,749.15,941.69,55.2,20.11,4.9,0.0
20220818:1210,789.81,1008.68,60.3,21.35,4.62,0.0
20220818:1310,796.09,1024.12,60.15,22.31,4.48,0.0
20220818:1410,746.59,956.09,54.83,23.01,4.55,0.0
20220818:1510,641.96,811.6,46.24,23.39,4.83,0.0
20220818:1610,492.99,619.09,36.03,23.41,5.1,0.0
20220818:1710,287.69,376.91,25.12,23.09,5.31,0.0
20220818:1810,83.11,145.97,14.03,22.29,5.38,0.0
20220818:1910,4.22,14.76,3.1,21.28,5.52,0.0
20220818:2010,0.0,0.0,0.0,20.02,5.45,0.0
20220818:2110,0.0,0.0,0.0,19.09,5.03,0.0
20220818:2210,0.0,0.0,0.0,18.25,4.41,0.0
20220818:2310,0.0,0.0,0.0,17.41,4.21,0.0
20220819:0010,0.0,0.0,0.0,16.69,4.0,0.0
20220819:0110,0.0,0.0,0.0,16.2,4.0,0.0
20220819:0210,0.0,0.0,0.0,15.77,4.0,0.0
20220819:0310,0.0,0.0,0.0,15.42,3.93,0.0
20220819:0410,0.0,0.0,0.0,15.14,3.86,0.0
20220819:0510,0.0,0.0,0.0,14.88,3.72,0.0
20220819:0610,5.43,16.49,3.48,14.68,3.66,0.0
20220819:0710,74.38,132.41,14.43,15.62,3.1,0.0
20220819:0810,274.72,358.48,25.52,18.33,2.69,0.0
20220819:0910,459.79,583.91,36.39,21.44,2.14,0.0
20220819:1010,591.93,777.14,46.52,23.81,1.31,0.0
20220819:1110,676.97,922.49,54.94,25.41,0.83,0.0
20220819:1210,734.57,999.3,59.99,26.38,1.72,0.0
20220819:1310,750.79,1014.79,59.83,26.91,2.34,0.0
20220819:1410,710.26,946.77,54.52,27.19,2.76,0.0
20220819:1510,610.78,798.64,45.96,27.31,3.1,0.0
20220819:1610,470.37,607.71,35.77,27.28,3.52,0.0
20220819:1710,276.27,371.26,24.87,27.03,3.72,0.0
20220819:1810,79.09,142.21,13.77,26.36,3.79,0.0
20220819:1910,3.66,13.89,2.84,24.54,4.41,0.0
20220819:2010,0.0,0.0,0.0,23.02,4.48,0.0
20220819:2110,0.0,0.0,0.0,22.01,4.28,0.0
20220819:2210,0.0,0.0,0.0,21.19,3.86,0.0
20220819:2310,0.0,0.0,0.0,20.4,3.59,0.0
20220820:0010,0.0,0.0,0.0,19.72,3.52,0.0
20220820:0110,0.0,0.0,0.0,19.12,3.45,0.0
20220820:0210,0.0,0.0,0.0,18.57,3.24,0.0
20220820:0310,0.0,0.0,0.0,18.08,3.03,0.0
20220820:0410,0.0,0.0,0.0,17.59,2.76,0.0
20220820:0510,0.0,0.0,0.0,17.17,2.48,0.0
20220820:0610,4.35,14.76,3.3,16.75,2.34,0.0
20220820:0710,72.86,130.42,14.26,17.26,2.28,0.0
20220820:0810,269.22,355.38,25.35,20.0,2.0,0.0
20220820:0910,453.48,579.6,36.21,22.31,1.86,0.0
20220820:1010,600.93,777.65,46.31,23.91,2.34,0.0
20220820:1110,697.88,912.04,54.68,25.01,3.17,0.0
20220820:1210,760.39,995.14,59.68,25.51,4.07,0.0
20220820:1310,759.73,996.67,59.49,25.81,4.0,0.0
20220820:1410,709.81,923.75,54.21,26.08,4.14,0.0
20220820:1510,614.04,788.05,45.67,25.95,4.28,0.0
20220820:1610,466.53,595.04,35.5,25.44,4.0,0.0
20220820:1710,275.77,365.51,24.61,24.61,4.48,0.0
20220820:1810,78.35,140.4,13.51,23.59,4.28,0.0
20220820:1910,2.34,11.28,2.58,23.01,3.93,0.0
20220820:2010,0.0,0.0,0.0,21.71,3.72,0.0
20220820:2110,0.0,0.0,0.0,20.84,3.52,0.0
20220820:2210,0.0,0.0,0.0,20.08,3.38,0.0
20220820:2310,0.0,0.0,0.0,19.36,3.1,0.0
20220821:0010,0.0,0.0,0.0,18.81,3.1,0.0
20220821:0110,0.0,0.0,0.0,18.29,3.03,0.0
20220821:0210,0.0,0.0,0.0,17.9,2.76,0.0
20220821:0310,0.0,0.0,0.0,17.73,2.28,0.0
20220821:0410,0.0,0.0,0.0,17.5,1.93,0.0
20220821:0510,0.0,0.0,0.0,17.17,2.14,0.0
20220821:0610,3.37,13.02,3.12,16.89,2.28,0.0
20220821:0710,73.57,127.19,14.09,16.77,2.14,0.0
20220821:0810,266.21,346.83,25.18,17.75,2.34,0.0
20220821:0910,462.13,579.61,36.03,19.05,2.14,0.0
20220821:1010,603.18,769.66,46.09,20.55,2.07,0.0
20220821:1110,702.29,907.83,54.42,21.76,2.69,0.0
20220821:1210,754.0,977.95,59.37,22.29,3.31,0.0
20220821:1310,761.3,985.95,59.16,22.53,3.59,0.0
20220821:1410,615.48,782.95,53.89,22.52,3.79,0.0
20220821:1510,331.41,418.96,45.38,22.46,4.07,0.0
20220821:1610,312.79,395.29,35.23,22.4,4.34,0.0
20220821:1710,128.33,174.07,24.35,22.05,4.55,0.0
20220821:1810,64.84,102.08,13.25,21.48,4.34,0.0
20220821:1910,0.0,5.21,2.31,20.57,4.28,0.0
20220821:2010,0.0,0.0,0.0,19.8,3.52,0.0
20220821:2110,0.0,0.0,0.0,19.6,4.14,0.0
20220821:2210,0.0,0.0,0.0,19.34,4.07,0.0
20220821:2310,0.0,0.0,0.0,19.14,3.93,0.0
20220822:0010,0.0,0.0,0.0,18.97,4.0,0.0
20220822:0110,0.0,0.0,0.0,18.79,3.86,0.0
20220822:0210,0.0,0.0,0.0,18.56,3.66,0.0
20220822:0310,0.0,0.0,0.0,18.28,3.66,0.0
20220822:0410,0.0,0.0,0.0,18.16,3.72,0.0
20220822:0510,0.0,0.0,0.0,17.99,3.79,0.0
20220822:0610,3.35,13.02,2.94,17.88,3.79,0.0
20220822:0710,71.28,127.62,13.92,18.36,3.86,0.0
20220822:0810,269.38,352.01,25.01,20.02,4.21,0.0
20220822:0910,457.38,571.82,35.84,21.9,4.48,0.0
20220822:1010,604.32,763.71,45.88,23.59,4.55,0.0
20220822:1110,709.33,911.89,54.16,25.05,4.76,0.0
20220822:1210,757.24,982.25,59.05,26.15,5.17,0.0
20220822:1310,755.99,983.65,58.82,26.98,5.31,0.0
20220822:1410,702.22,910.61,53.57,27.59,5.24,0.0
20220822:1510,594.34,764.71,45.08,28.0,5.1,0.0
20220822:1610,445.33,572.29,34.95,28.03,4.83,0.0
20220822:1710,259.77,349.63,24.08,27.69,4.83,0.0
20220822:1810,72.74,131.65,12.99,26.58,5.03,0.0
20220822:1910,0.74,7.81,2.03,24.88,5.45,0.0
20220822:2010,0.0,0.0,0.0,23.4,5.31,0.0
20220822:2110,0.0,0.0,0.0,22.27,5.31,0.0
20220822:2210,0.0,0.0,0.0,21.34,5.31,0.0
20220822:2310,0.0,0.0,0.0,20.61,5.17,0.0
20220823:0010,0.0,0.0,0.0,20.06,5.03,0.0
20220823:0110,0.0,0.0,0.0,19.75,4.69,0.0
20220823:0210,0.0,0.0,0.0,19.45,4.28,0.0
20220823:0310,0.0,0.0,0.0,19.24,4.07,0.0
20220823:0410,0.0,0.0,0.0,18.97,3.79,0.0
20220823:0510,0.0,0.0,0.0,18.68,3.45,0.0
20220823:0610,2.43,11.28,2.76,18.43,3.17,0.0
20220823:0710,71.18,127.46,13.75,19.36,2.62,0.0
20220823:0810,240.53,316.69,24.83,21.27,2.97,0.0
20220823:0910,443.9,564.67,35.65,23.34,2.9,0.0
20220823:1010,581.96,757.23,45.66,25.49,2.41,0.0
20220823:1110,683.44,910.5,53.89,27.16,2.48,0.0
20220823:1210,736.34,987.22,58.73,28.02,3.03,0.0
20220823:1310,741.89,988.62,58.48,28.33,3.66,0.0
20220823:1410,697.05,919.55,53.24,28.52,3.93,0.0
20220823:1510,597.29,777.23,44.79,28.7,4.14,0.0
20220823:1610,446.5,577.8,34.67,28.79,4.28,0.0
20220823:1710,259.06,350.93,23.81,28.42,4.21,0.0
20220823:1810,70.72,127.53,12.72,27.64,4.14,0.0
20220823:1910,0.0,5.21,1.76,26.43,3.79,0.0
20220823:2010,0.0,0.0,0.0,25.06,3.79,0.0
20220823:2110,0.0,0.0,0.0,24.22,3.52,0.0
20220823:2210,0.0,0.0,0.0,23.56,3.45,0.0
20220823:2310,0.0,0.0,0.0,22.94,3.45,0.0
20220824:0010,0.0,0.0,0.0,22.34,3.1,0.0
20220824:0110,0.0,0.0,0.0,21.75,2.69,0.0
20220824:0210,0.0,0.0,0.0,21.13,2.48,0.0
20220824:0310,0.0,0.0,0.0,20.47,2.28,0.0
20220824:0410,0.0,0.0,0.0,20.01,2.28,0.0
20220824:0510,0.0,0.0,0.0,19.72,2.21,0.0
20220824:0610,1.56,9.55,2.58,19.47,2.07,0.0
20220824:0710,67.86,107.52,13.57,19.5,1.31,0.0
20220824:0810,206.39,274.06,24.66,21.05,1.03,0.0
20220824:0910,382.41,493.76,35.47,22.22,0.62,0.0
20220824:1010,457.56,592.85,45.44,23.15,1.03,0.0
20220824:1110,633.99,822.31,53.62,23.41,2.55,0.0
20220824:1210,657.69,844.53,58.41,23.42,3.86,0.0
20220824:1310,516.28,655.9,58.13,23.42,4.0,0.0
20220824:1410,629.45,805.15,52.91,23.73,3.93,0.0
20220824:1510,584.59,744.72,44.48,23.79,3.59,0.0
20220824:1610,401.68,509.09,34.39,23.78,3.72,0.0
20220824:1710,167.27,224.09,23.53,23.67,4.34,0.0
20220824:1810,69.28,118.41,12.44,22.86,4.41,0.0
20220824:1910,0.0,2.6,1.48,21.88,4.21,0.0
20220824:2010,0.0,0.0,0.0,21.39,4.0,0.0
20220824:2110,0.0,0.0,0.0,21.02,3.93,0.0
20220824:2210,0.0,0.0,0.0,20.6,3.93,0.0
20220824:2310,0.0,0.0,0.0,20.32,4.07,0.0
20220825:0010,0.0,0.0,0.0,20.11,4.41,0.0
20220825:0110,0.0,0.0,0.0,19.99,4.62,0.0
20220825:0210,0.0,0.0,0.0,19.88,4.97,0.0
20220825:0310,0.0,0.0,0.0,19.8,4.62,0.0
20220825:0410,0.0,0.0,0.0,19.49,4.41,0.0
20220825:0510,0.0,0.0,0.0,18.97,4.34,0.0
20220825:0610,0.8,7.81,2.4,18.62,4.48,0.0
20220825:0710,72.32,122.0,13.4,19.18,4.48,0.0
20220825:0810,217.7,283.57,24.48,20.51,5.24,0.0
20220825:0910,388.0,484.92,35.27,22.17,5.38,0.0
20220825:1010,587.87,737.82,45.22,23.49,5.52,0.0
20220825:1110,683.0,868.75,53.35,24.36,5.52,0.0
20220825:1210,769.53,990.79,58.08,25.11,5.59,0.0
20220825:1310,774.28,997.7,57.78,25.53,5.79,0.0
20220825:1410,735.43,939.89,52.58,25.74,6.28,0.0
20220825:1510,619.47,783.28,44.17,25.91,6.41,0.0
20220825:1610,469.12,591.62,34.1,25.74,6.55,0.0
20220825:1710,270.86,359.01,23.25,25.12,6.55,0.0
20220825:1810,69.8,128.15,12.16,24.06,6.34,0.0
20220825:1910,0.0,1.74,1.19,22.67,6.14,0.0
20220825:2010,0.0,0.0,0.0,21.47,5.66,0.0
20220825:2110,0.0,0.0,0.0,20.6,5.45,0.0
20220825:2210,0.0,0.0,0.0,19.9,5.17,0.0
20220825:2310,0.0,0.0,0.0,19.38,4.76,0.0
20220826:0010,0.0,0.0,0.0,19.05,4.55,0.0
20220826:0110,0.0,0.0,0.0,18.8,4.55,0.0
20220826:0210,0.0,0.0,0.0,18.71,4.48,0.0
20220826:0310,0.0,0.0,0.0,18.59,4.48,0.0
20220826:0410,0.0,0.0,0.0,18.35,4.48,0.0
20220826:0510,0.0,0.0,0.0,18.25,4.62,0.0
20220826:0610,0.8,7.81,2.22,18.13,4.55,0.0
20220826:0710,71.59,126.97,13.23,18.51,3.72,0.0
20220826:0810,267.27,349.08,24.31,20.15,3.86,0.0
20220826:0910,455.08,572.07,35.08,22.09,3.72,0.0
20220826:1010,604.93,773.09,44.99,24.06,3.59,0.0
20220826:1110,699.8,916.62,53.08,25.85,3.38,0.0
20220826:1210,744.36,998.99,57.75,27.35,2.83,0.0
20220826:1310,737.06,999.21,57.43,28.32,2.48,0.0
20220826:1410,692.93,928.64,52.24,28.68,2.76,0.0
20220826:1510,593.25,778.15,43.86,28.74,3.31,0.0
20220826:1610,447.26,579.31,33.81,28.59,4.0,0.0
20220826:1710,256.3,347.49,22.97,28.28,4.21,0.0
20220826:1810,66.5,122.58,11.88,27.41,4.48,0.0
20220826:1910,0.0,0.0,0.0,25.94,4.69,0.0
20220826:2010,0.0,0.0,0.0,24.48,4.62,0.0
20220826:2110,0.0,0.0,0.0,23.44,4.48,0.0
20220826:2210,0.0,0.0,0.0,22.64,4.14,0.0
20220826:2310,0.0,0.0,0.0,21.82,3.79,0.0
20220827:0010,0.0,0.0,0.0,21.04,3.52,0.0
20220827:0110,0.0,0.0,0.0,20.33,3.52,0.0
20220827:0210,0.0,0.0,0.0,19.73,3.52,0.0
20220827:0310,0.0,0.0,0.0,19.31,3.31,0.0
20220827:0410,0.0,0.0,0.0,18.93,2.97,0.0
20220827:0510,0.0,0.0,0.0,18.56,2.55,0.0
20220827:0610,0.45,6.94,2.04,18.09,2.28,0.0
20220827:0710,70.95,125.46,13.05,18.78,1.59,0.0
20220827:0810,256.22,341.73,24.13,21.59,0.97,0.0
20220827:0910,433.45,568.3,34.89,23.44,0.21,0.0
20220827:1010,588.21,772.07,44.77,24.58,1.52,0.0
20220827:1110,701.05,921.13,52.8,24.71,2.69,0.0
20220827:1210,761.34,1003.61,57.42,24.48,3.1,0.0
20220827:1310,756.8,997.08,57.07,24.49,3.1,0.0
20220827:1410,693.66,908.64,51.9,24.48,2.76,0.0
20220827:1510,576.32,745.34,43.55,24.03,2.28,0.0
20220827:1610,406.04,520.47,33.51,23.82,2.14,0.0
20220827:1710,263.8,352.44,22.69,23.0,1.93,0.0
20220827:1810,65.65,117.73,11.6,21.99,1.52,0.0
20220827:1910,0.0,0.0,0.0,20.21,1.45,0.0
20220827:2010,0.0,0.0,0.0,19.85,1.38,0.0
20220827:2110,0.0,0.0,0.0,19.92,1.31,0.0
20220827:2210,0.0,0.0,0.0,19.52,1.03,0.0
20220827:2310,0.0,0.0,0.0,18.88,1.1,0.0
20220828:0010,0.0,0.0,0.0,18.33,1.1,0.0
20220828:0110,0.0,0.0,0.0,17.89,0.62,0.0
20220828:0210,0.0,0.0,0.0,17.76,0.07,0.0
20220828:0310,0.0,0.0,0.0,17.06,1.1,0.0
20220828:0410,0.0,0.0,0.0,17.47,1.24,0.0
20220828:0510,0.0,0.0,0.0,18.25,1.03,0.0
20220828:0610,0.0,4.34,1.86,19.2,0.21,0.0
20220828:0710,66.93,105.91,12.88,17.4,1.45,0.0
20220828:0810,180.83,237.37,23.95,18.67,1.79,0.0
20220828:0910,301.56,381.43,34.69,19.44,1.66,0.0
20220828:1010,380.81,482.55,44.54,20.5,1.66,0.0
20220828:1110,598.58,772.85,52.52,21.54,1.93,0.0
20220828:1210,710.14,930.97,57.08,22.08,2.21,0.0
20220828:1310,719.41,944.0,56.71,22.44,2.34,0.0
20220828:1410,633.98,821.41,51.56,22.56,2.34,0.0
20220828:1510,589.88,758.77,43.23,22.74,2.28,0.0
20220828:1610,441.89,563.08,33.21,22.58,2.21,0.0
20220828:1710,244.86,325.18,22.4,21.89,1.86,0.0
20220828:1810,63.67,111.14,11.31,21.24,1.38,0.0
20220828:1910,0.0,0.0,0.0,20.85,1.03,0.0
20220828:2010,0.0,0.0,0.0,19.43,0.62,0.0
20220828:2110,0.0,0.0,0.0,19.24,0.21,0.0
20220828:2210,0.0,0.0,0.0,18.83,0.28,0.0
20220828:2310,0.0,0.0,0.0,18.76,0.28,0.0
20220829:0010,0.0,0.0,0.0,18.54,0.28,0.0
20220829:0110,0.0,0.0,0.0,18.55,0.55,0.0
20220829:0210,0.0,0.0,0.0,17.21,1.1,0.0
20220829:0310,0.0,0.0,0.0,17.15,0.83,0.0
20220829:0410,0.0,0.0,0.0,16.53,0.83,0.0
20220829:0510,0.0,0.0,0.0,15.64,1.1,0.0
20220829:0610,0.0,0.87,1.68,15.15,1.03,0.0
20220829:0710,64.66,101.3,12.7,15.65,1.93,0.0
20220829:0810,161.18,211.63,23.77,17.58,2.14,0.0
20220829:0910,408.88,511.13,34.5,19.54,2.69,0.0
20220829:1010,583.52,734.8,44.31,20.67,3.17,0.0
20220829:1110,689.9,881.89,52.24,21.46,3.38,0.0
20220829:1210,595.13,750.35,56.75,22.08,4.69,0.0
20220829:1310,723.62,915.37,56.35,21.73,5.17,0.0
20220829:1410,529.28,664.82,51.21,21.21,3.86,0.0
20220829:1510,535.07,672.31,42.91,21.15,3.38,0.0
20220829:1610,432.39,540.65,32.91,20.99,3.66,0.0
20220829:1710,246.83,323.34,22.1,20.33,3.52,0.0
20220829:1810,58.56,99.14,11.02,19.6,2.97,0.0
20220829:1910,0.0,0.0,0.0,18.24,1.86,0.0
20220829:2010,0.0,0.0,0.0,17.77,1.79,0.0
20220829:2110,0.0,0.0,0.0,17.51,2.0,0.0
20220829:2210,0.0,0.0,0.0,16.97,2.07,0.0
20220829:2310,0.0,0.0,0.0,16.96,2.28,0.0
20220830:0010,0.0,0.0,0.0,16.9,2.28,0.0
20220830:0110,0.0,0.0,0.0,16.72,2.07,0.0
20220830:0210,0.0,0.0,0.0,16.22,1.66,0.0
20220830:0310,0.0,0.0,0.0,15.64,1.17,0.0
20220830:0410,0.0,0.0,0.0,15.44,1.24,0.0
20220830:0510,0.0,0.0,0.0,14.9,1.52,0.0
20220830:0610,0.0,0.87,1.49,15.15,1.66,0.0
20220830:0710,50.58,78.66,12.53,15.74,1.79,0.0
20220830:0810,108.41,146.92,23.59,16.47,1.72,0.0
20220830:0910,134.77,178.71,34.3,17.78,2.0,0.0
20220830:1010,78.28,111.69,44.07,18.7,2.34,0.0
20220830:1110,305.04,385.1,51.95,19.63,2.55,0.0
20220830:1210,216.64,279.05,56.4,20.49,2.83,0.0
20220830:1310,287.5,364.97,55.99,20.8,3.17,0.0
20220830:1410,455.37,571.89,50.86,20.75,3.31,0.0
20220830:1510,633.51,799.23,42.58,20.38,3.24,0.0
20220830:1610,471.09,588.72,32.6,20.13,3.24,0.0
20220830:1710,268.21,350.71,21.81,19.49,3.24,0.0
20220830:1810,62.94,115.35,10.72,18.54,2.76,0.0
20220830:1910,0.0,0.0,0.0,17.83,1.93,0.0
20220830:2010,0.0,0.0,0.0,16.96,0.9,0.0
20220830:2110,0.0,0.0,0.0,16.45,0.07,0.0
20220830:2210,0.0,0.0,0.0,16.09,0.48,0.0
20220830:2310,0.0,0.0,0.0,15.84,0.55,0.0
20220831:0010,0.0,0.0,0.0,15.74,0.62,0.0
20220831:0110,0.0,0.0,0.0,15.66,0.69,0.0
20220831:0210,0.0,0.0,0.0,15.44,0.76,0.0
20220831:0310,0.0,0.0,0.0,15.33,0.83,0.0
20220831:0410,0.0,0.0,0.0,15.46,1.03,0.0
20220831:0510,0.0,0.0,0.0,15.64,1.03,0.0
20220831:0610,0.0,0.0,0.0,15.71,1.03,0.0
20220831:0710,67.73,109.19,12.35,15.9,0.97,0.0
20220831:0810,188.7,246.23,23.41,16.78,0.76,0.0
20220831:0910,429.33,541.4,34.1,18.0,0.97,0.0
20220831:1010,562.26,716.04,43.84,19.11,1.45,0.0
20220831:1110,638.92,822.44,51.66,19.9,1.86,0.0
20220831:1210,698.17,902.05,56.06,20.7,2.55,0.0
20220831:1310,700.97,900.21,55.62,20.93,3.1,0.0
20220831:1410,704.78,902.58,50.5,21.22,3.24,0.0
20220831:1510,607.13,762.71,42.25,21.09,3.79,0.0
20220831:1610,452.89,563.25,32.29,20.12,3.86,0.0
20220831:1710,259.81,340.07,21.51,19.48,3.31,0.0
20220831:1810,60.06,110.74,10.42,18.56,2.34,0.0
20220831:1910,0.0,0.0,0.0,17.43,1.66,0.0
20220831:2010,0.0,0.0,0.0,16.62,0.83,0.0
20220831:2110,0.0,0.0,0.0,16.08,0.28,0.0
20220831:2210,0.0,0.0,0.0,15.95,1.03,0.0
20220831:2310,0.0,0.0,0.0,15.84,1.38,0.0
20220901:0010,0.0,0.0,0.0,15.85,1.59,0.0
20220901:0110,0.0,0.0,0.0,15.83,1.59,0.0
20220901:0210,0.0,0.0,0.0,15.74,1.52,0.0
20220901:0310,0.0,0.0,0.0,15.76,1.52,0.0
20220901:0410,0.0,0.0,0.0,15.78,1.72,0.0
20220901:0510,0.0,0.0,0.0,15.75,2.0,0.0
20220901:0610,0.0,0.0,0.0,15.75,2.07,0.0
20220901:0710,44.0,70.08,12.17,15.84,2.14,0.0
20220901:0810,123.56,165.41,23.23,17.01,2.21,0.0
20220901:0910,181.79,234.35,33.89,18.22,2.62,0.0
20220901:1010,201.3,258.14,43.6,18.96,3.17,0.0
20220901:1110,343.64,429.53,51.37,19.35,3.45,0.0
20220901:1210,597.18,750.84,55.72,19.9,3.66,0.0
20220901:1310,531.62,664.86,55.25,19.9,3.79,0.0
20220901:1410,451.02,562.72,50.15,20.13,3.72,0.0
20220901:1510,325.09,407.36,41.92,20.16,3.52,0.0
20220901:1610,349.04,436.05,31.98,19.76,3.24,0.0
20220901:1710,146.49,195.63,21.2,19.47,2.9,0.0
20220901:1810,22.32,41.54,10.12,18.88,2.48,0.0
20220901:1910,0.0,0.0,0.0,17.87,2.28,0.0
20220901:2010,0.0,0.0,0.0,17.24,1.66,0.0
20220901:2110,0.0,0.0,0.0,17.01,1.31,0.0
20220901:2210,0.0,0.0,0.0,16.72,1.31,0.0
20220901:2310,0.0,0.0,0.0,16.33,1.17,0.0
20220902:0010,0.0,0.0,0.0,16.05,0.9,0.0
20220902:0110,0.0,0.0,0.0,15.71,0.97,0.0
20220902:0210,0.0,0.0,0.0,15.39,1.17,0.0
20220902:0310,0.0,0.0,0.0,15.4,1.45,0.0
20220902:0410,0.0,0.0,0.0,15.22,1.38,0.0
20220902:0510,0.0,0.0,0.0,15.18,1.31,0.0
20220902:0610,0.0,0.0,0.0,15.14,1.1,0.0
20220902:0710,46.97,74.43,11.99,16.0,0.97,0.0
20220902:0810,85.15,119.44,23.04,16.91,1.03,0.0
20220902:0910,280.0,353.61,33.69,18.03,1.17,0.0
20220902:1010,572.7,726.23,43.36,19.08,1.79,0.0
20220902:1110,698.82,895.05,51.08,19.62,2.55,0.0
20220902:1210,731.75,934.95,55.37,20.17,3.45,0.0
20220902:1310,741.85,945.79,54.88,20.36,3.79,0.0
20220902:1410,687.98,869.72,49.79,20.81,4.07,0.0
20220902:1510,615.08,769.71,41.58,21.11,4.28,0.0
20220902:1610,458.53,570.59,31.66,21.21,4.69,0.0
20220902:1710,247.88,325.74,20.9,20.94,4.83,0.0
20220902:1810,45.37,77.61,9.82,20.26,4.55,0.0
20220902:1910,0.0,0.0,0.0,19.17,3.93,0.0
20220902:2010,0.0,0.0,0.0,18.23,3.79,0.0
20220902:2110,0.0,0.0,0.0,17.6,3.66,0.0
20220902:2210,0.0,0.0,0.0,17.01,3.31,0.0
20220902:2310,0.0,0.0,0.0,16.3,3.03,0.0
20220903:0010,0.0,0.0,0.0,15.62,2.9,0.0
20220903:0110,0.0,0.0,0.0,14.95,2.69,0.0
20220903:0210,0.0,0.0,0.0,14.27,2.41,0.0
20220903:0310,0.0,0.0,0.0,13.35,2.14,0.0
20220903:0410,0.0,0.0,0.0,12.52,2.0,0.0
20220903:0510,0.0,0.0,0.0,12.13,1.59,0.0
20220903:0610,0.0,0.0,0.0,12.11,1.24,0.0
20220903:0710,72.39,126.02,11.82,12.47,1.1,0.0
20220903:0810,278.67,358.99,22.86,14.7,0.9,0.0
20220903:0910,467.49,590.66,33.49,16.35,0.41,0.0
20220903:1010,575.31,734.2,43.12,17.93,1.03,0.0
20220903:1110,709.0,911.89,50.78,19.05,2.21,0.0
20220903:1210,776.75,998.41,55.02,19.71,3.24,0.0
20220903:1310,788.84,1008.95,54.5,19.91,3.79,0.0
20220903:1410,729.38,921.47,49.42,20.04,4.14,0.0
20220903:1510,640.01,797.82,41.24,19.8,4.21,0.0
20220903:1610,471.52,583.45,31.34,19.48,4.28,0.0
20220903:1710,257.47,335.99,20.59,19.03,4.21,0.0
20220903:1810,55.17,106.54,9.51,18.44,4.07,0.0
20220903:1910,0.0,0.0,0.0,17.77,4.07,0.0
20220903:2010,0.0,0.0,0.0,17.16,4.14,0.0
20220903:2110,0.0,0.0,0.0,16.96,4.28,0.0
20220903:2210,0.0,0.0,0.0,16.83,4.41,0.0
20220903:2310,0.0,0.0,0.0,16.71,4.34,0.0
20220904:0010,0.0,0.0,0.0,16.74,4.28,0.0
20220904:0110,0.0,0.0,0.0,16.74,4.41,0.0
20220904:0210,0.0,0.0,0.0,16.56,4.55,0.0
20220904:0310,0.0,0.0,0.0,16.43,4.55,0.0
20220904:0410,0.0,0.0,0.0,16.35,4.55,0.0
20220904:0510,0.0,0.0,0.0,16.25,4.55,0.0
20220904:0610,0.0,0.0,0.0,16.4,4.83,0.0
20220904:0710,34.01,56.95,11.64,16.98,5.52,0.0
20220904:0810,82.54,115.79,22.67,17.35,6.21,0.0
20220904:0910,70.29,101.54,33.28,18.47,6.76,0.0
20220904:1010,185.91,238.67,42.87,19.56,7.24,0.0
20220904:1110,372.26,459.3,50.49,20.28,7.59,0.0
20220904:1210,481.18,590.44,54.67,20.31,7.93,0.0
20220904:1310,463.37,568.17,54.13,20.14,8.0,0.0
20220904:1410,392.25,482.23,49.06,20.27,8.14,0.0
20220904:1510,188.61,242.53,40.9,20.4,7.66,0.0
20220904:1610,124.74,167.29,31.02,20.34,7.52,0.0
20220904:1710,69.2,100.89,20.28,20.01,7.1,0.0
20220904:1810,43.03,75.37,9.21,19.29,6.55,0.0
20220904:1910,0.0,0.0,0.0,18.18,6.0,0.0
20220904:2010,0.0,0.0,0.0,17.71,5.93,0.0
20220904:2110,0.0,0.0,0.0,17.57,5.59,0.0
20220904:2210,0.0,0.0,0.0,17.42,5.66,0.0
20220904:2310,0.0,0.0,0.0,17.41,5.52,0.0
20220905:0010,0.0,0.0,0.0,17.48,5.79,0.0
20220905:0110,0.0,0.0,0.0,17.39,6.0,0.0
20220905:0210,0.0,0.0,0.0,17.2,6.0,0.0
20220905:0310,0.0,0.0,0.0,17.14,5.52,0.0
20220905:0410,0.0,0.0,0.0,17.15,5.59,0.0
20220905:0510,0.0,0.0,0.0,17.18,6.14,0.0
20220905:0610,0.0,0.0,0.0,17.22,6.34,0.0
20220905:0710,17.78,35.08,11.45,17.45,6.07,0.0
20220905:0810,25.31,45.23,22.48,17.36,5.38,0.0
20220905:0910,53.79,81.23,33.07,17.57,5.66,0.0
20220905:1010,351.17,431.47,42.63,18.24,5.66,0.0
20220905:1110,168.95,218.76,50.19,18.87,5.59,0.0
20220905:1210,465.63,575.06,54.31,19.89,5.72,0.0
20220905:1310,590.72,734.23,53.75,20.59,5.59,0.0
20220905:1410,514.2,635.91,48.69,20.63,5.79,0.0
20220905:1510,397.58,490.12,40.56,20.18,6.0,0.0
20220905:1610,408.29,502.89,30.7,19.84,5.79,0.0
20220905:1710,236.23,308.83,19.96,19.4,5.38,0.0
20220905:1810,48.14,89.53,8.9,18.95,4.83,0.0
20220905:1910,0.0,0.0,0.0,18.14,4.41,0.0
20220905:2010,0.0,0.0,0.0,17.56,4.14,0.0
20220905:2110,0.0,0.0,0.0,17.32,4.28,0.0
20220905:2210,0.0,0.0,0.0,17.13,4.48,0.0
20220905:2310,0.0,0.0,0.0,16.95,4.69,0.0
20220906:0010,0.0,0.0,0.0,16.76,5.03,0.0
20220906:0110,0.0,0.0,0.0,16.34,4.9,0.0
20220906:0210,0.0,0.0,0.0,16.47,4.69,0.0
20220906:0310,0.0,0.0,0.0,16.44,4.69,0.0
20220906:0410,0.0,0.0,0.0,16.27,4.48,0.0
20220906:0510,0.0,0.0,0.0,16.24,4.48,0.0
20220906:0610,0.0,0.0,0.0,16.05,4.21,0.0
20220906:0710,0.0,0.0,0.0,16.54,4.41,0.0
20220906:0810,225.47,289.18,22.29,17.16,4.41,0.0
20220906:0910,344.3,423.78,32.86,18.17,4.97,0.0
20220906:1010,478.33,586.77,42.38,18.78,5.1,0.0
20220906:1110,509.4,626.54,49.88,19.15,5.52,0.0
20220906:1210,575.36,710.15,53.95,19.51,5.79,0.0
20220906:1310,683.11,849.01,53.36,19.45,5.52,0.0
20220906:1410,406.17,500.24,48.32,19.43,5.86,0.0
20220906:1510,338.48,419.21,40.21,19.6,5.31,0.0
20220906:1610,291.15,362.22,30.37,19.03,5.03,0.0
20220906:1710,98.63,136.54,19.65,19.04,4.62,0.0
20220906:1810,39.69,70.71,8.58,18.18,4.34,0.0
20220906:1910,0.0,0.0,0.0,17.72,4.21,0.0
20220906:2010,0.0,0.0,0.0,16.97,3.72,0.0
20220906:2110,0.0,0.0,0.0,16.46,3.52,0.0
20220906:2210,0.0,0.0,0.0,16.06,3.38,0.0
20220906:2310,0.0,0.0,0.0,16.0,3.52,0.0
20220907:0010,0.0,0.0,0.0,15.9,3.59,0.0
20220907:0110,0.0,0.0,0.0,15.9,3.86,0.0
20220907:0210,0.0,0.0,0.0,15.84,3.93,0.0
20220907:0310,0.0,0.0,0.0,15.78,3.86,0.0
20220907:0410,0.0,0.0,0.0,15.83,3.93,0.0
20220907:0510,0.0,0.0,0.0,15.85,4.07,0.0
20220907:0610,0.0,0.0,0.0,16.03,4.34,0.0
20220907:0710,52.15,83.64,11.09,16.49,3.93,0.0
20220907:0810,158.87,207.45,22.1,17.07,4.14,0.0
20220907:0910,57.36,85.84,32.65,18.07,4.07,0.0
20220907:1010,403.55,498.21,42.13,18.83,4.14,0.0
20220907:1110,530.49,656.87,49.58,19.43,4.62,0.0
20220907:1210,291.12,362.55,53.59,18.58,5.38,0.0
20220907:1310,622.2,773.75,52.98,18.88,4.48,0.0
20220907:1410,548.1,676.23,47.95,19.21,5.03,0.0
20220907:1510,169.18,218.72,39.86,18.5,4.97,0.0
20220907:1610,111.5,150.86,30.04,18.54,4.76,0.0
20220907:1710,63.59,93.55,19.33,18.24,4.34,0.0
20220907:1810,30.8,55.39,8.27,17.5,4.07,0.0
20220907:1910,0.0,0.0,0.0,17.49,4.0,0.0
20220907:2010,0.0,0.0,0.0,17.22,3.59,0.0
20220907:2110,0.0,0.0,0.0,17.14,3.17,0.0
20220907:2210,0.0,0.0,0.0,17.1,2.55,0.0
20220907:2310,0.0,0.0,0.0,17.1,2.07,0.0
20220908:0010,0.0,0.0,0.0,17.08,1.79,0.0
20220908:0110,0.0,0.0,0.0,17.06,1.66,0.0
20220908:0210,0.0,0.0,0.0,17.02,1.24,0.0
20220908:0310,0.0,0.0,0.0,16.86,0.83,0.0
20220908:0410,0.0,0.0,0.0,16.96,0.76,0.0
20220908:0510,0.0,0.0,0.0,16.93,0.97,0.0
20220908:0610,0.0,0.0,0.0,17.17,1.17,0.0
20220908:0710,66.21,115.97,10.91,17.75,2.55,0.0
20220908:0810,191.53,249.84,21.91,18.33,2.48,0.0
20220908:0910,214.37,272.89,32.43,18.72,3.1,0.0
20220908:1010,226.48,288.65,41.87,19.74,3.45,0.0
20220908:1110,219.78,281.54,49.27,19.97,3.24,0.0
20220908:1210,322.29,405.32,53.23,20.08,3.38,0.0
20220908:1310,444.11,556.84,52.6,20.03,3.03,0.0
20220908:1410,524.16,658.99,47.57,20.45,3.1,0.0
20220908:1510,536.06,672.87,39.51,20.56,3.03,0.0
20220908:1610,407.73,511.22,29.71,20.44,2.83,0.0
20220908:1710,218.81,290.9,19.01,20.01,2.34,0.0
20220908:1810,39.28,74.56,7.95,19.38,1.86,0.0
20220908:1910,0.0,0.0,0.0,18.61,1.66,0.0
20220908:2010,0.0,0.0,0.0,17.9,1.31,0.0
20220908:2110,0.0,0.0,0.0,17.54,1.03,0.0
20220908:2210,0.0,0.0,0.0,16.99,0.83,0.0
20220908:2310,0.0,0.0,0.0,17.28,0.48,0.0
20220909:0010,0.0,0.0,0.0,17.24,0.14,0.0
20220909:0110,0.0,0.0,0.0,17.14,0.28,0.0
20220909:0210,0.0,0.0,0.0,16.94,0.55,0.0
20220909:0310,0.0,0.0,0.0,16.45,0.76,0.0
20220909:0410,0.0,0.0,0.0,15.91,0.9,0.0
20220909:0510,0.0,0.0,0.0,15.99,0.83,0.0
20220909:0610,0.0,0.0,0.0,15.76,0.83,0.0
20220909:0710,66.99,118.98,10.72,16.04,1.31,0.0
20220909:0810,264.68,341.98,21.72,16.57,1.52,0.0
20220909:0910,458.12,575.24,32.22,17.78,1.24,0.0
20220909:1010,593.59,763.04,41.62,19.13,1.03,0.0
20220909:1110,684.54,896.79,48.96,20.32,1.31,0.0
20220909:1210,734.75,967.73,52.87,21.09,1.79,0.0
20220909:1310,750.37,987.32,52.21,21.49,2.07,0.0
20220909:1410,699.31,910.65,47.2,21.72,2.14,0.0
20220909:1510,593.21,756.57,39.16,21.83,2.48,0.0
20220909:1610,431.68,544.44,29.37,21.51,2.76,0.0
20220909:1710,228.5,305.44,18.69,20.84,2.48,0.0
20220909:1810,39.42,79.32,7.63,20.15,1.93,0.0
20220909:1910,0.0,0.0,0.0,19.44,1.79,0.0
20220909:2010,0.0,0.0,0.0,18.84,1.24,0.0
20220909:2110,0.0,0.0,0.0,18.11,0.9,0.0
20220909:2210,0.0,0.0,0.0,18.09,0.83,0.0
20220909:2310,0.0,0.0,0.0,18.05,0.83,0.0
20220910:0010,0.0,0.0,0.0,17.86,0.69,0.0
20220910:0110,0.0,0.0,0.0,17.81,0.62,0.0
20220910:0210,0.0,0.0,0.0,17.71,0.76,0.0
20220910:0310,0.0,0.0,0.0,17.61,0.83,0.0
20220910:0410,0.0,0.0,0.0,17.54,0.97,0.0
20220910:0510,0.0,0.0,0.0,17.01,1.03,0.0
20220910:0610,0.0,0.0,0.0,17.48,0.97,0.0
20220910:0710,66.25,117.3,10.54,16.71,1.03,0.0
20220910:0810,261.68,344.45,21.52,19.14,0.62,0.0
20220910:0910,443.78,568.47,32.0,20.72,0.76,0.0
20220910:1010,594.29,770.12,41.36,21.79,1.38,0.0
20220910:1110,691.18,904.52,48.65,22.56,2.07,0.0
20220910:1210,740.73,969.21,52.51,22.81,2.76,0.0
20220910:1310,752.02,982.64,51.82,22.73,2.9,0.0
20220910:1410,696.44,904.59,46.82,22.55,2.55,0.0
20220910:1510,583.34,750.43,38.8,22.53,2.0,0.0
20220910:1610,420.53,538.1,29.04,22.57,1.66,0.0
20220910:1710,223.65,302.59,18.36,22.41,1.86,0.0
20220910:1810,36.68,75.55,7.31,21.63,1.79,0.0
20220910:1910,0.0,0.0,0.0,20.02,0.9,0.0
20220910:2010,0.0,0.0,0.0,19.34,0.28,0.0
20220910:2110,0.0,0.0,0.0,18.27,0.97,0.0
20220910:2210,0.0,0.0,0.0,19.17,0.76,0.0
20220910:2310,0.0,0.0,0.0,18.94,0.55,0.0
20220911:0010,0.0,0.0,0.0,18.51,0.9,0.0
20220911:0110,0.0,0.0,0.0,17.03,1.31,0.0
20220911:0210,0.0,0.0,0.0,16.3,1.66,0.0
20220911:0310,0.0,0.0,0.0,16.2,1.59,0.0
20220911:0410,0.0,0.0,0.0,17.0,1.1,0.0
20220911:0510,0.0,0.0,0.0,17.86,0.62,0.0
20220911:0610,0.0,0.0,0.0,17.81,0.62,0.0
20220911:0710,62.6,107.15,10.35,15.72,1.86,0.0
20220911:0810,280.25,363.25,21.33,17.76,1.86,0.0
20220911:0910,442.63,556.57,31.78,19.72,1.93,0.0
20220911:1010,600.87,770.56,41.1,21.82,2.14,0.0
20220911:1110,680.11,879.72,48.34,23.23,3.03,0.0
20220911:1210,725.67,941.32,52.14,23.93,3.72,0.0
20220911:1310,721.35,934.41,51.43,24.25,3.93,0.0
20220911:1410,642.81,823.5,46.44,24.32,4.07,0.0
20220911:1510,578.78,732.95,38.44,23.76,4.07,0.0
20220911:1610,423.85,535.48,28.7,22.94,3.52,0.0
20220911:1710,210.04,282.79,18.04,22.01,2.83,0.0
20220911:1810,13.94,30.56,6.99,21.22,1.93,0.0
20220911:1910,0.0,0.0,0.0,20.94,2.14,0.0
20220911:2010,0.0,0.0,0.0,20.26,2.21,0.0
20220911:2110,0.0,0.0,0.0,19.93,2.07,0.0
20220911:2210,0.0,0.0,0.0,19.86,2.41,0.0
20220911:2310,0.0,0.0,0.0,19.59,2.69,0.0
20220912:0010,0.0,0.0,0.0,19.38,1.38,0.0
20220912:0110,0.0,0.0,0.0,19.25,2.83,0.0
20220912:0210,0.0,0.0,0.0,18.94,3.1,0.0
20220912:0310,0.0,0.0,0.0,18.85,2.9,0.0
20220912:0410,0.0,0.0,0.0,18.83,2.62,0.0
20220912:0510,0.0,0.0,0.0,18.93,2.28,0.0
20220912:0610,0.0,0.0,0.0,18.95,2.28,0.0
20220912:0710,2.3,11.08,10.17,19.95,6.0,0.0
20220912:0810,61.53,91.38,21.13,19.61,6.34,0.0
20220912:0910,55.34,84.0,31.56,20.17,6.0,0.0
20220912:1010,131.72,176.3,40.84,20.88,6.0,0.0
20220912:1110,297.11,372.66,48.02,20.66,5.31,0.0
20220912:1210,246.91,313.17,51.77,20.47,5.03,0.0
20220912:1310,258.6,327.98,51.04,20.85,4.62,0.0
20220912:1410,175.45,229.92,46.06,21.93,4.41,0.0
20220912:1510,60.53,91.38,38.08,22.53,4.14,0.0
20220912:1610,203.72,264.93,28.36,22.71,2.97,0.0
20220912:1710,19.93,38.77,17.71,22.14,2.07,0.0
20220912:1810,33.85,73.11,6.66,21.4,1.66,0.0
20220912:1910,0.0,0.0,0.0,20.11,3.52,0.0
20220912:2010,0.0,0.0,0.0,19.96,3.31,0.0
20220912:2110,0.0,0.0,0.0,20.16,3.66,0.0
20220912:2210,0.0,0.0,0.0,20.08,4.28,0.0
20220912:2310,0.0,0.0,0.0,19.98,4.34,0.0
20220913:0010,0.0,0.0,0.0,19.49,4.34,0.0
20220913:0110,0.0,0.0,0.0,19.24,5.03,0.0
20220913:0210,0.0,0.0,0.0,19.01,5.86,0.0
20220913:0310,0.0,0.0,0.0,18.83,6.34,0.0
20220913:0410,0.0,0.0,0.0,18.88,7.31,0.0
20220913:0510,0.0,0.0,0.0,19.02,8.0,0.0
20220913:0610,0.0,0.0,0.0,18.82,8.34,0.0
20220913:0710,12.49,27.69,9.98,18.6,7.52,0.0
20220913:0810,42.49,67.38,20.93,18.27,8.48,0.0
20220913:0910,71.26,102.46,31.34,18.11,8.34,0.0
20220913:1010,68.86,99.69,40.58,18.45,9.03,0.0
20220913:1110,331.09,406.37,47.7,18.52,8.07,0.0
20220913:1210,292.55,363.24,51.4,19.45,8.14,0.0
20220913:1310,280.46,349.2,50.65,19.35,7.59,0.0
20220913:1410,398.87,487.73,45.67,19.0,7.24,0.0
20220913:1510,158.63,206.02,37.72,18.74,6.55,0.0
20220913:1610,242.83,303.77,28.02,18.54,5.93,0.0
20220913:1710,149.23,199.62,17.38,18.79,5.93,0.0
20220913:1810,8.22,21.23,6.34,18.45,6.55,0.0
20220913:1910,0.0,0.0,0.0,18.25,6.55,0.0
20220913:2010,0.0,0.0,0.0,18.14,7.24,0.0
20220913:2110,0.0,0.0,0.0,17.84,6.9,0.0
20220913:2210,0.0,0.0,0.0,17.59,6.55,0.0
20220913:2310,0.0,0.0,0.0,17.5,6.55,0.0
20220914:0010,0.0,0.0,0.0,17.56,6.55,0.0
20220914:0110,0.0,0.0,0.0,17.5,6.62,0.0
20220914:0210,0.0,0.0,0.0,17.41,6.14,0.0
20220914:0310,0.0,0.0,0.0,17.44,5.86,0.0
20220914:0410,0.0,0.0,0.0,17.24,5.93,0.0
20220914:0510,0.0,0.0,0.0,17.23,6.21,0.0
20220914:0610,0.0,0.0,0.0,17.42,5.93,0.0
20220914:0710,62.59,110.1,9.79,17.09,4.34,0.0
20220914:0810,155.88,204.16,20.73,17.23,4.0,0.0
20220914:0910,81.99,115.38,31.11,17.7,4.55,0.0
20220914:1010,266.29,331.87,40.31,18.07,4.76,0.0
20220914:1110,316.56,393.39,47.38,18.84,4.62,0.0
20220914:1210,497.17,614.92,51.03,19.47,4.76,0.0
20220914:1310,265.23,333.66,50.25,19.6,4.9,0.0
20220914:1410,288.56,361.42,45.29,19.8,4.69,0.0
20220914:1510,102.54,141.23,37.36,20.14,4.76,0.0
20220914:1610,50.21,77.54,27.67,19.68,4.48,0.0
20220914:1710,142.58,192.05,17.05,19.02,4.83,0.0
20220914:1810,11.04,26.05,6.01,18.53,4.48,0.0
20220914:1910,0.0,0.0,0.0,18.43,4.28,0.0
20220914:2010,0.0,0.0,0.0,18.25,4.14,0.0
20220914:2110,0.0,0.0,0.0,18.05,4.07,0.0
20220914:2210,0.0,0.0,0.0,18.1,3.93,0.0
20220914:2310,0.0,0.0,0.0,18.16,3.66,0.0
20220915:0010,0.0,0.0,0.0,18.2,3.52,0.0
20220915:0110,0.0,0.0,0.0,18.24,3.17,0.0
20220915:0210,0.0,0.0,0.0,18.14,2.69,0.0
20220915:0310,0.0,0.0,0.0,18.11,2.41,0.0
20220915:0410,0.0,0.0,0.0,18.04,2.48,0.0
20220915:0510,0.0,0.0,0.0,18.14,2.28,0.0
20220915:0610,0.0,0.0,0.0,18.07,2.0,0.0
20220915:0710,42.64,72.11,9.6,17.97,2.21,0.0
20220915:0810,245.91,319.68,20.53,18.8,2.07,0.0
20220915:0910,193.43,250.39,30.88,20.09,2.0,0.0
20220915:1010,565.58,722.01,40.04,20.94,1.86,0.0
20220915:1110,679.84,899.31,47.06,21.77,1.17,0.0
20220915:1210,340.28,442.65,50.66,22.34,0.14,0.0
20220915:1310,599.02,791.09,49.86,22.76,0.97,0.0
20220915:1410,263.75,340.88,44.9,22.86,1.66,0.0
20220915:1510,567.58,724.68,37.0,22.32,2.34,0.0
20220915:1610,409.45,516.46,27.33,21.65,2.83,0.0
20220915:1710,204.74,276.51,16.72,20.98,2.55,0.0
20220915:1810,15.53,34.41,5.69,20.41,1.72,0.0
20220915:1910,0.0,0.0,0.0,20.44,1.93,0.0
20220915:2010,0.0,0.0,0.0,20.01,2.0,0.0
20220915:2110,0.0,0.0,0.0,19.71,2.21,0.0
20220915:2210,0.0,0.0,0.0,19.2,2.14,0.0
20220915:2310,0.0,0.0,0.0,18.62,2.0,0.0
20220916:0010,0.0,0.0,0.0,18.19,2.07,0.0
20220916:0110,0.0,0.0,0.0,17.91,2.14,0.0
20220916:0210,0.0,0.0,0.0,17.55,2.21,0.0
20220916:0310,0.0,0.0,0.0,17.25,2.21,0.0
20220916:0410,0.0,0.0,0.0,17.08,2.34,0.0
20220916:0510,0.0,0.0,0.0,17.01,2.48,0.0
20220916:0610,0.0,0.0,0.0,16.95,2.62,0.0
20220916:0710,62.66,110.78,9.41,17.17,2.07,0.0
20220916:0810,259.81,336.7,20.33,18.24,2.0,0.0
20220916:0910,456.22,574.03,30.66,19.82,1.93,0.0
20220916:1010,591.92,766.76,39.77,21.33,1.24,0.0
20220916:1110,664.01,905.47,46.74,22.51,0.07,0.0
20220916:1210,722.7,961.05,50.28,22.96,1.72,0.0
20220916:1310,733.9,958.41,49.46,22.9,2.83,0.0
20220916:1410,685.93,884.65,44.52,22.44,2.9,0.0
20220916:1510,574.84,734.26,36.63,22.23,2.34,0.0
20220916:1610,407.13,518.27,26.98,22.17,2.0,0.0
20220916:1710,201.06,274.25,16.38,21.99,1.66,0.0
20220916:1810,20.13,47.74,5.36,21.45,1.24,0.0
20220916:1910,0.0,0.0,0.0,21.25,1.24,0.0
20220916:2010,0.0,0.0,0.0,19.9,1.03,0.0
20220916:2110,0.0,0.0,0.0,18.62,1.66,0.0
20220916:2210,0.0,0.0,0.0,17.98,2.14,0.0
20220916:2310,0.0,0.0,0.0,17.71,2.34,0.0
20220917:0010,0.0,0.0,0.0,17.6,2.55,0.0
20220917:0110,0.0,0.0,0.0,17.41,2.55,0.0
20220917:0210,0.0,0.0,0.0,17.19,2.55,0.0
20220917:0310,0.0,0.0,0.0,16.97,2.55,0.0
20220917:0410,0.0,0.0,0.0,16.75,2.48,0.0
20220917:0510,0.0,0.0,0.0,16.58,2.41,0.0
20220917:0610,0.0,0.0,0.0,16.39,2.34,0.0
20220917:0710,51.82,88.12,9.22,16.39,2.21,0.0
20220917:0810,222.94,289.19,20.13,17.96,1.93,0.0
20220917:0910,404.51,510.28,30.43,20.02,1.59,0.0
20220917:1010,496.03,635.8,39.5,21.51,1.31,0.0
20220917:1110,505.06,657.28,46.41,22.52,0.9,0.0
20220917:1210,347.39,452.13,49.91,23.31,0.48,0.0
20220917:1310,575.56,770.98,49.06,23.94,0.41,0.0
20220917:1410,534.05,699.31,44.13,24.22,1.24,0.0
20220917:1510,404.91,519.87,36.27,24.36,1.93,0.0
20220917:1610,298.18,383.43,26.64,24.06,2.34,0.0
20220917:1710,158.93,219.51,16.05,23.66,2.34,0.0
20220917:1810,15.83,38.33,5.03,23.19,2.21,0.0
20220917:1910,0.0,0.0,0.0,22.63,2.28,0.0
20220917:2010,0.0,0.0,0.0,22.05,2.28,0.0
20220917:2110,0.0,0.0,0.0,21.43,2.14,0.0
20220917:2210,0.0,0.0,0.0,20.59,2.07,0.0
20220917:2310,0.0,0.0,0.0,19.97,2.21,0.0
20220918:0010,0.0,0.0,0.0,19.3,2.34,0.0
20220918:0110,0.0,0.0,0.0,18.85,2.55,0.0
20220918:0210,0.0,0.0,0.0,18.46,2.62,0.0
20220918:0310,0.0,0.0,0.0,17.98,2.69,0.0
20220918:0410,0.0,0.0,0.0,17.6,2.62,0.0
20220918:0510,0.0,0.0,0.0,17.24,2.69,0.0
20220918:0610,0.0,0.0,0.0,16.97,2.69,0.0
20220918:0710,61.38,107.92,9.03,17.27,2.69,0.0
20220918:0810,258.38,335.67,19.92,19.24,2.34,0.0
20220918:0910,448.12,569.21,30.19,21.93,2.0,0.0
20220918:1010,593.22,777.2,39.23,23.83,1.38,0.0
20220918:1110,666.24,911.04,46.08,24.97,0.48,0.0
20220918:1210,705.56,972.14,49.53,25.37,0.69,0.0
20220918:1310,716.63,976.11,48.67,25.54,1.24,0.0
20220918:1410,663.19,887.62,43.74,25.72,1.52,0.0
20220918:1510,558.02,729.2,35.9,25.87,1.93,0.0
20220918:1610,395.55,512.33,26.29,25.88,2.14,0.0
20220918:1710,194.94,271.21,15.72,25.57,2.0,0.0
20220918:1810,16.21,41.31,4.7,25.03,1.79,0.0
20220918:1910,0.0,0.0,0.0,23.38,1.52,0.0
20220918:2010,0.0,0.0,0.0,21.8,1.79,0.0
20220918:2110,0.0,0.0,0.0,20.48,2.14,0.0
20220918:2210,0.0,0.0,0.0,19.72,2.34,0.0
20220918:2310,0.0,0.0,0.0,19.28,2.55,0.0
20220919:0010,0.0,0.0,0.0,18.97,2.62,0.0
20220919:0110,0.0,0.0,0.0,18.73,2.76,0.0
20220919:0210,0.0,0.0,0.0,18.58,2.76,0.0
20220919:0310,0.0,0.0,0.0,18.21,2.69,0.0
20220919:0410,0.0,0.0,0.0,17.9,2.69,0.0
20220919:0510,0.0,0.0,0.0,17.64,2.62,0.0
20220919:0610,0.0,0.0,0.0,17.48,2.62,0.0
20220919:0710,60.09,106.85,8.84,17.68,2.69,0.0
20220919:0810,256.11,333.79,19.72,19.65,2.07,0.0
20220919:0910,446.52,574.95,29.96,23.21,1.31,0.0
20220919:1010,582.07,778.61,38.95,25.3,0.62,0.0
20220919:1110,684.45,920.56,45.75,26.05,1.59,0.0
20220919:1210,726.03,968.7,49.15,25.93,2.48,0.0
20220919:1310,739.95,977.92,48.27,25.49,3.03,0.0
20220919:1410,673.53,876.11,43.35,24.96,3.17,0.0
20220919:1510,558.81,717.65,35.53,24.47,2.76,0.0
20220919:1610,395.62,506.93,25.94,24.04,2.34,0.0
20220919:1710,187.58,259.23,15.38,23.49,1.72,0.0
20220919:1810,13.25,34.57,4.37,22.85,1.17,0.0
20220919:1910,0.0,0.0,0.0,21.66,0.76,0.0
20220919:2010,0.0,0.0,0.0,20.15,1.31,0.0
20220919:2110,0.0,0.0,0.0,19.08,1.79,0.0
20220919:2210,0.0,0.0,0.0,18.56,2.21,0.0
20220919:2310,0.0,0.0,0.0,18.39,2.41,0.0
20220920:0010,0.0,0.0,0.0,18.26,2.28,0.0
20220920:0110,0.0,0.0,0.0,17.71,1.86,0.0
20220920:0210,0.0,0.0,0.0,17.9,1.17,0.0
20220920:0310,0.0,0.0,0.0,19.0,0.69,0.0
20220920:0410,0.0,0.0,0.0,19.09,0.69,0.0
20220920:0510,0.0,0.0,0.0,18.83,1.03,0.0
20220920:0610,0.0,0.0,0.0,16.97,1.59,0.0
20220920:0710,59.87,105.01,8.64,15.98,2.07,0.0
20220920:0810,259.08,337.96,19.51,19.52,1.72,0.0
20220920:0910,451.01,578.08,29.73,22.41,1.38,0.0
20220920:1010,586.37,781.97,38.68,24.04,0.48,0.0
20220920:1110,670.51,911.25,45.42,25.03,0.76,0.0
20220920:1210,731.03,984.69,48.77,25.47,1.86,0.0
20220920:1310,736.49,980.38,47.87,25.51,2.55,0.0
20220920:1410,672.72,883.73,42.96,25.45,2.62,0.0
20220920:1510,563.88,729.93,35.16,25.14,2.41,0.0
20220920:1610,390.26,503.32,25.6,24.87,2.07,0.0
20220920:1710,188.64,262.26,15.05,24.45,1.72,0.0
20220920:1810,11.52,32.45,4.04,23.69,1.24,0.0
20220920:1910,0.0,0.0,0.0,22.9,1.38,0.0
20220920:2010,0.0,0.0,0.0,22.36,0.83,0.0
20220920:2110,0.0,0.0,0.0,21.56,1.03,0.0
20220920:2210,0.0,0.0,0.0,20.06,1.45,0.0
20220920:2310,0.0,0.0,0.0,18.9,1.72,0.0
20220921:0010,0.0,0.0,0.0,17.67,1.93,0.0
20220921:0110,0.0,0.0,0.0,17.05,2.21,0.0
20220921:0210,0.0,0.0,0.0,16.76,2.34,0.0
20220921:0310,0.0,0.0,0.0,16.64,2.41,0.0
20220921:0410,0.0,0.0,0.0,16.56,2.62,0.0
20220921:0510,0.0,0.0,0.0,16.47,2.76,0.0
20220921:0610,0.0,0.0,0.0,16.27,2.83,0.0
20220921:0710,61.57,108.96,8.45,16.49,2.76,0.0
20220921:0810,269.21,347.96,19.3,18.25,2.14,0.0
20220921:0910,461.23,589.56,29.49,21.5,1.31,0.0
20220921:1010,600.23,796.81,38.4,23.25,0.62,0.0
20220921:1110,686.01,933.03,45.09,24.21,0.69,0.0
20220921:1210,703.79,952.45,48.4,24.67,1.24,0.0
20220921:1310,700.97,940.17,47.47,24.83,1.66,0.0
20220921:1410,677.52,897.64,42.57,24.8,1.93,0.0
20220921:1510,572.83,740.97,34.8,24.6,2.34,0.0
20220921:1610,398.86,511.21,25.25,24.06,2.41,0.0
20220921:1710,190.79,263.62,14.71,23.29,2.14,0.0
20220921:1810,10.19,29.96,3.71,22.22,1.52,0.0
20220921:1910,0.0,0.0,0.0,20.28,1.03,0.0
20220921:2010,0.0,0.0,0.0,19.14,0.76,0.0
20220921:2110,0.0,0.0,0.0,19.11,0.83,0.0
20220921:2210,0.0,0.0,0.0,19.11,0.62,0.0
20220921:2310,0.0,0.0,0.0,18.92,0.34,0.0
20220922:0010,0.0,0.0,0.0,18.74,0.62,0.0
20220922:0110,0.0,0.0,0.0,17.36,1.17,0.0
20220922:0210,0.0,0.0,0.0,16.35,1.52,0.0
20220922:0310,0.0,0.0,0.0,16.02,1.66,0.0
20220922:0410,0.0,0.0,0.0,15.95,1.59,0.0
20220922:0510,0.0,0.0,0.0,15.78,1.52,0.0
20220922:0610,0.0,0.0,0.0,15.47,1.52,0.0
20220922:0710,48.23,82.89,8.25,14.97,1.66,0.0
20220922:0810,224.28,290.14,19.09,17.01,1.31,0.0
20220922:0910,454.3,577.11,29.25,18.55,0.62,0.0
20220922:1010,605.82,793.02,38.12,19.92,0.48,0.0
20220922:1110,693.08,913.57,44.76,20.75,1.24,0.0
20220922:1210,752.18,995.54,48.02,21.31,1.79,0.0
20220922:1310,738.93,967.96,47.07,21.55,2.28,0.0
20220922:1410,676.91,870.8,42.18,21.65,2.76,0.0
20220922:1510,581.16,734.32,34.43,21.38,3.03,0.0
20220922:1610,397.91,500.5,24.9,20.9,2.9,0.0
20220922:1710,191.36,261.29,14.38,20.35,1.86,0.0
20220922:1810,5.57,18.69,3.38,19.77,1.03,0.0
20220922:1910,0.0,0.0,0.0,19.25,1.24,0.0
20220922:2010,0.0,0.0,0.0,18.19,1.52,0.0
20220922:2110,0.0,0.0,0.0,16.93,1.45,0.0
20220922:2210,0.0,0.0,0.0,16.67,1.31,0.0
20220922:2310,0.0,0.0,0.0,17.31,0.76,0.0
20220923:0010,0.0,0.0,0.0,16.87,0.55,0.0
20220923:0110,0.0,0.0,0.0,15.51,1.38,0.0
20220923:0210,0.0,0.0,0.0,14.37,1.86,0.0
20220923:0310,0.0,0.0,0.0,14.46,1.72,0.0
20220923:0410,0.0,0.0,0.0,14.54,1.72,0.0
20220923:0510,0.0,0.0,0.0,14.92,1.79,0.0
20220923:0610,0.0,0.0,0.0,14.96,2.07,0.0
20220923:0710,59.4,104.46,8.05,15.05,2.41,0.0
20220923:0810,148.28,194.05,18.88,15.57,2.9,0.0
20220923:0910,329.45,405.47,29.01,16.45,2.97,0.0
20220923:1010,621.65,778.97,37.83,17.97,2.55,0.0
20220923:1110,717.33,912.27,44.42,19.42,3.1,0.0
20220923:1210,775.07,992.69,47.63,20.53,3.72,0.0
20220923:1310,775.87,992.06,46.67,21.19,4.14,0.0
20220923:1410,634.37,795.89,41.79,21.53,4.69,0.0
20220923:1510,523.36,648.54,34.06,21.39,5.17,0.0
20220923:1610,385.06,478.51,24.55,21.07,5.52,0.0
20220923:1710,144.55,198.18,14.04,20.45,5.31,0.0
20220923:1810,2.77,12.0,3.05,19.59,4.9,0.0
20220923:1910,0.0,0.0,0.0,18.4,4.97,0.0
20220923:2010,0.0,0.0,0.0,17.75,4.55,0.0
20220923:2110,0.0,0.0,0.0,17.25,4.34,0.0
20220923:2210,0.0,0.0,0.0,16.72,4.07,0.0
20220923:2310,0.0,0.0,0.0,16.33,4.0,0.0
20220924:0010,0.0,0.0,0.0,16.01,4.07,0.0
20220924:0110,0.0,0.0,0.0,15.82,4.21,0.0
20220924:0210,0.0,0.0,0.0,15.5,4.76,0.0
20220924:0310,0.0,0.0,0.0,15.23,5.17,0.0
20220924:0410,0.0,0.0,0.0,14.99,5.38,0.0
20220924:0510,0.0,0.0,0.0,14.71,5.24,0.0
20220924:0610,0.0,0.0,0.0,14.45,5.03,0.0
20220924:0710,60.26,105.96,7.86,14.7,4.97,0.0
20220924:0810,254.6,320.44,18.67,15.06,5.45,0.0
20220924:0910,460.12,555.28,28.77,15.97,5.45,0.0
20220924:1010,540.14,655.36,37.55,17.14,5.59,0.0
20220924:1110,430.9,526.15,44.09,18.2,6.0,0.0
20220924:1210,661.39,814.56,47.25,19.02,6.28,0.0
20220924:1310,756.02,938.23,46.27,19.56,6.41,0.0
20220924:1410,651.04,800.9,41.4,19.87,6.62,0.0
20220924:1510,506.81,618.15,33.69,19.73,6.9,0.0
20220924:1610,413.1,506.09,24.2,19.21,6.9,0.0
20220924:1710,190.22,255.47,13.71,18.36,6.41,0.0
20220924:1810,5.14,19.18,2.72,17.28,6.07,0.0
20220924:1910,0.0,0.0,0.0,16.14,6.28,0.0
20220924:2010,0.0,0.0,0.0,15.27,5.79,0.0
20220924:2110,0.0,0.0,0.0,14.54,5.17,0.0
20220924:2210,0.0,0.0,0.0,13.98,4.9,0.0
20220924:2310,0.0,0.0,0.0,13.6,4.76,0.0
20220925:0010,0.0,0.0,0.0,13.35,4.76,0.0
20220925:0110,0.0,0.0,0.0,13.24,4.9,0.0
20220925:0210,0.0,0.0,0.0,13.21,5.03,0.0
20220925:0310,0.0,0.0,0.0,13.05,4.97,0.0
20220925:0410,0.0,0.0,0.0,12.85,4.76,0.0
20220925:0510,0.0,0.0,0.0,12.73,4.69,0.0
20220925:0610,0.0,0.0,0.0,12.63,4.76,0.0
20220925:0710,60.66,105.46,7.66,12.86,4.76,0.0
20220925:0810,274.87,343.23,18.45,13.55,5.03,0.0
20220925:0910,495.48,593.07,28.53,14.82,6.0,0.0
20220925:1010,648.6,784.32,37.26,16.2,6.0,0.0
20220925:1110,734.87,903.3,43.75,17.72,6.0,0.0
20220925:1210,722.52,894.1,46.87,18.8,6.0,0.0
20220925:1310,756.92,940.54,45.87,19.21,6.0,0.0
20220925:1410,729.94,902.9,41.01,19.39,6.07,0.0
20220925:1510,597.25,730.84,33.32,19.57,6.28,0.0
20220925:1610,418.68,514.48,23.85,19.41,6.28,0.0
20220925:1710,191.19,258.09,13.37,18.87,5.93,0.0
20220925:1810,3.72,15.96,2.39,17.82,5.66,0.0
20220925:1910,0.0,0.0,0.0,16.4,5.86,0.0
20220925:2010,0.0,0.0,0.0,15.44,6.07,0.0
20220925:2110,0.0,0.0,0.0,14.72,6.0,0.0
20220925:2210,0.0,0.0,0.0,14.19,5.79,0.0
20220925:2310,0.0,0.0,0.0,13.78,5.52,0.0
20220926:0010,0.0,0.0,0.0,13.39,5.31,0.0
20220926:0110,0.0,0.0,0.0,12.99,5.17,0.0
20220926:0210,0.0,0.0,0.0,12.65,5.17,0.0
20220926:0310,0.0,0.0,0.0,12.4,4.97,0.0
20220926:0410,0.0,0.0,0.0,12.13,4.55,0.0
20220926:0510,0.0,0.0,0.0,11.92,4.41,0.0
20220926:0610,0.0,0.0,0.0,11.74,4.48,0.0
20220926:0710,59.83,104.25,7.46,12.06,4.34,0.0
20220926:0810,275.04,343.64,18.23,13.25,4.34,0.0
20220926:0910,493.8,594.14,28.28,14.92,4.97,0.0
20220926:1010,653.83,798.31,36.98,16.66,4.9,0.0
20220926:1110,707.2,879.38,43.41,18.05,4.48,0.0
20220926:1210,394.19,488.02,46.49,19.29,4.48,0.0
20220926:1310,530.39,655.94,45.47,19.76,5.03,0.0
20220926:1410,676.45,837.71,40.62,19.86,5.72,0.0
20220926:1510,565.29,691.27,32.95,19.62,6.28,0.0
20220926:1610,407.41,499.61,23.5,18.94,6.34,0.0
20220926:1710,184.52,249.21,13.04,18.2,5.72,0.0
20220926:1810,1.44,9.23,2.07,17.27,5.17,0.0
20220926:1910,0.0,0.0,0.0,16.18,5.31,0.0
20220926:2010,0.0,0.0,0.0,15.32,4.76,0.0
20220926:2110,0.0,0.0,0.0,14.64,4.28,0.0
20220926:2210,0.0,0.0,0.0,14.12,3.66,0.0
20220926:2310,0.0,0.0,0.0,13.8,3.03,0.0
20220927:0010,0.0,0.0,0.0,13.64,2.55,0.0
20220927:0110,0.0,0.0,0.0,13.3,2.28,0.0
20220927:0210,0.0,0.0,0.0,13.31,2.14,0.0
20220927:0310,0.0,0.0,0.0,13.29,1.86,0.0
20220927:0410,0.0,0.0,0.0,13.31,1.79,0.0
20220927:0510,0.0,0.0,0.0,13.41,1.86,0.0
20220927:0610,0.0,0.0,0.0,13.23,1.93,0.0
20220927:0710,46.52,81.48,7.26,13.5,2.34,0.0
20220927:0810,262.34,332.07,18.02,14.88,3.1,0.0
20220927:0910,441.72,538.02,28.03,15.98,3.59,0.0
20220927:1010,564.34,690.63,36.69,17.13,4.21,0.0
20220927:1110,513.12,631.02,43.07,17.98,4.21,0.0
20220927:1210,640.56,797.25,46.11,18.82,4.34,0.0
20220927:1310,757.8,953.51,45.07,19.39,4.55,0.0
20220927:1410,686.59,853.99,40.23,19.82,5.1,0.0
20220927:1510,574.81,708.49,32.58,20.08,5.17,0.0
20220927:1610,388.76,481.72,23.15,19.92,4.97,0.0
20220927:1710,172.52,236.06,12.7,19.56,4.69,0.0
20220927:1810,0.62,7.38,1.74,18.65,4.55,0.0
20220927:1910,0.0,0.0,0.0,17.4,4.41,0.0
20220927:2010,0.0,0.0,0.0,16.69,4.21,0.0
20220927:2110,0.0,0.0,0.0,16.38,3.86,0.0
20220927:2210,0.0,0.0,0.0,16.04,3.31,0.0
20220927:2310,0.0,0.0,0.0,15.89,3.1,0.0
20220928:0010,0.0,0.0,0.0,15.73,3.17,0.0
20220928:0110,0.0,0.0,0.0,15.58,3.31,0.0
20220928:0210,0.0,0.0,0.0,15.57,3.52,0.0
20220928:0310,0.0,0.0,0.0,15.56,3.45,0.0
20220928:0410,0.0,0.0,0.0,15.33,3.03,0.0
20220928:0510,0.0,0.0,0.0,15.08,2.62,0.0
20220928:0610,0.0,0.0,0.0,14.91,2.34,0.0
20220928:0710,25.21,46.81,7.05,14.79,2.34,0.0
20220928:0810,74.75,105.93,17.8,15.22,2.97,0.0
20220928:0910,48.14,73.84,27.79,15.78,3.31,0.0
20220928:1010,120.19,159.69,36.4,16.09,3.86,0.0
20220928:1110,90.87,125.54,42.73,16.85,4.34,0.0
20220928:1210,295.69,366.08,45.72,17.43,4.69,0.0
20220928:1310,155.34,202.15,44.67,18.05,5.03,0.0
20220928:1410,171.72,221.43,39.84,18.25,4.97,0.0
20220928:1510,240.06,300.32,32.21,18.09,4.83,0.0
20220928:1610,154.61,200.22,22.81,17.37,4.83,0.0
20220928:1710,74.89,108.29,12.37,16.72,4.83,0.0
20220928:1810,0.0,1.85,1.41,16.1,4.28,0.0
20220928:1910,0.0,0.0,0.0,15.13,3.72,0.0
20220928:2010,0.0,0.0,0.0,14.84,3.31,0.0
20220928:2110,0.0,0.0,0.0,14.65,3.38,0.0
20220928:2210,0.0,0.0,0.0,14.61,2.97,0.0
20220928:2310,0.0,0.0,0.0,14.53,2.41,0.0
20220929:0010,0.0,0.0,0.0,14.42,2.69,0.0
20220929:0110,0.0,0.0,0.0,14.34,2.69,0.0
20220929:0210,0.0,0.0,0.0,14.36,2.34,0.0
20220929:0310,0.0,0.0,0.0,14.33,2.0,0.0
20220929:0410,0.0,0.0,0.0,14.3,2.55,0.0
20220929:0510,0.0,0.0,0.0,14.4,4.07,0.0
20220929:0610,0.0,0.0,0.0,14.68,5.66,0.0
20220929:0710,37.66,67.51,6.85,14.58,1.86,0.0
20220929:0810,72.7,103.25,17.58,14.75,3.38,0.0
20220929:0910,90.1,123.69,27.54,14.96,4.0,0.0
20220929:1010,66.61,96.0,36.1,15.26,3.86,0.0
20220929:1110,467.49,568.69,42.39,16.0,4.21,0.0
20220929:1210,510.08,623.13,45.34,16.89,4.55,0.0
20220929:1310,450.79,549.41,44.27,17.24,5.17,0.0
20220929:1410,421.83,510.63,39.45,16.57,5.79,0.0
20220929:1510,448.74,541.55,31.85,16.54,5.66,0.0
20220929:1610,176.68,224.87,22.46,16.66,5.45,0.0
20220929:1710,118.64,163.95,12.04,16.33,4.62,0.0
20220929:1810,0.0,0.0,0.0,15.73,4.14,0.0
20220929:1910,0.0,0.0,0.0,15.16,4.07,0.0
20220929:2010,0.0,0.0,0.0,14.54,3.79,0.0
20220929:2110,0.0,0.0,0.0,14.14,4.21,0.0
20220929:2210,0.0,0.0,0.0,13.86,3.72,0.0
20220929:2310,0.0,0.0,0.0,13.37,3.45,0.0
20220930:0010,0.0,0.0,0.0,13.01,3.1,0.0
20220930:0110,0.0,0.0,0.0,12.63,2.83,0.0
20220930:0210,0.0,0.0,0.0,12.3,2.48,0.0
20220930:0310,0.0,0.0,0.0,12.02,2.41,0.0
20220930:0410,0.0,0.0,0.0,11.83,2.48,0.0
20220930:0510,0.0,0.0,0.0,11.66,2.48,0.0
20220930:0610,0.0,0.0,0.0,11.31,2.41,0.0
20220930:0710,51.81,91.86,6.65,11.87,2.48,0.0
20220930:0810,263.75,332.17,17.36,13.36,2.48,0.0
20220930:0910,469.13,570.8,27.29,14.62,2.83,0.0
20220930:1010,627.8,774.42,35.81,15.59,2.9,0.0
20220930:1110,707.01,892.22,42.05,16.41,2.41,0.0
20220930:1210,631.48,796.35,44.96,17.34,2.28,0.0
20220930:1310,336.0,418.53,43.88,17.7,2.34,0.0
20220930:1410,663.18,830.96,39.07,17.98,3.1,0.0
20220930:1510,473.5,580.77,31.48,17.81,3.72,0.0
20220930:1610,192.29,244.26,22.11,17.08,3.72,0.0
20220930:1710,60.03,89.79,11.71,16.46,3.31,0.0
20220930:1810,0.0,0.0,0.0,15.85,2.55,0.0
20220930:1910,0.0,0.0,0.0,14.98,2.48,0.0
20220930:2010,0.0,0.0,0.0,14.43,1.86,0.0
20220930:2110,0.0,0.0,0.0,13.62,1.38,0.0
20220930:2210,0.0,0.0,0.0,13.61,1.03,0.0
20220930:2310,0.0,0.0,0.0,13.18,1.17,0.0
20221001:0010,0.0,0.0,0.0,12.61,1.31,0.0
20221001:0110,0.0,0.0,0.0,11.68,1.52,0.0
20221001:0210,0.0,0.0,0.0,10.8,1.59,0.0
20221001:0310,0.0,0.0,0.0,10.62,1.59,0.0
20221001:0410,0.0,0.0,0.0,10.5,1.86,0.0
20221001:0510,0.0,0.0,0.0,10.67,2.0,0.0
20221001:0610,0.0,0.0,0.0,10.83,2.0,0.0
20221001:0710,36.25,65.01,6.44,11.6,2.14,0.0
20221001:0810,110.67,147.77,17.13,13.08,2.21,0.0
20221001:0910,198.08,250.36,27.03,15.36,1.86,0.0
20221001:1010,438.2,547.9,35.52,17.25,1.17,0.0
20221001:1110,641.11,848.42,41.71,18.56,0.14,0.0
20221001:1210,694.86,915.83,44.58,19.37,0.97,0.0
20221001:1310,736.0,964.83,43.48,19.89,1.66,0.0
20221001:1410,675.74,867.94,38.68,19.97,2.14,0.0
20221001:1510,555.77,699.34,31.12,19.89,2.41,0.0
20221001:1610,377.16,473.16,21.77,19.44,2.41,0.0
20221001:1710,150.04,208.7,11.38,18.76,2.14,0.0
20221001:1810,0.0,0.0,0.0,17.81,1.72,0.0
20221001:1910,0.0,0.0,0.0,16.65,1.59,0.0
20221001:2010,0.0,0.0,0.0,15.52,1.66,0.0
20221001:2110,0.0,0.0,0.0,14.61,1.86,0.0
20221001:2210,0.0,0.0,0.0,13.92,2.14,0.0
20221001:2310,0.0,0.0,0.0,13.62,2.21,0.0
20221002:0010,0.0,0.0,0.0,13.26,2.0,0.0
20221002:0110,0.0,0.0,0.0,12.82,1.93,0.0
20221002:0210,0.0,0.0,0.0,12.91,2.07,0.0
20221002:0310,0.0,0.0,0.0,13.01,2.34,0.0
20221002:0410,0.0,0.0,0.0,13.02,2.55,0.0
20221002:0510,0.0,0.0,0.0,13.07,2.62,0.0
20221002:0610,0.0,0.0,0.0,13.05,2.76,0.0
20221002:0710,48.23,86.4,6.23,12.91,2.62,0.0
20221002:0810,236.33,298.83,16.91,13.87,2.69,0.0
20221002:0910,464.25,568.55,26.78,15.4,2.48,0.0
20221002:1010,609.28,765.49,35.22,17.32,2.0,0.0
20221002:1110,693.33,902.36,41.36,19.6,1.52,0.0
20221002:1210,722.14,958.11,44.19,21.53,1.45,0.0
20221002:1310,717.32,955.32,43.08,22.71,1.52,0.0
20221002:1410,651.55,850.94,38.29,23.22,2.0,0.0
20221002:1510,520.76,664.3,30.75,23.33,2.55,0.0
20221002:1610,283.05,362.71,21.43,23.2,2.76,0.0
20221002:1710,135.52,193.1,11.05,22.71,2.41,0.0
20221002:1810,0.0,0.0,0.0,21.84,2.28,0.0
20221002:1910,0.0,0.0,0.0,20.63,2.48,0.0
20221002:2010,0.0,0.0,0.0,19.43,2.41,0.0
20221002:2110,0.0,0.0,0.0,18.09,2.34,0.0
20221002:2210,0.0,0.0,0.0,16.76,2.41,0.0
20221002:2310,0.0,0.0,0.0,15.71,2.55,0.0
20221003:0010,0.0,0.0,0.0,15.05,2.55,0.0
20221003:0110,0.0,0.0,0.0,14.59,2.62,0.0
20221003:0210,0.0,0.0,0.0,14.25,2.55,0.0
20221003:0310,0.0,0.0,0.0,13.99,2.55,0.0
20221003:0410,0.0,0.0,0.0,13.81,2.62,0.0
20221003:0510,0.0,0.0,0.0,13.65,2.62,0.0
20221003:0610,0.0,0.0,0.0,13.52,2.55,0.0
20221003:0710,35.07,64.44,6.03,13.65,2.34,0.0
20221003:0810,236.86,303.15,16.68,15.55,1.72,0.0
20221003:0910,440.23,559.8,26.52,20.25,1.03,0.0
20221003:1010,572.5,749.28,34.92,22.57,0.9,0.0
20221003:1110,681.38,904.86,41.02,23.36,1.45,0.0
20221003:1210,725.42,966.96,43.81,23.56,1.79,0.0
20221003:1310,726.62,964.17,42.69,23.53,2.0,0.0
20221003:1410,654.05,851.85,37.91,23.28,2.21,0.0
20221003:1510,516.31,658.11,30.39,22.41,2.14,0.0
20221003:1610,322.97,412.11,21.08,21.77,1.79,0.0
20221003:1710,117.68,168.2,10.72,20.35,1.24,0.0
20221003:1810,0.0,0.0,0.0,19.05,0.55,0.0
20221003:1910,0.0,0.0,0.0,17.92,0.62,0.0
20221003:2010,0.0,0.0,0.0,17.19,0.21,0.0
20221003:2110,0.0,0.0,0.0,16.77,0.48,0.0
20221003:2210,0.0,0.0,0.0,16.46,0.41,0.0
20221003:2310,0.0,0.0,0.0,16.21,0.55,0.0
20221004:0010,0.0,0.0,0.0,15.29,0.97,0.0
20221004:0110,0.0,0.0,0.0,14.99,1.1,0.0
20221004:0210,0.0,0.0,0.0,14.71,1.03,0.0
20221004:0310,0.0,0.0,0.0,15.5,0.48,0.0
20221004:0410,0.0,0.0,0.0,15.42,0.14,0.0
20221004:0510,0.0,0.0,0.0,15.46,0.62,0.0
20221004:0610,0.0,0.0,0.0,14.53,1.03,0.0
20221004:0710,37.59,69.85,5.82,15.21,0.48,0.0
20221004:0810,238.15,308.29,16.46,15.61,0.0,0.0
20221004:0910,449.89,564.49,26.27,17.26,0.97,0.0
20221004:1010,594.39,760.71,34.63,17.8,0.9,0.0
20221004:1110,684.53,902.86,40.67,18.67,0.62,0.0
20221004:1210,733.42,966.4,43.43,19.69,1.38,0.0
20221004:1310,737.97,962.32,42.29,20.05,2.0,0.0
20221004:1410,670.31,863.7,37.53,20.05,1.93,0.0
20221004:1510,538.1,682.34,30.03,20.05,1.72,0.0
20221004:1610,358.59,453.43,20.74,19.86,1.72,0.0
20221004:1710,135.23,190.84,10.39,19.16,1.66,0.0
20221004:1810,0.0,0.0,0.0,18.01,1.52,0.0
20221004:1910,0.0,0.0,0.0,16.99,1.59,0.0
20221004:2010,0.0,0.0,0.0,15.68,1.03,0.0
20221004:2110,0.0,0.0,0.0,16.06,0.41,0.0
20221004:2210,0.0,0.0,0.0,15.88,0.48,0.0
20221004:2310,0.0,0.0,0.0,15.67,0.41,0.0
20221005:0010,0.0,0.0,0.0,15.48,0.34,0.0
20221005:0110,0.0,0.0,0.0,15.39,0.41,0.0
20221005:0210,0.0,0.0,0.0,15.01,0.21,0.0
20221005:0310,0.0,0.0,0.0,14.41,0.14,0.0
20221005:0410,0.0,0.0,0.0,14.0,0.62,0.0
20221005:0510,0.0,0.0,0.0,14.12,0.62,0.0
20221005:0610,0.0,0.0,0.0,13.97,0.55,0.0
20221005:0710,32.79,62.87,5.61,14.41,0.48,0.0
20221005:0810,239.45,307.84,16.23,14.69,0.34,0.0
20221005:0910,446.24,557.38,26.01,16.17,0.83,0.0
20221005:1010,593.48,766.31,34.33,17.47,0.34,0.0
20221005:1110,668.92,882.05,40.33,18.68,0.48,0.0
20221005:1210,715.27,942.64,43.05,19.36,1.1,0.0
20221005:1310,691.13,895.99,41.9,19.79,1.79,0.0
20221005:1410,601.49,760.99,37.14,19.95,2.55,0.0
20221005:1510,488.63,607.76,29.67,19.78,3.1,0.0
20221005:1610,364.68,455.95,20.4,19.79,3.38,0.0
20221005:1710,132.95,188.02,10.07,19.64,3.52,0.0
20221005:1810,0.0,0.0,0.0,18.81,3.72,0.0
20221005:1910,0.0,0.0,0.0,17.95,4.07,0.0
20221005:2010,0.0,0.0,0.0,17.71,4.62,0.0
20221005:2110,0.0,0.0,0.0,17.51,4.97,0.0
20221005:2210,0.0,0.0,0.0,17.49,5.1,0.0
20221005:2310,0.0,0.0,0.0,17.36,5.1,0.0
20221006:0010,0.0,0.0,0.0,17.12,5.03,0.0
20221006:0110,0.0,0.0,0.0,16.84,4.97,0.0
20221006:0210,0.0,0.0,0.0,16.48,4.9,0.0
20221006:0310,0.0,0.0,0.0,16.13,4.76,0.0
20221006:0410,0.0,0.0,0.0,15.81,4.55,0.0
20221006:0510,0.0,0.0,0.0,15.52,4.21,0.0
20221006:0610,0.0,0.0,0.0,15.26,3.93,0.0
20221006:0710,12.14,27.96,5.4,15.38,3.38,0.0
20221006:0810,164.8,214.7,16.0,16.22,3.1,0.0
20221006:0910,349.08,432.65,25.75,18.34,2.76,0.0
20221006:1010,557.29,705.25,34.03,20.59,2.28,0.0
20221006:1110,642.96,840.03,39.98,22.41,1.66,0.0
20221006:1210,680.01,911.62,42.67,23.62,1.1,0.0
20221006:1310,681.05,922.23,41.51,24.29,0.83,0.0
20221006:1410,599.99,792.17,36.76,24.45,1.24,0.0
20221006:1510,465.11,597.93,29.31,24.26,1.79,0.0
20221006:1610,308.29,397.21,20.07,23.76,1.93,0.0
20221006:1710,121.59,176.95,9.75,22.93,1.66,0.0
20221006:1810,0.0,0.0,0.0,21.91,1.17,0.0
20221006:1910,0.0,0.0,0.0,20.22,0.83,0.0
20221006:2010,0.0,0.0,0.0,19.47,1.03,0.0
20221006:2110,0.0,0.0,0.0,17.82,1.59,0.0
20221006:2210,0.0,0.0,0.0,16.94,1.79,0.0
20221006:2310,0.0,0.0,0.0,16.21,1.86,0.0
20221007:0010,0.0,0.0,0.0,15.42,2.0,0.0
20221007:0110,0.0,0.0,0.0,14.73,2.14,0.0
20221007:0210,0.0,0.0,0.0,14.27,2.14,0.0
20221007:0310,0.0,0.0,0.0,13.88,1.93,0.0
20221007:0410,0.0,0.0,0.0,14.31,1.52,0.0
20221007:0510,0.0,0.0,0.0,14.47,1.31,0.0
20221007:0610,0.0,0.0,0.0,14.21,1.38,0.0
20221007:0710,25.83,51.51,5.19,13.33,1.59,0.0
20221007:0810,209.0,269.97,15.77,15.6,0.9,0.0
20221007:0910,410.91,521.74,25.49,19.21,0.55,0.0
20221007:1010,559.7,736.99,33.73,20.96,0.07,0.0
20221007:1110,663.42,891.32,39.64,22.17,0.48,0.0
20221007:1210,717.06,952.34,42.29,22.82,1.66,0.0
20221007:1310,727.94,952.41,41.12,22.82,2.55,0.0
20221007:1410,656.94,845.97,36.39,22.71,2.76,0.0
20221007:1510,519.4,659.5,28.95,22.75,2.62,0.0
20221007:1610,337.67,430.69,19.73,22.7,2.55,0.0
20221007:1710,116.96,169.94,9.43,22.25,2.83,0.0
20221007:1810,0.0,0.0,0.0,21.15,3.38,0.0
20221007:1910,0.0,0.0,0.0,19.55,4.0,0.0
20221007:2010,0.0,0.0,0.0,18.86,4.07,0.0
20221007:2110,0.0,0.0,0.0,18.33,4.0,0.0
20221007:2210,0.0,0.0,0.0,17.77,3.93,0.0
20221007:2310,0.0,0.0,0.0,17.19,4.0,0.0
20221008:0010,0.0,0.0,0.0,16.72,3.93,0.0
20221008:0110,0.0,0.0,0.0,16.37,4.07,0.0
20221008:0210,0.0,0.0,0.0,16.2,4.14,0.0
20221008:0310,0.0,0.0,0.0,16.08,4.14,0.0
20221008:0410,0.0,0.0,0.0,15.98,4.07,0.0
20221008:0510,0.0,0.0,0.0,15.83,3.86,0.0
20221008:0610,0.0,0.0,0.0,15.64,3.66,0.0
20221008:0710,27.49,54.79,4.97,15.14,3.1,0.0
20221008:0810,239.61,305.96,15.54,16.08,2.83,0.0
20221008:0910,442.88,548.6,25.23,18.23,2.62,0.0
20221008:1010,593.05,756.08,33.42,20.24,1.86,0.0
20221008:1110,666.59,884.4,39.29,21.96,0.97,0.0
20221008:1210,689.97,945.34,41.91,23.11,0.28,0.0
20221008:1310,703.28,938.92,40.73,23.54,1.45,0.0
20221008:1410,644.47,839.35,36.01,23.29,2.07,0.0
20221008:1510,507.11,647.13,28.6,22.76,2.07,0.0
20221008:1610,328.51,420.13,19.4,22.21,1.86,0.0
20221008:1710,108.56,159.0,9.11,21.38,1.24,0.0
20221008:1810,0.0,0.0,0.0,20.46,0.48,0.0
20221008:1910,0.0,0.0,0.0,19.02,0.83,0.0
20221008:2010,0.0,0.0,0.0,17.7,1.24,0.0
20221008:2110,0.0,0.0,0.0,16.79,1.31,0.0
20221008:2210,0.0,0.0,0.0,16.0,1.38,0.0
20221008:2310,0.0,0.0,0.0,14.83,1.72,0.0
20221009:0010,0.0,0.0,0.0,14.42,1.72,0.0
20221009:0110,0.0,0.0,0.0,13.95,1.79,0.0
20221009:0210,0.0,0.0,0.0,13.23,2.07,0.0
20221009:0310,0.0,0.0,0.0,12.91,2.07,0.0
20221009:0410,0.0,0.0,0.0,12.87,1.93,0.0
20221009:0510,0.0,0.0,0.0,12.89,1.86,0.0
20221009:0610,0.0,0.0,0.0,13.5,1.72,0.0
20221009:0710,0.29,6.46,4.76,13.88,1.66,0.0
20221009:0810,145.69,191.4,15.31,15.23,2.07,0.0
20221009:0910,136.66,178.96,24.96,16.01,2.41,0.0
20221009:1010,216.39,273.13,33.12,16.72,2.34,0.0
20221009:1110,311.55,386.72,38.95,17.62,2.97,0.0
20221009:1210,408.83,503.25,41.53,18.07,3.93,0.0
20221009:1310,129.36,171.69,40.34,17.87,4.07,0.0
20221009:1410,251.19,314.0,35.63,17.56,3.52,0.0
20221009:1510,122.38,163.1,28.24,17.43,3.45,0.0
20221009:1610,53.82,81.23,19.07,17.14,3.45,0.0
20221009:1710,51.69,80.68,8.8,16.61,3.38,0.0
20221009:1810,0.0,0.0,0.0,15.98,3.17,0.0
20221009:1910,0.0,0.0,0.0,15.38,3.03,0.0
20221009:2010,0.0,0.0,0.0,15.12,2.9,0.0
20221009:2110,0.0,0.0,0.0,14.84,3.24,0.0
20221009:2210,0.0,0.0,0.0,14.84,3.66,0.0
20221009:2310,0.0,0.0,0.0,14.91,4.14,0.0
20221010:0010,0.0,0.0,0.0,15.07,4.34,0.0
20221010:0110,0.0,0.0,0.0,15.21,4.55,0.0
20221010:0210,0.0,0.0,0.0,15.28,4.28,0.0
20221010:0310,0.0,0.0,0.0,15.33,4.14,0.0
20221010:0410,0.0,0.0,0.0,15.39,4.21,0.0
20221010:0510,0.0,0.0,0.0,15.45,4.34,0.0
20221010:0610,0.0,0.0,0.0,15.44,4.41,0.0
20221010:0710,27.34,56.04,4.55,16.0,3.59,0.0
20221010:0810,84.27,117.94,15.07,16.06,3.24,0.0
20221010:0910,54.74,82.15,24.7,16.43,2.97,0.0
20221010:1010,146.43,191.31,32.82,16.91,2.62,0.0
20221010:1110,263.8,331.16,38.6,17.85,2.34,0.0
20221010:1210,171.51,222.91,41.16,18.41,2.07,0.0
20221010:1310,35.7,59.08,39.96,18.68,2.07,0.0
20221010:1410,29.32,50.77,35.26,18.48,2.21,0.0
20221010:1510,169.88,220.4,27.89,18.46,1.79,0.0
20221010:1610,74.74,107.29,18.74,18.28,1.59,0.0
20221010:1710,32.69,55.81,8.48,17.54,1.79,0.0
20221010:1810,0.0,0.0,0.0,16.8,1.17,0.0
20221010:1910,0.0,0.0,0.0,16.87,1.38,0.0
20221010:2010,0.0,0.0,0.0,16.63,1.52,0.0
20221010:2110,0.0,0.0,0.0,16.5,1.79,0.0
20221010:2210,0.0,0.0,0.0,16.45,1.79,0.0
20221010:2310,0.0,0.0,0.0,16.23,1.66,0.0
20221011:0010,0.0,0.0,0.0,16.02,2.0,0.0
20221011:0110,0.0,0.0,0.0,15.64,2.41,0.0
20221011:0210,0.0,0.0,0.0,15.29,2.55,0.0
20221011:0310,0.0,0.0,0.0,15.05,2.34,0.0
20221011:0410,0.0,0.0,0.0,14.58,2.28,0.0
20221011:0510,0.0,0.0,0.0,14.24,2.41,0.0
20221011:0610,0.0,0.0,0.0,14.12,2.62,0.0
20221011:0710,25.04,51.7,4.33,13.58,2.55,0.0
20221011:0810,245.44,310.94,14.84,14.45,2.83,0.0
20221011:0910,455.87,558.46,24.44,16.15,2.76,0.0
20221011:1010,600.08,751.36,32.51,18.1,2.41,0.0
20221011:1110,0.0,0.0,0.0,19.88,1.86,0.0
20221011:1210,715.44,946.99,40.78,21.07,1.31,0.0
20221011:1310,719.42,945.14,39.57,21.71,1.86,0.0
20221011:1410,652.51,842.43,34.89,21.93,2.21,0.0
20221011:1510,516.16,653.45,27.55,22.01,2.48,0.0
20221011:1610,334.17,424.6,18.41,21.88,2.69,0.0
20221011:1710,109.78,161.37,8.17,21.44,2.76,0.0
20221011:1810,0.0,0.0,0.0,20.33,3.17,0.0
20221011:1910,0.0,0.0,0.0,19.35,2.41,0.0
20221011:2010,0.0,0.0,0.0,18.51,2.83,0.0
20221011:2110,0.0,0.0,0.0,17.89,3.03,0.0
20221011:2210,0.0,0.0,0.0,17.35,3.03,0.0
20221011:2310,0.0,0.0,0.0,16.75,3.03,0.0
20221012:0010,0.0,0.0,0.0,16.18,3.1,0.0
20221012:0110,0.0,0.0,0.0,15.67,3.03,0.0
20221012:0210,0.0,0.0,0.0,15.3,2.97,0.0
20221012:0310,0.0,0.0,0.0,15.0,2.97,0.0
20221012:0410,0.0,0.0,0.0,14.86,2.9,0.0
20221012:0510,0.0,0.0,0.0,14.68,3.1,0.0
20221012:0610,0.0,0.0,0.0,14.6,3.38,0.0
20221012:0710,22.81,48.65,4.12,14.92,3.03,0.0
20221012:0810,245.78,312.8,14.6,15.59,3.03,0.0
20221012:0910,450.3,553.0,24.17,17.08,3.03,0.0
20221012:1010,600.0,750.49,32.21,18.48,2.69,0.0
20221012:1110,0.0,0.0,0.0,19.76,2.76,0.0
20221012:1210,737.47,959.13,40.41,20.81,2.34,0.0
20221012:1310,729.0,957.16,39.19,21.74,2.0,0.0
20221012:1410,654.13,840.86,34.52,22.14,2.62,0.0
20221012:1510,524.28,656.5,27.2,21.99,3.79,0.0
20221012:1610,334.09,421.82,18.09,21.61,3.72,0.0
20221012:1710,122.65,178.73,7.87,20.94,3.38,0.0
20221012:1810,0.0,0.0,0.0,19.55,3.86,0.0
20221012:1910,0.0,0.0,0.0,17.92,3.24,0.0
20221012:2010,0.0,0.0,0.0,17.11,3.24,0.0
20221012:2110,0.0,0.0,0.0,16.46,2.9,0.0
20221012:2210,0.0,0.0,0.0,15.89,3.24,0.0
20221012:2310,0.0,0.0,0.0,15.4,3.03,0.0
20221013:0010,0.0,0.0,0.0,14.96,2.21,0.0
20221013:0110,0.0,0.0,0.0,14.47,2.21,0.0
20221013:0210,0.0,0.0,0.0,14.22,2.34,0.0
20221013:0310,0.0,0.0,0.0,13.89,2.0,0.0
20221013:0410,0.0,0.0,0.0,13.61,1.79,0.0
20221013:0510,0.0,0.0,0.0,13.48,1.79,0.0
20221013:0610,0.0,0.0,0.0,13.55,1.93,0.0
20221013:0710,6.76,19.39,3.9,14.18,1.66,0.0
20221013:0810,174.72,226.53,14.37,14.66,1.45,0.0
20221013:0910,423.66,525.93,23.9,15.71,0.97,0.0
20221013:1010,524.71,669.83,31.91,17.03,0.21,0.0
20221013:1110,599.76,772.73,37.57,18.14,0.76,0.0
20221013:1210,573.54,725.76,40.03,18.8,1.93,0.0
20221013:1310,645.56,819.5,38.81,18.93,2.34,0.0
20221013:1410,584.33,734.27,34.16,18.92,2.41,0.0
20221013:1510,432.49,537.31,26.86,18.92,2.34,0.0
20221013:1610,186.99,240.78,17.77,18.46,2.07,0.0
20221013:1710,26.45,47.66,7.56,18.07,1.72,0.0
20221013:1810,0.0,0.0,0.0,17.59,1.1,0.0
20221013:1910,0.0,0.0,0.0,17.06,0.76,0.0
20221013:2010,0.0,0.0,0.0,16.85,0.48,0.0
20221013:2110,0.0,0.0,0.0,16.79,0.76,0.0
20221013:2210,0.0,0.0,0.0,16.74,1.31,0.0
20221013:2310,0.0,0.0,0.0,16.7,1.17,0.0
20221014:0010,0.0,0.0,0.0,16.55,0.97,0.0
20221014:0110,0.0,0.0,0.0,16.37,0.83,0.0
20221014:0210,0.0,0.0,0.0,16.28,0.69,0.0
20221014:0310,0.0,0.0,0.0,16.25,0.62,0.0
20221014:0410,0.0,0.0,0.0,16.18,0.69,0.0
20221014:0510,0.0,0.0,0.0,15.84,0.9,0.0
20221014:0610,0.0,0.0,0.0,15.75,0.97,0.0
20221014:0710,6.76,19.56,3.68,16.01,0.28,0.0
20221014:0810,91.09,127.12,14.13,16.28,0.28,0.0
20221014:0910,104.67,142.98,23.64,17.1,0.21,0.0
20221014:1010,285.67,359.63,31.6,17.84,0.83,0.0
20221014:1110,379.04,474.35,37.23,18.51,1.59,0.0
20221014:1210,532.98,668.96,39.66,19.08,2.41,0.0
20221014:1310,449.11,558.17,38.44,19.31,3.1,0.0
20221014:1410,364.59,451.31,33.79,18.97,3.38,0.0
20221014:1510,226.46,285.64,26.52,18.56,3.1,0.0
20221014:1610,136.06,179.82,17.45,18.07,2.62,0.0
20221014:1710,36.85,62.05,7.26,17.41,1.93,0.0
20221014:1810,0.0,0.0,0.0,16.76,1.52,0.0
20221014:1910,0.0,0.0,0.0,16.27,1.1,0.0
20221014:2010,0.0,0.0,0.0,15.63,0.9,0.0
20221014:2110,0.0,0.0,0.0,15.2,1.31,0.0
20221014:2210,0.0,0.0,0.0,15.18,1.72,0.0
20221014:2310,0.0,0.0,0.0,15.04,1.93,0.0
20221015:0010,0.0,0.0,0.0,14.85,2.0,0.0
20221015:0110,0.0,0.0,0.0,14.8,2.07,0.0
20221015:0210,0.0,0.0,0.0,14.7,2.14,0.0
20221015:0310,0.0,0.0,0.0,14.72,2.21,0.0
20221015:0410,0.0,0.0,0.0,14.7,2.34,0.0
20221015:0510,0.0,0.0,0.0,14.75,2.55,0.0
20221015:0610,0.0,0.0,0.0,14.86,2.69,0.0
20221015:0710,9.84,26.01,3.46,15.38,3.24,0.0
20221015:0810,100.41,137.28,13.89,15.77,3.66,0.0
20221015:0910,219.2,273.67,23.37,16.3,3.93,0.0
20221015:1010,146.6,190.71,31.3,16.83,4.34,0.0
20221015:1110,157.32,203.71,36.88,17.23,4.62,0.0
20221015:1210,215.89,272.25,39.29,17.69,4.9,0.0
20221015:1310,88.21,122.77,38.06,17.71,4.83,0.0
20221015:1410,150.98,196.41,33.43,17.83,5.45,0.0
20221015:1510,124.01,164.59,26.18,17.65,5.45,0.0
20221015:1610,76.98,109.17,17.13,17.49,5.17,0.0
20221015:1710,33.23,57.06,6.96,16.94,4.9,0.0
20221015:1810,0.0,0.0,0.0,16.58,4.76,0.0
20221015:1910,0.0,0.0,0.0,16.33,5.1,0.0
20221015:2010,0.0,0.0,0.0,16.21,5.1,0.0
20221015:2110,0.0,0.0,0.0,16.16,4.9,0.0
20221015:2210,0.0,0.0,0.0,16.16,4.62,0.0
20221015:2310,0.0,0.0,0.0,16.08,4.62,0.0
20221016:0010,0.0,0.0,0.0,16.09,4.62,0.0
20221016:0110,0.0,0.0,0.0,16.12,5.31,0.0
20221016:0210,0.0,0.0,0.0,16.16,5.45,0.0
20221016:0310,0.0,0.0,0.0,16.28,5.66,0.0
20221016:0410,0.0,0.0,0.0,16.23,6.28,0.0
20221016:0510,0.0,0.0,0.0,16.24,6.62,0.0
20221016:0610,0.0,0.0,0.0,16.29,6.83,0.0
20221016:0710,7.3,21.44,3.24,16.62,7.72,0.0
20221016:0810,33.26,55.38,13.65,16.76,7.79,0.0
20221016:0910,111.27,148.82,23.1,16.8,7.59,0.0
20221016:1010,36.1,59.08,30.99,17.13,7.45,0.0
20221016:1110,52.4,79.38,36.54,17.33,7.31,0.0
20221016:1210,29.55,50.77,38.92,17.5,7.52,0.0
20221016:1310,47.9,73.84,37.69,17.3,7.31,0.0
20221016:1410,27.49,48.0,33.08,17.0,6.83,0.0
20221016:1510,19.87,37.85,25.84,16.83,6.62,0.0
20221016:1610,85.26,118.54,16.82,16.62,5.38,0.0
20221016:1710,0.27,6.46,6.67,16.47,4.62,0.0
20221016:1810,0.0,0.0,0.0,16.25,4.21,0.0
20221016:1910,0.0,0.0,0.0,16.1,5.24,0.0
20221016:2010,0.0,0.0,0.0,15.98,4.76,0.0
20221016:2110,0.0,0.0,0.0,15.79,4.07,0.0
20221016:2210,0.0,0.0,0.0,15.64,3.79,0.0
20221016:2310,0.0,0.0,0.0,15.5,4.14,0.0
20221017:0010,0.0,0.0,0.0,15.58,4.34,0.0
20221017:0110,0.0,0.0,0.0,15.57,4.28,0.0
20221017:0210,0.0,0.0,0.0,15.49,3.86,0.0
20221017:0310,0.0,0.0,0.0,15.42,3.52,0.0
20221017:0410,0.0,0.0,0.0,15.47,3.45,0.0
20221017:0510,0.0,0.0,0.0,15.53,3.38,0.0
20221017:0610,0.0,0.0,0.0,15.57,3.1,0.0
20221017:0710,0.0,2.77,3.02,16.27,3.93,0.0
20221017:0810,34.0,56.31,13.41,16.38,3.93,0.0
20221017:0910,259.18,320.74,22.83,16.77,3.86,0.0
20221017:1010,289.22,357.3,30.69,17.66,4.07,0.0
20221017:1110,100.3,137.54,36.2,18.38,4.62,0.0
20221017:1210,211.95,268.93,38.56,18.73,4.76,0.0
20221017:1310,394.6,484.85,37.32,19.08,5.03,0.0
20221017:1410,291.31,361.68,32.72,19.36,5.03,0.0
20221017:1510,214.54,270.21,25.51,18.53,4.9,0.0
20221017:1610,137.95,181.75,16.51,18.54,4.69,0.0
20221017:1710,48.43,78.84,6.38,18.24,3.86,0.0
20221017:1810,0.0,0.0,0.0,17.69,3.24,0.0
20221017:1910,0.0,0.0,0.0,17.55,3.31,0.0
20221017:2010,0.0,0.0,0.0,17.18,3.1,0.0
20221017:2110,0.0,0.0,0.0,16.82,3.17,0.0
20221017:2210,0.0,0.0,0.0,16.34,3.1,0.0
20221017:2310,0.0,0.0,0.0,15.7,2.9,0.0
20221018:0010,0.0,0.0,0.0,15.16,2.76,0.0
20221018:0110,0.0,0.0,0.0,14.97,2.69,0.0
20221018:0210,0.0,0.0,0.0,15.0,2.62,0.0
20221018:0310,0.0,0.0,0.0,15.48,3.17,0.0
20221018:0410,0.0,0.0,0.0,15.83,3.86,0.0
20221018:0510,0.0,0.0,0.0,15.98,4.41,0.0
20221018:0610,0.0,0.0,0.0,16.26,4.9,0.0
20221018:0710,3.82,14.9,2.8,17.8,6.14,0.0
20221018:0810,92.27,128.6,13.17,18.39,7.31,0.0
20221018:0910,376.9,458.58,22.56,19.04,7.79,0.0
20221018:1010,345.19,421.16,30.38,19.4,8.62,0.0
20221018:1110,123.7,165.23,35.86,19.43,9.66,0.0
20221018:1210,161.43,209.34,38.2,19.3,8.69,0.0
20221018:1310,207.85,262.92,36.95,19.24,8.69,0.0
20221018:1410,313.6,384.89,32.37,19.34,8.21,0.0
20221018:1510,21.68,40.61,25.18,18.96,8.07,0.0
20221018:1610,26.62,47.08,16.21,18.26,8.48,0.0
20221018:1710,8.27,21.23,6.09,17.61,7.93,0.0
20221018:1810,0.0,0.0,0.0,16.96,6.83,0.0
20221018:1910,0.0,0.0,0.0,17.16,6.83,0.0
20221018:2010,0.0,0.0,0.0,16.92,6.62,0.0
20221018:2110,0.0,0.0,0.0,16.93,6.83,0.0
20221018:2210,0.0,0.0,0.0,16.9,7.03,0.0
20221018:2310,0.0,0.0,0.0,16.21,6.55,0.0
20221019:0010,0.0,0.0,0.0,15.89,5.52,0.0
20221019:0110,0.0,0.0,0.0,16.11,5.86,0.0
20221019:0210,0.0,0.0,0.0,16.5,6.21,0.0
20221019:0310,0.0,0.0,0.0,16.67,6.41,0.0
20221019:0410,0.0,0.0,0.0,16.37,7.1,0.0
20221019:0510,0.0,0.0,0.0,16.22,8.62,0.0
20221019:0610,0.0,0.0,0.0,16.02,10.62,0.0
20221019:0710,8.25,24.49,2.58,16.15,8.97,0.0
20221019:0810,80.98,113.38,12.93,15.35,10.0,0.0
20221019:0910,105.98,141.77,22.29,15.22,7.1,0.0
20221019:1010,375.06,451.14,30.08,15.87,6.48,0.0
20221019:1110,497.95,599.6,35.52,16.59,6.41,0.0
20221019:1210,89.49,123.69,37.83,16.92,6.76,0.0
20221019:1310,462.59,557.41,36.59,17.04,7.03,0.0
20221019:1410,472.79,565.5,32.02,15.98,7.1,0.0
20221019:1510,395.94,473.39,24.86,15.76,7.45,0.0
20221019:1610,218.73,271.05,15.9,14.82,6.97,0.0
20221019:1710,27.55,49.32,5.8,14.53,6.14,0.0
20221019:1810,0.0,0.0,0.0,14.33,6.55,0.0
20221019:1910,0.0,0.0,0.0,14.18,5.72,0.0
20221019:2010,0.0,0.0,0.0,14.31,6.55,0.0
20221019:2110,0.0,0.0,0.0,14.19,7.1,0.0
20221019:2210,0.0,0.0,0.0,14.13,6.76,0.0
20221019:2310,0.0,0.0,0.0,14.12,6.83,0.0
20221020:0010,0.0,0.0,0.0,13.91,7.72,0.0
20221020:0110,0.0,0.0,0.0,13.97,8.14,0.0
20221020:0210,0.0,0.0,0.0,14.26,7.72,0.0
20221020:0310,0.0,0.0,0.0,14.22,8.76,0.0
20221020:0410,0.0,0.0,0.0,14.3,8.55,0.0
20221020:0510,0.0,0.0,0.0,14.49,8.83,0.0
20221020:0610,0.0,0.0,0.0,14.41,9.93,0.0
20221020:0710,0.0,1.85,2.36,15.64,9.38,0.0
20221020:0810,9.57,23.08,12.69,15.75,10.0,0.0
20221020:0910,172.37,217.35,22.02,15.83,10.55,0.0
20221020:1010,57.5,84.92,29.77,15.66,11.1,0.0
20221020:1110,26.94,47.08,35.18,16.01,10.9,0.0
20221020:1210,505.62,603.17,37.47,16.6,9.66,0.0
20221020:1310,546.51,651.26,36.23,16.7,9.86,0.0
20221020:1410,434.86,519.97,31.68,16.98,9.45,0.0
20221020:1510,436.38,522.02,24.54,17.25,9.1,0.0
20221020:1610,12.61,27.69,15.61,17.0,8.21,0.0
20221020:1710,0.0,4.62,5.52,16.43,8.41,0.0
20221020:1810,0.0,0.0,0.0,16.07,8.48,0.0
20221020:1910,0.0,0.0,0.0,15.7,7.1,0.0
20221020:2010,0.0,0.0,0.0,15.52,7.31,0.0
20221020:2110,0.0,0.0,0.0,15.24,7.38,0.0
20221020:2210,0.0,0.0,0.0,15.2,7.17,0.0
20221020:2310,0.0,0.0,0.0,15.2,7.17,0.0
20221021:0010,0.0,0.0,0.0,15.35,7.45,0.0
20221021:0110,0.0,0.0,0.0,15.16,7.45,0.0
20221021:0210,0.0,0.0,0.0,14.84,7.59,0.0
20221021:0310,0.0,0.0,0.0,14.76,7.52,0.0
20221021:0410,0.0,0.0,0.0,14.55,7.38,0.0
20221021:0510,0.0,0.0,0.0,14.54,7.66,0.0
20221021:0610,0.0,0.0,0.0,14.6,7.45,0.0
20221021:0710,1.05,8.31,2.14,14.79,7.31,0.0
20221021:0810,174.47,223.96,12.44,14.69,7.1,0.0
20221021:0910,152.86,195.12,21.75,15.12,7.52,0.0
20221021:1010,59.03,86.77,29.47,15.42,7.79,0.0
20221021:1110,98.62,133.84,34.85,15.97,7.52,0.0
20221021:1210,194.57,244.63,37.12,16.36,8.41,0.0
20221021:1310,326.04,395.32,35.87,16.67,8.14,0.0
20221021:1410,313.64,380.31,31.33,16.67,8.07,0.0
20221021:1510,431.43,516.14,24.22,16.54,7.79,0.0
20221021:1610,22.04,40.61,15.31,15.85,7.38,0.0
20221021:1710,7.19,19.38,5.25,15.36,7.66,0.0
20221021:1810,0.0,0.0,0.0,14.99,6.76,0.0
20221021:1910,0.0,0.0,0.0,15.34,6.14,0.0
20221021:2010,0.0,0.0,0.0,14.86,6.21,0.0
20221021:2110,0.0,0.0,0.0,14.72,6.55,0.0
20221021:2210,0.0,0.0,0.0,14.92,7.1,0.0
20221021:2310,0.0,0.0,0.0,14.97,7.17,0.0
20221022:0010,0.0,0.0,0.0,14.91,7.72,0.0
20221022:0110,0.0,0.0,0.0,14.95,7.72,0.0
20221022:0210,0.0,0.0,0.0,14.94,7.79,0.0
20221022:0310,0.0,0.0,0.0,14.9,7.86,0.0
20221022:0410,0.0,0.0,0.0,14.85,8.28,0.0
20221022:0510,0.0,0.0,0.0,14.88,8.55,0.0
20221022:0610,0.0,0.0,0.0,14.96,8.48,0.0
20221022:0710,0.0,4.34,1.91,15.77,8.76,0.0
20221022:0810,7.76,20.31,12.2,15.89,9.24,0.0
20221022:0910,26.88,47.08,21.48,16.42,9.38,0.0
20221022:1010,78.04,109.84,29.17,16.61,9.24,0.0
20221022:1110,26.15,46.15,34.51,16.59,9.66,0.0
20221022:1210,42.13,66.46,36.76,16.6,10.07,0.0
20221022:1310,74.35,105.23,35.51,16.11,9.93,0.0
20221022:1410,80.8,112.61,31.0,15.47,8.55,0.0
20221022:1510,186.08,232.69,23.91,15.25,7.93,0.0
20221022:1610,86.06,118.63,15.02,15.3,8.07,0.0
20221022:1710,0.0,4.62,4.97,14.93,8.97,0.0
20221022:1810,0.0,0.0,0.0,14.43,7.86,0.0
20221022:1910,0.0,0.0,0.0,14.01,8.41,0.0
20221022:2010,0.0,0.0,0.0,13.71,8.34,0.0
20221022:2110,0.0,0.0,0.0,13.58,9.03,0.0
20221022:2210,0.0,0.0,0.0,13.99,9.1,0.0
20221022:2310,0.0,0.0,0.0,14.5,9.59,0.0
20221023:0010,0.0,0.0,0.0,14.3,10.69,0.0
20221023:0110,0.0,0.0,0.0,13.91,11.45,0.0
20221023:0210,0.0,0.0,0.0,13.73,11.59,0.0
20221023:0310,0.0,0.0,0.0,14.14,11.59,0.0
20221023:0410,0.0,0.0,0.0,14.33,12.34,0.0
20221023:0510,0.0,0.0,0.0,14.54,13.1,0.0
20221023:0610,0.0,0.0,0.0,14.38,12.41,0.0
20221023:0710,0.0,0.87,1.69,14.49,8.9,0.0
20221023:0810,4.96,15.69,11.96,14.52,9.24,0.0
20221023:0910,90.34,123.25,21.21,14.76,9.38,0.0
20221023:1010,417.94,494.52,28.87,14.84,9.79,0.0
20221023:1110,126.95,166.13,34.18,15.27,8.48,0.0
20221023:1210,198.35,248.69,36.41,16.1,8.07,0.0
20221023:1310,395.32,474.11,35.16,16.24,8.41,0.0
20221023:1410,203.78,254.07,30.66,15.89,8.0,0.0
20221023:1510,317.81,384.24,23.6,15.98,6.55,0.0
20221023:1610,84.39,117.18,14.73,15.98,5.72,0.0
20221023:1710,32.35,57.41,4.7,15.39,5.59,0.0
20221023:1810,0.0,0.0,0.0,14.92,5.59,0.0
20221023:1910,0.0,0.0,0.0,14.65,5.72,0.0
20221023:2010,0.0,0.0,0.0,14.36,5.72,0.0
20221023:2110,0.0,0.0,0.0,14.35,5.86,0.0
20221023:2210,0.0,0.0,0.0,14.21,5.52,0.0
20221023:2310,0.0,0.0,0.0,14.09,6.14,0.0
20221024:0010,0.0,0.0,0.0,14.02,6.41,0.0
20221024:0110,0.0,0.0,0.0,13.69,5.52,0.0
20221024:0210,0.0,0.0,0.0,13.45,5.17,0.0
20221024:0310,0.0,0.0,0.0,13.34,4.55,0.0
20221024:0410,0.0,0.0,0.0,13.27,4.69,0.0
20221024:0510,0.0,0.0,0.0,13.37,4.55,0.0
20221024:0610,0.0,0.0,0.0,13.47,4.48,0.0
20221024:0710,0.0,2.6,1.47,14.2,3.72,0.0
20221024:0810,150.35,196.31,11.72,14.31,3.72,0.0
20221024:0910,198.18,247.48,20.94,14.77,3.93,0.0
20221024:1010,192.64,242.02,28.56,15.61,4.9,0.0
20221024:1110,219.78,274.09,33.85,16.26,5.52,0.0
20221024:1210,223.74,279.16,36.06,16.36,5.31,0.0
20221024:1310,294.16,361.44,34.81,16.82,4.83,0.0
20221024:1410,286.37,352.44,30.33,17.25,4.69,0.0
20221024:1510,172.32,219.94,23.29,17.3,4.83,0.0
20221024:1610,104.4,141.16,14.45,16.7,4.97,0.0
20221024:1710,8.81,22.38,4.44,15.57,4.0,0.0
20221024:1810,0.0,0.0,0.0,15.18,3.93,0.0
20221024:1910,0.0,0.0,0.0,15.96,4.34,0.0
20221024:2010,0.0,0.0,0.0,15.88,4.41,0.0
20221024:2110,0.0,0.0,0.0,15.87,4.07,0.0
20221024:2210,0.0,0.0,0.0,15.83,3.38,0.0
20221024:2310,0.0,0.0,0.0,15.66,3.24,0.0
20221025:0010,0.0,0.0,0.0,15.6,3.38,0.0
20221025:0110,0.0,0.0,0.0,15.71,3.72,0.0
20221025:0210,0.0,0.0,0.0,15.98,4.21,0.0
20221025:0310,0.0,0.0,0.0,16.31,4.97,0.0
20221025:0410,0.0,0.0,0.0,16.43,5.45,0.0
20221025:0510,0.0,0.0,0.0,16.19,5.45,0.0
20221025:0610,0.0,0.0,0.0,15.78,5.86,0.0
20221025:0710,0.0,0.0,0.0,16.21,6.34,0.0
20221025:0810,17.23,34.15,11.47,16.22,6.55,0.0
20221025:0910,31.87,53.54,20.67,16.36,6.97,0.0
20221025:1010,29.73,50.77,28.26,16.34,8.0,0.0
20221025:1110,24.8,44.31,33.52,16.17,9.03,0.0
20221025:1210,463.41,555.69,35.72,16.67,7.86,0.0
20221025:1310,223.61,278.41,34.47,16.96,7.66,0.0
20221025:1410,378.12,456.63,30.0,17.65,7.79,0.0
20221025:1510,180.62,228.31,22.99,17.12,7.66,0.0
20221025:1610,190.8,241.53,14.17,17.03,6.97,0.0
20221025:1710,0.63,7.38,4.18,16.75,7.79,0.0
20221025:1810,0.0,0.0,0.0,16.49,8.07,0.0
20221025:1910,0.0,0.0,0.0,16.81,7.52,0.0
20221025:2010,0.0,0.0,0.0,16.89,7.66,0.0
20221025:2110,0.0,0.0,0.0,16.62,7.66,0.0
20221025:2210,0.0,0.0,0.0,16.55,8.07,0.0
20221025:2310,0.0,0.0,0.0,16.51,7.86,0.0
20221026:0010,0.0,0.0,0.0,16.54,8.14,0.0
20221026:0110,0.0,0.0,0.0,16.22,7.52,0.0
20221026:0210,0.0,0.0,0.0,15.97,6.76,0.0
20221026:0310,0.0,0.0,0.0,15.9,6.41,0.0
20221026:0410,0.0,0.0,0.0,15.95,6.55,0.0
20221026:0510,0.0,0.0,0.0,15.9,6.83,0.0
20221026:0610,0.0,0.0,0.0,15.89,6.41,0.0
20221026:0710,0.0,0.0,0.0,16.15,6.07,0.0
20221026:0810,31.58,53.21,11.23,16.25,6.21,0.0
20221026:0910,230.21,284.83,20.4,16.74,6.9,0.0
20221026:1010,63.03,92.31,27.96,17.3,6.97,0.0
20221026:1110,601.23,728.2,33.19,18.38,7.31,0.0
20221026:1210,484.45,588.69,35.37,19.18,7.24,0.0
20221026:1310,378.63,463.42,34.13,19.45,6.55,0.0
20221026:1410,331.86,409.26,29.68,19.25,4.69,0.0
20221026:1510,168.04,216.53,22.69,18.95,4.69,0.0
20221026:1610,32.96,55.38,13.89,18.3,4.69,0.0
20221026:1710,7.16,20.05,3.92,18.08,4.55,0.0
20221026:1810,0.0,0.0,0.0,17.82,5.86,0.0
20221026:1910,0.0,0.0,0.0,18.39,7.17,0.0
20221026:2010,0.0,0.0,0.0,18.28,7.24,0.0
20221026:2110,0.0,0.0,0.0,18.26,6.97,0.0
20221026:2210,0.0,0.0,0.0,18.26,6.55,0.0
20221026:2310,0.0,0.0,0.0,18.01,6.28,0.0
20221027:0010,0.0,0.0,0.0,17.71,7.03,0.0
20221027:0110,0.0,0.0,0.0,17.53,6.83,0.0
20221027:0210,0.0,0.0,0.0,17.42,6.55,0.0
20221027:0310,0.0,0.0,0.0,17.37,6.62,0.0
20221027:0410,0.0,0.0,0.0,17.47,6.9,0.0
20221027:0510,0.0,0.0,0.0,17.5,7.1,0.0
20221027:0610,0.0,0.0,0.0,17.46,7.17,0.0
20221027:0710,0.0,0.0,0.0,17.19,7.31,0.0
20221027:0810,2.82,12.0,10.99,17.36,7.52,0.0
20221027:0910,43.36,68.31,20.13,17.54,6.97,0.0
20221027:1010,171.92,219.9,27.67,18.02,6.9,0.0
20221027:1110,251.07,311.72,32.87,18.53,7.66,0.0
20221027:1210,452.44,547.53,35.03,18.75,8.07,0.0
20221027:1310,447.87,543.36,33.79,19.46,8.21,0.0
20221027:1410,123.33,164.7,29.36,19.43,8.62,0.0
20221027:1510,69.44,100.61,22.39,18.91,8.41,0.0
20221027:1610,11.22,25.85,13.62,18.89,7.59,0.0
20221027:1710,7.31,20.33,3.67,18.12,8.34,0.0
20221027:1810,0.0,0.0,0.0,17.48,8.21,0.0
20221027:1910,0.0,0.0,0.0,17.84,8.48,0.0
20221027:2010,0.0,0.0,0.0,17.98,9.52,0.0
20221027:2110,0.0,0.0,0.0,17.65,9.66,0.0
20221027:2210,0.0,0.0,0.0,17.52,9.31,0.0
20221027:2310,0.0,0.0,0.0,17.51,9.03,0.0
20221028:0010,0.0,0.0,0.0,17.41,8.41,0.0
20221028:0110,0.0,0.0,0.0,17.24,6.55,0.0
20221028:0210,0.0,0.0,0.0,16.71,4.62,0.0
20221028:0310,0.0,0.0,0.0,16.47,3.03,0.0
20221028:0410,0.0,0.0,0.0,16.26,2.34,0.0
20221028:0510,0.0,0.0,0.0,16.22,2.28,0.0
20221028:0610,0.0,0.0,0.0,16.25,2.55,0.0
20221028:0710,0.0,0.0,0.0,16.18,2.76,0.0
20221028:0810,41.5,65.96,10.74,16.28,3.17,0.0
20221028:0910,98.34,134.12,19.86,16.8,3.79,0.0
20221028:1010,114.53,153.61,27.37,17.4,4.41,0.0
20221028:1110,64.32,94.15,32.55,17.83,5.31,0.0
20221028:1210,60.39,89.54,34.69,18.3,5.59,0.0
20221028:1310,47.41,73.84,33.46,19.1,5.24,0.0
20221028:1410,60.71,90.46,29.05,19.64,4.9,0.0
20221028:1510,21.54,40.61,22.1,20.09,6.41,0.0
20221028:1610,38.21,62.49,13.36,20.27,8.83,0.0
20221028:1710,1.85,10.15,3.42,19.58,9.72,0.0
20221028:1810,0.0,0.0,0.0,18.86,9.1,0.0
20221028:1910,0.0,0.0,0.0,18.56,7.72,0.0
20221028:2010,0.0,0.0,0.0,18.34,8.07,0.0
20221028:2110,0.0,0.0,0.0,18.7,8.83,0.0
20221028:2210,0.0,0.0,0.0,18.31,9.45,0.0
20221028:2310,0.0,0.0,0.0,18.03,9.17,0.0
20221029:0010,0.0,0.0,0.0,17.58,8.97,0.0
20221029:0110,0.0,0.0,0.0,17.59,9.24,0.0
20221029:0210,0.0,0.0,0.0,17.31,8.97,0.0
20221029:0310,0.0,0.0,0.0,16.9,8.34,0.0
20221029:0410,0.0,0.0,0.0,16.75,7.59,0.0
20221029:0510,0.0,0.0,0.0,16.41,7.03,0.0
20221029:0610,0.0,0.0,0.0,16.12,5.79,0.0
20221029:0710,0.0,0.0,0.0,15.94,4.69,0.0
20221029:0810,8.35,21.23,10.5,15.8,3.86,0.0
20221029:0910,16.58,33.23,19.6,15.96,4.0,0.0
20221029:1010,48.82,74.77,27.07,16.32,4.76,0.0
20221029:1110,29.67,50.77,32.22,16.5,4.69,0.0
20221029:1210,51.07,77.54,34.36,16.31,4.69,0.0
20221029:1310,238.64,294.24,33.13,14.92,4.9,0.0
20221029:1410,592.05,716.0,28.73,14.79,4.14,0.0
20221029:1510,382.92,461.69,21.82,15.07,4.07,0.0
20221029:1610,211.64,265.13,13.1,15.32,4.55,0.0
20221029:1710,10.22,25.35,3.18,15.18,4.48,0.0
20221029:1810,0.0,0.0,0.0,14.62,4.14,0.0
20221029:1910,0.0,0.0,0.0,14.21,4.0,0.0
20221029:2010,0.0,0.0,0.0,14.49,3.86,0.0
20221029:2110,0.0,0.0,0.0,14.08,3.66,0.0
20221029:2210,0.0,0.0,0.0,14.0,3.66,0.0
20221029:2310,0.0,0.0,0.0,13.84,3.59,0.0
20221030:0010,0.0,0.0,0.0,14.04,3.17,0.0
20221030:0110,0.0,0.0,0.0,13.94,3.1,0.0
20221030:0210,0.0,0.0,0.0,13.93,3.03,0.0
20221030:0310,0.0,0.0,0.0,13.75,2.83,0.0
20221030:0410,0.0,0.0,0.0,13.74,2.76,0.0
20221030:0510,0.0,0.0,0.0,13.55,2.76,0.0
20221030:0610,0.0,0.0,0.0,13.35,2.62,0.0
20221030:0710,0.0,0.0,0.0,13.39,2.14,0.0
20221030:0810,124.07,165.22,10.26,13.37,2.21,0.0
20221030:0910,359.15,436.68,19.33,14.5,2.69,0.0
20221030:1010,534.58,652.43,26.78,15.55,3.03,0.0
20221030:1110,659.55,819.64,31.91,16.4,2.97,0.0
20221030:1210,680.66,852.06,34.03,17.08,2.97,0.0
20221030:1310,639.97,797.11,32.8,17.41,3.1,0.0
20221030:1410,521.01,643.15,28.43,17.42,2.76,0.0
20221030:1510,443.07,545.34,21.54,17.41,2.55,0.0
20221030:1610,266.7,335.17,12.84,17.18,2.48,0.0
20221030:1710,10.6,26.16,2.94,16.5,2.0,0.0
20221030:1810,0.0,0.0,0.0,15.49,1.72,0.0
20221030:1910,0.0,0.0,0.0,13.84,1.38,0.0
20221030:2010,0.0,0.0,0.0,12.8,2.0,0.0
20221030:2110,0.0,0.0,0.0,12.29,2.28,0.0
20221030:2210,0.0,0.0,0.0,12.45,2.21,0.0
20221030:2310,0.0,0.0,0.0,13.19,2.69,0.0
20221031:0010,0.0,0.0,0.0,13.87,2.83,0.0
20221031:0110,0.0,0.0,0.0,14.32,3.17,0.0
20221031:0210,0.0,0.0,0.0,14.42,3.79,0.0
20221031:0310,0.0,0.0,0.0,14.43,4.69,0.0
20221031:0410,0.0,0.0,0.0,14.79,5.79,0.0
20221031:0510,0.0,0.0,0.0,15.49,8.55,0.0
20221031:0610,0.0,0.0,0.0,15.85,9.59,0.0
20221031:0710,0.0,0.0,0.0,16.09,10.07,0.0
20221031:0810,2.36,11.08,10.01,16.06,8.48,0.0
20221031:0910,10.78,24.92,19.06,16.05,6.9,0.0
20221031:1010,125.7,165.3,26.49,16.14,6.62,0.0
20221031:1110,219.49,272.49,31.59,15.87,6.69,0.0
20221031:1210,380.13,458.91,33.7,15.78,5.52,0.0
20221031:1310,283.36,347.28,32.48,16.03,4.83,0.0
20221031:1410,262.01,322.08,28.13,15.98,4.55,0.0
20221031:1510,200.02,250.07,21.26,15.8,4.41,0.0
20221031:1610,251.54,312.66,12.59,15.38,3.93,0.0
20221031:1710,1.92,10.15,2.71,14.83,2.97,0.0
20221031:1810,0.0,0.0,0.0,14.18,2.28,0.0
20221031:1910,0.0,0.0,0.0,14.28,1.93,0.0
20221031:2010,0.0,0.0,0.0,13.77,1.59,0.0
20221031:2110,0.0,0.0,0.0,13.4,1.1,0.0
20221031:2210,0.0,0.0,0.0,13.51,0.97,0.0
20221031:2310,0.0,0.0,0.0,12.88,1.24,0.0
20221101:0010,0.0,0.0,0.0,12.81,1.17,0.0
20221101:0110,0.0,0.0,0.0,13.1,0.9,0.0
20221101:0210,0.0,0.0,0.0,12.74,1.03,0.0
20221101:0310,0.0,0.0,0.0,12.14,1.59,0.0
20221101:0410,0.0,0.0,0.0,12.51,1.86,0.0
20221101:0510,0.0,0.0,0.0,12.25,2.0,0.0
20221101:0610,0.0,0.0,0.0,12.41,2.0,0.0
20221101:0710,0.0,0.0,0.0,12.1,1.38,0.0
20221101:0810,95.62,130.85,9.77,12.37,1.93,0.0
20221101:0910,360.41,436.93,18.8,13.62,2.48,0.0
20221101:1010,126.79,166.34,26.2,14.57,2.76,0.0
20221101:1110,634.54,781.69,31.28,15.42,3.03,0.0
20221101:1210,707.76,880.06,33.38,15.9,3.24,0.0
20221101:1310,571.65,700.76,32.16,15.87,3.24,0.0
20221101:1410,129.04,169.85,27.83,15.85,3.03,0.0
20221101:1510,218.33,272.34,20.99,15.77,2.69,0.0
20221101:1610,201.08,254.94,12.34,15.71,2.34,0.0
20221101:1710,1.46,9.23,2.48,15.35,1.79,0.0
20221101:1810,0.0,0.0,0.0,14.39,1.45,0.0
20221101:1910,0.0,0.0,0.0,13.51,1.66,0.0
20221101:2010,0.0,0.0,0.0,12.61,1.66,0.0
20221101:2110,0.0,0.0,0.0,11.91,1.86,0.0
20221101:2210,0.0,0.0,0.0,11.34,1.86,0.0
20221101:2310,0.0,0.0,0.0,10.75,1.79,0.0
20221102:0010,0.0,0.0,0.0,10.49,1.72,0.0
20221102:0110,0.0,0.0,0.0,10.01,1.72,0.0
20221102:0210,0.0,0.0,0.0,9.62,1.86,0.0
20221102:0310,0.0,0.0,0.0,9.52,1.86,0.0
20221102:0410,0.0,0.0,0.0,9.47,1.79,0.0
20221102:0510,0.0,0.0,0.0,9.09,1.86,0.0
20221102:0610,0.0,0.0,0.0,9.28,1.86,0.0
20221102:0710,0.0,0.0,0.0,9.22,1.93,0.0
20221102:0810,78.8,109.62,9.53,9.97,1.93,0.0
20221102:0910,160.25,202.18,18.53,11.73,2.07,0.0
20221102:1010,294.14,358.99,25.91,13.65,2.0,0.0
20221102:1110,498.88,615.43,30.97,15.2,1.66,0.0
20221102:1210,349.85,430.42,33.06,15.9,2.07,0.0
20221102:1310,465.74,570.64,31.85,16.16,2.69,0.0
20221102:1410,131.58,172.96,27.54,16.08,2.97,0.0
20221102:1510,89.98,124.04,20.72,15.79,2.48,0.0
20221102:1610,108.29,145.64,12.1,15.53,2.41,0.0
20221102:1710,1.47,9.23,2.26,15.05,2.21,0.0
20221102:1810,0.0,0.0,0.0,14.3,2.21,0.0
20221102:1910,0.0,0.0,0.0,13.99,3.52,0.0
20221102:2010,0.0,0.0,0.0,13.89,4.28,0.0
20221102:2110,0.0,0.0,0.0,13.75,4.55,0.0
20221102:2210,0.0,0.0,0.0,13.83,5.45,0.0
20221102:2310,0.0,0.0,0.0,14.07,6.21,0.0
20221103:0010,0.0,0.0,0.0,14.05,6.69,0.0
20221103:0110,0.0,0.0,0.0,14.16,7.24,0.0
20221103:0210,0.0,0.0,0.0,14.35,7.45,0.0
20221103:0310,0.0,0.0,0.0,14.37,7.38,0.0
20221103:0410,0.0,0.0,0.0,14.45,7.24,0.0
20221103:0510,0.0,0.0,0.0,14.58,6.69,0.0
20221103:0610,0.0,0.0,0.0,14.9,5.38,0.0
20221103:0710,0.0,0.0,0.0,15.05,3.66,0.0
20221103:0810,8.38,21.23,9.29,15.03,2.76,0.0
20221103:0910,29.85,50.77,18.27,15.18,3.45,0.0
20221103:1010,86.06,119.07,25.62,15.25,4.07,0.0
20221103:1110,217.61,271.36,30.66,15.59,3.93,0.0
20221103:1210,347.6,422.64,32.75,15.94,4.34,0.0
20221103:1310,637.22,778.17,31.54,15.97,4.28,0.0
20221103:1410,505.67,612.04,27.25,15.81,4.07,0.0
20221103:1510,428.65,517.23,20.46,15.27,3.86,0.0
20221103:1610,237.49,295.65,11.86,14.83,3.79,0.0
20221103:1710,1.06,8.31,2.04,14.13,3.38,0.0
20221103:1810,0.0,0.0,0.0,13.33,2.97,0.0
20221103:1910,0.0,0.0,0.0,13.13,2.62,0.0
20221103:2010,0.0,0.0,0.0,12.42,2.34,0.0
20221103:2110,0.0,0.0,0.0,11.21,1.86,0.0
20221103:2210,0.0,0.0,0.0,12.17,1.24,0.0
20221103:2310,0.0,0.0,0.0,11.91,1.31,0.0
20221104:0010,0.0,0.0,0.0,10.73,1.79,0.0
20221104:0110,0.0,0.0,0.0,9.93,2.28,0.0
20221104:0210,0.0,0.0,0.0,9.75,2.34,0.0
20221104:0310,0.0,0.0,0.0,10.08,2.0,0.0
20221104:0410,0.0,0.0,0.0,10.86,1.59,0.0
20221104:0510,0.0,0.0,0.0,11.36,1.31,0.0
20221104:0610,0.0,0.0,0.0,11.57,1.24,0.0
20221104:0710,0.0,0.0,0.0,10.35,1.86,0.0
20221104:0810,148.91,193.53,9.05,10.67,1.72,0.0
20221104:0910,174.21,219.05,18.01,12.42,1.59,0.0
20221104:1010,553.01,676.93,25.33,13.98,2.07,0.0
20221104:1110,673.49,828.82,30.36,14.6,3.1,0.0
20221104:1210,701.2,867.64,32.43,14.98,3.17,0.0
20221104:1310,604.12,741.78,31.24,15.28,3.03,0.0
20221104:1410,518.88,634.32,26.97,15.6,2.76,0.0
20221104:1510,441.05,538.43,20.2,15.66,2.48,0.0
20221104:1610,150.35,195.01,11.63,15.46,2.41,0.0
20221104:1710,0.0,2.77,1.83,14.79,2.28,0.0
20221104:1810,0.0,0.0,0.0,13.59,2.14,0.0
20221104:1910,0.0,0.0,0.0,12.23,2.14,0.0
20221104:2010,0.0,0.0,0.0,10.92,2.28,0.0
20221104:2110,0.0,0.0,0.0,9.83,2.21,0.0
20221104:2210,0.0,0.0,0.0,9.37,1.86,0.0
20221104:2310,0.0,0.0,0.0,8.9,1.66,0.0
20221105:0010,0.0,0.0,0.0,8.21,1.66,0.0
20221105:0110,0.0,0.0,0.0,7.42,1.72,0.0
20221105:0210,0.0,0.0,0.0,7.07,1.66,0.0
20221105:0310,0.0,0.0,0.0,6.97,1.59,0.0
20221105:0410,0.0,0.0,0.0,6.85,1.59,0.0
20221105:0510,0.0,0.0,0.0,6.23,1.72,0.0
20221105:0610,0.0,0.0,0.0,5.85,1.93,0.0
20221105:0710,0.0,0.0,0.0,6.09,1.86,0.0
20221105:0810,173.22,219.46,8.81,7.08,1.45,0.0
20221105:0910,398.06,481.18,17.75,10.61,1.03,0.0
20221105:1010,570.13,706.75,25.05,13.61,1.1,0.0
20221105:1110,675.81,847.92,30.06,14.46,1.66,0.0
20221105:1210,715.08,898.76,32.13,14.96,2.14,0.0
20221105:1310,694.27,866.46,30.94,15.27,2.48,0.0
20221105:1410,634.71,782.96,26.69,15.44,2.76,0.0
20221105:1510,469.0,570.41,19.95,15.31,2.83,0.0
20221105:1610,265.05,330.11,11.4,14.89,2.48,0.0
20221105:1710,0.0,3.69,1.62,14.21,2.07,0.0
20221105:1810,0.0,0.0,0.0,13.39,2.0,0.0
20221105:1910,0.0,0.0,0.0,13.05,2.97,0.0
20221105:2010,0.0,0.0,0.0,12.8,2.97,0.0
20221105:2110,0.0,0.0,0.0,12.77,3.03,0.0
20221105:2210,0.0,0.0,0.0,12.83,3.38,0.0
20221105:2310,0.0,0.0,0.0,12.97,3.86,0.0
20221106:0010,0.0,0.0,0.0,13.0,4.21,0.0
20221106:0110,0.0,0.0,0.0,13.29,4.55,0.0
20221106:0210,0.0,0.0,0.0,13.37,5.03,0.0
20221106:0310,0.0,0.0,0.0,13.51,5.38,0.0
20221106:0410,0.0,0.0,0.0,13.25,5.03,0.0
20221106:0510,0.0,0.0,0.0,13.41,4.0,0.0
20221106:0610,0.0,0.0,0.0,13.59,2.97,0.0
20221106:0710,0.0,0.0,0.0,14.0,2.97,0.0
20221106:0810,184.46,239.5,8.57,14.02,2.41,0.0
20221106:0910,331.11,404.12,17.49,14.62,2.34,0.0
20221106:1010,293.19,358.95,24.77,15.3,2.76,0.0
20221106:1110,201.43,253.65,29.76,16.0,3.17,0.0
20221106:1210,438.35,534.54,31.82,16.64,3.59,0.0
20221106:1310,568.04,694.39,30.65,16.9,4.07,0.0
20221106:1410,509.66,618.37,26.42,16.87,4.48,0.0
20221106:1510,158.51,203.11,19.7,16.57,4.55,0.0
20221106:1610,116.47,155.25,11.18,16.07,4.14,0.0
20221106:1710,0.0,2.77,1.42,15.44,3.45,0.0
20221106:1810,0.0,0.0,0.0,14.66,2.97,0.0
20221106:1910,0.0,0.0,0.0,14.58,3.31,0.0
20221106:2010,0.0,0.0,0.0,14.47,3.52,0.0
20221106:2110,0.0,0.0,0.0,14.41,3.72,0.0
20221106:2210,0.0,0.0,0.0,14.41,3.86,0.0
20221106:2310,0.0,0.0,0.0,14.34,4.0,0.0
20221107:0010,0.0,0.0,0.0,14.23,4.14,0.0
20221107:0110,0.0,0.0,0.0,14.21,4.14,0.0
20221107:0210,0.0,0.0,0.0,14.09,4.21,0.0
20221107:0310,0.0,0.0,0.0,14.04,4.28,0.0
20221107:0410,0.0,0.0,0.0,13.8,4.41,0.0
20221107:0510,0.0,0.0,0.0,13.74,4.55,0.0
20221107:0610,0.0,0.0,0.0,13.66,4.83,0.0
20221107:0710,0.0,0.0,0.0,13.82,5.52,0.0
20221107:0810,5.54,16.62,8.33,13.73,5.79,0.0
20221107:0910,161.39,203.8,17.23,14.06,6.14,0.0
20221107:1010,359.73,429.09,24.49,14.58,7.03,0.0
20221107:1110,674.47,803.32,29.46,15.07,7.93,0.0
20221107:1210,295.64,357.49,31.52,15.6,8.83,0.0
20221107:1310,146.95,189.54,30.36,16.07,8.55,0.0
20221107:1410,72.9,103.38,26.15,15.72,8.97,0.0
20221107:1510,79.42,110.92,19.46,15.55,8.21,0.0
20221107:1610,11.42,25.85,10.96,15.76,8.07,0.0
20221107:1710,0.0,0.0,0.0,15.31,8.76,0.0
20221107:1810,0.0,0.0,0.0,15.08,7.66,0.0
20221107:1910,0.0,0.0,0.0,15.01,8.28,0.0
20221107:2010,0.0,0.0,0.0,15.28,8.21,0.0
20221107:2110,0.0,0.0,0.0,15.44,8.55,0.0
20221107:2210,0.0,0.0,0.0,15.07,8.97,0.0
20221107:2310,0.0,0.0,0.0,14.87,8.55,0.0
20221108:0010,0.0,0.0,0.0,14.84,8.55,0.0
20221108:0110,0.0,0.0,0.0,14.83,8.14,0.0
20221108:0210,0.0,0.0,0.0,14.76,8.07,0.0
20221108:0310,0.0,0.0,0.0,14.64,7.03,0.0
20221108:0410,0.0,0.0,0.0,14.68,6.34,0.0
20221108:0510,0.0,0.0,0.0,14.54,6.0,0.0
20221108:0610,0.0,0.0,0.0,14.45,5.86,0.0
20221108:0710,0.0,0.0,0.0,14.83,4.83,0.0
20221108:0810,3.88,13.85,8.1,14.98,4.83,0.0
20221108:0910,66.18,95.28,16.98,15.17,4.9,0.0
20221108:1010,42.28,66.46,24.22,15.53,5.31,0.0
20221108:1110,256.91,315.2,29.17,15.69,5.45,0.0
20221108:1210,124.07,163.58,31.23,15.75,5.45,0.0
20221108:1310,143.11,184.98,30.07,15.37,6.14,0.0
20221108:1410,110.75,147.77,25.89,15.52,5.38,0.0
20221108:1510,85.89,118.6,19.22,15.47,5.24,0.0
20221108:1610,54.72,81.6,10.75,15.17,4.97,0.0
20221108:1710,0.0,0.0,0.0,14.55,4.9,0.0
20221108:1810,0.0,0.0,0.0,13.84,4.76,0.0
20221108:1910,0.0,0.0,0.0,14.33,5.17,0.0
20221108:2010,0.0,0.0,0.0,14.02,5.31,0.0
20221108:2110,0.0,0.0,0.0,13.68,5.24,0.0
20221108:2210,0.0,0.0,0.0,13.42,4.41,0.0
20221108:2310,0.0,0.0,0.0,13.42,4.14,0.0
20221109:0010,0.0,0.0,0.0,13.45,3.72,0.0
20221109:0110,0.0,0.0,0.0,13.25,3.31,0.0
20221109:0210,0.0,0.0,0.0,13.11,3.38,0.0
20221109:0310,0.0,0.0,0.0,13.06,3.24,0.0
20221109:0410,0.0,0.0,0.0,13.22,3.03,0.0
20221109:0510,0.0,0.0,0.0,13.14,3.45,0.0
20221109:0610,0.0,0.0,0.0,13.01,3.31,0.0
20221109:0710,0.0,0.0,0.0,12.66,2.55,0.0
20221109:0810,85.54,119.51,7.86,12.77,2.83,0.0
20221109:0910,33.03,54.46,16.73,13.44,3.38,0.0
20221109:1010,143.15,184.22,23.95,14.26,3.86,0.0
20221109:1110,374.18,451.64,28.89,15.03,4.14,0.0
20221109:1210,613.72,744.36,30.94,15.43,4.55,0.0
20221109:1310,529.18,638.7,29.79,15.75,4.76,0.0
20221109:1410,165.7,211.11,25.63,15.77,4.69,0.0
20221109:1510,171.5,217.25,18.99,16.02,4.69,0.0
20221109:1610,68.81,98.83,10.54,15.83,4.55,0.0
20221109:1710,0.0,0.0,0.0,15.44,3.86,0.0
20221109:1810,0.0,0.0,0.0,15.31,3.24,0.0
20221109:1910,0.0,0.0,0.0,15.38,3.1,0.0
20221109:2010,0.0,0.0,0.0,15.26,2.97,0.0
20221109:2110,0.0,0.0,0.0,14.99,2.76,0.0
20221109:2210,0.0,0.0,0.0,14.86,2.55,0.0
20221109:2310,0.0,0.0,0.0,14.76,2.55,0.0
20221110:0010,0.0,0.0,0.0,14.71,2.48,0.0
20221110:0110,0.0,0.0,0.0,14.72,2.41,0.0
20221110:0210,0.0,0.0,0.0,14.6,2.48,0.0
20221110:0310,0.0,0.0,0.0,14.47,2.48,0.0
20221110:0410,0.0,0.0,0.0,14.48,2.41,0.0
20221110:0510,0.0,0.0,0.0,14.45,2.48,0.0
20221110:0610,0.0,0.0,0.0,14.41,2.48,0.0
20221110:0710,0.0,0.0,0.0,14.51,1.86,0.0
20221110:0810,44.12,69.41,7.63,14.58,1.79,0.0
20221110:0910,192.45,242.57,16.47,15.28,1.93,0.0
20221110:1010,253.32,312.94,23.68,16.0,3.03,0.0
20221110:1110,490.33,598.26,28.6,16.89,3.66,0.0
20221110:1210,427.81,522.84,30.65,17.62,3.93,0.0
20221110:1310,233.33,292.55,29.52,17.99,3.72,0.0
20221110:1410,301.71,372.78,25.38,18.2,3.38,0.0
20221110:1510,315.98,389.94,18.77,18.02,2.9,0.0
20221110:1610,233.19,296.17,10.34,17.49,2.21,0.0
20221110:1710,0.0,0.0,0.0,16.69,1.38,0.0
20221110:1810,0.0,0.0,0.0,15.89,0.41,0.0
20221110:1910,0.0,0.0,0.0,14.49,1.1,0.0
20221110:2010,0.0,0.0,0.0,13.05,1.52,0.0
20221110:2110,0.0,0.0,0.0,11.99,1.86,0.0
20221110:2210,0.0,0.0,0.0,11.34,2.0,0.0
20221110:2310,0.0,0.0,0.0,10.86,1.93,0.0
20221111:0010,0.0,0.0,0.0,10.51,2.14,0.0
20221111:0110,0.0,0.0,0.0,10.35,2.34,0.0
20221111:0210,0.0,0.0,0.0,10.33,2.41,0.0
20221111:0310,0.0,0.0,0.0,10.18,2.48,0.0
20221111:0410,0.0,0.0,0.0,9.92,2.48,0.0
20221111:0510,0.0,0.0,0.0,9.69,2.55,0.0
20221111:0610,0.0,0.0,0.0,9.42,2.69,0.0
20221111:0710,0.0,0.0,0.0,10.36,3.24,0.0
20221111:0810,161.61,209.12,7.4,10.76,3.24,0.0
20221111:0910,424.34,509.66,16.22,12.49,3.1,0.0
20221111:1010,577.19,704.79,23.41,14.66,2.76,0.0
20221111:1110,690.87,867.29,28.32,16.59,2.48,0.0
20221111:1210,714.85,913.85,30.37,17.7,2.0,0.0
20221111:1310,705.34,907.63,29.25,18.34,1.72,0.0
20221111:1410,598.25,762.4,25.13,18.69,1.31,0.0
20221111:1510,483.38,611.37,18.55,18.74,0.9,0.0
20221111:1610,261.73,336.66,10.15,18.49,0.28,0.0
20221111:1710,0.0,0.0,0.0,17.7,0.62,0.0
20221111:1810,0.0,0.0,0.0,16.98,0.9,0.0
20221111:1910,0.0,0.0,0.0,13.95,1.52,0.0
20221111:2010,0.0,0.0,0.0,13.03,1.52,0.0
20221111:2110,0.0,0.0,0.0,12.24,1.52,0.0
20221111:2210,0.0,0.0,0.0,10.4,1.93,0.0
20221111:2310,0.0,0.0,0.0,9.86,2.48,0.0
20221112:0010,0.0,0.0,0.0,9.97,2.69,0.0
20221112:0110,0.0,0.0,0.0,10.16,2.83,0.0
20221112:0210,0.0,0.0,0.0,10.21,2.9,0.0
20221112:0310,0.0,0.0,0.0,10.11,2.83,0.0
20221112:0410,0.0,0.0,0.0,9.95,2.69,0.0
20221112:0510,0.0,0.0,0.0,9.76,2.69,0.0
20221112:0610,0.0,0.0,0.0,9.64,2.83,0.0
20221112:0710,0.0,0.0,0.0,9.93,3.24,0.0
20221112:0810,125.92,166.56,7.17,10.28,3.1,0.0
20221112:0910,415.74,500.5,15.98,12.21,2.55,0.0
20221112:1010,560.25,689.18,23.15,14.95,2.07,0.0
20221112:1110,665.32,843.88,28.05,17.04,1.72,0.0
20221112:1210,694.42,890.22,30.1,18.18,1.79,0.0
20221112:1310,695.47,883.93,28.99,18.69,2.48,0.0
20221112:1410,576.45,717.83,24.89,18.8,2.9,0.0
20221112:1510,448.24,554.12,18.33,18.71,2.76,0.0
20221112:1610,261.31,331.14,9.96,18.17,2.41,0.0
20221112:1710,0.0,0.0,0.0,17.3,2.07,0.0
20221112:1810,0.0,0.0,0.0,16.09,2.07,0.0
20221112:1910,0.0,0.0,0.0,14.59,2.14,0.0
20221112:2010,0.0,0.0,0.0,13.51,2.28,0.0
20221112:2110,0.0,0.0,0.0,12.63,2.0,0.0
20221112:2210,0.0,0.0,0.0,12.09,2.14,0.0
20221112:2310,0.0,0.0,0.0,12.35,2.62,0.0
20221113:0010,0.0,0.0,0.0,13.06,2.9,0.0
20221113:0110,0.0,0.0,0.0,13.64,3.17,0.0
20221113:0210,0.0,0.0,0.0,14.04,3.52,0.0
20221113:0310,0.0,0.0,0.0,14.24,3.79,0.0
20221113:0410,0.0,0.0,0.0,14.39,4.07,0.0
20221113:0510,0.0,0.0,0.0,14.44,4.34,0.0
20221113:0610,0.0,0.0,0.0,14.37,4.55,0.0
20221113:0710,0.0,0.0,0.0,14.36,4.62,0.0
20221113:0810,135.36,180.72,6.94,14.45,4.76,0.0
20221113:0910,252.51,309.69,15.73,15.58,5.24,0.0
20221113:1010,542.56,653.65,22.89,16.54,5.45,0.0
20221113:1110,676.71,818.5,27.78,17.08,6.69,0.0
20221113:1210,529.74,637.17,29.83,17.51,7.31,0.0
20221113:1310,465.61,558.7,28.73,17.55,8.0,0.0
20221113:1410,99.72,135.59,24.65,17.03,7.45,0.0
20221113:1510,25.43,45.23,18.13,16.58,6.83,0.0
20221113:1610,2.85,12.0,9.77,15.97,7.31,0.0
20221113:1710,0.0,0.0,0.0,15.66,7.03,0.0
20221113:1810,0.0,0.0,0.0,15.25,6.21,0.0
20221113:1910,0.0,0.0,0.0,15.01,3.93,0.0
20221113:2010,0.0,0.0,0.0,14.48,3.66,0.0
20221113:2110,0.0,0.0,0.0,14.13,3.66,0.0
20221113:2210,0.0,0.0,0.0,13.78,4.14,0.0
20221113:2310,0.0,0.0,0.0,13.33,3.86,0.0
20221114:0010,0.0,0.0,0.0,12.83,3.17,0.0
20221114:0110,0.0,0.0,0.0,12.43,2.21,0.0
20221114:0210,0.0,0.0,0.0,11.96,1.1,0.0
20221114:0310,0.0,0.0,0.0,12.42,0.21,0.0
20221114:0410,0.0,0.0,0.0,12.29,0.48,0.0
20221114:0510,0.0,0.0,0.0,11.14,0.97,0.0
20221114:0610,0.0,0.0,0.0,10.17,1.24,0.0
20221114:0710,0.0,0.0,0.0,10.33,2.0,0.0
20221114:0810,57.4,85.14,6.71,11.26,2.69,0.0
20221114:0910,408.31,489.69,15.49,12.33,3.24,0.0
20221114:1010,542.36,644.63,22.63,13.25,5.03,0.0
20221114:1110,489.41,580.87,27.51,14.05,6.21,0.0
20221114:1210,264.79,321.95,29.56,14.67,6.69,0.0
20221114:1310,221.61,273.08,28.48,14.89,6.97,0.0
20221114:1410,101.53,136.55,24.43,14.88,6.62,0.0
20221114:1510,70.51,100.17,17.92,14.83,6.34,0.0
20221114:1610,171.43,217.63,9.6,14.6,6.14,0.0
20221114:1710,0.0,0.0,0.0,14.09,6.21,0.0
20221114:1810,0.0,0.0,0.0,13.99,6.76,0.0
20221114:1910,0.0,0.0,0.0,14.35,7.03,0.0
20221114:2010,0.0,0.0,0.0,14.31,7.1,0.0
20221114:2110,0.0,0.0,0.0,14.37,7.03,0.0
20221114:2210,0.0,0.0,0.0,14.56,7.66,0.0
20221114:2310,0.0,0.0,0.0,14.57,8.0,0.0
20221115:0010,0.0,0.0,0.0,14.69,8.41,0.0
20221115:0110,0.0,0.0,0.0,14.74,9.03,0.0
20221115:0210,0.0,0.0,0.0,14.76,9.17,0.0
20221115:0310,0.0,0.0,0.0,14.83,9.1,0.0
20221115:0410,0.0,0.0,0.0,14.9,9.03,0.0
20221115:0510,0.0,0.0,0.0,15.11,9.45,0.0
20221115:0610,0.0,0.0,0.0,15.17,6.69,0.0
20221115:0710,0.0,0.0,0.0,14.89,5.17,0.0
20221115:0810,45.28,71.02,6.49,14.34,4.07,0.0
20221115:0910,213.41,264.14,15.25,14.24,3.72,0.0
20221115:1010,120.38,158.15,22.38,14.6,4.69,0.0
20221115:1110,63.01,91.38,27.25,14.76,5.66,0.0
20221115:1210,408.33,488.13,29.3,14.74,5.79,0.0
20221115:1310,164.65,208.69,28.23,14.55,5.93,0.0
20221115:1410,101.57,136.59,24.2,14.62,5.38,0.0
20221115:1510,89.2,121.85,17.73,14.46,5.1,0.0
20221115:1610,29.15,49.62,9.43,13.99,4.62,0.0
20221115:1710,0.0,0.0,0.0,13.6,4.76,0.0
20221115:1810,0.0,0.0,0.0,13.44,5.1,0.0
20221115:1910,0.0,0.0,0.0,13.66,4.62,0.0
20221115:2010,0.0,0.0,0.0,13.46,5.24,0.0
20221115:2110,0.0,0.0,0.0,13.48,5.17,0.0
20221115:2210,0.0,0.0,0.0,13.58,5.45,0.0
20221115:2310,0.0,0.0,0.0,13.53,5.66,0.0
20221116:0010,0.0,0.0,0.0,13.73,5.86,0.0
20221116:0110,0.0,0.0,0.0,13.77,5.79,0.0
20221116:0210,0.0,0.0,0.0,13.7,5.79,0.0
20221116:0310,0.0,0.0,0.0,13.42,5.52,0.0
20221116:0410,0.0,0.0,0.0,13.37,5.31,0.0
20221116:0510,0.0,0.0,0.0,13.33,5.72,0.0
20221116:0610,0.0,0.0,0.0,13.53,6.07,0.0
20221116:0710,0.0,0.0,0.0,13.67,6.9,0.0
20221116:0810,3.91,13.85,6.27,13.94,7.1,0.0
20221116:0910,9.64,23.08,15.02,14.42,6.9,0.0
20221116:1010,18.03,35.08,22.13,15.0,8.28,0.0
20221116:1110,37.86,60.92,26.99,15.68,9.24,0.0
20221116:1210,35.55,58.15,29.04,16.21,8.34,0.0
20221116:1310,38.41,61.84,27.99,16.59,8.21,0.0
20221116:1410,36.24,59.08,23.99,16.42,7.93,0.0
20221116:1510,90.27,123.72,17.54,16.46,9.31,0.0
20221116:1610,22.0,40.61,9.26,16.24,8.69,0.0
20221116:1710,0.0,0.0,0.0,16.18,7.79,0.0
20221116:1810,0.0,0.0,0.0,16.26,7.52,0.0
20221116:1910,0.0,0.0,0.0,16.22,5.66,0.0
20221116:2010,0.0,0.0,0.0,15.92,4.14,0.0
20221116:2110,0.0,0.0,0.0,15.49,4.0,0.0
20221116:2210,0.0,0.0,0.0,15.11,3.66,0.0
20221116:2310,0.0,0.0,0.0,15.0,4.41,0.0
20221117:0010,0.0,0.0,0.0,14.89,4.55,0.0
20221117:0110,0.0,0.0,0.0,14.76,4.28,0.0
20221117:0210,0.0,0.0,0.0,14.4,4.07,0.0
20221117:0310,0.0,0.0,0.0,14.3,4.0,0.0
20221117:0410,0.0,0.0,0.0,14.2,4.07,0.0
20221117:0510,0.0,0.0,0.0,13.84,4.34,0.0
20221117:0610,0.0,0.0,0.0,13.65,5.03,0.0
20221117:0710,0.0,0.0,0.0,13.98,5.1,0.0
20221117:0810,14.39,30.06,6.05,13.7,5.72,0.0
20221117:0910,47.87,72.81,14.78,13.94,6.21,0.0
20221117:1010,57.0,84.0,21.88,14.3,6.21,0.0
20221117:1110,208.78,257.85,26.74,14.07,6.0,0.0
20221117:1210,307.33,370.37,28.79,14.35,5.86,0.0
20221117:1310,619.7,738.64,27.76,14.05,6.14,0.0
20221117:1410,44.29,68.31,23.77,13.32,6.69,0.0
20221117:1510,50.38,75.69,17.35,13.11,5.17,0.0
20221117:1610,191.43,239.86,9.1,13.05,4.55,0.0
20221117:1710,0.0,0.0,0.0,12.49,4.48,0.0
20221117:1810,0.0,0.0,0.0,11.97,3.52,0.0
20221117:1910,0.0,0.0,0.0,11.67,2.07,0.0
20221117:2010,0.0,0.0,0.0,11.1,2.28,0.0
20221117:2110,0.0,0.0,0.0,10.92,2.34,0.0
20221117:2210,0.0,0.0,0.0,10.48,2.14,0.0
20221117:2310,0.0,0.0,0.0,10.43,2.07,0.0
20221118:0010,0.0,0.0,0.0,10.17,2.48,0.0
20221118:0110,0.0,0.0,0.0,9.82,2.41,0.0
20221118:0210,0.0,0.0,0.0,9.85,2.41,0.0
20221118:0310,0.0,0.0,0.0,9.83,2.14,0.0
20221118:0410,0.0,0.0,0.0,9.72,1.79,0.0
20221118:0510,0.0,0.0,0.0,9.34,1.59,0.0
20221118:0610,0.0,0.0,0.0,8.96,1.66,0.0
20221118:0710,0.0,0.0,0.0,9.18,2.83,0.0
20221118:0810,0.0,5.54,5.83,9.14,1.66,0.0
20221118:0910,61.81,88.53,14.55,10.21,1.24,0.0
20221118:1010,277.05,334.04,21.64,11.25,2.34,0.0
20221118:1110,284.2,343.3,26.49,11.86,2.69,0.0
20221118:1210,460.09,549.93,28.55,12.3,3.31,0.0
20221118:1310,184.16,228.77,27.53,12.0,4.41,0.0
20221118:1410,478.54,564.81,23.57,12.1,5.1,0.0
20221118:1510,231.63,280.59,17.17,12.08,5.17,0.0
20221118:1610,181.25,226.27,8.95,11.47,5.24,0.0
20221118:1710,0.0,0.0,0.0,11.08,4.83,0.0
20221118:1810,0.0,0.0,0.0,10.6,4.41,0.0
20221118:1910,0.0,0.0,0.0,10.75,4.0,0.0
20221118:2010,0.0,0.0,0.0,10.52,3.72,0.0
20221118:2110,0.0,0.0,0.0,10.21,3.52,0.0
20221118:2210,0.0,0.0,0.0,10.13,2.83,0.0
20221118:2310,0.0,0.0,0.0,10.28,3.1,0.0
20221119:0010,0.0,0.0,0.0,10.02,3.38,0.0
20221119:0110,0.0,0.0,0.0,10.03,3.03,0.0
20221119:0210,0.0,0.0,0.0,9.9,2.83,0.0
20221119:0310,0.0,0.0,0.0,9.7,2.41,0.0
20221119:0410,0.0,0.0,0.0,8.98,2.0,0.0
20221119:0510,0.0,0.0,0.0,8.35,1.59,0.0
20221119:0610,0.0,0.0,0.0,8.23,1.38,0.0
20221119:0710,0.0,0.0,0.0,8.44,1.72,0.0
20221119:0810,12.83,27.4,5.62,8.78,0.97,0.0
20221119:0910,23.38,41.54,14.32,9.84,0.69,0.0
20221119:1010,304.47,369.03,21.4,10.96,0.69,0.0
20221119:1110,152.27,194.17,26.25,11.32,0.55,0.0
20221119:1210,45.18,69.23,28.31,11.72,0.83,0.0
20221119:1310,112.45,148.46,27.3,11.74,1.17,0.0
20221119:1410,35.52,57.23,23.37,11.55,1.59,0.0
20221119:1510,137.38,175.56,17.0,11.5,2.0,0.0
20221119:1610,12.33,26.77,8.8,11.47,2.21,0.0
20221119:1710,0.0,0.0,0.0,11.45,2.76,0.0
20221119:1810,0.0,0.0,0.0,11.52,2.97,0.0
20221119:1910,0.0,0.0,0.0,11.73,2.21,0.0
20221119:2010,0.0,0.0,0.0,12.06,2.34,0.0
20221119:2110,0.0,0.0,0.0,12.28,2.55,0.0
20221119:2210,0.0,0.0,0.0,12.47,2.48,0.0
20221119:2310,0.0,0.0,0.0,12.66,2.41,0.0
20221120:0010,0.0,0.0,0.0,12.91,2.34,0.0
20221120:0110,0.0,0.0,0.0,12.95,2.34,0.0
20221120:0210,0.0,0.0,0.0,13.11,2.0,0.0
20221120:0310,0.0,0.0,0.0,13.1,1.45,0.0
20221120:0410,0.0,0.0,0.0,13.12,1.24,0.0
20221120:0510,0.0,0.0,0.0,13.03,1.31,0.0
20221120:0610,0.0,0.0,0.0,13.17,1.03,0.0
20221120:0710,0.0,0.0,0.0,13.34,0.76,0.0
20221120:0810,1.49,9.23,5.4,13.2,1.1,0.0
20221120:0910,6.08,17.54,14.1,14.12,1.17,0.0
20221120:1010,68.81,98.77,21.17,14.77,1.1,0.0
20221120:1110,203.65,258.33,26.01,15.49,0.21,0.0
20221120:1210,112.36,151.18,28.08,16.05,1.03,0.0
20221120:1310,89.13,123.69,27.09,16.53,2.07,0.0
20221120:1410,45.71,71.08,23.18,16.47,2.69,0.0
20221120:1510,74.79,105.94,16.83,15.86,2.28,0.0
20221120:1610,24.15,43.42,8.66,15.4,2.34,0.0
20221120:1710,0.0,0.0,0.0,14.96,3.03,0.0
20221120:1810,0.0,0.0,0.0,14.86,3.72,0.0
20221120:1910,0.0,0.0,0.0,15.14,5.45,0.0
20221120:2010,0.0,0.0,0.0,15.47,6.28,0.0
20221120:2110,0.0,0.0,0.0,15.63,6.76,0.0
20221120:2210,0.0,0.0,0.0,15.65,6.9,0.0
20221120:2310,0.0,0.0,0.0,15.78,7.66,0.0
20221121:0010,0.0,0.0,0.0,15.45,8.28,0.0
20221121:0110,0.0,0.0,0.0,15.21,7.59,0.0
20221121:0210,0.0,0.0,0.0,15.01,8.0,0.0
20221121:0310,0.0,0.0,0.0,14.92,8.21,0.0
20221121:0410,0.0,0.0,0.0,15.15,8.55,0.0
20221121:0510,0.0,0.0,0.0,14.99,8.41,0.0
20221121:0610,0.0,0.0,0.0,14.81,8.69,0.0
20221121:0710,0.0,0.0,0.0,14.46,8.62,0.0
20221121:0810,95.02,133.0,5.19,14.2,8.41,0.0
20221121:0910,23.69,42.46,13.88,13.71,7.66,0.0
20221121:1010,133.06,170.8,20.94,13.1,7.86,0.0
20221121:1110,642.03,756.72,25.78,12.98,7.38,0.0
20221121:1210,173.2,215.79,27.85,12.37,7.93,0.0
20221121:1310,151.76,190.67,26.88,11.1,8.41,0.0
20221121:1410,74.56,103.38,22.99,10.86,6.69,0.0
20221121:1510,7.97,20.31,16.67,11.31,6.21,0.0
20221121:1610,75.94,105.23,8.52,11.27,7.31,0.0
20221121:1710,0.0,0.0,0.0,10.53,7.03,0.0
20221121:1810,0.0,0.0,0.0,10.49,6.21,0.0
20221121:1910,0.0,0.0,0.0,10.5,5.86,0.0
20221121:2010,0.0,0.0,0.0,10.43,5.45,0.0
20221121:2110,0.0,0.0,0.0,10.64,5.1,0.0
20221121:2210,0.0,0.0,0.0,10.56,4.62,0.0
20221121:2310,0.0,0.0,0.0,10.67,4.28,0.0
20221122:0010,0.0,0.0,0.0,10.91,4.21,0.0
20221122:0110,0.0,0.0,0.0,11.18,4.34,0.0
20221122:0210,0.0,0.0,0.0,11.27,4.69,0.0
20221122:0310,0.0,0.0,0.0,11.36,5.17,0.0
20221122:0410,0.0,0.0,0.0,11.25,5.79,0.0
20221122:0510,0.0,0.0,0.0,10.65,6.14,0.0
20221122:0610,0.0,0.0,0.0,10.79,6.14,0.0
20221122:0710,0.0,0.0,0.0,11.01,6.0,0.0
20221122:0810,10.36,24.11,4.99,11.53,6.41,0.0
20221122:0910,20.37,37.85,13.66,12.13,7.31,0.0
20221122:1010,51.34,76.61,20.71,12.66,8.14,0.0
20221122:1110,30.89,51.69,25.55,13.53,7.66,0.0
20221122:1210,34.41,56.31,27.63,14.19,5.79,0.0
20221122:1310,31.39,52.61,26.67,14.78,5.38,0.0
20221122:1410,36.43,59.08,22.81,15.25,6.14,0.0
20221122:1510,42.3,66.46,16.52,15.66,7.66,0.0
20221122:1610,10.18,24.0,8.39,15.74,7.45,0.0
20221122:1710,0.0,0.0,0.0,15.83,8.28,0.0
20221122:1810,0.0,0.0,0.0,15.77,9.03,0.0
20221122:1910,0.0,0.0,0.0,15.88,8.55,0.0
20221122:2010,0.0,0.0,0.0,15.92,8.55,0.0
20221122:2110,0.0,0.0,0.0,15.97,8.69,0.0
20221122:2210,0.0,0.0,0.0,16.0,8.9,0.0
20221122:2310,0.0,0.0,0.0,15.97,9.45,0.0
20221123:0010,0.0,0.0,0.0,16.09,10.14,0.0
20221123:0110,0.0,0.0,0.0,16.05,10.21,0.0
20221123:0210,0.0,0.0,0.0,16.03,9.38,0.0
20221123:0310,0.0,0.0,0.0,15.74,8.28,0.0
20221123:0410,0.0,0.0,0.0,15.39,7.66,0.0
20221123:0510,0.0,0.0,0.0,14.54,7.59,0.0
20221123:0610,0.0,0.0,0.0,14.26,5.93,0.0
20221123:0710,0.0,0.0,0.0,13.73,4.97,0.0
20221123:0810,11.64,26.18,4.78,13.41,4.34,0.0
20221123:0910,210.95,260.79,13.45,13.77,3.86,0.0
20221123:1010,278.2,337.65,20.49,14.34,3.93,0.0
20221123:1110,431.75,517.61,25.32,14.82,4.62,0.0
20221123:1210,493.78,591.18,27.41,14.97,5.24,0.0
20221123:1310,486.27,580.56,26.47,14.96,5.72,0.0
20221123:1410,522.28,622.8,22.64,14.86,5.72,0.0
20221123:1510,56.91,83.96,16.37,14.61,5.24,0.0
20221123:1610,78.83,110.14,8.27,14.24,4.55,0.0
20221123:1710,0.0,0.0,0.0,13.82,3.86,0.0
20221123:1810,0.0,0.0,0.0,13.5,3.24,0.0
20221123:1910,0.0,0.0,0.0,13.57,3.66,0.0
20221123:2010,0.0,0.0,0.0,13.38,3.72,0.0
20221123:2110,0.0,0.0,0.0,13.37,3.66,0.0
20221123:2210,0.0,0.0,0.0,13.4,4.0,0.0
20221123:2310,0.0,0.0,0.0,13.23,4.34,0.0
20221124:0010,0.0,0.0,0.0,13.03,4.55,0.0
20221124:0110,0.0,0.0,0.0,12.86,4.83,0.0
20221124:0210,0.0,0.0,0.0,12.76,4.62,0.0
20221124:0310,0.0,0.0,0.0,12.58,4.28,0.0
20221124:0410,0.0,0.0,0.0,12.61,3.66,0.0
20221124:0510,0.0,0.0,0.0,12.76,3.24,0.0
20221124:0610,0.0,0.0,0.0,12.84,3.03,0.0
20221124:0710,0.0,0.0,0.0,12.94,3.03,0.0
20221124:0810,1.5,9.23,4.58,12.86,2.9,0.0
20221124:0910,33.11,54.46,13.24,12.93,2.9,0.0
20221124:1010,30.15,50.77,20.27,13.22,3.45,0.0
20221124:1110,38.21,60.92,25.11,13.4,3.59,0.0
20221124:1210,43.37,67.38,27.2,13.78,4.0,0.0
20221124:1310,246.47,301.39,26.28,14.07,4.28,0.0
20221124:1410,162.55,205.65,22.47,14.3,5.03,0.0
20221124:1510,363.28,434.56,16.23,14.11,4.83,0.0
20221124:1610,47.77,72.68,8.15,13.42,4.97,0.0
20221124:1710,0.0,0.0,0.0,13.23,3.59,0.0
20221124:1810,0.0,0.0,0.0,12.67,2.41,0.0
20221124:1910,0.0,0.0,0.0,12.67,2.9,0.0
20221124:2010,0.0,0.0,0.0,12.4,3.03,0.0
20221124:2110,0.0,0.0,0.0,12.3,2.9,0.0
20221124:2210,0.0,0.0,0.0,11.84,2.21,0.0
20221124:2310,0.0,0.0,0.0,11.19,2.14,0.0
20221125:0010,0.0,0.0,0.0,11.2,2.9,0.0
20221125:0110,0.0,0.0,0.0,10.98,3.66,0.0
20221125:0210,0.0,0.0,0.0,10.83,3.31,0.0
20221125:0310,0.0,0.0,0.0,10.81,2.28,0.0
20221125:0410,0.0,0.0,0.0,10.53,1.72,0.0
20221125:0510,0.0,0.0,0.0,10.45,1.03,0.0
20221125:0610,0.0,0.0,0.0,10.83,0.62,0.0
20221125:0710,0.0,0.0,0.0,11.0,0.83,0.0
20221125:0810,64.54,95.54,4.38,10.91,0.76,0.0
20221125:0910,342.46,418.6,13.03,11.31,0.41,0.0
20221125:1010,524.48,647.51,20.06,12.72,0.69,0.0
20221125:1110,647.01,799.43,24.9,13.36,1.93,0.0
20221125:1210,692.94,856.52,27.0,13.77,2.55,0.0
20221125:1310,673.41,834.14,26.1,14.19,2.34,0.0
20221125:1410,566.01,697.51,22.31,14.56,1.79,0.0
20221125:1510,438.48,539.89,16.1,14.67,1.03,0.0
20221125:1610,147.92,192.9,8.04,14.52,0.55,0.0
20221125:1710,0.0,0.0,0.0,14.1,0.21,0.0
20221125:1810,0.0,0.0,0.0,13.23,0.55,0.0
20221125:1910,0.0,0.0,0.0,12.54,0.76,0.0
20221125:2010,0.0,0.0,0.0,12.16,0.83,0.0
20221125:2110,0.0,0.0,0.0,11.32,1.17,0.0
20221125:2210,0.0,0.0,0.0,8.49,1.79,0.0
20221125:2310,0.0,0.0,0.0,7.68,2.07,0.0
20221126:0010,0.0,0.0,0.0,7.95,2.34,0.0
20221126:0110,0.0,0.0,0.0,8.24,2.62,0.0
20221126:0210,0.0,0.0,0.0,8.66,2.69,0.0
20221126:0310,0.0,0.0,0.0,9.03,2.97,0.0
20221126:0410,0.0,0.0,0.0,9.31,3.38,0.0
20221126:0510,0.0,0.0,0.0,9.59,3.72,0.0
20221126:0610,0.0,0.0,0.0,9.73,3.72,0.0
20221126:0710,0.0,0.0,0.0,9.88,3.66,0.0
20221126:0810,60.89,90.4,4.19,9.54,3.31,0.0
20221126:0910,233.39,282.97,12.83,10.37,3.17,0.0
20221126:1010,173.83,217.56,19.85,12.77,3.17,0.0
20221126:1110,454.58,547.83,24.69,14.59,3.52,0.0
20221126:1210,683.48,835.9,26.8,15.52,4.21,0.0
20221126:1310,661.96,806.5,25.92,15.81,4.55,0.0
20221126:1410,583.79,706.09,22.16,15.86,4.62,0.0
20221126:1510,382.66,461.68,15.97,15.66,4.34,0.0
20221126:1610,233.2,291.34,7.94,15.08,4.21,0.0
20221126:1710,0.0,0.0,0.0,14.29,3.93,0.0
20221126:1810,0.0,0.0,0.0,13.68,3.79,0.0
20221126:1910,0.0,0.0,0.0,13.27,4.07,0.0
20221126:2010,0.0,0.0,0.0,12.9,4.07,0.0
20221126:2110,0.0,0.0,0.0,12.58,4.0,0.0
20221126:2210,0.0,0.0,0.0,12.21,4.0,0.0
20221126:2310,0.0,0.0,0.0,12.0,4.0,0.0
20221127:0010,0.0,0.0,0.0,11.9,4.14,0.0
20221127:0110,0.0,0.0,0.0,11.92,4.21,0.0
20221127:0210,0.0,0.0,0.0,11.85,4.14,0.0
20221127:0310,0.0,0.0,0.0,11.78,4.07,0.0
20221127:0410,0.0,0.0,0.0,11.66,4.14,0.0
20221127:0510,0.0,0.0,0.0,11.52,4.14,0.0
20221127:0610,0.0,0.0,0.0,11.52,4.28,0.0
20221127:0710,0.0,0.0,0.0,12.14,5.72,0.0
20221127:0810,1.08,8.31,4.0,12.15,6.21,0.0
20221127:0910,12.29,26.77,12.63,12.22,6.21,0.0
20221127:1010,25.33,44.31,19.65,11.89,5.17,0.0
20221127:1110,48.27,72.92,24.49,12.27,4.21,0.0
20221127:1210,156.48,198.6,26.61,12.41,2.69,0.0
20221127:1310,71.99,101.54,25.75,12.64,2.0,0.0
20221127:1410,17.51,34.15,22.01,12.88,1.79,0.0
20221127:1510,48.86,73.84,15.85,12.84,3.38,0.0
20221127:1610,91.11,123.66,7.84,12.47,4.55,0.0
20221127:1710,0.0,0.0,0.0,12.22,4.21,0.0
20221127:1810,0.0,0.0,0.0,11.59,3.79,0.0
20221127:1910,0.0,0.0,0.0,11.07,3.72,0.0
20221127:2010,0.0,0.0,0.0,10.86,3.38,0.0
20221127:2110,0.0,0.0,0.0,10.74,2.34,0.0
20221127:2210,0.0,0.0,0.0,9.94,1.86,0.0
20221127:2310,0.0,0.0,0.0,9.51,2.55,0.0
20221128:0010,0.0,0.0,0.0,9.67,2.48,0.0
20221128:0110,0.0,0.0,0.0,9.37,1.59,0.0
20221128:0210,0.0,0.0,0.0,8.65,1.79,0.0
20221128:0310,0.0,0.0,0.0,8.72,2.14,0.0
20221128:0410,0.0,0.0,0.0,8.65,2.0,0.0
20221128:0510,0.0,0.0,0.0,8.8,2.0,0.0
20221128:0610,0.0,0.0,0.0,8.51,2.0,0.0
20221128:0710,0.0,0.0,0.0,9.84,3.1,0.0
20221128:0810,58.39,87.85,3.81,10.17,2.97,0.0
20221128:0910,52.54,77.6,12.44,11.01,3.17,0.0
20221128:1010,90.76,122.9,19.45,12.42,3.66,0.0
20221128:1110,619.23,743.55,24.29,12.97,4.07,0.0
20221128:1210,191.66,238.43,26.43,13.29,4.28,0.0
20221128:1310,155.73,197.94,25.58,13.46,4.14,0.0
20221128:1410,510.01,609.83,21.87,13.67,4.14,0.0
20221128:1510,251.69,306.05,15.74,13.54,3.79,0.0
20221128:1610,142.08,183.63,7.75,13.23,2.97,0.0
20221128:1710,0.0,0.0,0.0,12.73,2.48,0.0
20221128:1810,0.0,0.0,0.0,12.25,2.21,0.0
20221128:1910,0.0,0.0,0.0,11.44,2.83,0.0
20221128:2010,0.0,0.0,0.0,11.45,2.41,0.0
20221128:2110,0.0,0.0,0.0,11.37,2.0,0.0
20221128:2210,0.0,0.0,0.0,10.61,1.52,0.0
20221128:2310,0.0,0.0,0.0,10.45,1.17,0.0
20221129:0010,0.0,0.0,0.0,11.03,0.9,0.0
20221129:0110,0.0,0.0,0.0,10.73,0.83,0.0
20221129:0210,0.0,0.0,0.0,9.59,1.1,0.0
20221129:0310,0.0,0.0,0.0,8.69,1.24,0.0
20221129:0410,0.0,0.0,0.0,7.9,1.45,0.0
20221129:0510,0.0,0.0,0.0,7.48,1.45,0.0
20221129:0610,0.0,0.0,0.0,7.17,1.66,0.0
20221129:0710,0.0,0.0,0.0,8.01,1.66,0.0
20221129:0810,4.05,13.85,3.63,8.32,1.86,0.0
20221129:0910,56.35,81.83,12.25,9.86,1.86,0.0
20221129:1010,333.42,399.32,19.26,11.14,2.07,0.0
20221129:1110,357.19,429.04,24.1,12.01,2.21,0.0
20221129:1210,224.04,276.15,26.25,12.62,2.0,0.0
20221129:1310,239.05,293.78,25.43,12.99,1.93,0.0
20221129:1410,253.12,309.51,21.74,13.16,2.0,0.0
20221129:1510,205.79,254.6,15.63,13.15,2.07,0.0
20221129:1610,74.37,104.56,7.66,12.93,2.21,0.0
20221129:1710,0.0,0.0,0.0,12.61,2.34,0.0
20221129:1810,0.0,0.0,0.0,12.23,2.55,0.0
20221129:1910,0.0,0.0,0.0,11.75,2.62,0.0
20221129:2010,0.0,0.0,0.0,11.24,2.97,0.0
20221129:2110,0.0,0.0,0.0,11.05,3.24,0.0
20221129:2210,0.0,0.0,0.0,10.74,3.45,0.0
20221129:2310,0.0,0.0,0.0,10.38,3.59,0.0
20221130:0010,0.0,0.0,0.0,10.34,3.72,0.0
20221130:0110,0.0,0.0,0.0,10.19,3.93,0.0
20221130:0210,0.0,0.0,0.0,9.96,4.14,0.0
20221130:0310,0.0,0.0,0.0,9.83,4.28,0.0
20221130:0410,0.0,0.0,0.0,9.71,4.34,0.0
20221130:0510,0.0,0.0,0.0,9.87,4.83,0.0
20221130:0610,0.0,0.0,0.0,10.01,5.03,0.0
20221130:0710,0.0,0.0,0.0,10.32,5.17,0.0
20221130:0810,19.16,37.08,3.44,10.45,5.38,0.0
20221130:0910,18.44,35.08,12.06,10.59,5.59,0.0
20221130:1010,29.06,48.92,19.08,11.05,5.59,0.0
20221130:1110,38.65,60.92,23.92,11.35,5.52,0.0
20221130:1210,98.53,131.54,26.08,11.74,5.24,0.0
20221130:1310,40.78,63.69,25.28,11.94,4.97,0.0
20221130:1410,80.92,111.42,21.61,12.18,4.76,0.0
20221130:1510,113.75,148.5,15.53,12.35,4.69,0.0
20221130:1610,189.7,237.17,7.58,12.27,4.41,0.0
20221130:1710,0.0,0.0,0.0,12.11,3.79,0.0
20221130:1810,0.0,0.0,0.0,11.87,3.03,0.0
20221130:1910,0.0,0.0,0.0,11.41,2.34,0.0
20221130:2010,0.0,0.0,0.0,11.3,2.14,0.0
20221130:2110,0.0,0.0,0.0,11.24,2.34,0.0
20221130:2210,0.0,0.0,0.0,11.24,2.21,0.0
20221130:2310,0.0,0.0,0.0,11.2,2.0,0.0
20221201:0010,0.0,0.0,0.0,10.54,2.14,0.0
20221201:0110,0.0,0.0,0.0,9.71,2.48,0.0
20221201:0210,0.0,0.0,0.0,8.97,2.62,0.0
20221201:0310,0.0,0.0,0.0,8.51,2.48,0.0
20221201:0410,0.0,0.0,0.0,8.0,2.28,0.0
20221201:0510,0.0,0.0,0.0,7.37,2.14,0.0
20221201:0610,0.0,0.0,0.0,6.67,2.07,0.0
20221201:0710,0.0,0.0,0.0,6.34,2.34,0.0
20221201:0810,46.49,72.18,3.27,6.07,2.55,0.0
20221201:0910,357.93,420.92,11.88,6.87,2.9,0.0
20221201:1010,545.69,643.32,18.89,8.58,2.97,0.0
20221201:1110,672.03,809.34,23.74,10.38,2.9,0.0
20221201:1210,695.07,850.79,25.92,12.17,2.62,0.0
20221201:1310,668.25,825.91,25.13,13.47,2.14,0.0
20221201:1410,571.68,705.47,21.49,14.25,1.59,0.0
20221201:1510,454.15,558.75,15.43,14.5,1.1,0.0
20221201:1610,218.62,276.5,7.51,14.24,0.9,0.0
20221201:1710,0.0,0.0,0.0,12.81,0.97,0.0
20221201:1810,0.0,0.0,0.0,11.2,1.24,0.0
20221201:1910,0.0,0.0,0.0,9.1,1.79,0.0
20221201:2010,0.0,0.0,0.0,7.74,2.07,0.0
20221201:2110,0.0,0.0,0.0,6.62,2.34,0.0
20221201:2210,0.0,0.0,0.0,6.13,2.55,0.0
20221201:2310,0.0,0.0,0.0,5.8,2.55,0.0
20221202:0010,0.0,0.0,0.0,5.61,2.55,0.0
20221202:0110,0.0,0.0,0.0,5.47,2.55,0.0
20221202:0210,0.0,0.0,0.0,5.22,2.48,0.0
20221202:0310,0.0,0.0,0.0,5.0,2.48,0.0
20221202:0410,0.0,0.0,0.0,5.03,2.48,0.0
20221202:0510,0.0,0.0,0.0,4.97,2.55,0.0
20221202:0610,0.0,0.0,0.0,4.89,2.62,0.0
20221202:0710,0.0,0.0,0.0,4.68,2.97,0.0
20221202:0810,47.0,72.56,3.1,4.47,2.83,0.0
20221202:0910,361.29,423.03,11.71,5.45,2.55,0.0
20221202:1010,539.38,639.39,18.72,8.09,2.14,0.0
20221202:1110,658.55,803.63,23.57,10.51,1.86,0.0
20221202:1210,691.84,860.92,25.76,12.02,1.52,0.0
20221202:1310,677.52,850.5,24.99,12.92,1.17,0.0
20221202:1410,591.01,736.41,21.38,13.39,0.9,0.0
20221202:1510,466.15,575.81,15.35,13.51,0.55,0.0
20221202:1610,233.84,294.89,7.45,13.29,0.21,0.0
20221202:1710,0.0,0.0,0.0,12.85,0.48,0.0
20221202:1810,0.0,0.0,0.0,11.94,0.83,0.0
20221202:1910,0.0,0.0,0.0,10.96,0.9,0.0
20221202:2010,0.0,0.0,0.0,8.34,1.45,0.0
20221202:2110,0.0,0.0,0.0,5.74,1.93,0.0
20221202:2210,0.0,0.0,0.0,4.2,2.28,0.0
20221202:2310,0.0,0.0,0.0,3.67,2.34,0.0
20221203:0010,0.0,0.0,0.0,3.22,2.28,0.0
20221203:0110,0.0,0.0,0.0,2.91,2.28,0.0
20221203:0210,0.0,0.0,0.0,2.75,2.34,0.0
20221203:0310,0.0,0.0,0.0,2.75,2.41,0.0
20221203:0410,0.0,0.0,0.0,2.81,2.48,0.0
20221203:0510,0.0,0.0,0.0,2.91,2.62,0.0
20221203:0610,0.0,0.0,0.0,3.02,2.76,0.0
20221203:0710,0.0,0.0,0.0,2.97,3.03,0.0
20221203:0810,4.22,13.89,2.93,2.96,3.17,0.0
20221203:0910,350.25,407.35,11.54,4.4,3.03,0.0
20221203:1010,541.46,634.36,18.55,7.19,2.9,0.0
20221203:1110,671.08,803.06,23.41,9.26,2.97,0.0
20221203:1210,699.26,842.21,25.61,10.36,3.24,0.0
20221203:1310,691.69,833.59,24.86,11.13,3.45,0.0
20221203:1410,601.11,719.62,21.27,11.59,3.38,0.0
20221203:1510,471.76,561.0,15.26,11.72,3.52,0.0
20221203:1610,220.97,272.81,7.39,11.36,3.45,0.0
20221203:1710,0.0,0.0,0.0,10.39,3.72,0.0
20221203:1810,0.0,0.0,0.0,9.29,3.93,0.0
20221203:1910,0.0,0.0,0.0,8.45,4.21,0.0
20221203:2010,0.0,0.0,0.0,7.54,4.28,0.0
20221203:2110,0.0,0.0,0.0,6.72,4.21,0.0
20221203:2210,0.0,0.0,0.0,5.99,3.93,0.0
20221203:2310,0.0,0.0,0.0,5.4,3.66,0.0
20221204:0010,0.0,0.0,0.0,4.85,3.52,0.0
20221204:0110,0.0,0.0,0.0,4.45,3.38,0.0
20221204:0210,0.0,0.0,0.0,4.1,3.24,0.0
20221204:0310,0.0,0.0,0.0,3.73,3.17,0.0
20221204:0410,0.0,0.0,0.0,3.43,3.17,0.0
20221204:0510,0.0,0.0,0.0,3.27,3.1,0.0
20221204:0610,0.0,0.0,0.0,3.16,3.17,0.0
20221204:0710,0.0,0.0,0.0,3.37,2.97,0.0
20221204:0810,3.69,13.02,2.76,3.55,2.97,0.0
20221204:0910,346.24,403.53,11.37,4.4,2.69,0.0
20221204:1010,529.63,619.87,18.38,6.16,2.34,0.0
20221204:1110,611.95,732.48,23.25,8.18,1.93,0.0
20221204:1210,258.61,313.0,25.46,9.89,1.38,0.0
20221204:1310,262.58,319.45,24.74,10.86,1.03,0.0
20221204:1410,91.89,124.23,21.18,11.24,1.17,0.0
20221204:1510,89.82,121.35,15.19,11.33,1.52,0.0
20221204:1610,36.93,58.87,7.33,11.02,2.0,0.0
20221204:1710,0.0,0.0,0.0,10.81,2.34,0.0
20221204:1810,0.0,0.0,0.0,10.37,2.41,0.0
20221204:1910,0.0,0.0,0.0,10.06,2.48,0.0
20221204:2010,0.0,0.0,0.0,9.99,2.76,0.0
20221204:2110,0.0,0.0,0.0,9.6,3.1,0.0
20221204:2210,0.0,0.0,0.0,9.35,3.03,0.0
20221204:2310,0.0,0.0,0.0,8.67,2.69,0.0
20221205:0010,0.0,0.0,0.0,7.95,2.69,0.0
20221205:0110,0.0,0.0,0.0,7.66,2.83,0.0
20221205:0210,0.0,0.0,0.0,6.93,3.03,0.0
20221205:0310,0.0,0.0,0.0,6.6,3.31,0.0
20221205:0410,0.0,0.0,0.0,6.3,3.59,0.0
20221205:0510,0.0,0.0,0.0,6.43,3.59,0.0
20221205:0610,0.0,0.0,0.0,6.73,3.38,0.0
20221205:0710,0.0,0.0,0.0,6.56,3.52,0.0
20221205:0810,2.64,11.28,2.6,6.73,3.52,0.0
20221205:0910,38.34,59.62,11.21,7.35,3.45,0.0
20221205:1010,145.19,181.92,18.22,8.92,3.24,0.0
20221205:1110,362.04,430.86,23.1,10.92,2.76,0.0
20221205:1210,354.31,426.45,25.33,12.63,2.41,0.0
20221205:1310,590.49,722.21,24.63,13.36,2.14,0.0
20221205:1410,467.65,568.29,21.09,13.55,1.72,0.0
20221205:1510,80.35,111.54,15.12,13.74,1.59,0.0
20221205:1610,63.74,92.13,7.29,13.4,1.66,0.0
20221205:1710,0.0,0.0,0.0,12.87,1.66,0.0
20221205:1810,0.0,0.0,0.0,12.16,1.59,0.0
20221205:1910,0.0,0.0,0.0,11.84,1.45,0.0
20221205:2010,0.0,0.0,0.0,11.5,1.45,0.0
20221205:2110,0.0,0.0,0.0,10.99,1.38,0.0
20221205:2210,0.0,0.0,0.0,10.4,1.24,0.0
20221205:2310,0.0,0.0,0.0,9.91,1.31,0.0
20221206:0010,0.0,0.0,0.0,9.43,1.38,0.0
20221206:0110,0.0,0.0,0.0,9.0,1.45,0.0
20221206:0210,0.0,0.0,0.0,8.98,1.45,0.0
20221206:0310,0.0,0.0,0.0,8.91,1.38,0.0
20221206:0410,0.0,0.0,0.0,8.88,1.31,0.0
20221206:0510,0.0,0.0,0.0,8.92,1.24,0.0
20221206:0610,0.0,0.0,0.0,8.73,1.31,0.0
20221206:0710,0.0,0.0,0.0,10.36,0.76,0.0
20221206:0810,0.0,4.34,2.45,10.17,0.83,0.0
20221206:0910,56.82,82.71,11.05,10.53,0.83,0.0
20221206:1010,411.76,499.75,18.07,11.54,0.69,0.0
20221206:1110,530.33,653.45,22.96,12.49,0.76,0.0
20221206:1210,264.17,325.11,25.2,13.04,0.76,0.0
20221206:1310,97.8,132.57,24.52,13.43,0.69,0.0
20221206:1410,217.24,270.69,21.0,14.03,0.83,0.0
20221206:1510,171.41,216.97,15.06,14.05,0.97,0.0
20221206:1610,115.64,153.95,7.25,13.96,1.03,0.0
20221206:1710,0.0,0.0,0.0,13.29,1.17,0.0
20221206:1810,0.0,0.0,0.0,11.56,1.24,0.0
20221206:1910,0.0,0.0,0.0,10.82,1.38,0.0
20221206:2010,0.0,0.0,0.0,10.35,1.52,0.0
20221206:2110,0.0,0.0,0.0,9.87,1.66,0.0
20221206:2210,0.0,0.0,0.0,9.11,1.79,0.0
20221206:2310,0.0,0.0,0.0,8.68,2.07,0.0
20221207:0010,0.0,0.0,0.0,8.19,2.14,0.0
20221207:0110,0.0,0.0,0.0,7.95,2.21,0.0
20221207:0210,0.0,0.0,0.0,7.82,2.34,0.0
20221207:0310,0.0,0.0,0.0,8.07,2.48,0.0
20221207:0410,0.0,0.0,0.0,8.13,2.48,0.0
20221207:0510,0.0,0.0,0.0,8.14,2.41,0.0
20221207:0610,0.0,0.0,0.0,8.18,2.41,0.0
20221207:0710,0.0,0.0,0.0,8.16,2.69,0.0
20221207:0810,1.72,9.55,2.3,8.24,2.76,0.0
20221207:0910,269.35,322.31,10.9,8.62,2.97,0.0
20221207:1010,472.8,558.67,17.92,9.76,2.9,0.0
20221207:1110,622.29,750.97,22.82,11.33,2.62,0.0
20221207:1210,652.87,803.74,25.08,13.14,2.14,0.0
20221207:1310,611.33,757.74,24.42,14.18,1.66,0.0
20221207:1410,452.42,554.3,20.92,14.8,1.45,0.0
20221207:1510,360.11,442.62,15.01,14.72,0.83,0.0
20221207:1610,67.02,96.48,7.22,14.52,1.66,0.0
20221207:1710,0.0,0.0,0.0,13.67,2.21,0.0
20221207:1810,0.0,0.0,0.0,12.58,2.55,0.0
20221207:1910,0.0,0.0,0.0,12.51,2.83,0.0
20221207:2010,0.0,0.0,0.0,12.19,2.83,0.0
20221207:2110,0.0,0.0,0.0,11.66,3.24,0.0
20221207:2210,0.0,0.0,0.0,11.13,3.38,0.0
20221207:2310,0.0,0.0,0.0,11.11,3.59,0.0
20221208:0010,0.0,0.0,0.0,11.13,3.59,0.0
20221208:0110,0.0,0.0,0.0,11.06,3.59,0.0
20221208:0210,0.0,0.0,0.0,11.1,3.59,0.0
20221208:0310,0.0,0.0,0.0,11.26,3.66,0.0
20221208:0410,0.0,0.0,0.0,11.44,3.45,0.0
20221208:0510,0.0,0.0,0.0,11.52,3.24,0.0
20221208:0610,0.0,0.0,0.0,11.38,3.1,0.0
20221208:0710,0.0,0.0,0.0,11.91,3.66,0.0
20221208:0810,0.0,1.74,2.15,11.87,3.45,0.0
20221208:0910,238.88,291.91,10.76,12.01,3.1,0.0
20221208:1010,385.49,460.65,17.78,12.66,3.17,0.0
20221208:1110,397.87,476.97,22.69,13.67,3.45,0.0
20221208:1210,283.29,343.78,24.96,14.23,3.93,0.0
20221208:1310,433.44,518.63,24.32,14.14,4.21,0.0
20221208:1410,65.47,94.15,20.85,13.99,3.86,0.0
20221208:1510,354.84,426.04,14.96,13.85,3.66,0.0
20221208:1610,59.09,86.17,7.19,13.04,4.76,0.0
20221208:1710,0.0,0.0,0.0,12.59,4.55,0.0
20221208:1810,0.0,0.0,0.0,12.39,4.28,0.0
20221208:1910,0.0,0.0,0.0,12.24,3.59,0.0
20221208:2010,0.0,0.0,0.0,12.18,3.45,0.0
20221208:2110,0.0,0.0,0.0,12.03,3.17,0.0
20221208:2210,0.0,0.0,0.0,11.96,2.97,0.0
20221208:2310,0.0,0.0,0.0,11.83,2.69,0.0
20221209:0010,0.0,0.0,0.0,11.7,2.76,0.0
20221209:0110,0.0,0.0,0.0,11.67,2.76,0.0
20221209:0210,0.0,0.0,0.0,11.69,2.41,0.0
20221209:0310,0.0,0.0,0.0,11.69,2.28,0.0
20221209:0410,0.0,0.0,0.0,11.63,2.28,0.0
20221209:0510,0.0,0.0,0.0,11.53,2.48,0.0
20221209:0610,0.0,0.0,0.0,11.46,2.9,0.0
20221209:0710,0.0,0.0,0.0,10.45,2.9,0.0
20221209:0810,0.5,6.94,2.01,10.42,2.76,0.0
20221209:0910,269.78,325.87,10.62,10.62,2.97,0.0
20221209:1010,504.42,599.02,17.65,11.2,3.31,0.0
20221209:1110,625.73,750.04,22.56,12.15,3.72,0.0
20221209:1210,669.34,806.49,24.85,13.23,4.28,0.0
20221209:1310,624.9,747.99,24.24,13.67,4.97,0.0
20221209:1410,284.1,341.46,20.79,13.6,5.52,0.0
20221209:1510,414.78,490.51,14.92,13.18,6.0,0.0
20221209:1610,194.23,241.51,7.17,12.39,6.14,0.0
20221209:1710,0.0,0.0,0.0,11.34,6.07,0.0
20221209:1810,0.0,0.0,0.0,10.51,5.79,0.0
20221209:1910,0.0,0.0,0.0,10.51,5.66,0.0
20221209:2010,0.0,0.0,0.0,10.13,5.66,0.0
20221209:2110,0.0,0.0,0.0,9.71,5.59,0.0
20221209:2210,0.0,0.0,0.0,9.33,5.45,0.0
20221209:2310,0.0,0.0,0.0,8.94,5.38,0.0
20221210:0010,0.0,0.0,0.0,8.55,5.24,0.0
20221210:0110,0.0,0.0,0.0,8.2,5.17,0.0
20221210:0210,0.0,0.0,0.0,7.81,5.38,0.0
20221210:0310,0.0,0.0,0.0,7.5,5.38,0.0
20221210:0410,0.0,0.0,0.0,7.15,4.97,0.0
20221210:0510,0.0,0.0,0.0,7.02,4.41,0.0
20221210:0610,0.0,0.0,0.0,6.87,4.07,0.0
20221210:0710,0.0,0.0,0.0,6.48,4.14,0.0
20221210:0810,0.0,5.21,1.87,6.39,4.0,0.0
20221210:0910,322.61,379.68,10.48,6.63,3.45,0.0
20221210:1010,469.03,547.38,17.52,7.49,3.17,0.0
20221210:1110,623.42,741.83,22.44,8.56,2.69,0.0
20221210:1210,413.07,490.4,24.75,9.44,2.07,0.0
20221210:1310,237.68,287.86,24.16,10.04,2.28,0.0
20221210:1410,207.63,254.17,20.74,10.51,2.07,0.0
20221210:1510,109.04,142.63,14.89,10.35,1.72,0.0
20221210:1610,27.78,47.22,7.16,10.14,1.52,0.0
20221210:1710,0.0,0.0,0.0,9.65,1.1,0.0
20221210:1810,0.0,0.0,0.0,9.54,0.55,0.0
20221210:1910,0.0,0.0,0.0,10.0,0.41,0.0
20221210:2010,0.0,0.0,0.0,9.76,0.62,0.0
20221210:2110,0.0,0.0,0.0,8.33,1.31,0.0
20221210:2210,0.0,0.0,0.0,8.53,1.93,0.0
20221210:2310,0.0,0.0,0.0,8.69,2.55,0.0
20221211:0010,0.0,0.0,0.0,8.2,3.24,0.0
20221211:0110,0.0,0.0,0.0,7.51,3.31,0.0
20221211:0210,0.0,0.0,0.0,6.96,3.72,0.0
20221211:0310,0.0,0.0,0.0,6.9,4.41,0.0
20221211:0410,0.0,0.0,0.0,6.95,3.93,0.0
20221211:0510,0.0,0.0,0.0,7.04,3.86,0.0
20221211:0610,0.0,0.0,0.0,7.23,3.1,0.0
20221211:0710,0.0,0.0,0.0,7.53,3.1,0.0
20221211:0810,0.0,1.74,1.74,7.75,2.9,0.0
20221211:0910,71.13,98.36,10.35,8.16,2.21,0.0
20221211:1010,112.21,145.67,17.39,8.89,1.31,0.0
20221211:1110,206.2,254.19,22.33,9.81,0.21,0.0
20221211:1210,614.16,755.39,24.66,10.52,0.97,0.0
20221211:1310,424.12,511.9,24.09,10.85,0.97,0.0
20221211:1410,448.65,543.86,20.69,11.12,0.76,0.0
20221211:1510,351.58,423.3,14.87,11.36,1.31,0.0
20221211:1610,97.84,131.25,7.15,11.22,1.45,0.0
20221211:1710,0.0,0.0,0.0,10.71,1.52,0.0
20221211:1810,0.0,0.0,0.0,9.84,2.0,0.0
20221211:1910,0.0,0.0,0.0,9.88,2.69,0.0
20221211:2010,0.0,0.0,0.0,10.03,2.83,0.0
20221211:2110,0.0,0.0,0.0,10.07,3.31,0.0
20221211:2210,0.0,0.0,0.0,10.0,3.86,0.0
20221211:2310,0.0,0.0,0.0,10.02,4.0,0.0
20221212:0010,0.0,0.0,0.0,10.03,3.86,0.0
20221212:0110,0.0,0.0,0.0,10.35,4.14,0.0
20221212:0210,0.0,0.0,0.0,11.13,4.76,0.0
20221212:0310,0.0,0.0,0.0,11.68,5.31,0.0
20221212:0410,0.0,0.0,0.0,12.18,5.38,0.0
20221212:0510,0.0,0.0,0.0,12.37,5.24,0.0
20221212:0610,0.0,0.0,0.0,12.77,6.14,0.0
20221212:0710,0.0,0.0,0.0,14.45,9.66,0.0
20221212:0810,0.0,1.74,1.61,15.39,10.34,0.0
20221212:0910,112.57,148.9,10.23,15.7,10.83,0.0
20221212:1010,96.72,130.61,17.28,15.59,10.21,0.0
20221212:1110,14.01,29.54,22.23,15.49,9.52,0.0
20221212:1210,15.97,32.31,24.57,15.6,9.38,0.0
20221212:1310,19.33,36.92,24.02,15.53,9.24,0.0
20221212:1410,27.74,48.0,20.65,15.33,8.34,0.0
20221212:1510,35.74,58.15,14.85,15.16,7.93,0.0
20221212:1610,0.65,7.38,7.15,15.14,7.72,0.0
20221212:1710,0.0,0.0,0.0,14.74,6.76,0.0
20221212:1810,0.0,0.0,0.0,14.75,6.0,0.0
20221212:1910,0.0,0.0,0.0,14.73,6.55,0.0
20221212:2010,0.0,0.0,0.0,14.62,6.14,0.0
20221212:2110,0.0,0.0,0.0,14.56,5.38,0.0
20221212:2210,0.0,0.0,0.0,14.65,4.41,0.0
20221212:2310,0.0,0.0,0.0,14.74,4.28,0.0
20221213:0010,0.0,0.0,0.0,14.7,4.55,0.0
20221213:0110,0.0,0.0,0.0,14.69,4.76,0.0
20221213:0210,0.0,0.0,0.0,14.45,4.9,0.0
20221213:0310,0.0,0.0,0.0,14.3,4.62,0.0
20221213:0410,0.0,0.0,0.0,14.37,4.14,0.0
20221213:0510,0.0,0.0,0.0,14.37,3.86,0.0
20221213:0610,0.0,0.0,0.0,14.17,3.52,0.0
20221213:0710,0.0,0.0,0.0,14.3,3.24,0.0
20221213:0810,0.0,0.87,1.49,14.34,3.17,0.0
20221213:0910,91.95,125.16,10.11,14.36,3.1,0.0
20221213:1010,28.49,48.92,17.17,14.72,3.66,0.0
20221213:1110,195.43,243.93,22.13,15.07,4.14,0.0
20221213:1210,86.15,119.07,24.49,15.19,4.62,0.0
20221213:1310,76.64,108.0,23.96,15.46,4.34,0.0
20221213:1410,33.5,55.38,20.62,15.19,5.31,0.0
20221213:1510,32.08,53.54,14.84,14.97,5.03,0.0
20221213:1610,4.97,15.69,7.15,14.39,5.03,0.0
20221213:1710,0.0,0.0,0.0,14.26,5.03,0.0
20221213:1810,0.0,0.0,0.0,14.24,4.76,0.0
20221213:1910,0.0,0.0,0.0,14.19,5.17,0.0
20221213:2010,0.0,0.0,0.0,13.98,5.1,0.0
20221213:2110,0.0,0.0,0.0,14.01,5.17,0.0
20221213:2210,0.0,0.0,0.0,13.89,5.45,0.0
20221213:2310,0.0,0.0,0.0,13.83,6.07,0.0
20221214:0010,0.0,0.0,0.0,13.7,6.21,0.0
20221214:0110,0.0,0.0,0.0,13.79,6.28,0.0
20221214:0210,0.0,0.0,0.0,13.68,6.34,0.0
20221214:0310,0.0,0.0,0.0,13.71,6.41,0.0
20221214:0410,0.0,0.0,0.0,13.49,5.86,0.0
20221214:0510,0.0,0.0,0.0,13.34,5.45,0.0
20221214:0610,0.0,0.0,0.0,13.2,5.38,0.0
20221214:0710,0.0,0.0,0.0,13.14,5.66,0.0
20221214:0810,0.0,4.34,1.37,12.85,6.28,0.0
20221214:0910,295.93,355.99,10.0,12.85,6.9,0.0
20221214:1010,286.95,342.86,17.06,13.18,6.97,0.0
20221214:1110,518.0,611.93,22.04,13.65,6.48,0.0
20221214:1210,650.39,772.58,24.42,14.15,6.97,0.0
20221214:1310,211.49,260.02,23.92,14.22,7.31,0.0
20221214:1410,49.55,74.77,20.59,13.62,7.31,0.0
20221214:1510,28.73,48.92,14.83,13.33,6.28,0.0
20221214:1610,5.56,16.62,7.17,13.1,5.66,0.0
20221214:1710,0.0,0.0,0.0,12.9,5.03,0.0
20221214:1810,0.0,0.0,0.0,12.51,4.69,0.0
20221214:1910,0.0,0.0,0.0,11.94,5.66,0.0
20221214:2010,0.0,0.0,0.0,11.89,5.45,0.0
20221214:2110,0.0,0.0,0.0,11.91,5.66,0.0
20221214:2210,0.0,0.0,0.0,11.74,5.93,0.0
20221214:2310,0.0,0.0,0.0,11.67,5.31,0.0
20221215:0010,0.0,0.0,0.0,11.54,4.83,0.0
20221215:0110,0.0,0.0,0.0,11.5,4.34,0.0
20221215:0210,0.0,0.0,0.0,11.46,4.21,0.0
20221215:0310,0.0,0.0,0.0,11.51,4.14,0.0
20221215:0410,0.0,0.0,0.0,11.42,4.28,0.0
20221215:0510,0.0,0.0,0.0,11.0,4.07,0.0
20221215:0610,0.0,0.0,0.0,10.93,3.86,0.0
20221215:0710,0.0,0.0,0.0,10.69,3.93,0.0
20221215:0810,0.0,0.0,0.0,10.67,3.79,0.0
20221215:0910,9.21,22.15,9.89,10.77,3.59,0.0
20221215:1010,64.92,92.33,16.97,11.09,3.86,0.0
20221215:1110,34.87,56.31,21.96,11.45,4.28,0.0
20221215:1210,633.35,754.61,24.36,12.01,4.55,0.0
20221215:1310,200.56,246.8,23.87,12.39,4.76,0.0
20221215:1410,107.96,142.59,20.57,12.64,4.69,0.0
20221215:1510,16.21,32.31,14.83,12.62,4.55,0.0
20221215:1610,54.98,80.91,7.19,12.05,3.86,0.0
20221215:1710,0.0,0.0,0.0,11.83,3.59,0.0
20221215:1810,0.0,0.0,0.0,11.6,3.31,0.0
20221215:1910,0.0,0.0,0.0,11.38,3.45,0.0
20221215:2010,0.0,0.0,0.0,11.15,3.24,0.0
20221215:2110,0.0,0.0,0.0,11.05,3.24,0.0
20221215:2210,0.0,0.0,0.0,11.01,3.24,0.0
20221215:2310,0.0,0.0,0.0,10.87,2.97,0.0
20221216:0010,0.0,0.0,0.0,10.7,2.97,0.0
20221216:0110,0.0,0.0,0.0,10.71,3.03,0.0
20221216:0210,0.0,0.0,0.0,10.5,3.24,0.0
20221216:0310,0.0,0.0,0.0,10.44,3.52,0.0
20221216:0410,0.0,0.0,0.0,10.33,3.59,0.0
20221216:0510,0.0,0.0,0.0,10.2,3.45,0.0
20221216:0610,0.0,0.0,0.0,10.12,3.52,0.0
20221216:0710,0.0,0.0,0.0,9.92,3.66,0.0
20221216:0810,0.0,0.0,0.0,9.84,3.66,0.0
20221216:0910,284.46,341.42,9.79,9.95,3.72,0.0
20221216:1010,529.63,627.43,16.88,10.84,3.66,0.0
20221216:1110,626.7,750.95,21.88,11.94,3.66,0.0
20221216:1210,679.4,824.49,24.3,12.89,3.45,0.0
20221216:1310,663.03,807.78,23.84,13.6,3.24,0.0
20221216:1410,578.64,703.23,20.56,14.12,2.83,0.0
20221216:1510,406.68,493.04,14.84,14.32,2.21,0.0
20221216:1610,154.74,199.21,7.21,14.13,1.86,0.0
20221216:1710,0.0,0.0,0.0,13.61,2.21,0.0
20221216:1810,0.0,0.0,0.0,12.82,2.21,0.0
20221216:1910,0.0,0.0,0.0,11.41,1.52,0.0
20221216:2010,0.0,0.0,0.0,10.57,1.38,0.0
20221216:2110,0.0,0.0,0.0,9.81,1.45,0.0
20221216:2210,0.0,0.0,0.0,8.55,1.93,0.0
20221216:2310,0.0,0.0,0.0,8.64,1.72,0.0
20221217:0010,0.0,0.0,0.0,9.46,1.38,0.0
20221217:0110,0.0,0.0,0.0,9.92,1.45,0.0
20221217:0210,0.0,0.0,0.0,10.3,1.86,0.0
20221217:0310,0.0,0.0,0.0,10.26,2.07,0.0
20221217:0410,0.0,0.0,0.0,9.77,1.86,0.0
20221217:0510,0.0,0.0,0.0,9.97,2.14,0.0
20221217:0610,0.0,0.0,0.0,10.28,2.28,0.0
20221217:0710,0.0,0.0,0.0,10.24,2.14,0.0
20221217:0810,0.0,0.0,0.0,10.24,2.34,0.0
20221217:0910,6.79,18.46,9.69,10.77,2.21,0.0
20221217:1010,33.27,54.46,16.79,11.92,2.48,0.0
20221217:1110,93.98,126.95,21.81,12.66,3.38,0.0
20221217:1210,147.69,188.45,24.25,13.12,4.07,0.0
20221217:1310,543.68,650.75,23.81,13.43,4.07,0.0
20221217:1410,553.81,662.11,20.56,13.58,4.28,0.0
20221217:1510,444.45,529.51,14.86,13.49,4.41,0.0
20221217:1610,208.49,259.48,7.24,13.28,4.07,0.0
20221217:1710,0.0,0.0,0.0,12.85,3.93,0.0
20221217:1810,0.0,0.0,0.0,12.57,4.07,0.0
20221217:1910,0.0,0.0,0.0,12.11,3.79,0.0
20221217:2010,0.0,0.0,0.0,12.1,4.28,0.0
20221217:2110,0.0,0.0,0.0,12.01,4.9,0.0
20221217:2210,0.0,0.0,0.0,11.97,5.17,0.0
20221217:2310,0.0,0.0,0.0,12.0,5.66,0.0
20221218:0010,0.0,0.0,0.0,12.17,6.07,0.0
20221218:0110,0.0,0.0,0.0,12.02,6.55,0.0
20221218:0210,0.0,0.0,0.0,12.13,6.97,0.0
20221218:0310,0.0,0.0,0.0,12.22,6.83,0.0
20221218:0410,0.0,0.0,0.0,12.39,6.97,0.0
20221218:0510,0.0,0.0,0.0,12.4,7.17,0.0
20221218:0610,0.0,0.0,0.0,12.39,7.24,0.0
20221218:0710,0.0,0.0,0.0,12.59,7.72,0.0
20221218:0810,0.0,0.0,0.0,12.61,7.79,0.0
20221218:0910,7.3,19.38,9.61,12.9,8.21,0.0
20221218:1010,24.45,43.38,16.71,13.34,8.34,0.0
20221218:1110,128.76,166.42,21.75,13.78,8.34,0.0
20221218:1210,22.25,40.61,24.21,14.03,8.28,0.0
20221218:1310,296.88,355.78,23.8,14.45,8.07,0.0
20221218:1410,65.4,94.15,20.56,14.94,9.17,0.0
20221218:1510,77.74,108.29,14.88,15.02,9.66,0.0
20221218:1610,36.14,58.54,7.28,14.91,9.45,0.0
20221218:1710,0.0,0.0,0.0,14.79,9.38,0.0
20221218:1810,0.0,0.0,0.0,14.62,9.31,0.0
20221218:1910,0.0,0.0,0.0,14.63,9.72,0.0
20221218:2010,0.0,0.0,0.0,14.67,9.79,0.0
20221218:2110,0.0,0.0,0.0,14.68,9.93,0.0
20221218:2210,0.0,0.0,0.0,14.63,10.07,0.0
20221218:2310,0.0,0.0,0.0,14.51,9.86,0.0
20221219:0010,0.0,0.0,0.0,14.31,9.86,0.0
20221219:0110,0.0,0.0,0.0,13.98,9.72,0.0
20221219:0210,0.0,0.0,0.0,13.48,9.79,0.0
20221219:0310,0.0,0.0,0.0,13.32,9.38,0.0
20221219:0410,0.0,0.0,0.0,13.28,8.69,0.0
20221219:0510,0.0,0.0,0.0,13.26,8.69,0.0
20221219:0610,0.0,0.0,0.0,13.22,8.76,0.0
20221219:0710,0.0,0.0,0.0,13.72,10.21,0.0
20221219:0810,0.0,0.0,0.0,13.84,10.07,0.0
20221219:0910,14.78,30.46,9.52,13.97,10.0,0.0
20221219:1010,26.49,46.15,16.64,14.13,9.79,0.0
20221219:1110,21.56,39.69,21.69,14.09,9.86,0.0
20221219:1210,16.1,32.31,24.18,14.12,9.72,0.0
20221219:1310,90.77,123.39,23.78,13.98,9.72,0.0
20221219:1410,12.17,26.77,20.57,14.13,10.0,0.0
20221219:1510,20.15,37.85,14.91,14.26,9.93,0.0
20221219:1610,109.14,144.67,7.33,14.24,9.52,0.0
20221219:1710,0.0,0.0,0.0,14.23,9.45,0.0
20221219:1810,0.0,0.0,0.0,14.32,9.38,0.0
20221219:1910,0.0,0.0,0.0,14.22,9.17,0.0
20221219:2010,0.0,0.0,0.0,14.32,9.31,0.0
20221219:2110,0.0,0.0,0.0,14.35,9.17,0.0
20221219:2210,0.0,0.0,0.0,14.36,9.38,0.0
20221219:2310,0.0,0.0,0.0,14.27,9.38,0.0
20221220:0010,0.0,0.0,0.0,14.14,9.03,0.0
20221220:0110,0.0,0.0,0.0,14.12,9.1,0.0
20221220:0210,0.0,0.0,0.0,14.25,8.55,0.0
20221220:0310,0.0,0.0,0.0,14.16,7.1,0.0
20221220:0410,0.0,0.0,0.0,14.07,5.86,0.0
20221220:0510,0.0,0.0,0.0,13.88,5.38,0.0
20221220:0610,0.0,0.0,0.0,13.78,5.03,0.0
20221220:0710,0.0,0.0,0.0,14.05,4.34,0.0
20221220:0810,0.0,0.0,0.0,13.87,4.21,0.0
20221220:0910,33.86,55.51,9.45,13.79,4.0,0.0
20221220:1010,194.94,241.49,16.58,13.88,4.14,0.0
20221220:1110,266.47,323.44,21.65,13.76,3.72,0.0
20221220:1210,250.2,307.3,24.15,14.77,3.1,0.0
20221220:1310,137.72,178.76,23.78,15.0,3.17,0.0
20221220:1410,127.42,166.46,20.59,14.93,3.31,0.0
20221220:1510,148.44,189.63,14.95,14.67,3.38,0.0
20221220:1610,124.71,163.12,7.38,13.85,3.93,0.0
20221220:1710,0.0,0.0,0.0,13.46,4.28,0.0
20221220:1810,0.0,0.0,0.0,13.16,4.69,0.0
20221220:1910,0.0,0.0,0.0,12.84,5.31,0.0
20221220:2010,0.0,0.0,0.0,12.84,5.24,0.0
20221220:2110,0.0,0.0,0.0,12.99,5.17,0.0
20221220:2210,0.0,0.0,0.0,13.23,5.31,0.0
20221220:2310,0.0,0.0,0.0,13.44,5.24,0.0
20221221:0010,0.0,0.0,0.0,13.66,5.45,0.0
20221221:0110,0.0,0.0,0.0,13.81,6.14,0.0
20221221:0210,0.0,0.0,0.0,13.7,6.97,0.0
20221221:0310,0.0,0.0,0.0,13.79,6.28,0.0
20221221:0410,0.0,0.0,0.0,13.81,5.79,0.0
20221221:0510,0.0,0.0,0.0,13.91,5.38,0.0
20221221:0610,0.0,0.0,0.0,13.85,5.52,0.0
20221221:0710,0.0,0.0,0.0,13.74,6.21,0.0
20221221:0810,0.0,0.0,0.0,14.08,6.9,0.0
20221221:0910,38.44,61.24,9.38,14.17,7.03,0.0
20221221:1010,97.14,130.48,16.52,14.22,7.31,0.0
20221221:1110,67.81,96.92,21.61,14.45,6.76,0.0
20221221:1210,123.57,161.79,24.13,14.68,5.66,0.0
20221221:1310,91.5,125.24,23.79,15.39,6.0,0.0
20221221:1410,96.55,130.68,20.62,15.01,6.14,0.0
20221221:1510,74.89,105.1,14.99,14.82,6.21,0.0
20221221:1610,13.39,28.61,7.44,14.85,5.24,0.0
20221221:1710,0.0,0.0,0.0,14.62,5.03,0.0
20221221:1810,0.0,0.0,0.0,14.41,4.9,0.0
20221221:1910,0.0,0.0,0.0,14.47,4.55,0.0
20221221:2010,0.0,0.0,0.0,14.16,4.69,0.0
20221221:2110,0.0,0.0,0.0,14.19,4.48,0.0
20221221:2210,0.0,0.0,0.0,14.17,4.34,0.0
20221221:2310,0.0,0.0,0.0,14.06,4.34,0.0
20221222:0010,0.0,0.0,0.0,14.01,4.21,0.0
20221222:0110,0.0,0.0,0.0,14.03,4.21,0.0
20221222:0210,0.0,0.0,0.0,13.93,4.14,0.0
20221222:0310,0.0,0.0,0.0,14.03,4.48,0.0
20221222:0410,0.0,0.0,0.0,14.03,4.76,0.0
20221222:0510,0.0,0.0,0.0,14.21,4.34,0.0
20221222:0610,0.0,0.0,0.0,14.39,4.07,0.0
20221222:0710,0.0,0.0,0.0,14.77,4.41,0.0
20221222:0810,0.0,0.0,0.0,14.9,4.83,0.0
20221222:0910,27.09,47.13,9.31,15.06,5.24,0.0
20221222:1010,42.33,66.46,16.47,15.33,5.66,0.0
20221222:1110,42.29,66.46,21.58,15.54,5.79,0.0
20221222:1210,148.92,191.73,24.12,16.13,5.66,0.0
20221222:1310,156.13,199.84,23.8,16.24,6.07,0.0
20221222:1410,61.16,89.54,20.65,15.87,6.48,0.0
20221222:1510,59.6,87.35,15.04,15.48,6.9,0.0
20221222:1610,35.69,58.11,7.5,15.38,6.55,0.0
20221222:1710,0.0,0.0,0.0,15.2,6.9,0.0
20221222:1810,0.0,0.0,0.0,15.02,6.83,0.0
20221222:1910,0.0,0.0,0.0,14.87,6.76,0.0
20221222:2010,0.0,0.0,0.0,14.74,7.03,0.0
20221222:2110,0.0,0.0,0.0,14.56,7.24,0.0
20221222:2210,0.0,0.0,0.0,14.35,7.38,0.0
20221222:2310,0.0,0.0,0.0,14.41,7.38,0.0
20221223:0010,0.0,0.0,0.0,14.36,7.38,0.0
20221223:0110,0.0,0.0,0.0,14.39,7.38,0.0
20221223:0210,0.0,0.0,0.0,14.33,7.38,0.0
20221223:0310,0.0,0.0,0.0,14.32,7.52,0.0
20221223:0410,0.0,0.0,0.0,14.34,7.66,0.0
20221223:0510,0.0,0.0,0.0,14.34,7.72,0.0
20221223:0610,0.0,0.0,0.0,14.24,7.86,0.0
20221223:0710,0.0,0.0,0.0,14.44,8.0,0.0
20221223:0810,0.0,0.0,0.0,14.34,8.14,0.0
20221223:0910,10.25,24.0,9.25,14.5,7.79,0.0
20221223:1010,22.87,41.54,16.43,14.7,8.14,0.0
20221223:1110,119.49,156.58,21.55,14.84,8.9,0.0
20221223:1210,48.5,73.84,24.12,14.95,9.31,0.0
20221223:1310,58.35,85.84,23.82,15.23,9.17,0.0
20221223:1410,53.03,79.38,20.69,15.12,9.38,0.0
20221223:1510,18.71,36.0,15.1,14.94,9.03,0.0
20221223:1610,22.78,41.44,7.57,15.0,8.55,0.0
20221223:1710,0.0,0.0,0.0,14.74,8.41,0.0
20221223:1810,0.0,0.0,0.0,14.62,8.48,0.0
20221223:1910,0.0,0.0,0.0,14.35,7.24,0.0
20221223:2010,0.0,0.0,0.0,14.26,6.76,0.0
20221223:2110,0.0,0.0,0.0,14.23,7.66,0.0
20221223:2210,0.0,0.0,0.0,14.16,8.9,0.0
20221223:2310,0.0,0.0,0.0,14.09,9.31,0.0
20221224:0010,0.0,0.0,0.0,13.94,9.03,0.0
20221224:0110,0.0,0.0,0.0,13.85,8.97,0.0
20221224:0210,0.0,0.0,0.0,13.87,8.97,0.0
20221224:0310,0.0,0.0,0.0,13.83,8.83,0.0
20221224:0410,0.0,0.0,0.0,13.78,8.76,0.0
20221224:0510,0.0,0.0,0.0,13.7,8.76,0.0
20221224:0610,0.0,0.0,0.0,13.69,8.83,0.0
20221224:0710,0.0,0.0,0.0,13.81,9.03,0.0
20221224:0810,0.0,0.0,0.0,13.81,8.55,0.0
20221224:0910,1.93,10.15,9.2,13.89,7.66,0.0
20221224:1010,76.43,106.59,16.39,13.91,6.48,0.0
20221224:1110,38.9,61.84,21.53,13.88,5.38,0.0
20221224:1210,16.09,32.31,24.12,13.91,4.48,0.0
20221224:1310,15.42,31.38,23.84,13.98,4.55,0.0
20221224:1410,25.06,44.31,20.74,13.85,4.14,0.0
20221224:1510,30.07,50.77,15.16,13.72,3.24,0.0
20221224:1610,14.13,29.54,7.65,13.51,2.28,0.0
20221224:1710,0.0,0.0,0.0,13.18,1.66,0.0
20221224:1810,0.0,0.0,0.0,13.09,2.14,0.0
20221224:1910,0.0,0.0,0.0,12.9,1.52,0.0
20221224:2010,0.0,0.0,0.0,12.72,1.86,0.0
20221224:2110,0.0,0.0,0.0,12.92,4.48,0.0
20221224:2210,0.0,0.0,0.0,13.35,7.1,0.0
20221224:2310,0.0,0.0,0.0,13.73,9.79,0.0
20221225:0010,0.0,0.0,0.0,13.6,9.93,0.0
20221225:0110,0.0,0.0,0.0,13.53,9.52,0.0
20221225:0210,0.0,0.0,0.0,13.38,8.14,0.0
20221225:0310,0.0,0.0,0.0,13.13,5.93,0.0
20221225:0410,0.0,0.0,0.0,12.95,4.55,0.0
20221225:0510,0.0,0.0,0.0,12.73,4.28,0.0
20221225:0610,0.0,0.0,0.0,12.42,4.07,0.0
20221225:0710,0.0,0.0,0.0,13.12,4.62,0.0
20221225:0810,0.0,0.0,0.0,12.83,4.48,0.0
20221225:0910,108.0,142.49,9.16,12.52,5.59,0.0
20221225:1010,232.9,281.82,16.36,12.59,6.0,0.0
20221225:1110,209.76,255.91,21.52,12.61,7.31,0.0
20221225:1210,307.21,364.01,24.13,12.24,8.07,0.0
20221225:1310,94.31,127.08,23.88,12.69,6.14,0.0
20221225:1410,51.15,76.61,20.79,13.25,6.34,0.0
20221225:1510,54.67,80.55,15.23,12.54,6.21,0.0
20221225:1610,17.6,34.15,7.73,12.25,5.24,0.0
20221225:1710,0.0,0.0,0.0,12.1,4.9,0.0
20221225:1810,0.0,0.0,0.0,12.06,4.48,0.0
20221225:1910,0.0,0.0,0.0,12.18,4.97,0.0
20221225:2010,0.0,0.0,0.0,11.92,5.1,0.0
20221225:2110,0.0,0.0,0.0,11.61,4.69,0.0
20221225:2210,0.0,0.0,0.0,11.49,3.93,0.0
20221225:2310,0.0,0.0,0.0,11.42,3.52,0.0
20221226:0010,0.0,0.0,0.0,11.31,2.48,0.0
20221226:0110,0.0,0.0,0.0,11.3,1.66,0.0
20221226:0210,0.0,0.0,0.0,11.25,1.45,0.0
20221226:0310,0.0,0.0,0.0,10.9,1.45,0.0
20221226:0410,0.0,0.0,0.0,10.7,1.45,0.0
20221226:0510,0.0,0.0,0.0,10.44,1.31,0.0
20221226:0610,0.0,0.0,0.0,10.06,1.31,0.0
20221226:0710,0.0,0.0,0.0,9.75,1.24,0.0
20221226:0810,0.0,0.0,0.0,9.55,1.17,0.0
20221226:0910,76.78,105.81,9.12,9.72,1.24,0.0
20221226:1010,202.67,250.29,16.34,11.74,1.24,0.0
20221226:1110,94.42,127.69,21.52,12.34,1.17,0.0
20221226:1210,676.54,850.09,24.15,13.06,1.1,0.0
20221226:1310,589.96,739.56,23.92,13.6,0.62,0.0
20221226:1410,501.74,617.03,20.85,13.93,1.1,0.0
20221226:1510,459.71,558.02,15.31,13.99,2.07,0.0
20221226:1610,81.83,113.31,7.82,13.77,2.55,0.0
20221226:1710,0.0,0.0,0.0,12.99,2.69,0.0
20221226:1810,0.0,0.0,0.0,12.28,2.62,0.0
20221226:1910,0.0,0.0,0.0,11.8,2.28,0.0
20221226:2010,0.0,0.0,0.0,10.61,2.14,0.0
20221226:2110,0.0,0.0,0.0,9.69,2.07,0.0
20221226:2210,0.0,0.0,0.0,9.04,2.14,0.0
20221226:2310,0.0,0.0,0.0,8.7,2.07,0.0
20221227:0010,0.0,0.0,0.0,8.34,1.86,0.0
20221227:0110,0.0,0.0,0.0,8.14,1.66,0.0
20221227:0210,0.0,0.0,0.0,8.18,1.52,0.0
20221227:0310,0.0,0.0,0.0,8.26,1.38,0.0
20221227:0410,0.0,0.0,0.0,8.76,1.17,0.0
20221227:0510,0.0,0.0,0.0,9.21,1.03,0.0
20221227:0610,0.0,0.0,0.0,9.26,1.03,0.0
20221227:0710,0.0,0.0,0.0,7.86,1.31,0.0
20221227:0810,0.0,0.0,0.0,8.09,1.1,0.0
20221227:0910,288.01,349.04,9.09,8.55,0.97,0.0
20221227:1010,456.89,553.13,16.32,10.68,0.83,0.0
20221227:1110,593.69,732.29,21.52,12.0,1.03,0.0
20221227:1210,540.35,660.13,24.18,12.66,1.52,0.0
20221227:1310,660.96,815.14,23.97,12.75,1.93,0.0
20221227:1410,555.46,674.8,20.92,12.65,2.0,0.0
20221227:1510,452.69,548.65,15.4,12.36,1.38,0.0
20221227:1610,260.89,322.26,7.91,12.25,1.1,0.0
20221227:1710,0.0,0.0,0.0,11.61,1.03,0.0
20221227:1810,0.0,0.0,0.0,10.31,1.72,0.0
20221227:1910,0.0,0.0,0.0,9.95,2.21,0.0
20221227:2010,0.0,0.0,0.0,9.18,2.07,0.0
20221227:2110,0.0,0.0,0.0,8.39,1.86,0.0
20221227:2210,0.0,0.0,0.0,7.67,2.21,0.0
20221227:2310,0.0,0.0,0.0,8.08,2.55,0.0
20221228:0010,0.0,0.0,0.0,8.66,3.03,0.0
20221228:0110,0.0,0.0,0.0,8.95,3.86,0.0
20221228:0210,0.0,0.0,0.0,9.2,4.41,0.0
20221228:0310,0.0,0.0,0.0,9.6,4.28,0.0
20221228:0410,0.0,0.0,0.0,10.08,4.83,0.0
20221228:0510,0.0,0.0,0.0,10.68,5.24,0.0
20221228:0610,0.0,0.0,0.0,11.26,5.38,0.0
20221228:0710,0.0,0.0,0.0,11.68,5.79,0.0
20221228:0810,0.0,0.0,0.0,11.67,5.72,0.0
20221228:0910,48.69,73.17,9.06,11.82,5.38,0.0
20221228:1010,89.54,120.94,16.31,12.12,5.03,0.0
20221228:1110,98.26,131.4,21.54,12.29,4.97,0.0
20221228:1210,163.14,204.9,24.22,12.55,5.31,0.0
20221228:1310,252.43,305.38,24.03,12.85,5.17,0.0
20221228:1410,121.4,157.97,21.0,13.09,5.52,0.0
20221228:1510,90.68,122.49,15.49,13.01,6.14,0.0
20221228:1610,28.38,48.38,8.01,13.01,5.59,0.0
20221228:1710,0.0,0.0,0.0,12.76,5.24,0.0
20221228:1810,0.0,0.0,0.0,12.68,4.97,0.0
20221228:1910,0.0,0.0,0.0,12.7,5.24,0.0
20221228:2010,0.0,0.0,0.0,12.72,4.83,0.0
20221228:2110,0.0,0.0,0.0,12.61,4.83,0.0
20221228:2210,0.0,0.0,0.0,12.41,4.41,0.0
20221228:2310,0.0,0.0,0.0,12.19,4.41,0.0
20221229:0010,0.0,0.0,0.0,12.14,4.62,0.0
20221229:0110,0.0,0.0,0.0,12.11,4.83,0.0
20221229:0210,0.0,0.0,0.0,12.03,4.41,0.0
20221229:0310,0.0,0.0,0.0,12.04,3.38,0.0
20221229:0410,0.0,0.0,0.0,11.96,3.1,0.0
20221229:0510,0.0,0.0,0.0,12.14,3.1,0.0
20221229:0610,0.0,0.0,0.0,12.13,3.52,0.0
20221229:0710,0.0,0.0,0.0,11.71,2.83,0.0
20221229:0810,0.0,0.0,0.0,11.77,3.31,0.0
20221229:0910,21.77,39.69,9.04,11.92,3.72,0.0
20221229:1010,48.25,72.92,16.31,12.26,3.72,0.0
20221229:1110,89.33,121.39,21.56,12.56,4.0,0.0
20221229:1210,54.26,80.31,24.26,12.83,4.28,0.0
20221229:1310,78.45,108.92,24.09,12.86,4.76,0.0
20221229:1410,46.65,71.08,21.08,12.71,4.69,0.0
20221229:1510,46.65,71.08,15.58,12.57,3.72,0.0
20221229:1610,29.84,50.19,8.12,12.51,3.45,0.0
20221229:1710,0.0,0.0,0.0,12.34,3.59,0.0
20221229:1810,0.0,0.0,0.0,12.45,4.14,0.0
20221229:1910,0.0,0.0,0.0,12.83,4.97,0.0
20221229:2010,0.0,0.0,0.0,13.11,6.48,0.0
20221229:2110,0.0,0.0,0.0,13.36,7.1,0.0
20221229:2210,0.0,0.0,0.0,13.59,7.86,0.0
20221229:2310,0.0,0.0,0.0,13.85,7.52,0.0
20221230:0010,0.0,0.0,0.0,13.95,7.79,0.0
20221230:0110,0.0,0.0,0.0,14.07,7.79,0.0
20221230:0210,0.0,0.0,0.0,14.21,7.93,0.0
20221230:0310,0.0,0.0,0.0,14.37,8.21,0.0
20221230:0410,0.0,0.0,0.0,14.48,8.07,0.0
20221230:0510,0.0,0.0,0.0,14.52,8.07,0.0
20221230:0610,0.0,0.0,0.0,14.56,8.14,0.0
20221230:0710,0.0,0.0,0.0,14.52,7.59,0.0
20221230:0810,0.0,0.0,0.0,14.45,7.93,0.0
20221230:0910,6.08,17.54,9.03,14.52,8.28,0.0
20221230:1010,51.6,77.54,16.32,14.66,8.48,0.0
20221230:1110,27.1,47.08,21.58,14.84,9.1,0.0
20221230:1210,47.01,72.0,24.31,14.89,9.66,0.0
20221230:1310,30.67,51.69,24.17,15.0,9.45,0.0
20221230:1410,16.66,33.23,21.17,15.23,8.83,0.0
20221230:1510,16.67,33.23,15.69,15.2,9.52,0.0
20221230:1610,33.56,55.31,8.23,15.16,9.52,0.0
20221230:1710,0.0,0.0,0.0,14.86,9.93,0.0
20221230:1810,0.0,0.0,0.0,14.72,10.28,0.0
20221230:1910,0.0,0.0,0.0,14.69,9.66,0.0
20221230:2010,0.0,0.0,0.0,14.6,9.86,0.0
20221230:2110,0.0,0.0,0.0,14.49,9.93,0.0
20221230:2210,0.0,0.0,0.0,14.5,10.0,0.0
20221230:2310,0.0,0.0,0.0,14.37,9.93,0.0
20221231:0010,0.0,0.0,0.0,14.18,9.86,0.0
20221231:0110,0.0,0.0,0.0,13.84,9.93,0.0
20221231:0210,0.0,0.0,0.0,13.57,10.0,0.0
20221231:0310,0.0,0.0,0.0,13.29,9.93,0.0
20221231:0410,0.0,0.0,0.0,13.1,9.38,0.0
20221231:0510,0.0,0.0,0.0,12.98,9.03,0.0
20221231:0610,0.0,0.0,0.0,12.99,9.17,0.0
20221231:0710,0.0,0.0,0.0,13.49,10.34,0.0
20221231:0810,0.0,0.0,0.0,13.74,10.69,0.0
20221231:0910,67.3,95.84,9.02,14.02,10.9,0.0
20221231:1010,120.36,156.77,16.33,14.69,11.1,0.0
20221231:1110,212.08,260.44,21.62,15.38,11.59,0.0
20221231:1210,319.73,382.55,24.37,15.77,10.55,0.0
20221231:1310,109.41,145.89,24.25,15.93,10.69,0.0
20221231:1410,124.91,163.22,21.27,15.89,10.55,0.0
20221231:1510,49.17,74.77,15.8,15.4,10.9,0.0
20221231:1610,14.06,29.54,8.35,14.79,9.72,0.0
20221231:1710,0.0,0.0,0.0,14.16,7.52,0.0
20221231:1810,0.0,0.0,0.0,13.17,5.38,0.0
20221231:1910,0.0,0.0,0.0,12.61,4.76,0.0
20221231:2010,0.0,0.0,0.0,12.1,3.31,0.0
20221231:2110,0.0,0.0,0.0,11.93,3.38,0.0
20221231:2210,0.0,0.0,0.0,11.79,3.45,0.0
20221231:2310,0.0,0.0,0.0,11.65,3.66,0.0
20230101:0010,0.0,0.0,0.0,11.62,3.38,0.0
20230101:0110,0.0,0.0,0.0,11.59,2.97,0.0
20230101:0210,0.0,0.0,0.0,11.62,2.76,0.0
20230101:0310,0.0,0.0,0.0,11.95,2.55,0.0
20230101:0410,0.0,0.0,0.0,12.79,4.07,0.0
20230101:0510,0.0,0.0,0.0,13.86,8.14,0.0
20230101:0610,0.0,0.0,0.0,14.07,10.41,0.0
20230101:0710,0.0,0.0,0.0,13.44,6.83,0.0
20230101:0810,0.0,0.0,0.0,14.15,11.45,0.0
20230101:0910,17.42,34.15,9.02,14.37,9.72,0.0
20230101:1010,59.51,86.81,16.35,14.03,7.1,0.0
20230101:1110,57.2,84.0,21.67,13.55,5.86,0.0
20230101:1210,47.36,72.0,24.45,12.95,4.9,0.0
20230101:1310,74.62,104.31,24.36,12.39,4.0,0.0
20230101:1410,27.44,47.08,21.4,11.92,2.76,0.0
20230101:1510,29.66,49.85,15.94,11.6,2.41,0.0
20230101:1610,17.0,33.23,8.5,11.21,2.76,0.0
20230101:1710,0.0,0.0,0.0,10.79,2.9,0.0
20230101:1810,0.0,0.0,0.0,10.48,2.9,0.0
20230101:1910,0.0,0.0,0.0,10.4,2.69,0.0
20230101:2010,0.0,0.0,0.0,10.21,3.38,0.0
20230101:2110,0.0,0.0,0.0,9.86,3.93,0.0
20230101:2210,0.0,0.0,0.0,9.83,3.24,0.0
20230101:2310,0.0,0.0,0.0,9.67,3.17,0.0
20230102:0010,0.0,0.0,0.0,9.56,2.41,0.0
20230102:0110,0.0,0.0,0.0,9.17,2.0,0.0
20230102:0210,0.0,0.0,0.0,8.4,1.79,0.0
20230102:0310,0.0,0.0,0.0,8.12,1.59,0.0
20230102:0410,0.0,0.0,0.0,8.2,1.59,0.0
20230102:0510,0.0,0.0,0.0,7.94,1.45,0.0
20230102:0610,0.0,0.0,0.0,7.79,1.24,0.0
20230102:0710,0.0,0.0,0.0,6.88,1.31,0.0
20230102:0810,0.0,0.0,0.0,6.26,1.79,0.0
20230102:0910,250.24,301.05,9.03,6.87,2.0,0.0
20230102:1010,444.02,526.22,16.38,8.82,1.93,0.0
20230102:1110,628.8,762.64,21.72,10.07,1.79,0.0
20230102:1210,444.72,533.4,24.53,10.85,1.72,0.0
20230102:1310,637.2,778.36,24.45,11.27,1.86,0.0
20230102:1410,632.96,771.07,21.52,11.58,2.07,0.0
20230102:1510,506.28,608.66,16.07,11.69,2.21,0.0
20230102:1610,265.26,323.73,8.63,11.56,2.28,0.0
20230102:1710,0.0,0.0,0.0,11.1,1.93,0.0
20230102:1810,0.0,0.0,0.0,10.11,1.79,0.0
20230102:1910,0.0,0.0,0.0,8.72,1.59,0.0
20230102:2010,0.0,0.0,0.0,8.22,1.59,0.0
20230102:2110,0.0,0.0,0.0,7.75,1.66,0.0
20230102:2210,0.0,0.0,0.0,7.13,1.86,0.0
20230102:2310,0.0,0.0,0.0,6.51,2.07,0.0
20230103:0010,0.0,0.0,0.0,6.33,2.07,0.0
20230103:0110,0.0,0.0,0.0,6.17,2.07,0.0
20230103:0210,0.0,0.0,0.0,5.92,2.14,0.0
20230103:0310,0.0,0.0,0.0,6.19,2.14,0.0
20230103:0410,0.0,0.0,0.0,6.85,2.48,0.0
20230103:0510,0.0,0.0,0.0,7.15,2.97,0.0
20230103:0610,0.0,0.0,0.0,6.88,3.17,0.0
20230103:0710,0.0,0.0,0.0,6.15,3.59,0.0
20230103:0810,0.0,0.0,0.0,5.96,3.66,0.0
20230103:0910,84.93,113.29,9.04,6.1,3.38,0.0
20230103:1010,153.19,189.69,16.42,7.62,3.03,0.0
20230103:1110,564.69,672.12,21.78,9.95,2.76,0.0
20230103:1210,642.24,773.46,24.61,11.7,3.24,0.0
20230103:1310,410.96,489.14,24.56,12.57,3.93,0.0
20230103:1410,352.95,420.65,21.64,12.83,4.28,0.0
20230103:1510,435.03,516.67,16.2,12.87,4.34,0.0
20230103:1610,79.91,110.2,8.77,12.61,4.07,0.0
20230103:1710,0.0,0.0,0.0,12.03,3.72,0.0
20230103:1810,0.0,0.0,0.0,11.57,3.52,0.0
20230103:1910,0.0,0.0,0.0,11.14,3.24,0.0
20230103:2010,0.0,0.0,0.0,10.84,3.17,0.0
20230103:2110,0.0,0.0,0.0,10.5,3.03,0.0
20230103:2210,0.0,0.0,0.0,10.16,2.69,0.0
20230103:2310,0.0,0.0,0.0,9.89,2.41,0.0
20230104:0010,0.0,0.0,0.0,9.45,2.34,0.0
20230104:0110,0.0,0.0,0.0,9.26,2.34,0.0
20230104:0210,0.0,0.0,0.0,9.14,2.41,0.0
20230104:0310,0.0,0.0,0.0,9.07,2.48,0.0
20230104:0410,0.0,0.0,0.0,8.92,2.41,0.0
20230104:0510,0.0,0.0,0.0,8.7,2.28,0.0
20230104:0610,0.0,0.0,0.0,8.51,2.14,0.0
20230104:0710,0.0,0.0,0.0,8.27,2.07,0.0
20230104:0810,0.0,0.0,0.0,7.95,2.07,0.0
20230104:0910,80.04,109.11,9.07,8.7,1.86,0.0
20230104:1010,131.69,168.87,16.46,11.0,1.52,0.0
20230104:1110,237.67,292.19,21.85,12.94,1.45,0.0
20230104:1210,238.14,294.22,24.7,13.71,1.45,0.0
20230104:1310,213.9,266.41,24.67,14.12,1.66,0.0
20230104:1410,196.68,246.07,21.77,14.28,1.86,0.0
20230104:1510,446.0,542.78,16.33,14.23,1.79,0.0
20230104:1610,271.23,335.6,8.91,13.83,1.38,0.0
20230104:1710,0.0,0.0,0.0,13.22,0.83,0.0
20230104:1810,0.0,0.0,0.0,12.67,0.21,0.0
20230104:1910,0.0,0.0,0.0,11.97,0.55,0.0
20230104:2010,0.0,0.0,0.0,10.7,1.03,0.0
20230104:2110,0.0,0.0,0.0,9.85,1.31,0.0
20230104:2210,0.0,0.0,0.0,8.79,1.59,0.0
20230104:2310,0.0,0.0,0.0,7.74,1.79,0.0
20230105:0010,0.0,0.0,0.0,6.86,1.93,0.0
20230105:0110,0.0,0.0,0.0,6.16,2.0,0.0
20230105:0210,0.0,0.0,0.0,5.75,1.93,0.0
20230105:0310,0.0,0.0,0.0,5.65,1.93,0.0
20230105:0410,0.0,0.0,0.0,5.79,2.07,0.0
20230105:0510,0.0,0.0,0.0,5.94,2.28,0.0
20230105:0610,0.0,0.0,0.0,6.03,2.34,0.0
20230105:0710,0.0,0.0,0.0,6.04,2.28,0.0
20230105:0810,0.0,0.0,0.0,6.01,2.34,0.0
20230105:0910,287.38,342.98,9.09,6.49,2.28,0.0
20230105:1010,473.13,557.53,16.51,8.01,2.28,0.0
20230105:1110,610.7,736.26,21.92,9.91,2.0,0.0
20230105:1210,675.27,834.78,24.8,11.45,1.52,0.0
20230105:1310,669.54,837.09,24.79,12.79,1.24,0.0
20230105:1410,615.94,761.01,21.9,13.39,1.59,0.0
20230105:1510,483.55,587.5,16.48,13.36,1.79,0.0
20230105:1610,299.74,367.83,9.05,12.94,1.59,0.0
20230105:1710,0.0,0.0,0.0,12.19,1.17,0.0
20230105:1810,0.0,0.0,0.0,10.72,0.97,0.0
20230105:1910,0.0,0.0,0.0,9.21,1.45,0.0
20230105:2010,0.0,0.0,0.0,8.2,1.72,0.0
20230105:2110,0.0,0.0,0.0,7.13,2.0,0.0
20230105:2210,0.0,0.0,0.0,6.24,2.14,0.0
20230105:2310,0.0,0.0,0.0,5.55,2.14,0.0
20230106:0010,0.0,0.0,0.0,5.04,2.07,0.0
20230106:0110,0.0,0.0,0.0,5.11,2.14,0.0
20230106:0210,0.0,0.0,0.0,5.45,2.21,0.0
20230106:0310,0.0,0.0,0.0,5.77,2.41,0.0
20230106:0410,0.0,0.0,0.0,6.03,2.62,0.0
20230106:0510,0.0,0.0,0.0,6.37,2.9,0.0
20230106:0610,0.0,0.0,0.0,6.01,3.17,0.0
20230106:0710,0.0,0.0,0.0,5.99,3.38,0.0
20230106:0810,0.0,0.0,0.0,6.23,3.59,0.0
20230106:0910,208.22,252.13,9.13,7.02,3.66,0.0
20230106:1010,322.2,379.75,16.57,9.34,3.93,0.0
20230106:1110,579.15,683.65,22.0,10.79,4.48,0.0
20230106:1210,675.7,801.81,24.9,11.55,5.31,0.0
20230106:1310,680.47,804.62,24.91,12.07,6.34,0.0
20230106:1410,586.75,690.35,22.04,12.25,6.34,0.0
20230106:1510,392.17,461.25,16.63,12.47,6.9,0.0
20230106:1610,166.47,208.19,9.21,12.3,6.69,0.0
20230106:1710,0.0,0.0,0.0,11.99,6.34,0.0
20230106:1810,0.0,0.0,0.0,11.89,6.28,0.0
20230106:1910,0.0,0.0,0.0,11.66,6.28,0.0
20230106:2010,0.0,0.0,0.0,11.47,6.62,0.0
20230106:2110,0.0,0.0,0.0,11.49,7.1,0.0
20230106:2210,0.0,0.0,0.0,11.52,7.52,0.0
20230106:2310,0.0,0.0,0.0,11.65,7.72,0.0
20230107:0010,0.0,0.0,0.0,11.79,7.86,0.0
20230107:0110,0.0,0.0,0.0,11.85,8.14,0.0
20230107:0210,0.0,0.0,0.0,11.92,8.48,0.0
20230107:0310,0.0,0.0,0.0,11.85,9.17,0.0
20230107:0410,0.0,0.0,0.0,11.99,9.45,0.0
20230107:0510,0.0,0.0,0.0,12.19,9.72,0.0
20230107:0610,0.0,0.0,0.0,12.46,9.52,0.0
20230107:0710,0.0,0.0,0.0,12.85,8.9,0.0
20230107:0810,0.0,0.0,0.0,12.88,7.66,0.0
20230107:0910,16.85,33.23,9.17,13.04,6.76,0.0
20230107:1010,61.24,88.6,16.63,13.22,6.48,0.0
20230107:1110,133.98,172.08,22.09,13.09,6.69,0.0
20230107:1210,89.64,121.84,25.01,12.7,5.24,0.0
20230107:1310,80.87,111.69,25.05,12.71,4.76,0.0
20230107:1410,25.24,44.31,22.19,12.53,4.83,0.0
20230107:1510,46.0,70.15,16.78,12.29,4.9,0.0
20230107:1610,25.45,44.4,9.36,11.64,5.24,0.0
20230107:1710,0.0,0.0,0.0,11.41,5.93,0.0
20230107:1810,0.0,0.0,0.0,11.04,5.66,0.0
20230107:1910,0.0,0.0,0.0,11.32,6.34,0.0
20230107:2010,0.0,0.0,0.0,11.39,6.21,0.0
20230107:2110,0.0,0.0,0.0,11.38,6.07,0.0
20230107:2210,0.0,0.0,0.0,11.38,6.28,0.0
20230107:2310,0.0,0.0,0.0,11.37,6.34,0.0
20230108:0010,0.0,0.0,0.0,11.4,6.55,0.0
20230108:0110,0.0,0.0,0.0,11.41,7.17,0.0
20230108:0210,0.0,0.0,0.0,11.52,7.17,0.0
20230108:0310,0.0,0.0,0.0,11.88,6.34,0.0
20230108:0410,0.0,0.0,0.0,12.04,6.62,0.0
20230108:0510,0.0,0.0,0.0,12.2,6.76,0.0
20230108:0610,0.0,0.0,0.0,12.44,6.55,0.0
20230108:0710,0.0,0.0,0.0,12.76,6.07,0.0
20230108:0810,0.0,0.0,0.0,12.98,7.31,0.0
20230108:0910,42.33,65.71,9.22,12.76,7.03,0.0
20230108:1010,132.07,168.84,16.7,12.44,7.38,0.0
20230108:1110,119.32,155.2,22.18,12.58,7.1,0.0
20230108:1210,51.27,76.61,25.13,12.82,6.69,0.0
20230108:1310,122.96,159.78,25.19,12.74,6.07,0.0
20230108:1410,40.72,63.69,22.34,12.36,6.41,0.0
20230108:1510,35.5,57.23,16.94,12.27,6.62,0.0
20230108:1610,77.88,107.35,9.52,12.04,6.41,0.0
20230108:1710,0.0,0.0,0.0,11.94,6.0,0.0
20230108:1810,0.0,0.0,0.0,11.67,5.45,0.0
20230108:1910,0.0,0.0,0.0,11.16,4.21,0.0
20230108:2010,0.0,0.0,0.0,10.9,3.79,0.0
20230108:2110,0.0,0.0,0.0,10.54,2.9,0.0
20230108:2210,0.0,0.0,0.0,10.35,2.55,0.0
20230108:2310,0.0,0.0,0.0,10.26,2.48,0.0
20230109:0010,0.0,0.0,0.0,9.93,2.48,0.0
20230109:0110,0.0,0.0,0.0,10.06,2.83,0.0
20230109:0210,0.0,0.0,0.0,10.09,3.17,0.0
20230109:0310,0.0,0.0,0.0,9.87,3.31,0.0
20230109:0410,0.0,0.0,0.0,9.95,3.17,0.0
20230109:0510,0.0,0.0,0.0,9.82,2.69,0.0
20230109:0610,0.0,0.0,0.0,9.78,2.48,0.0
20230109:0710,0.0,0.0,0.0,9.77,2.28,0.0
20230109:0810,0.0,0.0,0.0,9.01,1.52,0.0
20230109:0910,212.76,263.34,9.27,9.86,0.83,0.0
20230109:1010,221.56,272.03,16.78,10.9,0.62,0.0
20230109:1110,483.69,588.8,22.28,11.74,0.97,0.0
20230109:1210,513.4,623.92,25.26,12.25,1.59,0.0
20230109:1310,593.43,721.3,25.33,12.5,2.34,0.0
20230109:1410,447.9,535.95,22.5,12.63,2.97,0.0
20230109:1510,335.9,402.0,17.11,12.47,3.17,0.0
20230109:1610,299.2,362.63,9.69,12.19,3.03,0.0
20230109:1710,0.0,0.0,0.0,11.66,2.97,0.0
20230109:1810,0.0,0.0,0.0,11.1,2.97,0.0
20230109:1910,0.0,0.0,0.0,11.12,3.1,0.0
20230109:2010,0.0,0.0,0.0,11.07,3.17,0.0
20230109:2110,0.0,0.0,0.0,10.99,3.24,0.0
20230109:2210,0.0,0.0,0.0,10.8,3.24,0.0
20230109:2310,0.0,0.0,0.0,10.78,3.24,0.0
20230110:0010,0.0,0.0,0.0,10.73,3.38,0.0
20230110:0110,0.0,0.0,0.0,10.66,3.59,0.0
20230110:0210,0.0,0.0,0.0,10.83,3.79,0.0
20230110:0310,0.0,0.0,0.0,10.93,4.0,0.0
20230110:0410,0.0,0.0,0.0,10.93,4.28,0.0
20230110:0510,0.0,0.0,0.0,11.03,4.41,0.0
20230110:0610,0.0,0.0,0.0,11.32,4.69,0.0
20230110:0710,0.0,0.0,0.0,11.45,4.76,0.0
20230110:0810,0.0,0.0,0.0,11.57,4.97,0.0
20230110:0910,21.08,38.77,9.33,11.91,5.03,0.0
20230110:1010,66.9,94.99,16.86,12.36,5.03,0.0
20230110:1110,161.94,203.46,22.39,12.99,6.34,0.0
20230110:1210,192.26,238.07,25.39,13.32,6.41,0.0
20230110:1310,45.01,69.23,25.49,13.5,6.9,0.0
20230110:1410,325.77,387.96,22.67,13.59,6.76,0.0
20230110:1510,164.41,206.08,17.28,13.74,6.9,0.0
20230110:1610,96.17,129.19,9.86,13.73,6.69,0.0
20230110:1710,0.0,0.0,0.0,13.53,5.45,0.0
20230110:1810,0.0,0.0,0.0,13.35,5.31,0.0
20230110:1910,0.0,0.0,0.0,13.14,6.07,0.0
20230110:2010,0.0,0.0,0.0,13.09,6.48,0.0
20230110:2110,0.0,0.0,0.0,13.09,6.76,0.0
20230110:2210,0.0,0.0,0.0,13.09,7.1,0.0
20230110:2310,0.0,0.0,0.0,13.15,6.55,0.0
20230111:0010,0.0,0.0,0.0,13.07,4.83,0.0
20230111:0110,0.0,0.0,0.0,12.82,4.14,0.0
20230111:0210,0.0,0.0,0.0,12.39,3.24,0.0
20230111:0310,0.0,0.0,0.0,11.98,2.41,0.0
20230111:0410,0.0,0.0,0.0,11.5,2.69,0.0
20230111:0510,0.0,0.0,0.0,10.9,2.69,0.0
20230111:0610,0.0,0.0,0.0,10.44,2.48,0.0
20230111:0710,0.0,0.0,0.0,10.53,2.62,0.0
20230111:0810,0.0,0.0,0.0,10.04,2.14,0.0
20230111:0910,144.05,183.35,9.4,10.03,1.79,0.0
20230111:1010,433.03,520.53,16.95,11.44,1.72,0.0
20230111:1110,255.81,310.71,22.51,12.21,2.55,0.0
20230111:1210,662.12,809.97,25.53,12.59,2.48,0.0
20230111:1310,580.33,709.2,25.65,13.0,2.0,0.0
20230111:1410,617.24,752.43,22.84,13.11,2.48,0.0
20230111:1510,493.41,590.25,17.46,13.06,3.45,0.0
20230111:1610,321.71,389.46,10.04,12.68,3.24,0.0
20230111:1710,0.0,0.0,0.0,11.99,2.41,0.0
20230111:1810,0.0,0.0,0.0,10.99,2.14,0.0
20230111:1910,0.0,0.0,0.0,9.67,1.24,0.0
20230111:2010,0.0,0.0,0.0,9.89,1.1,0.0
20230111:2110,0.0,0.0,0.0,10.27,0.55,0.0
20230111:2210,0.0,0.0,0.0,9.95,0.21,0.0
20230111:2310,0.0,0.0,0.0,9.75,0.07,0.0
20230112:0010,0.0,0.0,0.0,9.54,0.28,0.0
20230112:0110,0.0,0.0,0.0,8.87,0.41,0.0
20230112:0210,0.0,0.0,0.0,7.91,0.69,0.0
20230112:0310,0.0,0.0,0.0,7.15,0.9,0.0
20230112:0410,0.0,0.0,0.0,6.67,1.1,0.0
20230112:0510,0.0,0.0,0.0,6.57,1.38,0.0
20230112:0610,0.0,0.0,0.0,7.15,1.72,0.0
20230112:0710,0.0,0.0,0.0,7.62,2.0,0.0
20230112:0810,0.0,0.0,0.0,7.7,2.21,0.0
20230112:0910,24.3,42.46,9.48,8.47,2.55,0.0
20230112:1010,49.63,73.84,17.05,9.63,3.1,0.0
20230112:1110,83.66,114.09,22.63,10.81,3.66,0.0
20230112:1210,117.35,152.92,25.68,11.39,4.41,0.0
20230112:1310,106.52,140.81,25.82,11.77,4.83,0.0
20230112:1410,121.05,157.18,23.02,12.04,5.24,0.0
20230112:1510,63.82,91.33,17.64,12.16,5.24,0.0
20230112:1610,34.01,55.29,10.22,11.95,4.83,0.0
20230112:1710,0.0,0.0,0.0,11.69,4.34,0.0
20230112:1810,0.0,0.0,0.0,11.47,4.07,0.0
20230112:1910,0.0,0.0,0.0,11.25,3.59,0.0
20230112:2010,0.0,0.0,0.0,11.2,3.38,0.0
20230112:2110,0.0,0.0,0.0,11.19,3.1,0.0
20230112:2210,0.0,0.0,0.0,11.1,2.69,0.0
20230112:2310,0.0,0.0,0.0,11.07,2.83,0.0
20230113:0010,0.0,0.0,0.0,10.98,3.24,0.0
20230113:0110,0.0,0.0,0.0,10.93,3.24,0.0
20230113:0210,0.0,0.0,0.0,10.68,3.1,0.0
20230113:0310,0.0,0.0,0.0,10.57,3.17,0.0
20230113:0410,0.0,0.0,0.0,10.5,3.45,0.0
20230113:0510,0.0,0.0,0.0,10.36,3.52,0.0
20230113:0610,0.0,0.0,0.0,10.22,3.59,0.0
20230113:0710,0.0,0.0,0.0,10.66,3.52,0.0
20230113:0810,0.0,0.0,0.0,10.48,3.59,0.0
20230113:0910,61.64,88.28,9.56,10.48,3.45,0.0
20230113:1010,85.51,116.08,17.15,11.06,3.72,0.0
20230113:1110,347.88,413.63,22.76,11.91,4.07,0.0
20230113:1210,381.71,455.49,25.84,12.87,4.0,0.0
20230113:1310,567.48,680.15,25.99,13.4,4.14,0.0
20230113:1410,460.88,550.35,23.2,13.93,4.34,0.0
20230113:1510,305.77,367.95,17.83,14.0,4.34,0.0
20230113:1610,104.09,138.61,10.41,13.72,4.0,0.0
20230113:1710,0.0,0.0,0.0,13.38,4.0,0.0
20230113:1810,0.0,0.0,0.0,13.09,4.14,0.0
20230113:1910,0.0,0.0,0.0,12.84,4.21,0.0
20230113:2010,0.0,0.0,0.0,12.87,4.69,0.0
20230113:2110,0.0,0.0,0.0,12.91,4.76,0.0
20230113:2210,0.0,0.0,0.0,12.94,4.97,0.0
20230113:2310,0.0,0.0,0.0,12.98,5.24,0.0
20230114:0010,0.0,0.0,0.0,12.93,5.38,0.0
20230114:0110,0.0,0.0,0.0,12.87,5.38,0.0
20230114:0210,0.0,0.0,0.0,12.83,5.17,0.0
20230114:0310,0.0,0.0,0.0,12.76,4.9,0.0
20230114:0410,0.0,0.0,0.0,12.59,5.03,0.0
20230114:0510,0.0,0.0,0.0,12.34,4.97,0.0
20230114:0610,0.0,0.0,0.0,12.34,5.03,0.0
20230114:0710,0.0,0.0,0.0,11.88,4.69,0.0
20230114:0810,0.0,0.0,0.0,11.8,4.83,0.0
20230114:0910,89.44,121.11,9.64,11.92,5.17,0.0
20230114:1010,295.62,352.16,17.26,12.37,6.28,0.0
20230114:1110,76.97,107.07,22.9,12.9,6.55,0.0
20230114:1210,95.1,128.3,26.0,13.34,7.52,0.0
20230114:1310,261.59,315.9,26.17,13.87,7.86,0.0
20230114:1410,150.27,191.07,23.39,14.03,7.72,0.0
20230114:1510,191.6,236.54,18.02,13.96,7.93,0.0
20230114:1610,126.86,163.95,10.6,13.57,7.72,0.0
20230114:1710,0.0,0.92,1.68,13.27,7.52,0.0
20230114:1810,0.0,0.0,0.0,12.94,7.59,0.0
20230114:1910,0.0,0.0,0.0,12.86,7.79,0.0
20230114:2010,0.0,0.0,0.0,12.83,7.79,0.0
20230114:2110,0.0,0.0,0.0,12.76,8.28,0.0
20230114:2210,0.0,0.0,0.0,12.78,8.14,0.0
20230114:2310,0.0,0.0,0.0,12.4,4.9,0.0
20230115:0010,0.0,0.0,0.0,11.39,4.9,0.0
20230115:0110,0.0,0.0,0.0,10.35,6.28,0.0
20230115:0210,0.0,0.0,0.0,9.03,6.55,0.0
20230115:0310,0.0,0.0,0.0,8.2,5.72,0.0
20230115:0410,0.0,0.0,0.0,7.8,4.28,0.0
20230115:0510,0.0,0.0,0.0,7.61,3.79,0.0
20230115:0610,0.0,0.0,0.0,7.45,3.59,0.0
20230115:0710,0.0,0.0,0.0,7.69,3.59,0.0
20230115:0810,0.0,0.0,0.0,7.61,3.45,0.0
20230115:0910,214.01,259.91,9.74,7.75,3.31,0.0
20230115:1010,497.79,584.19,17.38,8.66,3.38,0.0
20230115:1110,453.9,532.04,23.05,9.37,3.86,0.0
20230115:1210,686.86,816.85,26.17,9.97,4.14,0.0
20230115:1310,613.65,725.37,26.36,10.29,4.41,0.0
20230115:1410,640.88,758.9,23.59,10.62,4.48,0.0
20230115:1510,354.43,418.15,18.22,10.73,4.34,0.0
20230115:1610,308.53,367.8,10.79,10.57,4.83,0.0
20230115:1710,0.0,4.62,1.87,10.1,4.9,0.0
20230115:1810,0.0,0.0,0.0,9.65,5.1,0.0
20230115:1910,0.0,0.0,0.0,9.52,5.66,0.0
20230115:2010,0.0,0.0,0.0,10.05,6.55,0.0
20230115:2110,0.0,0.0,0.0,10.37,7.45,0.0
20230115:2210,0.0,0.0,0.0,10.21,7.66,0.0
20230115:2310,0.0,0.0,0.0,10.41,8.07,0.0
20230116:0010,0.0,0.0,0.0,10.87,8.55,0.0
20230116:0110,0.0,0.0,0.0,11.19,9.17,0.0
20230116:0210,0.0,0.0,0.0,11.22,9.38,0.0
20230116:0310,0.0,0.0,0.0,11.24,9.03,0.0
20230116:0410,0.0,0.0,0.0,11.24,9.03,0.0
20230116:0510,0.0,0.0,0.0,11.24,9.59,0.0
20230116:0610,0.0,0.0,0.0,11.45,9.38,0.0
20230116:0710,0.0,0.0,0.0,11.44,9.31,0.0
20230116:0810,0.0,0.0,0.0,11.53,9.72,0.0
20230116:0910,8.56,21.23,9.84,11.61,9.31,0.0
20230116:1010,20.41,37.85,17.51,11.83,9.24,0.0
20230116:1110,22.5,40.61,23.2,11.99,9.24,0.0
20230116:1210,21.8,39.69,26.34,11.95,10.0,0.0
20230116:1310,28.23,48.0,26.55,12.01,10.41,0.0
20230116:1410,30.41,50.77,23.79,12.04,10.62,0.0
20230116:1510,40.09,62.77,18.42,12.02,10.48,0.0
20230116:1610,2.93,12.0,10.99,11.95,10.41,0.0
20230116:1710,0.0,0.92,2.06,11.74,10.48,0.0
20230116:1810,0.0,0.0,0.0,11.83,9.86,0.0
20230116:1910,0.0,0.0,0.0,11.34,10.62,0.0
20230116:2010,0.0,0.0,0.0,11.4,11.1,0.0
20230116:2110,0.0,0.0,0.0,11.84,10.41,0.0
20230116:2210,0.0,0.0,0.0,12.07,11.1,0.0
20230116:2310,0.0,0.0,0.0,12.08,10.9,0.0
20230117:0010,0.0,0.0,0.0,11.8,9.72,0.0
20230117:0110,0.0,0.0,0.0,11.53,9.03,0.0
20230117:0210,0.0,0.0,0.0,10.83,8.62,0.0
20230117:0310,0.0,0.0,0.0,10.15,9.31,0.0
20230117:0410,0.0,0.0,0.0,9.37,9.17,0.0
20230117:0510,0.0,0.0,0.0,8.7,9.03,0.0
20230117:0610,0.0,0.0,0.0,8.02,8.83,0.0
20230117:0710,0.0,0.0,0.0,7.69,9.17,0.0
20230117:0810,0.0,0.0,0.0,7.68,8.76,0.0
20230117:0910,67.14,93.36,9.95,7.64,9.17,0.0
20230117:1010,79.62,107.58,17.64,7.78,8.48,0.0
20230117:1110,47.05,70.15,23.36,8.05,8.34,0.0
20230117:1210,99.32,130.15,26.53,7.92,8.48,0.0
20230117:1310,108.03,139.81,26.75,7.81,8.48,0.0
20230117:1410,87.23,116.31,24.0,7.58,8.97,0.0
20230117:1510,317.0,366.13,18.63,7.43,8.83,0.0
20230117:1610,92.77,121.69,11.19,6.94,8.41,0.0
20230117:1710,0.0,0.92,2.25,6.19,8.21,0.0
20230117:1810,0.0,0.0,0.0,5.95,8.48,0.0
20230117:1910,0.0,0.0,0.0,5.76,7.93,0.0
20230117:2010,0.0,0.0,0.0,5.5,7.72,0.0
20230117:2110,0.0,0.0,0.0,5.46,7.66,0.0
20230117:2210,0.0,0.0,0.0,5.95,6.83,0.0
20230117:2310,0.0,0.0,0.0,5.88,7.86,0.0
20230118:0010,0.0,0.0,0.0,5.98,8.0,0.0
20230118:0110,0.0,0.0,0.0,6.19,7.72,0.0
20230118:0210,0.0,0.0,0.0,6.24,7.31,0.0
20230118:0310,0.0,0.0,0.0,6.39,7.31,0.0
20230118:0410,0.0,0.0,0.0,6.17,7.17,0.0
20230118:0510,0.0,0.0,0.0,6.06,6.76,0.0
20230118:0610,0.0,0.0,0.0,5.83,6.83,0.0
20230118:0710,0.0,0.0,0.0,5.51,4.48,0.0
20230118:0810,0.0,0.0,0.0,5.38,4.76,0.0
20230118:0910,12.08,25.85,10.06,5.64,4.76,0.0
20230118:1010,346.82,400.42,17.78,6.39,5.52,0.0
20230118:1110,225.44,268.33,23.52,7.17,5.38,0.0
20230118:1210,411.9,476.24,26.72,7.65,5.72,0.0
20230118:1310,345.44,401.89,26.96,8.13,6.28,0.0
20230118:1410,660.15,765.15,24.22,8.63,6.62,0.0
20230118:1510,562.76,648.69,18.84,8.6,6.9,0.0
20230118:1610,319.43,374.74,11.4,8.46,6.55,0.0
20230118:1710,0.32,6.46,2.45,8.13,6.21,0.0
20230118:1810,0.0,0.0,0.0,7.77,5.72,0.0
20230118:1910,0.0,0.0,0.0,7.32,5.66,0.0
20230118:2010,0.0,0.0,0.0,7.24,5.03,0.0
20230118:2110,0.0,0.0,0.0,7.18,4.48,0.0
20230118:2210,0.0,0.0,0.0,7.07,3.93,0.0
20230118:2310,0.0,0.0,0.0,6.96,3.38,0.0
20230119:0010,0.0,0.0,0.0,6.69,2.9,0.0
20230119:0110,0.0,0.0,0.0,6.08,2.28,0.0
20230119:0210,0.0,0.0,0.0,5.51,2.21,0.0
20230119:0310,0.0,0.0,0.0,6.02,1.52,0.0
20230119:0410,0.0,0.0,0.0,5.43,1.79,0.0
20230119:0510,0.0,0.0,0.0,5.5,1.79,0.0
20230119:0610,0.0,0.0,0.0,5.68,2.21,0.0
20230119:0710,0.0,0.0,0.0,7.74,3.72,0.0
20230119:0810,0.0,0.0,0.0,8.38,4.0,0.0
20230119:0910,25.73,44.31,10.18,8.77,4.21,0.0
20230119:1010,24.95,43.38,17.92,9.3,5.31,0.0
20230119:1110,73.3,101.54,23.69,9.85,6.14,0.0
20230119:1210,31.4,51.69,26.91,10.31,7.38,0.0
20230119:1310,40.34,62.77,27.17,10.61,7.93,0.0
20230119:1410,27.67,47.08,24.44,10.72,7.52,0.0
20230119:1510,24.73,43.38,19.06,11.05,6.76,0.0
20230119:1610,25.41,44.31,11.61,11.35,7.1,0.0
20230119:1710,0.0,2.77,2.66,11.63,7.38,0.0
20230119:1810,0.0,0.0,0.0,11.8,7.1,0.0
20230119:1910,0.0,0.0,0.0,11.76,7.1,0.0
20230119:2010,0.0,0.0,0.0,11.75,6.48,0.0
20230119:2110,0.0,0.0,0.0,11.75,5.79,0.0
20230119:2210,0.0,0.0,0.0,11.65,5.03,0.0
20230119:2310,0.0,0.0,0.0,11.53,4.48,0.0
20230120:0010,0.0,0.0,0.0,11.32,3.52,0.0
20230120:0110,0.0,0.0,0.0,11.19,3.03,0.0
20230120:0210,0.0,0.0,0.0,11.16,2.76,0.0
20230120:0310,0.0,0.0,0.0,11.14,2.48,0.0
20230120:0410,0.0,0.0,0.0,11.1,2.14,0.0
20230120:0510,0.0,0.0,0.0,10.97,1.86,0.0
20230120:0610,0.0,0.0,0.0,10.73,1.38,0.0
20230120:0710,0.0,0.0,0.0,10.85,1.59,0.0
20230120:0810,0.0,0.0,0.0,10.79,1.72,0.0
20230120:0910,55.22,81.01,10.3,11.03,1.79,0.0
20230120:1010,92.39,124.5,18.07,11.38,1.79,0.0
20230120:1110,390.03,467.63,23.87,12.08,2.34,0.0
20230120:1210,413.84,495.77,27.11,12.58,2.97,0.0
20230120:1310,244.73,299.29,27.39,12.85,2.9,0.0
20230120:1410,85.3,117.23,24.66,12.88,2.55,0.0
20230120:1510,61.93,89.54,19.28,12.75,3.03,0.0
20230120:1610,100.78,134.21,11.83,12.63,3.66,0.0
20230120:1710,0.0,3.69,2.86,12.39,3.66,0.0
20230120:1810,0.0,0.0,0.0,12.13,3.31,0.0
20230120:1910,0.0,0.0,0.0,11.9,2.97,0.0
20230120:2010,0.0,0.0,0.0,11.83,2.62,0.0
20230120:2110,0.0,0.0,0.0,11.69,2.69,0.0
20230120:2210,0.0,0.0,0.0,11.52,2.9,0.0
20230120:2310,0.0,0.0,0.0,11.44,3.17,0.0
20230121:0010,0.0,0.0,0.0,11.37,3.31,0.0
20230121:0110,0.0,0.0,0.0,11.32,3.31,0.0
20230121:0210,0.0,0.0,0.0,11.18,3.31,0.0
20230121:0310,0.0,0.0,0.0,11.03,3.31,0.0
20230121:0410,0.0,0.0,0.0,10.94,3.38,0.0
20230121:0510,0.0,0.0,0.0,10.8,3.45,0.0
20230121:0610,0.0,0.0,0.0,10.66,3.38,0.0
20230121:0710,0.0,0.0,0.0,11.0,3.72,0.0
20230121:0810,0.0,0.0,0.0,10.89,3.72,0.0
20230121:0910,44.49,67.98,10.44,10.9,3.66,0.0
20230121:1010,60.86,87.69,18.23,11.42,4.48,0.0
20230121:1110,124.94,161.81,24.05,12.11,4.83,0.0
20230121:1210,103.5,137.9,27.32,12.82,5.1,0.0
20230121:1310,220.63,270.88,27.62,13.32,5.1,0.0
20230121:1410,523.11,622.3,24.89,13.58,5.1,0.0
20230121:1510,522.89,622.11,19.51,13.67,4.97,0.0
20230121:1610,302.02,365.0,12.04,13.52,4.55,0.0
20230121:1710,6.26,18.15,3.07,12.84,4.28,0.0
20230121:1810,0.0,0.0,0.0,11.74,4.14,0.0
20230121:1910,0.0,0.0,0.0,11.02,4.48,0.0
20230121:2010,0.0,0.0,0.0,10.16,4.55,0.0
20230121:2110,0.0,0.0,0.0,9.3,4.62,0.0
20230121:2210,0.0,0.0,0.0,8.47,4.41,0.0
20230121:2310,0.0,0.0,0.0,7.8,4.34,0.0
20230122:0010,0.0,0.0,0.0,7.21,4.28,0.0
20230122:0110,0.0,0.0,0.0,6.72,4.28,0.0
20230122:0210,0.0,0.0,0.0,6.27,4.21,0.0
20230122:0310,0.0,0.0,0.0,5.93,4.07,0.0
20230122:0410,0.0,0.0,0.0,5.5,3.79,0.0
20230122:0510,0.0,0.0,0.0,5.08,3.66,0.0
20230122:0610,0.0,0.0,0.0,4.72,3.52,0.0
20230122:0710,0.0,0.0,0.0,4.47,3.45,0.0
20230122:0810,0.0,0.0,0.0,4.05,3.31,0.0
20230122:0910,281.05,332.06,10.57,4.53,2.97,0.0
20230122:1010,528.3,615.57,18.39,6.14,2.97,0.0
20230122:1110,663.83,788.71,24.25,7.86,2.9,0.0
20230122:1210,725.49,878.49,27.54,9.25,2.62,0.0
20230122:1310,730.41,891.37,27.85,10.19,2.48,0.0
20230122:1410,684.01,824.27,25.13,10.76,3.17,0.0
20230122:1510,541.73,642.27,19.74,10.92,3.66,0.0
20230122:1610,188.9,232.71,12.27,10.71,3.52,0.0
20230122:1710,6.72,18.68,3.28,10.19,3.45,0.0
20230122:1810,0.0,0.0,0.0,9.32,3.59,0.0
20230122:1910,0.0,0.0,0.0,8.42,4.0,0.0
20230122:2010,0.0,0.0,0.0,7.55,4.07,0.0
20230122:2110,0.0,0.0,0.0,6.79,3.93,0.0
20230122:2210,0.0,0.0,0.0,6.05,3.72,0.0
20230122:2310,0.0,0.0,0.0,5.41,3.59,0.0
20230123:0010,0.0,0.0,0.0,4.84,3.66,0.0
20230123:0110,0.0,0.0,0.0,4.34,3.72,0.0
20230123:0210,0.0,0.0,0.0,4.06,3.79,0.0
20230123:0310,0.0,0.0,0.0,3.85,3.79,0.0
20230123:0410,0.0,0.0,0.0,3.64,3.86,0.0
20230123:0510,0.0,0.0,0.0,3.33,3.79,0.0
20230123:0610,0.0,0.0,0.0,3.05,3.72,0.0
20230123:0710,0.0,0.0,0.0,2.96,3.86,0.0
20230123:0810,0.0,0.0,0.0,2.89,3.93,0.0
20230123:0910,326.03,380.48,10.72,3.69,3.93,0.0
20230123:1010,548.76,633.12,18.56,5.67,4.21,0.0
20230123:1110,676.65,790.12,24.44,7.4,4.69,0.0
20230123:1210,740.37,873.21,27.76,8.65,5.03,0.0
20230123:1310,778.5,925.29,28.08,9.55,5.1,0.0
20230123:1410,724.14,857.11,25.37,10.13,5.24,0.0
20230123:1510,579.58,678.67,19.98,10.28,5.45,0.0
20230123:1610,405.76,477.42,12.49,10.0,5.52,0.0
20230123:1710,18.47,35.94,3.5,9.12,5.66,0.0
20230123:1810,0.0,0.0,0.0,7.83,5.66,0.0
20230123:1910,0.0,0.0,0.0,6.98,6.07,0.0
20230123:2010,0.0,0.0,0.0,6.04,6.07,0.0
20230123:2110,0.0,0.0,0.0,5.36,5.93,0.0
20230123:2210,0.0,0.0,0.0,4.96,5.59,0.0
20230123:2310,0.0,0.0,0.0,4.67,5.38,0.0
20230124:0010,0.0,0.0,0.0,4.44,5.31,0.0
20230124:0110,0.0,0.0,0.0,4.23,5.17,0.0
20230124:0210,0.0,0.0,0.0,4.03,4.97,0.0
20230124:0310,0.0,0.0,0.0,3.81,4.69,0.0
20230124:0410,0.0,0.0,0.0,3.56,4.41,0.0
20230124:0510,0.0,0.0,0.0,3.28,4.28,0.0
20230124:0610,0.0,0.0,0.0,3.09,4.34,0.0
20230124:0710,0.0,0.0,0.0,3.23,4.62,0.0
20230124:0810,0.0,2.6,1.6,3.19,4.83,0.0
20230124:0910,327.99,381.84,10.87,3.88,4.83,0.0
20230124:1010,540.79,621.53,18.74,5.53,4.69,0.0
20230124:1110,682.1,795.63,24.65,7.18,4.76,0.0
20230124:1210,750.45,885.92,27.99,8.74,5.1,0.0
20230124:1310,790.34,937.16,28.33,9.83,5.72,0.0
20230124:1410,718.27,844.98,25.61,10.46,6.34,0.0
20230124:1510,596.32,695.59,20.22,10.4,6.48,0.0
20230124:1610,399.51,468.93,12.72,10.08,6.34,0.0
20230124:1710,93.87,131.01,3.71,9.49,6.07,0.0
20230124:1810,0.0,0.0,0.0,8.47,5.66,0.0
20230124:1910,0.0,0.0,0.0,7.39,5.59,0.0
20230124:2010,0.0,0.0,0.0,6.65,5.31,0.0
20230124:2110,0.0,0.0,0.0,6.03,5.17,0.0
20230124:2210,0.0,0.0,0.0,5.52,4.97,0.0
20230124:2310,0.0,0.0,0.0,5.03,4.69,0.0
20230125:0010,0.0,0.0,0.0,4.58,4.41,0.0
20230125:0110,0.0,0.0,0.0,4.12,4.07,0.0
20230125:0210,0.0,0.0,0.0,3.69,3.79,0.0
20230125:0310,0.0,0.0,0.0,3.32,3.72,0.0
20230125:0410,0.0,0.0,0.0,3.18,3.59,0.0
20230125:0510,0.0,0.0,0.0,2.83,3.38,0.0
20230125:0610,0.0,0.0,0.0,2.61,3.38,0.0
20230125:0710,0.0,0.0,0.0,2.91,3.72,0.0
20230125:0810,0.0,4.34,1.74,2.78,3.59,0.0
20230125:0910,324.68,379.63,11.03,3.57,3.31,0.0
20230125:1010,541.63,629.99,18.92,5.68,3.03,0.0
20230125:1110,667.44,794.12,24.86,7.53,2.69,0.0
20230125:1210,726.41,884.26,28.22,8.8,2.14,0.0
20230125:1310,742.4,916.98,28.57,9.69,1.72,0.0
20230125:1410,687.29,843.46,25.86,10.33,1.72,0.0
20230125:1510,564.47,678.64,20.46,10.7,2.21,0.0
20230125:1610,393.26,470.63,12.95,10.79,2.69,0.0
20230125:1710,108.65,149.63,3.93,10.35,2.83,0.0
20230125:1810,0.0,0.0,0.0,9.41,3.17,0.0
20230125:1910,0.0,0.0,0.0,8.44,4.28,0.0
20230125:2010,0.0,0.0,0.0,7.53,4.76,0.0
20230125:2110,0.0,0.0,0.0,6.85,4.62,0.0
20230125:2210,0.0,0.0,0.0,6.26,4.07,0.0
20230125:2310,0.0,0.0,0.0,5.64,4.0,0.0
20230126:0010,0.0,0.0,0.0,5.15,4.28,0.0
20230126:0110,0.0,0.0,0.0,4.89,4.14,0.0
20230126:0210,0.0,0.0,0.0,4.63,4.0,0.0
20230126:0310,0.0,0.0,0.0,4.47,4.21,0.0
20230126:0410,0.0,0.0,0.0,4.53,4.34,0.0
20230126:0510,0.0,0.0,0.0,4.78,4.34,0.0
20230126:0610,0.0,0.0,0.0,5.19,4.34,0.0
20230126:0710,0.0,0.0,0.0,6.36,4.62,0.0
20230126:0810,0.0,1.74,1.88,6.32,4.0,0.0
20230126:0910,146.47,182.92,11.19,6.78,3.38,0.0
20230126:1010,245.64,293.14,19.11,7.47,2.34,0.0
20230126:1110,49.88,73.84,25.07,8.46,2.28,0.0
20230126:1210,63.79,90.46,28.46,9.31,3.31,0.0
20230126:1310,252.62,302.95,28.83,10.15,5.31,0.0
20230126:1410,628.82,735.97,26.12,10.58,6.41,0.0
20230126:1510,450.96,525.75,20.71,10.62,6.41,0.0
20230126:1610,230.57,277.56,13.19,10.3,6.21,0.0
20230126:1710,55.93,84.2,4.15,9.67,6.07,0.0
20230126:1810,0.0,0.0,0.0,8.74,5.52,0.0
20230126:1910,0.0,0.0,0.0,8.25,5.86,0.0
20230126:2010,0.0,0.0,0.0,8.03,5.66,0.0
20230126:2110,0.0,0.0,0.0,7.88,5.66,0.0
20230126:2210,0.0,0.0,0.0,7.78,5.66,0.0
20230126:2310,0.0,0.0,0.0,7.65,5.31,0.0
20230127:0010,0.0,0.0,0.0,7.43,5.24,0.0
20230127:0110,0.0,0.0,0.0,7.21,5.24,0.0
20230127:0210,0.0,0.0,0.0,6.97,5.31,0.0
20230127:0310,0.0,0.0,0.0,6.81,5.45,0.0
20230127:0410,0.0,0.0,0.0,6.78,5.52,0.0
20230127:0510,0.0,0.0,0.0,6.75,5.59,0.0
20230127:0610,0.0,0.0,0.0,6.66,5.59,0.0
20230127:0710,0.0,0.0,0.0,6.54,5.66,0.0
20230127:0810,0.18,6.08,2.02,6.47,5.66,0.0
20230127:0910,325.12,382.36,11.36,6.87,6.0,0.0
20230127:1010,542.85,625.52,19.31,7.77,6.28,0.0
20230127:1110,679.64,789.28,25.3,8.98,6.83,0.0
20230127:1210,706.4,824.97,28.71,10.02,7.31,0.0
20230127:1310,260.16,311.01,29.09,10.61,6.9,0.0
20230127:1410,461.64,539.02,26.38,10.74,6.48,0.0
20230127:1510,534.05,622.92,20.96,10.8,6.48,0.0
20230127:1610,397.7,467.81,13.43,10.45,6.0,0.0
20230127:1710,123.93,166.49,4.38,9.73,5.59,0.0
20230127:1810,0.0,0.0,0.0,8.68,5.38,0.0
20230127:1910,0.0,0.0,0.0,7.68,5.72,0.0
20230127:2010,0.0,0.0,0.0,6.99,5.59,0.0
20230127:2110,0.0,0.0,0.0,6.43,5.31,0.0
20230127:2210,0.0,0.0,0.0,5.97,5.1,0.0
20230127:2310,0.0,0.0,0.0,5.72,4.97,0.0
20230128:0010,0.0,0.0,0.0,5.48,4.76,0.0
20230128:0110,0.0,0.0,0.0,5.26,4.62,0.0
20230128:0210,0.0,0.0,0.0,4.96,4.62,0.0
20230128:0310,0.0,0.0,0.0,4.73,4.69,0.0
20230128:0410,0.0,0.0,0.0,4.56,4.76,0.0
20230128:0510,0.0,0.0,0.0,4.39,4.62,0.0
20230128:0610,0.0,0.0,0.0,4.18,4.48,0.0
20230128:0710,0.0,0.0,0.0,4.64,4.83,0.0
20230128:0810,0.55,6.94,2.18,4.72,4.9,0.0
20230128:0910,337.67,395.08,11.53,5.38,5.03,0.0
20230128:1010,558.67,643.76,19.51,6.5,5.17,0.0
20230128:1110,685.97,797.31,25.52,7.73,5.72,0.0
20230128:1210,770.29,906.62,28.96,8.92,5.86,0.0
20230128:1310,784.05,927.94,29.35,9.83,5.93,0.0
20230128:1410,725.68,856.45,26.64,10.35,5.86,0.0
20230128:1510,592.58,693.17,21.21,10.38,5.86,0.0
20230128:1610,402.08,472.69,13.67,10.13,5.66,0.0
20230128:1710,128.47,171.48,4.6,9.57,5.79,0.0
20230128:1810,0.0,0.0,0.0,8.43,6.0,0.0
20230128:1910,0.0,0.0,0.0,7.09,6.41,0.0
20230128:2010,0.0,0.0,0.0,6.24,6.41,0.0
20230128:2110,0.0,0.0,0.0,5.6,6.28,0.0
20230128:2210,0.0,0.0,0.0,5.16,6.07,0.0
20230128:2310,0.0,0.0,0.0,4.7,5.79,0.0
20230129:0010,0.0,0.0,0.0,4.33,5.72,0.0
20230129:0110,0.0,0.0,0.0,3.92,5.38,0.0
20230129:0210,0.0,0.0,0.0,3.46,4.76,0.0
20230129:0310,0.0,0.0,0.0,3.0,4.41,0.0
20230129:0410,0.0,0.0,0.0,2.64,4.28,0.0
20230129:0510,0.0,0.0,0.0,2.3,4.28,0.0
20230129:0610,0.0,0.0,0.0,2.07,4.21,0.0
20230129:0710,0.0,0.0,0.0,2.25,4.21,0.0
20230129:0810,0.95,7.81,2.33,2.16,4.21,0.0
20230129:0910,341.47,396.66,11.71,3.08,4.0,0.0
20230129:1010,546.55,629.29,19.71,4.88,3.93,0.0
20230129:1110,685.54,803.59,25.76,6.57,3.86,0.0
20230129:1210,770.27,919.87,29.22,8.0,3.72,0.0
20230129:1310,768.85,928.79,29.62,9.09,3.24,0.0
20230129:1410,711.32,864.71,26.91,9.82,2.41,0.0
20230129:1510,585.81,706.0,21.47,10.22,2.0,0.0
20230129:1610,411.64,493.06,13.91,10.36,2.21,0.0
20230129:1710,134.24,179.48,4.83,10.01,2.34,0.0
20230129:1810,0.0,0.0,0.0,9.08,2.41,0.0
20230129:1910,0.0,0.0,0.0,8.03,3.17,0.0
20230129:2010,0.0,0.0,0.0,7.08,3.45,0.0
20230129:2110,0.0,0.0,0.0,6.24,3.45,0.0
20230129:2210,0.0,0.0,0.0,5.42,3.17,0.0
20230129:2310,0.0,0.0,0.0,4.62,2.76,0.0
20230130:0010,0.0,0.0,0.0,3.84,2.62,0.0
20230130:0110,0.0,0.0,0.0,3.19,2.62,0.0
20230130:0210,0.0,0.0,0.0,2.81,2.69,0.0
20230130:0310,0.0,0.0,0.0,2.54,2.62,0.0
20230130:0410,0.0,0.0,0.0,2.26,2.55,0.0
20230130:0510,0.0,0.0,0.0,2.02,2.48,0.0
20230130:0610,0.0,0.0,0.0,1.86,2.55,0.0
20230130:0710,0.0,0.0,0.0,1.77,2.48,0.0
20230130:0810,1.37,8.68,2.5,1.64,2.48,0.0
20230130:0910,334.39,391.51,11.9,2.82,2.14,0.0
20230130:1010,534.85,630.36,19.93,6.35,1.93,0.0
20230130:1110,659.53,798.01,26.0,8.43,1.72,0.0
20230130:1210,724.54,903.03,29.48,9.63,1.1,0.0
20230130:1310,722.22,917.38,29.9,10.35,0.48,0.0
20230130:1410,684.23,860.23,27.18,10.75,0.62,0.0
20230130:1510,575.12,701.92,21.73,10.94,1.24,0.0
20230130:1610,394.0,475.02,14.16,10.81,1.59,0.0
20230130:1710,132.39,177.46,5.06,10.32,1.59,0.0
20230130:1810,0.0,0.0,0.0,9.12,1.52,0.0
20230130:1910,0.0,0.0,0.0,7.36,1.31,0.0
20230130:2010,0.0,0.0,0.0,6.96,1.31,0.0
20230130:2110,0.0,0.0,0.0,5.79,1.45,0.0
20230130:2210,0.0,0.0,0.0,4.81,1.59,0.0
20230130:2310,0.0,0.0,0.0,3.77,1.72,0.0
20230131:0010,0.0,0.0,0.0,2.81,1.86,0.0
20230131:0110,0.0,0.0,0.0,1.93,2.0,0.0
20230131:0210,0.0,0.0,0.0,1.25,2.14,0.0
20230131:0310,0.0,0.0,0.0,0.8,2.21,0.0
20230131:0410,0.0,0.0,0.0,0.58,2.28,0.0
20230131:0510,0.0,0.0,0.0,0.47,2.21,0.0
20230131:0610,0.0,0.0,0.0,0.62,2.21,0.0
20230131:0710,0.0,0.0,0.0,0.9,2.21,0.0
20230131:0810,5.46,16.56,2.67,1.21,2.28,0.0
20230131:0910,333.08,390.18,12.09,2.77,2.0,0.0
20230131:1010,552.57,653.45,20.15,6.07,1.66,0.0
20230131:1110,659.1,807.43,26.24,8.77,1.1,0.0
20230131:1210,719.11,907.04,29.75,10.21,0.69,0.0
20230131:1310,734.91,928.35,30.17,11.07,0.97,0.0
20230131:1410,689.51,858.86,27.46,11.58,1.31,0.0
20230131:1510,576.8,702.61,22.0,11.84,1.72,0.0
20230131:1610,396.66,478.87,14.4,11.83,2.0,0.0
20230131:1710,135.68,181.82,5.3,11.38,2.0,0.0
20230131:1810,0.0,0.0,0.0,10.23,2.0,0.0
20230131:1910,0.0,0.0,0.0,8.41,2.28,0.0
20230131:2010,0.0,0.0,0.0,6.96,2.55,0.0
20230131:2110,0.0,0.0,0.0,6.01,2.83,0.0
20230131:2210,0.0,0.0,0.0,5.38,2.83,0.0
20230131:2310,0.0,0.0,0.0,4.82,2.9,0.0
20230201:0010,0.0,0.0,0.0,4.34,2.97,0.0
20230201:0110,0.0,0.0,0.0,3.88,3.1,0.0
20230201:0210,0.0,0.0,0.0,3.5,3.17,0.0
20230201:0310,0.0,0.0,0.0,3.18,3.17,0.0
20230201:0410,0.0,0.0,0.0,2.87,3.03,0.0
20230201:0510,0.0,0.0,0.0,2.43,3.03,0.0
20230201:0610,0.0,0.0,0.0,2.04,2.97,0.0
20230201:0710,0.0,0.0,0.0,2.58,3.03,0.0
20230201:0810,5.8,17.12,2.84,2.59,3.03,0.0
20230201:0910,335.76,393.05,12.29,3.74,2.9,0.0
20230201:1010,543.76,636.8,20.37,6.28,2.62,0.0
20230201:1110,670.21,807.36,26.5,8.96,2.34,0.0
20230201:1210,739.98,919.03,30.02,10.95,1.79,0.0
20230201:1310,734.08,934.76,30.46,12.17,0.9,0.0
20230201:1410,662.47,851.14,27.74,12.78,0.07,0.0
20230201:1510,570.95,711.46,22.27,12.96,0.62,0.0
20230201:1610,391.54,479.71,14.66,12.84,0.9,0.0
20230201:1710,138.26,185.96,5.53,12.33,1.1,0.0
20230201:1810,0.0,0.0,0.0,10.7,1.1,0.0
20230201:1910,0.0,0.0,0.0,9.55,1.1,0.0
20230201:2010,0.0,0.0,0.0,7.7,1.52,0.0
20230201:2110,0.0,0.0,0.0,5.8,1.93,0.0
20230201:2210,0.0,0.0,0.0,4.36,2.28,0.0
20230201:2310,0.0,0.0,0.0,3.74,2.48,0.0
20230202:0010,0.0,0.0,0.0,3.42,2.62,0.0
20230202:0110,0.0,0.0,0.0,3.34,2.62,0.0
20230202:0210,0.0,0.0,0.0,3.27,2.69,0.0
20230202:0310,0.0,0.0,0.0,3.21,2.69,0.0
20230202:0410,0.0,0.0,0.0,2.95,2.69,0.0
20230202:0510,0.0,0.0,0.0,2.56,2.69,0.0
20230202:0610,0.0,0.0,0.0,2.24,2.69,0.0
20230202:0710,0.0,0.0,0.0,2.8,2.76,0.0
20230202:0810,10.28,24.38,3.03,2.61,2.76,0.0
20230202:0910,340.79,400.46,12.49,4.02,2.34,0.0
20230202:1010,536.18,635.65,20.6,7.62,2.0,0.0
20230202:1110,659.72,810.6,26.75,10.4,1.45,0.0
20230202:1210,720.47,916.5,30.3,11.89,0.76,0.0
20230202:1310,728.11,939.11,30.75,12.67,0.48,0.0
20230202:1410,701.98,887.49,28.03,13.02,1.1,0.0
20230202:1510,582.61,716.83,22.54,13.03,1.52,0.0
20230202:1610,402.69,490.06,14.91,12.76,1.59,0.0
20230202:1710,157.69,208.63,5.77,12.12,1.52,0.0
20230202:1810,0.0,0.0,0.0,10.71,1.17,0.0
20230202:1910,0.0,0.0,0.0,9.35,1.24,0.0
20230202:2010,0.0,0.0,0.0,9.16,1.17,0.0
20230202:2110,0.0,0.0,0.0,7.2,1.45,0.0
20230202:2210,0.0,0.0,0.0,5.29,1.72,0.0
20230202:2310,0.0,0.0,0.0,3.7,2.07,0.0
20230203:0010,0.0,0.0,0.0,2.69,2.34,0.0
20230203:0110,0.0,0.0,0.0,2.31,2.48,0.0
20230203:0210,0.0,0.0,0.0,2.11,2.48,0.0
20230203:0310,0.0,0.0,0.0,2.09,2.41,0.0
20230203:0410,0.0,0.0,0.0,2.09,2.48,0.0
20230203:0510,0.0,0.0,0.0,2.02,2.55,0.0
20230203:0610,0.0,0.0,0.0,1.88,2.55,0.0
20230203:0710,0.0,0.0,0.0,2.44,2.62,0.0
20230203:0810,10.56,24.69,3.21,2.52,2.69,0.0
20230203:0910,345.26,405.54,12.7,3.99,2.34,0.0
20230203:1010,539.15,640.53,20.84,7.84,1.93,0.0
20230203:1110,655.82,808.83,27.02,11.41,1.52,0.0
20230203:1210,717.95,916.6,30.58,13.19,0.9,0.0
20230203:1310,715.54,938.0,31.04,14.16,0.14,0.0
20230203:1410,681.4,875.48,28.32,14.6,0.62,0.0
20230203:1510,576.54,717.27,22.81,14.69,1.31,0.0
20230203:1610,404.9,495.96,15.16,14.36,1.72,0.0
20230203:1710,167.88,222.02,6.01,13.53,1.79,0.0
20230203:1810,0.0,0.0,0.0,11.99,1.86,0.0
20230203:1910,0.0,0.0,0.0,9.65,2.07,0.0
20230203:2010,0.0,0.0,0.0,7.75,2.21,0.0
20230203:2110,0.0,0.0,0.0,6.62,2.28,0.0
20230203:2210,0.0,0.0,0.0,5.6,2.28,0.0
20230203:2310,0.0,0.0,0.0,4.46,2.34,0.0
20230204:0010,0.0,0.0,0.0,3.49,2.34,0.0
20230204:0110,0.0,0.0,0.0,2.82,2.34,0.0
20230204:0210,0.0,0.0,0.0,2.4,2.41,0.0
20230204:0310,0.0,0.0,0.0,2.18,2.48,0.0
20230204:0410,0.0,0.0,0.0,2.07,2.48,0.0
20230204:0510,0.0,0.0,0.0,2.02,2.48,0.0
20230204:0610,0.0,0.0,0.0,2.05,2.55,0.0
20230204:0710,0.0,0.0,0.0,1.82,2.48,0.0
20230204:0810,12.3,26.98,3.4,1.85,2.48,0.0
20230204:0910,344.71,404.68,12.92,3.74,2.21,0.0
20230204:1010,537.57,639.23,21.08,7.88,1.86,0.0
20230204:1110,660.14,812.8,27.28,11.18,1.59,0.0
20230204:1210,712.18,897.06,30.87,13.33,1.52,0.0
20230204:1310,737.09,936.06,31.34,14.73,1.72,0.0
20230204:1410,699.31,879.01,28.61,15.51,2.14,0.0
20230204:1510,585.5,721.43,23.09,15.77,2.55,0.0
20230204:1610,419.61,513.19,15.42,15.64,2.76,0.0
20230204:1710,170.94,225.89,6.24,14.8,3.1,0.0
20230204:1810,0.0,0.0,0.0,13.38,3.38,0.0
20230204:1910,0.0,0.0,0.0,12.02,3.45,0.0
20230204:2010,0.0,0.0,0.0,10.75,3.38,0.0
20230204:2110,0.0,0.0,0.0,9.5,3.38,0.0
20230204:2210,0.0,0.0,0.0,8.28,3.38,0.0
20230204:2310,0.0,0.0,0.0,7.2,3.45,0.0
20230205:0010,0.0,0.0,0.0,6.29,3.52,0.0
20230205:0110,0.0,0.0,0.0,5.68,3.66,0.0
20230205:0210,0.0,0.0,0.0,5.27,3.72,0.0
20230205:0310,0.0,0.0,0.0,4.93,3.72,0.0
20230205:0410,0.0,0.0,0.0,4.53,3.59,0.0
20230205:0510,0.0,0.0,0.0,4.19,3.45,0.0
20230205:0610,0.0,0.0,0.0,3.95,3.38,0.0
20230205:0710,0.0,0.0,0.0,3.96,3.66,0.0
20230205:0810,15.74,32.31,3.6,3.75,3.66,0.0
20230205:0910,364.85,428.07,13.13,5.13,3.38,0.0
20230205:1010,562.72,663.88,21.32,7.95,2.9,0.0
20230205:1110,681.9,831.54,27.56,10.9,2.34,0.0
20230205:1210,750.95,945.03,31.17,12.88,1.79,0.0
20230205:1310,746.96,955.65,31.64,14.13,1.31,0.0
20230205:1410,694.53,890.58,28.91,14.91,0.9,0.0
20230205:1510,581.9,733.78,23.37,15.26,0.76,0.0
20230205:1610,410.7,511.16,15.68,15.2,0.62,0.0
20230205:1710,182.41,241.66,6.48,14.62,0.69,0.0
20230205:1810,0.0,0.0,0.0,12.92,0.9,0.0
20230205:1910,0.0,0.0,0.0,9.85,2.07,0.0
20230205:2010,0.0,0.0,0.0,8.31,2.0,0.0
20230205:2110,0.0,0.0,0.0,6.79,2.07,0.0
20230205:2210,0.0,0.0,0.0,5.51,2.21,0.0
20230205:2310,0.0,0.0,0.0,4.61,2.55,0.0
20230206:0010,0.0,0.0,0.0,4.28,2.76,0.0
20230206:0110,0.0,0.0,0.0,4.18,2.76,0.0
20230206:0210,0.0,0.0,0.0,4.04,2.76,0.0
20230206:0310,0.0,0.0,0.0,3.77,2.97,0.0
20230206:0410,0.0,0.0,0.0,3.45,3.17,0.0
20230206:0510,0.0,0.0,0.0,3.15,3.24,0.0
20230206:0610,0.0,0.0,0.0,3.05,3.24,0.0
20230206:0710,0.0,0.0,0.0,3.41,3.03,0.0
20230206:0810,79.57,117.6,3.8,3.16,2.9,0.0
20230206:0910,352.13,414.18,13.36,4.71,2.55,0.0
20230206:1010,546.55,649.37,21.57,8.18,2.14,0.0
20230206:1110,670.57,826.97,27.84,10.94,1.52,0.0
20230206:1210,740.65,940.33,31.47,12.51,1.17,0.0
20230206:1310,737.05,949.42,31.95,13.37,0.76,0.0
20230206:1410,693.32,892.67,29.21,13.87,0.48,0.0
20230206:1510,590.1,741.18,23.65,14.04,0.69,0.0
20230206:1610,413.41,508.39,15.94,13.93,1.1,0.0
20230206:1710,182.6,239.25,6.73,13.29,1.66,0.0
20230206:1810,0.0,0.0,0.0,11.94,1.86,0.0
20230206:1910,0.0,0.0,0.0,10.65,1.38,0.0
20230206:2010,0.0,0.0,0.0,8.53,1.79,0.0
20230206:2110,0.0,0.0,0.0,7.06,1.93,0.0
20230206:2210,0.0,0.0,0.0,5.78,2.0,0.0
20230206:2310,0.0,0.0,0.0,4.42,2.28,0.0
20230207:0010,0.0,0.0,0.0,3.73,2.55,0.0
20230207:0110,0.0,0.0,0.0,3.6,2.9,0.0
20230207:0210,0.0,0.0,0.0,3.7,3.17,0.0
20230207:0310,0.0,0.0,0.0,3.75,3.31,0.0
20230207:0410,0.0,0.0,0.0,3.61,3.45,0.0
20230207:0510,0.0,0.0,0.0,3.36,3.52,0.0
20230207:0610,0.0,0.0,0.0,3.13,3.52,0.0
20230207:0710,0.0,0.0,0.0,3.03,3.45,0.0
20230207:0810,78.01,115.03,4.01,2.93,3.72,0.0
20230207:0910,356.73,416.94,13.59,4.25,3.31,0.0
20230207:1010,549.06,645.25,21.83,7.02,2.69,0.0
20230207:1110,686.03,826.23,28.12,9.31,2.69,0.0
20230207:1210,763.0,927.86,31.77,10.71,3.38,0.0
20230207:1310,779.7,950.28,32.26,11.63,3.79,0.0
20230207:1410,743.05,900.36,29.51,12.25,4.14,0.0
20230207:1510,621.56,742.31,23.93,12.61,4.62,0.0
20230207:1610,433.55,515.95,16.2,12.49,4.9,0.0
20230207:1710,194.8,249.85,6.97,11.7,5.17,0.0
20230207:1810,0.0,0.0,0.0,10.04,5.93,0.0
20230207:1910,0.0,0.0,0.0,8.37,6.76,0.0
20230207:2010,0.0,0.0,0.0,7.01,6.55,0.0
20230207:2110,0.0,0.0,0.0,6.08,6.41,0.0
20230207:2210,0.0,0.0,0.0,5.14,5.93,0.0
20230207:2310,0.0,0.0,0.0,4.75,5.24,0.0
20230208:0010,0.0,0.0,0.0,4.75,4.69,0.0
20230208:0110,0.0,0.0,0.0,5.14,4.07,0.0
20230208:0210,0.0,0.0,0.0,5.22,4.0,0.0
20230208:0310,0.0,0.0,0.0,4.74,4.41,0.0
20230208:0410,0.0,0.0,0.0,4.51,4.34,0.0
20230208:0510,0.0,0.0,0.0,4.29,4.21,0.0
20230208:0610,0.0,0.0,0.0,4.09,4.0,0.0
20230208:0710,0.0,0.0,0.0,4.16,4.14,0.0
20230208:0810,85.12,124.21,4.23,3.94,4.21,0.0
20230208:0910,363.71,425.25,13.83,4.98,3.86,0.0
20230208:1010,559.99,655.17,22.09,7.22,3.38,0.0
20230208:1110,687.67,825.6,28.41,9.37,2.97,0.0
20230208:1210,753.12,927.26,32.08,11.05,2.48,0.0
20230208:1310,754.75,937.8,32.58,12.24,2.34,0.0
20230208:1410,714.81,887.52,29.82,13.03,2.21,0.0
20230208:1510,599.03,731.27,24.22,13.57,2.48,0.0
20230208:1610,421.32,510.83,16.47,13.77,2.62,0.0
20230208:1710,187.39,243.81,7.21,13.38,2.83,0.0
20230208:1810,0.0,0.0,0.0,12.2,3.1,0.0
20230208:1910,0.0,0.0,0.0,11.24,3.45,0.0
20230208:2010,0.0,0.0,0.0,10.28,3.66,0.0
20230208:2110,0.0,0.0,0.0,9.46,3.72,0.0
20230208:2210,0.0,0.0,0.0,8.63,3.59,0.0
20230208:2310,0.0,0.0,0.0,7.75,3.45,0.0
20230209:0010,0.0,0.0,0.0,6.92,3.31,0.0
20230209:0110,0.0,0.0,0.0,6.16,3.31,0.0
20230209:0210,0.0,0.0,0.0,5.52,3.31,0.0
20230209:0310,0.0,0.0,0.0,5.05,3.38,0.0
20230209:0410,0.0,0.0,0.0,4.71,3.52,0.0
20230209:0510,0.0,0.0,0.0,4.5,3.59,0.0
20230209:0610,0.0,0.0,0.0,4.29,3.66,0.0
20230209:0710,0.0,0.0,0.0,4.1,3.59,0.0
20230209:0810,95.12,136.65,4.45,3.96,3.52,0.0
20230209:0910,361.01,423.65,14.07,5.32,3.38,0.0
20230209:1010,556.01,655.04,22.36,8.2,3.1,0.0
20230209:1110,687.3,831.86,28.7,10.74,2.9,0.0
20230209:1210,744.96,925.93,32.39,12.37,2.28,0.0
20230209:1310,741.72,936.03,32.9,13.41,1.72,0.0
20230209:1410,720.75,911.71,30.13,14.0,1.52,0.0
20230209:1510,602.27,747.81,24.51,14.25,1.52,0.0
20230209:1610,429.01,525.74,16.73,14.25,1.66,0.0
20230209:1710,190.18,248.57,7.46,13.84,1.59,0.0
20230209:1810,0.0,0.0,0.0,12.53,1.79,0.0
20230209:1910,0.0,0.0,0.0,10.19,1.79,0.0
20230209:2010,0.0,0.0,0.0,8.05,2.07,0.0
20230209:2110,0.0,0.0,0.0,6.56,2.28,0.0
20230209:2210,0.0,0.0,0.0,5.55,2.48,0.0
20230209:2310,0.0,0.0,0.0,4.92,2.69,0.0
20230210:0010,0.0,0.0,0.0,4.58,2.76,0.0
20230210:0110,0.0,0.0,0.0,4.3,2.83,0.0
20230210:0210,0.0,0.0,0.0,4.05,2.83,0.0
20230210:0310,0.0,0.0,0.0,3.76,2.83,0.0
20230210:0410,0.0,0.0,0.0,3.5,2.97,0.0
20230210:0510,0.0,0.0,0.0,3.26,3.1,0.0
20230210:0610,0.0,0.0,0.0,3.07,3.17,0.0
20230210:0710,0.0,0.0,0.0,3.09,3.31,0.0
20230210:0810,103.6,146.69,4.67,3.08,3.31,0.0
20230210:0910,362.79,425.14,14.31,4.7,3.03,0.0
20230210:1010,558.26,659.86,22.63,7.92,2.62,0.0
20230210:1110,686.28,835.73,29.0,10.53,2.34,0.0
20230210:1210,756.86,943.06,32.71,12.02,2.14,0.0
20230210:1310,767.55,966.98,33.22,12.97,1.93,0.0
20230210:1410,702.21,885.63,30.44,13.52,1.38,0.0
20230210:1510,598.72,747.36,24.8,13.82,1.03,0.0
20230210:1610,431.86,530.38,17.0,13.82,1.24,0.0
20230210:1710,202.56,262.99,7.7,13.4,1.72,0.0
20230210:1810,0.0,0.0,0.0,12.15,2.0,0.0
20230210:1910,0.0,0.0,0.0,9.75,1.79,0.0
20230210:2010,0.0,0.0,0.0,9.3,1.31,0.0
20230210:2110,0.0,0.0,0.0,9.43,1.1,0.0
20230210:2210,0.0,0.0,0.0,5.77,1.79,0.0
20230210:2310,0.0,0.0,0.0,3.71,2.41,0.0
20230211:0010,0.0,0.0,0.0,3.25,2.69,0.0
20230211:0110,0.0,0.0,0.0,3.12,2.83,0.0
20230211:0210,0.0,0.0,0.0,3.04,2.83,0.0
20230211:0310,0.0,0.0,0.0,2.96,2.9,0.0
20230211:0410,0.0,0.0,0.0,2.85,2.97,0.0
20230211:0510,0.0,0.0,0.0,2.74,3.03,0.0
20230211:0610,0.0,0.0,0.0,2.62,3.24,0.0
20230211:0710,0.0,0.0,0.0,2.69,3.38,0.0
20230211:0810,104.73,147.4,4.9,2.68,3.38,0.0
20230211:0910,371.55,434.93,14.56,4.55,3.03,0.0
20230211:1010,570.66,674.82,22.91,7.79,2.62,0.0
20230211:1110,695.45,848.06,29.3,10.32,2.28,0.0
20230211:1210,735.88,918.85,33.03,11.81,1.79,0.0
20230211:1310,763.86,965.86,33.55,12.73,1.66,0.0
20230211:1410,701.83,883.22,30.75,13.31,1.45,0.0
20230211:1510,597.53,741.04,25.09,13.67,1.38,0.0
20230211:1610,430.16,529.18,17.27,13.7,1.03,0.0
20230211:1710,209.09,271.88,7.95,13.29,0.76,0.0
20230211:1810,0.0,0.0,0.0,12.04,0.76,0.0
20230211:1910,0.0,0.0,0.0,11.37,0.55,0.0
20230211:2010,0.0,0.0,0.0,10.36,0.76,0.0
20230211:2110,0.0,0.0,0.0,8.23,1.31,0.0
20230211:2210,0.0,0.0,0.0,5.05,1.86,0.0
20230211:2310,0.0,0.0,0.0,3.16,2.41,0.0
20230212:0010,0.0,0.0,0.0,2.88,2.76,0.0
20230212:0110,0.0,0.0,0.0,3.03,2.97,0.0
20230212:0210,0.0,0.0,0.0,3.21,3.1,0.0
20230212:0310,0.0,0.0,0.0,3.34,3.24,0.0
20230212:0410,0.0,0.0,0.0,3.45,3.38,0.0
20230212:0510,0.0,0.0,0.0,3.53,3.59,0.0
20230212:0610,0.0,0.0,0.0,3.71,3.66,0.0
20230212:0710,0.0,0.0,0.0,4.03,3.72,0.0
20230212:0810,72.28,106.45,5.13,3.98,3.72,0.0
20230212:0910,364.9,427.92,14.82,5.41,3.45,0.0
20230212:1010,529.16,624.37,23.19,8.61,2.97,0.0
20230212:1110,698.39,850.56,29.61,11.18,2.69,0.0
20230212:1210,763.06,946.56,33.36,12.51,2.62,0.0
20230212:1310,766.71,957.27,33.88,13.35,2.55,0.0
20230212:1410,714.16,888.94,31.07,13.86,2.34,0.0
20230212:1510,387.28,470.18,25.39,14.06,2.14,0.0
20230212:1610,87.67,120.38,17.54,13.96,2.0,0.0
20230212:1710,39.84,63.59,8.2,13.56,1.86,0.0
20230212:1810,0.0,0.0,0.0,12.53,1.93,0.0
20230212:1910,0.0,0.0,0.0,11.52,1.93,0.0
20230212:2010,0.0,0.0,0.0,9.69,2.28,0.0
20230212:2110,0.0,0.0,0.0,8.25,2.41,0.0
20230212:2210,0.0,0.0,0.0,7.4,2.55,0.0
20230212:2310,0.0,0.0,0.0,6.73,2.76,0.0
20230213:0010,0.0,0.0,0.0,6.56,2.83,0.0
20230213:0110,0.0,0.0,0.0,6.98,2.83,0.0
20230213:0210,0.0,0.0,0.0,7.15,2.97,0.0
20230213:0310,0.0,0.0,0.0,7.68,2.97,0.0
20230213:0410,0.0,0.0,0.0,7.82,3.17,0.0
20230213:0510,0.0,0.0,0.0,8.26,3.24,0.0
20230213:0610,0.0,0.0,0.0,8.2,3.24,0.0
20230213:0710,0.0,0.0,0.0,8.46,3.45,0.0
20230213:0810,42.69,69.11,5.37,8.46,3.38,0.0
20230213:0910,94.12,125.37,15.08,9.28,3.17,0.0
20230213:1010,300.34,361.59,23.47,11.74,2.76,0.0
20230213:1110,557.3,678.49,29.92,14.07,2.76,0.0
20230213:1210,390.21,474.69,33.69,15.43,3.31,0.0
20230213:1310,162.01,208.17,34.21,16.01,4.0,0.0
20230213:1410,210.28,263.67,31.39,16.11,4.0,0.0
20230213:1510,519.87,631.94,25.69,16.14,3.72,0.0
20230213:1610,390.72,477.14,17.81,15.92,2.97,0.0
20230213:1710,180.99,237.79,8.44,15.4,2.07,0.0
20230213:1810,0.0,0.0,0.0,14.38,1.72,0.0
20230213:1910,0.0,0.0,0.0,12.87,1.03,0.0
20230213:2010,0.0,0.0,0.0,11.74,1.24,0.0
20230213:2110,0.0,0.0,0.0,10.0,1.52,0.0
20230213:2210,0.0,0.0,0.0,8.09,1.86,0.0
20230213:2310,0.0,0.0,0.0,6.6,2.21,0.0
20230214:0010,0.0,0.0,0.0,6.1,2.62,0.0
20230214:0110,0.0,0.0,0.0,6.14,2.83,0.0
20230214:0210,0.0,0.0,0.0,6.28,2.9,0.0
20230214:0310,0.0,0.0,0.0,6.26,3.03,0.0
20230214:0410,0.0,0.0,0.0,6.27,3.1,0.0
20230214:0510,0.0,0.0,0.0,6.19,3.24,0.0
20230214:0610,0.0,0.0,0.0,6.12,3.31,0.0
20230214:0710,0.0,0.0,0.0,6.6,3.24,0.0
20230214:0810,52.97,82.07,5.61,6.91,3.31,0.0
20230214:0910,265.36,319.69,15.34,8.98,3.03,0.0
20230214:1010,228.91,280.24,23.76,11.87,2.55,0.0
20230214:1110,443.96,539.78,30.24,14.5,2.48,0.0
20230214:1210,722.52,894.4,34.03,15.82,3.72,0.0
20230214:1310,759.5,934.69,34.55,16.24,4.97,0.0
20230214:1410,693.76,845.86,31.71,16.27,5.24,0.0
20230214:1510,564.85,683.17,25.98,16.18,4.83,0.0
20230214:1610,354.24,431.24,18.08,16.05,3.93,0.0
20230214:1710,201.16,261.79,8.69,15.67,3.24,0.0
20230214:1810,0.0,0.0,0.0,14.78,2.48,0.0
20230214:1910,0.0,0.0,0.0,13.29,2.07,0.0
20230214:2010,0.0,0.0,0.0,11.61,1.86,0.0
20230214:2110,0.0,0.0,0.0,10.13,2.07,0.0
20230214:2210,0.0,0.0,0.0,9.83,2.41,0.0
20230214:2310,0.0,0.0,0.0,9.55,2.83,0.0
20230215:0010,0.0,0.0,0.0,9.16,2.97,0.0
20230215:0110,0.0,0.0,0.0,8.57,2.97,0.0
20230215:0210,0.0,0.0,0.0,7.96,3.03,0.0
20230215:0310,0.0,0.0,0.0,7.62,3.03,0.0
20230215:0410,0.0,0.0,0.0,7.55,3.1,0.0
20230215:0510,0.0,0.0,0.0,7.51,3.24,0.0
20230215:0610,0.0,0.0,0.0,7.72,3.31,0.0
20230215:0710,0.0,0.0,0.0,8.61,2.76,0.0
20230215:0810,67.56,100.98,5.86,8.33,2.97,0.0
20230215:0910,349.32,419.36,15.61,9.75,2.76,0.0
20230215:1010,543.83,657.83,24.06,12.36,2.34,0.0
20230215:1110,669.53,837.31,30.56,14.72,1.86,0.0
20230215:1210,727.13,937.45,34.37,16.03,1.24,0.0
20230215:1310,736.99,960.92,34.89,16.74,1.03,0.0
20230215:1410,691.47,880.32,32.04,17.05,1.79,0.0
20230215:1510,594.76,739.21,26.28,17.0,2.41,0.0
20230215:1610,419.21,513.98,18.35,16.65,2.9,0.0
20230215:1710,199.45,259.77,8.94,15.92,3.38,0.0
20230215:1810,0.0,0.0,0.0,15.01,3.79,0.0
20230215:1910,0.0,0.0,0.0,14.26,3.79,0.0
20230215:2010,0.0,0.0,0.0,13.35,3.38,0.0
20230215:2110,0.0,0.0,0.0,12.65,2.9,0.0
20230215:2210,0.0,0.0,0.0,11.65,2.41,0.0
20230215:2310,0.0,0.0,0.0,10.05,2.07,0.0
20230216:0010,0.0,0.0,0.0,8.51,1.93,0.0
20230216:0110,0.0,0.0,0.0,7.5,2.07,0.0
20230216:0210,0.0,0.0,0.0,7.09,2.34,0.0
20230216:0310,0.0,0.0,0.0,7.1,2.41,0.0
20230216:0410,0.0,0.0,0.0,7.29,2.41,0.0
20230216:0510,0.0,0.0,0.0,7.16,2.55,0.0
20230216:0610,0.0,0.0,0.0,6.98,2.62,0.0
20230216:0710,0.0,0.0,0.0,6.71,2.55,0.0
20230216:0810,111.27,156.06,6.11,6.75,2.69,0.0
20230216:0910,346.46,415.68,15.88,8.96,2.21,0.0
20230216:1010,535.48,651.4,24.36,12.41,1.79,0.0
20230216:1110,664.2,828.69,30.88,14.41,1.86,0.0
20230216:1210,729.94,921.07,34.71,15.62,2.28,0.0
20230216:1310,752.96,950.77,35.23,16.42,2.76,0.0
20230216:1410,707.47,884.5,32.37,16.84,3.1,0.0
20230216:1510,599.72,737.33,26.58,17.02,3.52,0.0
20230216:1610,424.05,517.79,18.62,16.87,3.72,0.0
20230216:1710,198.0,258.08,9.19,16.31,3.59,0.0
20230216:1810,0.0,0.0,0.0,15.06,3.72,0.0
20230216:1910,0.0,0.0,0.0,14.11,3.79,0.0
20230216:2010,0.0,0.0,0.0,13.03,3.79,0.0
20230216:2110,0.0,0.0,0.0,12.18,3.59,0.0
20230216:2210,0.0,0.0,0.0,11.37,3.31,0.0
20230216:2310,0.0,0.0,0.0,10.51,3.03,0.0
20230217:0010,0.0,0.0,0.0,9.54,2.9,0.0
20230217:0110,0.0,0.0,0.0,8.69,2.9,0.0
20230217:0210,0.0,0.0,0.0,8.07,2.97,0.0
20230217:0310,0.0,0.0,0.0,7.66,2.97,0.0
20230217:0410,0.0,0.0,0.0,7.37,2.9,0.0
20230217:0510,0.0,0.0,0.0,7.14,2.83,0.0
20230217:0610,0.0,0.0,0.0,6.93,2.76,0.0
20230217:0710,0.0,0.0,0.0,6.96,2.9,0.0
20230217:0810,124.04,172.1,6.37,7.0,2.76,0.0
20230217:0910,357.92,429.47,16.16,9.26,2.34,0.0
20230217:1010,546.31,666.76,24.66,13.14,1.93,0.0
20230217:1110,651.19,820.35,31.21,15.67,1.59,0.0
20230217:1210,698.18,903.75,35.05,17.08,1.1,0.0
20230217:1310,721.88,942.78,35.58,17.81,1.1,0.0
20230217:1410,685.09,883.67,32.7,18.15,1.38,0.0
20230217:1510,584.18,736.9,26.88,18.31,1.72,0.0
20230217:1610,431.08,536.43,18.9,18.27,2.07,0.0
20230217:1710,210.67,276.74,9.44,17.8,2.14,0.0
20230217:1810,0.0,0.0,0.0,16.83,2.28,0.0
20230217:1910,0.0,0.0,0.0,15.36,2.34,0.0
20230217:2010,0.0,0.0,0.0,13.41,2.14,0.0
20230217:2110,0.0,0.0,0.0,11.41,2.28,0.0
20230217:2210,0.0,0.0,0.0,9.97,2.62,0.0
20230217:2310,0.0,0.0,0.0,9.1,2.76,0.0
20230218:0010,0.0,0.0,0.0,8.5,2.76,0.0
20230218:0110,0.0,0.0,0.0,7.96,2.76,0.0
20230218:0210,0.0,0.0,0.0,7.46,2.76,0.0
20230218:0310,0.0,0.0,0.0,7.01,2.83,0.0
20230218:0410,0.0,0.0,0.0,6.64,2.9,0.0
20230218:0510,0.0,0.0,0.0,6.29,2.97,0.0
20230218:0610,0.0,0.0,0.0,6.03,3.03,0.0
20230218:0710,0.0,0.0,0.0,6.22,3.03,0.0
20230218:0810,135.33,185.36,6.63,6.38,2.97,0.0
20230218:0910,379.99,454.15,16.44,8.95,2.69,0.0
20230218:1010,568.68,692.4,24.97,12.97,2.28,0.0
20230218:1110,693.15,876.01,31.54,15.64,1.79,0.0
20230218:1210,725.19,943.93,35.4,17.08,1.1,0.0
20230218:1310,747.35,995.94,35.93,17.65,0.55,0.0
20230218:1410,713.08,919.75,33.03,17.66,1.52,0.0
20230218:1510,620.2,775.32,27.19,17.26,2.34,0.0
20230218:1610,448.03,551.2,19.17,16.49,2.48,0.0
20230218:1710,220.05,285.37,9.69,15.4,1.93,0.0
20230218:1810,0.0,0.0,0.0,14.11,1.45,0.0
20230218:1910,0.0,0.0,0.0,12.66,1.17,0.0
20230218:2010,0.0,0.0,0.0,12.83,0.34,0.0
20230218:2110,0.0,0.0,0.0,11.83,1.1,0.0
20230218:2210,0.0,0.0,0.0,10.12,1.52,0.0
20230218:2310,0.0,0.0,0.0,9.15,1.72,0.0
20230219:0010,0.0,0.0,0.0,8.31,1.86,0.0
20230219:0110,0.0,0.0,0.0,7.53,1.93,0.0
20230219:0210,0.0,0.0,0.0,6.95,2.21,0.0
20230219:0310,0.0,0.0,0.0,6.77,2.41,0.0
20230219:0410,0.0,0.0,0.0,6.93,2.55,0.0
20230219:0510,0.0,0.0,0.0,6.95,2.62,0.0
20230219:0610,0.0,0.0,0.0,6.88,2.76,0.0
20230219:0710,0.0,0.0,0.0,7.23,2.62,0.0
20230219:0810,125.48,173.53,6.89,7.31,2.69,0.0
20230219:0910,337.81,405.82,16.73,9.65,2.48,0.0
20230219:1010,307.46,374.17,25.28,13.36,2.07,0.0
20230219:1110,249.19,311.16,31.88,15.78,1.59,0.0
20230219:1210,389.29,484.61,35.76,16.85,1.24,0.0
20230219:1310,649.86,834.06,36.28,17.54,1.24,0.0
20230219:1410,494.0,624.94,33.36,17.71,0.76,0.0
20230219:1510,568.84,735.35,27.49,17.6,0.07,0.0
20230219:1610,410.8,518.54,19.44,17.39,0.28,0.0
20230219:1710,165.24,220.04,9.94,16.92,0.83,0.0
20230219:1810,0.0,0.0,0.0,15.91,1.38,0.0
20230219:1910,0.0,0.0,0.0,14.67,0.97,0.0
20230219:2010,0.0,0.0,0.0,14.97,0.83,0.0
20230219:2110,0.0,0.0,0.0,12.48,1.45,0.0
20230219:2210,0.0,0.0,0.0,10.46,1.86,0.0
20230219:2310,0.0,0.0,0.0,8.97,2.34,0.0
20230220:0010,0.0,0.0,0.0,8.39,2.55,0.0
20230220:0110,0.0,0.0,0.0,8.17,2.69,0.0
20230220:0210,0.0,0.0,0.0,8.19,2.76,0.0
20230220:0310,0.0,0.0,0.0,8.17,2.9,0.0
20230220:0410,0.0,0.0,0.0,8.07,3.03,0.0
20230220:0510,0.0,0.0,0.0,8.02,3.1,0.0
20230220:0610,0.0,0.0,0.0,7.84,3.03,0.0
20230220:0710,0.0,0.0,0.0,8.28,3.03,0.0
20230220:0810,31.63,52.97,7.16,8.45,3.03,0.0
20230220:0910,56.42,82.36,17.01,10.94,2.76,0.0
20230220:1010,79.28,110.77,25.59,14.15,2.41,0.0
20230220:1110,88.38,122.77,32.22,16.42,1.93,0.0
20230220:1210,140.71,185.5,36.11,17.42,1.93,0.0
20230220:1310,680.58,863.73,36.64,17.43,2.14,0.0
20230220:1410,181.57,233.23,33.7,17.38,2.21,0.0
20230220:1510,239.46,300.09,27.8,17.01,2.07,0.0
20230220:1610,151.34,196.58,19.72,16.4,1.24,0.0
20230220:1710,54.53,82.6,10.18,15.92,0.48,0.0
20230220:1810,0.0,0.0,0.0,15.37,0.55,0.0
20230220:1910,0.0,0.0,0.0,13.4,1.31,0.0
20230220:2010,0.0,0.0,0.0,12.31,1.38,0.0
20230220:2110,0.0,0.0,0.0,11.05,1.66,0.0
20230220:2210,0.0,0.0,0.0,10.36,1.79,0.0
20230220:2310,0.0,0.0,0.0,9.81,1.79,0.0
20230221:0010,0.0,0.0,0.0,9.63,1.45,0.0
20230221:0110,0.0,0.0,0.0,9.04,1.72,0.0
20230221:0210,0.0,0.0,0.0,8.61,1.93,0.0
20230221:0310,0.0,0.0,0.0,8.14,1.79,0.0
20230221:0410,0.0,0.0,0.0,7.98,1.72,0.0
20230221:0510,0.0,0.0,0.0,7.9,1.72,0.0
20230221:0610,0.0,0.0,0.0,7.83,1.86,0.0
20230221:0710,0.0,0.0,0.0,7.46,1.86,0.0
20230221:0810,91.42,129.7,7.43,7.7,1.86,0.0
20230221:0910,195.98,243.27,17.31,10.41,1.38,0.0
20230221:1010,164.84,209.52,25.91,13.15,1.59,0.0
20230221:1110,260.96,321.17,32.56,13.89,2.34,0.0
20230221:1210,103.58,139.38,36.47,14.34,2.76,0.0
20230221:1310,90.43,123.69,37.0,14.09,3.52,0.0
20230221:1410,68.57,97.84,34.03,13.96,3.59,0.0
20230221:1510,93.62,127.38,28.1,13.91,3.24,0.0
20230221:1610,44.09,68.31,19.99,13.78,3.17,0.0
20230221:1710,29.28,49.63,10.43,12.67,3.03,0.0
20230221:1810,0.0,0.0,0.0,11.79,2.0,0.0
20230221:1910,0.0,0.0,0.0,11.44,1.66,0.0
20230221:2010,0.0,0.0,0.0,10.8,1.52,0.0
20230221:2110,0.0,0.0,0.0,10.41,1.31,0.0
20230221:2210,0.0,0.0,0.0,9.96,0.97,0.0
20230221:2310,0.0,0.0,0.0,10.0,0.83,0.0
20230222:0010,0.0,0.0,0.0,9.99,0.76,0.0
20230222:0110,0.0,0.0,0.0,9.85,0.9,0.0
20230222:0210,0.0,0.0,0.0,9.74,0.9,0.0
20230222:0310,0.0,0.0,0.0,9.74,0.9,0.0
20230222:0410,0.0,0.0,0.0,9.52,0.83,0.0
20230222:0510,0.0,0.0,0.0,9.53,0.76,0.0
20230222:0610,0.0,0.0,0.0,9.53,0.76,0.0
20230222:0710,0.0,0.0,0.0,10.03,0.55,0.0
20230222:0810,45.96,72.08,7.71,10.02,0.48,0.0
20230222:0910,99.95,133.33,17.6,10.43,0.69,0.0
20230222:1010,106.49,141.27,26.23,11.31,1.31,0.0
20230222:1110,114.9,151.38,32.91,11.82,1.52,0.0
20230222:1210,176.17,222.32,36.84,12.23,1.86,0.0
20230222:1310,419.31,505.94,37.36,12.64,2.69,0.0
20230222:1410,142.24,182.73,34.37,12.85,4.07,0.0
20230222:1510,34.05,55.38,28.41,12.03,5.93,0.0
20230222:1610,202.99,247.71,20.27,11.03,6.48,0.0
20230222:1710,195.85,246.59,10.68,10.24,5.79,0.0
20230222:1810,0.0,0.0,0.0,9.38,5.45,0.0
20230222:1910,0.0,0.0,0.0,9.12,5.03,0.0
20230222:2010,0.0,0.0,0.0,8.77,5.31,0.0
20230222:2110,0.0,0.0,0.0,8.29,5.24,0.0
20230222:2210,0.0,0.0,0.0,7.97,5.31,0.0
20230222:2310,0.0,0.0,0.0,7.48,5.38,0.0
20230223:0010,0.0,0.0,0.0,7.05,5.24,0.0
20230223:0110,0.0,0.0,0.0,6.54,5.03,0.0
20230223:0210,0.0,0.0,0.0,6.18,5.31,0.0
20230223:0310,0.0,0.0,0.0,5.75,5.03,0.0
20230223:0410,0.0,0.0,0.0,5.55,4.41,0.0
20230223:0510,0.0,0.0,0.0,5.25,3.86,0.0
20230223:0610,0.0,0.0,0.0,5.05,3.59,0.0
20230223:0710,0.0,0.0,0.0,4.4,3.31,0.0
20230223:0810,144.93,193.95,7.99,4.67,3.31,0.0
20230223:0910,349.53,408.67,17.91,5.76,4.21,0.0
20230223:1010,519.73,602.0,26.56,7.05,4.69,0.0
20230223:1110,709.47,835.35,33.26,7.89,4.55,0.0
20230223:1210,343.88,405.02,37.2,8.64,4.83,0.0
20230223:1310,632.48,744.56,37.72,9.24,5.1,0.0
20230223:1410,720.31,852.42,34.71,9.51,5.17,0.0
20230223:1510,448.17,522.77,28.71,9.23,5.38,0.0
20230223:1610,288.3,341.0,20.54,8.75,5.03,0.0
20230223:1710,153.79,195.61,10.93,8.27,4.83,0.0
20230223:1810,0.0,0.0,0.0,7.65,4.28,0.0
20230223:1910,0.0,0.0,0.0,6.56,3.24,0.0
20230223:2010,0.0,0.0,0.0,6.1,2.76,0.0
20230223:2110,0.0,0.0,0.0,5.75,2.21,0.0
20230223:2210,0.0,0.0,0.0,5.08,1.66,0.0
20230223:2310,0.0,0.0,0.0,4.25,1.38,0.0
20230224:0010,0.0,0.0,0.0,3.78,1.38,0.0
20230224:0110,0.0,0.0,0.0,3.21,1.52,0.0
20230224:0210,0.0,0.0,0.0,2.29,1.59,0.0
20230224:0310,0.0,0.0,0.0,2.31,1.59,0.0
20230224:0410,0.0,0.0,0.0,2.34,2.0,0.0
20230224:0510,0.0,0.0,0.0,2.42,2.55,0.0
20230224:0610,0.0,0.0,0.0,2.24,2.76,0.0
20230224:0710,0.0,0.0,0.0,2.01,2.48,0.0
20230224:0810,155.96,205.41,8.28,2.05,2.34,0.0
20230224:0910,422.53,492.58,18.21,3.36,2.34,0.0
20230224:1010,616.33,729.17,26.89,5.1,1.79,0.0
20230224:1110,733.42,903.09,33.62,6.8,1.03,0.0
20230224:1210,716.04,887.03,37.57,8.01,1.03,0.0
20230224:1310,711.92,869.44,38.08,8.72,2.0,0.0
20230224:1410,540.37,644.29,35.05,8.92,2.41,0.0
20230224:1510,194.68,238.99,29.02,8.79,2.28,0.0
20230224:1610,206.73,251.92,20.81,8.49,2.0,0.0
20230224:1710,105.72,140.26,11.18,8.08,1.66,0.0
20230224:1810,0.0,0.0,0.0,7.6,1.1,0.0
20230224:1910,0.0,0.0,0.0,7.31,1.72,0.0
20230224:2010,0.0,0.0,0.0,6.25,1.52,0.0
20230224:2110,0.0,0.0,0.0,5.69,1.24,0.0
20230224:2210,0.0,0.0,0.0,5.39,1.17,0.0
20230224:2310,0.0,0.0,0.0,4.9,1.24,0.0
20230225:0010,0.0,0.0,0.0,4.41,1.31,0.0
20230225:0110,0.0,0.0,0.0,3.77,1.66,0.0
20230225:0210,0.0,0.0,0.0,3.38,1.52,0.0
20230225:0310,0.0,0.0,0.0,3.24,1.72,0.0
20230225:0410,0.0,0.0,0.0,3.14,1.72,0.0
20230225:0510,0.0,0.0,0.0,2.94,1.72,0.0
20230225:0610,0.0,0.0,0.0,3.21,1.79,0.0
20230225:0710,0.0,0.0,0.0,4.35,1.24,0.0
20230225:0810,1.6,9.23,8.56,5.3,1.72,0.0
20230225:0910,72.87,99.86,18.52,6.15,2.0,0.0
20230225:1010,44.78,67.38,27.22,7.09,2.41,0.0
20230225:1110,80.22,108.92,33.97,7.81,2.9,0.0
20230225:1210,203.93,248.75,37.94,8.13,3.24,0.0
20230225:1310,220.76,268.13,38.45,8.68,3.45,0.0
20230225:1410,277.5,332.28,35.39,9.09,3.31,0.0
20230225:1510,97.97,130.15,29.33,9.46,2.62,0.0
20230225:1610,108.72,142.43,21.09,9.66,2.07,0.0
20230225:1710,82.95,114.08,11.42,9.52,1.79,0.0
20230225:1810,0.0,0.0,0.0,8.85,1.59,0.0
20230225:1910,0.0,0.0,0.0,8.14,1.03,0.0
20230225:2010,0.0,0.0,0.0,7.69,1.03,0.0
20230225:2110,0.0,0.0,0.0,6.72,1.24,0.0
20230225:2210,0.0,0.0,0.0,4.84,1.66,0.0
20230225:2310,0.0,0.0,0.0,4.13,1.93,0.0
20230226:0010,0.0,0.0,0.0,4.13,2.07,0.0
20230226:0110,0.0,0.0,0.0,3.66,2.21,0.0
20230226:0210,0.0,0.0,0.0,3.02,2.28,0.0
20230226:0310,0.0,0.0,0.0,2.55,2.28,0.0
20230226:0410,0.0,0.0,0.0,2.13,2.21,0.0
20230226:0510,0.0,0.0,0.0,1.81,2.21,0.0
20230226:0610,0.0,0.0,0.0,1.68,2.34,0.0
20230226:0710,0.0,0.0,0.0,1.83,2.76,0.0
20230226:0810,148.94,195.62,8.85,1.99,2.76,0.0
20230226:0910,311.53,364.37,18.83,3.61,2.48,0.0
20230226:1010,455.29,532.78,27.55,5.96,2.21,0.0
20230226:1110,731.47,888.35,34.33,8.54,2.28,0.0
20230226:1210,774.79,953.56,38.32,10.47,2.62,0.0
20230226:1310,773.88,952.4,38.82,11.88,3.17,0.0
20230226:1410,584.31,704.64,35.73,12.94,3.72,0.0
20230226:1510,642.83,775.03,29.63,13.33,4.14,0.0
20230226:1610,485.96,581.44,21.36,13.22,4.41,0.0
20230226:1710,255.19,321.1,11.67,12.61,4.28,0.0
20230226:1810,0.0,0.0,0.0,11.36,4.14,0.0
20230226:1910,0.0,0.0,0.0,9.84,4.34,0.0
20230226:2010,0.0,0.0,0.0,8.55,4.55,0.0
20230226:2110,0.0,0.0,0.0,7.39,4.83,0.0
20230226:2210,0.0,0.0,0.0,6.5,4.69,0.0
20230226:2310,0.0,0.0,0.0,5.75,4.48,0.0
20230227:0010,0.0,0.0,0.0,5.09,4.21,0.0
20230227:0110,0.0,0.0,0.0,4.5,4.21,0.0
20230227:0210,0.0,0.0,0.0,4.06,4.21,0.0
20230227:0310,0.0,0.0,0.0,3.68,4.21,0.0
20230227:0410,0.0,0.0,0.0,3.33,4.34,0.0
20230227:0510,0.0,0.0,0.0,3.05,4.34,0.0
20230227:0610,0.0,0.0,0.0,2.78,4.28,0.0
20230227:0710,0.0,0.0,0.0,2.74,4.21,0.0
20230227:0810,174.78,227.33,9.15,2.92,4.14,0.0
20230227:0910,440.63,511.58,19.14,4.93,4.21,0.0
20230227:1010,635.65,738.88,27.89,6.87,4.76,0.0
20230227:1110,769.38,911.8,34.7,8.28,4.69,0.0
20230227:1210,777.25,931.98,38.69,9.41,4.41,0.0
20230227:1310,836.67,1015.49,39.19,10.26,4.28,0.0
20230227:1410,789.62,952.65,36.08,10.82,4.48,0.0
20230227:1510,679.04,807.18,29.94,11.04,4.9,0.0
20230227:1610,506.32,596.72,21.63,10.8,5.24,0.0
20230227:1710,272.88,337.56,11.92,10.05,5.24,0.0
20230227:1810,0.0,0.0,0.0,8.72,5.52,0.0
20230227:1910,0.0,0.0,0.0,7.32,6.62,0.0
20230227:2010,0.0,0.0,0.0,6.09,6.55,0.0
20230227:2110,0.0,0.0,0.0,5.19,5.86,0.0
20230227:2210,0.0,0.0,0.0,4.52,5.1,0.0
20230227:2310,0.0,0.0,0.0,3.91,5.03,0.0
20230228:0010,0.0,0.0,0.0,3.47,5.24,0.0
20230228:0110,0.0,0.0,0.0,3.08,5.17,0.0
20230228:0210,0.0,0.0,0.0,2.7,5.17,0.0
20230228:0310,0.0,0.0,0.0,2.36,5.1,0.0
20230228:0410,0.0,0.0,0.0,2.11,4.97,0.0
20230228:0510,0.0,0.0,0.0,1.92,4.83,0.0
20230228:0610,0.0,0.0,0.0,1.81,4.55,0.0
20230228:0710,0.0,0.0,0.0,1.59,4.34,0.0
20230228:0810,179.37,231.48,9.44,1.93,4.28,0.0
20230228:0910,441.32,509.44,19.46,3.96,4.41,0.0
20230228:1010,643.38,744.13,28.23,6.11,5.03,0.0
20230228:1110,775.48,910.94,35.06,7.85,5.59,0.0
20230228:1210,826.8,982.27,39.07,9.4,6.0,0.0
20230228:1310,866.8,1040.78,39.56,10.5,5.86,0.0
20230228:1410,813.1,976.67,36.42,11.2,5.45,0.0
20230228:1510,698.23,828.47,30.25,11.25,5.52,0.0
20230228:1610,516.6,608.48,21.91,11.12,5.72,0.0
20230228:1710,276.35,341.94,12.16,10.47,5.66,0.0
20230228:1810,0.0,0.0,0.0,9.27,5.86,0.0
20230228:1910,0.0,0.0,0.0,7.46,5.59,0.0
20230228:2010,0.0,0.0,0.0,6.56,5.66,0.0
20230228:2110,0.0,0.0,0.0,5.82,5.52,0.0
20230228:2210,0.0,0.0,0.0,5.18,5.45,0.0
20230228:2310,0.0,0.0,0.0,4.65,5.31,0.0
20230301:0010,0.0,0.0,0.0,4.16,5.03,0.0
20230301:0110,0.0,0.0,0.0,3.75,4.76,0.0
20230301:0210,0.0,0.0,0.0,3.4,4.76,0.0
20230301:0310,0.0,0.0,0.0,3.04,5.1,0.0
20230301:0410,0.0,0.0,0.0,2.8,5.17,0.0
20230301:0510,0.0,0.0,0.0,2.56,4.83,0.0
20230301:0610,0.0,0.0,0.0,2.3,4.28,0.0
20230301:0710,0.0,0.0,0.0,2.2,3.79,0.0
20230301:0810,165.71,214.66,9.75,2.3,3.24,0.0
20230301:0910,424.55,494.69,19.78,4.16,2.83,0.0
20230301:1010,612.49,721.84,28.58,6.09,2.55,0.0
20230301:1110,730.18,885.86,35.43,7.57,2.07,0.0
20230301:1210,733.39,896.2,39.46,8.78,2.21,0.0
20230301:1310,793.57,980.77,39.94,9.45,2.28,0.0
20230301:1410,397.83,472.3,36.77,9.69,3.17,0.0
20230301:1510,230.64,279.3,30.56,9.55,3.66,0.0
20230301:1610,476.85,562.9,22.18,9.52,3.72,0.0
20230301:1710,249.0,308.98,12.41,9.3,3.66,0.0
20230301:1810,0.0,1.85,1.81,8.66,3.45,0.0
20230301:1910,0.0,0.0,0.0,7.54,3.45,0.0
20230301:2010,0.0,0.0,0.0,6.64,3.52,0.0
20230301:2110,0.0,0.0,0.0,5.8,3.79,0.0
20230301:2210,0.0,0.0,0.0,5.02,3.93,0.0
20230301:2310,0.0,0.0,0.0,4.33,3.79,0.0
20230302:0010,0.0,0.0,0.0,3.66,3.45,0.0
20230302:0110,0.0,0.0,0.0,2.94,3.24,0.0
20230302:0210,0.0,0.0,0.0,2.32,3.17,0.0
20230302:0310,0.0,0.0,0.0,1.83,3.03,0.0
20230302:0410,0.0,0.0,0.0,1.46,2.97,0.0
20230302:0510,0.0,0.0,0.0,1.16,3.1,0.0
20230302:0610,0.0,0.0,0.0,0.79,3.17,0.0
20230302:0710,0.0,0.0,0.0,0.39,3.03,0.0
20230302:0810,172.77,221.3,10.05,0.55,2.97,0.0
20230302:0910,434.29,502.31,20.1,2.48,2.76,0.0
20230302:1010,624.42,733.88,28.92,4.96,2.41,0.0
20230302:1110,746.17,912.08,35.8,7.36,1.72,0.0
20230302:1210,782.39,994.28,39.84,9.23,0.83,0.0
20230302:1310,819.59,1049.18,40.31,10.34,1.1,0.0
20230302:1410,767.55,957.57,37.11,10.81,1.86,0.0
20230302:1510,653.99,797.29,30.86,10.85,2.14,0.0
20230302:1610,487.73,586.18,22.45,10.58,2.14,0.0
20230302:1710,262.24,328.06,12.65,10.08,2.0,0.0
20230302:1810,0.0,5.54,2.03,9.26,1.52,0.0
20230302:1910,0.0,0.0,0.0,8.27,1.66,0.0
20230302:2010,0.0,0.0,0.0,6.81,1.31,0.0
20230302:2110,0.0,0.0,0.0,7.64,1.1,0.0
20230302:2210,0.0,0.0,0.0,7.63,0.83,0.0
20230302:2310,0.0,0.0,0.0,7.23,0.9,0.0
20230303:0010,0.0,0.0,0.0,5.95,1.31,0.0
20230303:0110,0.0,0.0,0.0,3.54,1.72,0.0
20230303:0210,0.0,0.0,0.0,2.03,2.0,0.0
20230303:0310,0.0,0.0,0.0,1.26,2.14,0.0
20230303:0410,0.0,0.0,0.0,0.73,2.14,0.0
20230303:0510,0.0,0.0,0.0,0.34,2.14,0.0
20230303:0610,0.0,0.0,0.0,0.09,2.07,0.0
20230303:0710,0.0,0.0,0.0,-0.26,2.21,0.0
20230303:0810,183.84,235.73,10.35,1.24,2.21,0.0
20230303:0910,310.03,366.91,20.42,5.55,1.86,0.0
20230303:1010,598.29,725.0,29.27,8.29,1.17,0.0
20230303:1110,709.71,900.11,36.17,10.01,0.41,0.0
20230303:1210,570.73,711.63,40.23,11.09,0.41,0.0
20230303:1310,788.5,1009.45,40.69,11.83,1.17,0.0
20230303:1410,745.17,932.11,37.46,12.23,1.93,0.0
20230303:1510,584.27,711.21,31.17,12.5,2.34,0.0
20230303:1610,477.06,577.27,22.72,12.51,2.34,0.0
20230303:1710,243.3,307.95,12.89,12.34,2.14,0.0
20230303:1810,0.0,5.54,2.26,11.68,1.79,0.0
20230303:1910,0.0,0.0,0.0,10.19,1.59,0.0
20230303:2010,0.0,0.0,0.0,8.25,2.14,0.0
20230303:2110,0.0,0.0,0.0,7.26,3.03,0.0
20230303:2210,0.0,0.0,0.0,6.79,3.38,0.0
20230303:2310,0.0,0.0,0.0,6.24,3.24,0.0
20230304:0010,0.0,0.0,0.0,5.57,3.24,0.0
20230304:0110,0.0,0.0,0.0,4.93,3.24,0.0
20230304:0210,0.0,0.0,0.0,4.35,3.17,0.0
20230304:0310,0.0,0.0,0.0,3.91,3.1,0.0
20230304:0410,0.0,0.0,0.0,3.59,3.1,0.0
20230304:0510,0.0,0.0,0.0,3.23,3.1,0.0
20230304:0610,0.0,0.0,0.0,2.75,3.1,0.0
20230304:0710,0.0,0.0,0.0,3.21,3.17,0.0
20230304:0810,171.69,222.59,10.66,4.18,3.17,0.0
20230304:0910,424.67,500.71,20.75,6.89,2.9,0.0
20230304:1010,603.04,727.17,29.62,10.35,2.34,0.0
20230304:1110,722.82,903.26,36.55,12.38,1.79,0.0
20230304:1210,767.2,989.71,40.61,13.68,1.1,0.0
20230304:1310,792.58,1031.21,41.07,14.47,1.17,0.0
20230304:1410,748.53,952.65,37.81,14.79,1.79,0.0
20230304:1510,647.82,804.53,31.48,14.74,2.21,0.0
20230304:1610,478.81,584.15,22.99,14.39,2.48,0.0
20230304:1710,253.68,322.4,13.14,13.66,2.28,0.0
20230304:1810,0.67,7.38,2.48,12.58,1.59,0.0
20230304:1910,0.0,0.0,0.0,10.95,1.17,0.0
20230304:2010,0.0,0.0,0.0,10.7,0.83,0.0
20230304:2110,0.0,0.0,0.0,7.88,1.72,0.0
20230304:2210,0.0,0.0,0.0,6.6,1.93,0.0
20230304:2310,0.0,0.0,0.0,6.68,1.66,0.0
20230305:0010,0.0,0.0,0.0,6.82,1.38,0.0
20230305:0110,0.0,0.0,0.0,5.61,1.66,0.0
20230305:0210,0.0,0.0,0.0,4.65,1.93,0.0
20230305:0310,0.0,0.0,0.0,4.45,1.93,0.0
20230305:0410,0.0,0.0,0.0,4.55,2.14,0.0
20230305:0510,0.0,0.0,0.0,4.84,2.34,0.0
20230305:0610,0.0,0.0,0.0,5.43,2.28,0.0
20230305:0710,0.0,0.0,0.0,6.91,2.83,0.0
20230305:0810,50.75,75.46,10.97,7.59,2.97,0.0
20230305:0910,60.8,86.77,21.08,8.66,2.83,0.0
20230305:1010,61.1,87.69,29.98,10.29,2.76,0.0
20230305:1110,69.39,97.84,36.92,11.27,2.62,0.0
20230305:1210,40.68,63.69,41.0,12.02,2.41,0.0
20230305:1310,63.58,91.38,41.44,12.25,2.28,0.0
20230305:1410,40.66,63.69,38.15,12.03,1.93,0.0
20230305:1510,55.91,82.15,31.78,11.92,1.93,0.0
20230305:1610,85.59,117.18,23.26,11.93,1.93,0.0
20230305:1710,59.02,85.95,13.38,11.48,2.34,0.0
20230305:1810,0.0,1.85,2.71,10.95,2.76,0.0
20230305:1910,0.0,0.0,0.0,10.54,2.34,0.0
20230305:2010,0.0,0.0,0.0,10.09,2.34,0.0
20230305:2110,0.0,0.0,0.0,9.77,2.41,0.0
20230305:2210,0.0,0.0,0.0,9.63,2.69,0.0
20230305:2310,0.0,0.0,0.0,9.52,2.76,0.0
20230306:0010,0.0,0.0,0.0,9.45,2.9,0.0
20230306:0110,0.0,0.0,0.0,9.44,2.97,0.0
20230306:0210,0.0,0.0,0.0,9.46,2.9,0.0
20230306:0310,0.0,0.0,0.0,9.31,2.9,0.0
20230306:0410,0.0,0.0,0.0,9.01,3.03,0.0
20230306:0510,0.0,0.0,0.0,9.32,3.24,0.0
20230306:0610,0.0,0.0,0.0,9.28,3.1,0.0
20230306:0710,0.0,0.0,0.0,9.32,3.03,0.0
20230306:0810,9.89,23.08,11.29,9.69,3.03,0.0
20230306:0910,313.95,377.14,21.41,10.68,3.38,0.0
20230306:1010,486.92,578.6,30.33,11.8,4.14,0.0
20230306:1110,235.23,288.48,37.3,12.8,4.69,0.0
20230306:1210,220.87,273.16,41.39,13.51,4.97,0.0
20230306:1310,421.86,506.58,41.82,13.94,5.03,0.0
20230306:1410,217.4,269.49,38.5,14.2,5.52,0.0
20230306:1510,170.97,215.95,32.09,14.0,5.45,0.0
20230306:1610,40.36,63.69,23.53,13.98,5.1,0.0
20230306:1710,114.79,153.25,13.62,13.57,4.28,0.0
20230306:1810,0.66,7.38,2.93,13.11,3.93,0.0
20230306:1910,0.0,0.0,0.0,12.42,2.83,0.0
20230306:2010,0.0,0.0,0.0,12.23,2.28,0.0
20230306:2110,0.0,0.0,0.0,11.97,2.28,0.0
20230306:2210,0.0,0.0,0.0,11.95,2.34,0.0
20230306:2310,0.0,0.0,0.0,12.15,3.17,0.0
20230307:0010,0.0,0.0,0.0,12.14,4.0,0.0
20230307:0110,0.0,0.0,0.0,11.96,5.17,0.0
20230307:0210,0.0,0.0,0.0,11.67,6.21,0.0
20230307:0310,0.0,0.0,0.0,11.57,6.48,0.0
20230307:0410,0.0,0.0,0.0,11.38,7.1,0.0
20230307:0510,0.0,0.0,0.0,11.16,6.62,0.0
20230307:0610,0.0,0.0,0.0,11.06,5.52,0.0
20230307:0710,0.0,0.0,0.0,10.94,4.69,0.0
20230307:0810,10.44,24.0,11.6,11.22,4.62,0.0
20230307:0910,116.44,152.1,21.75,11.74,4.55,0.0
20230307:1010,341.59,407.33,30.69,12.21,5.24,0.0
20230307:1110,537.08,639.24,37.68,12.75,5.24,0.0
20230307:1210,77.49,108.0,41.79,13.52,5.93,0.0
20230307:1310,242.92,298.14,42.21,13.96,6.34,0.0
20230307:1410,371.59,444.28,38.85,14.11,7.24,0.0
20230307:1510,310.26,372.9,32.39,14.26,7.79,0.0
20230307:1610,108.28,143.7,23.8,13.99,7.66,0.0
20230307:1710,100.43,135.81,13.86,13.63,7.24,0.0
20230307:1810,0.29,6.46,3.16,13.17,6.9,0.0
20230307:1910,0.0,0.0,0.0,12.76,7.31,0.0
20230307:2010,0.0,0.0,0.0,12.67,7.52,0.0
20230307:2110,0.0,0.0,0.0,12.68,7.52,0.0
20230307:2210,0.0,0.0,0.0,12.81,7.72,0.0
20230307:2310,0.0,0.0,0.0,12.88,7.38,0.0
20230308:0010,0.0,0.0,0.0,12.82,7.38,0.0
20230308:0110,0.0,0.0,0.0,12.91,7.59,0.0
20230308:0210,0.0,0.0,0.0,12.94,8.21,0.0
20230308:0310,0.0,0.0,0.0,12.88,8.34,0.0
20230308:0410,0.0,0.0,0.0,12.71,8.48,0.0
20230308:0510,0.0,0.0,0.0,12.72,8.14,0.0
20230308:0610,0.0,0.0,0.0,12.71,7.38,0.0
20230308:0710,0.0,0.0,0.0,13.07,6.76,0.0
20230308:0810,12.88,27.69,11.92,13.14,6.9,0.0
20230308:0910,72.06,101.54,22.08,13.54,7.45,0.0
20230308:1010,57.92,84.92,31.05,13.89,7.38,0.0
20230308:1110,58.52,85.84,38.07,14.49,7.45,0.0
20230308:1210,93.79,127.38,42.18,14.47,7.59,0.0
20230308:1310,83.57,115.38,42.59,14.37,7.86,0.0
20230308:1410,109.83,145.84,39.19,14.28,7.86,0.0
20230308:1510,201.23,249.77,32.7,14.29,7.86,0.0
20230308:1610,108.68,144.52,24.06,14.3,6.14,0.0
20230308:1710,47.16,72.13,14.1,14.04,6.0,0.0
20230308:1810,2.41,11.08,3.38,13.46,5.93,0.0
20230308:1910,0.0,0.0,0.0,13.23,6.14,0.0
20230308:2010,0.0,0.0,0.0,13.11,6.0,0.0
20230308:2110,0.0,0.0,0.0,13.04,5.93,0.0
20230308:2210,0.0,0.0,0.0,12.91,5.86,0.0
20230308:2310,0.0,0.0,0.0,12.71,5.86,0.0
20230309:0010,0.0,0.0,0.0,12.6,6.0,0.0
20230309:0110,0.0,0.0,0.0,12.43,5.66,0.0
20230309:0210,0.0,0.0,0.0,12.41,5.66,0.0
20230309:0310,0.0,0.0,0.0,12.44,5.86,0.0
20230309:0410,0.0,0.0,0.0,12.4,6.07,0.0
20230309:0510,0.0,0.0,0.0,12.25,6.21,0.0
20230309:0610,0.0,0.0,0.0,12.17,6.76,0.0
20230309:0710,0.0,0.0,0.0,12.34,7.59,0.0
20230309:0810,32.57,53.54,12.24,12.14,6.97,0.0
20230309:0910,95.24,127.77,22.42,12.32,8.69,0.0
20230309:1010,191.83,236.9,31.41,12.26,8.48,0.0
20230309:1110,266.21,322.88,38.45,13.71,8.28,0.0
20230309:1210,463.03,550.99,42.58,14.13,7.52,0.0
20230309:1310,325.27,392.53,42.97,14.46,7.17,0.0
20230309:1410,329.63,397.62,39.54,14.58,6.76,0.0
20230309:1510,356.06,427.26,33.0,14.53,6.34,0.0
20230309:1610,91.37,124.49,24.33,14.36,7.17,0.0
20230309:1710,68.14,97.42,14.33,13.85,6.97,0.0
20230309:1810,1.49,9.23,3.6,13.46,6.76,0.0
20230309:1910,0.0,0.0,0.0,12.76,7.03,0.0
20230309:2010,0.0,0.0,0.0,12.76,6.97,0.0
20230309:2110,0.0,0.0,0.0,12.74,6.55,0.0
20230309:2210,0.0,0.0,0.0,12.8,6.28,0.0
20230309:2310,0.0,0.0,0.0,12.66,6.14,0.0
20230310:0010,0.0,0.0,0.0,12.64,5.38,0.0
20230310:0110,0.0,0.0,0.0,12.62,4.0,0.0
20230310:0210,0.0,0.0,0.0,12.37,3.17,0.0
20230310:0310,0.0,0.0,0.0,12.09,2.97,0.0
20230310:0410,0.0,0.0,0.0,11.83,3.17,0.0
20230310:0510,0.0,0.0,0.0,11.77,3.38,0.0
20230310:0610,0.0,0.0,0.0,11.86,3.79,0.0
20230310:0710,0.0,0.87,1.72,12.22,4.41,0.0
20230310:0810,65.65,95.04,12.56,12.55,5.31,0.0
20230310:0910,189.01,235.39,22.76,13.11,5.59,0.0
20230310:1010,250.67,304.95,31.77,13.38,6.55,0.0
20230310:1110,267.84,325.73,38.84,14.11,7.38,0.0
20230310:1210,148.81,191.07,42.97,14.75,7.93,0.0
20230310:1310,313.37,378.89,43.35,14.82,8.0,0.0
20230310:1410,355.66,426.59,39.89,14.8,8.14,0.0
20230310:1510,216.21,267.11,33.3,14.7,8.21,0.0
20230310:1610,126.88,165.24,24.59,14.45,8.14,0.0
20230310:1710,117.73,156.32,14.57,14.0,7.93,0.0
20230310:1810,3.4,12.92,3.82,13.71,7.38,0.0
20230310:1910,0.0,0.0,0.0,13.31,6.69,0.0
20230310:2010,0.0,0.0,0.0,13.27,6.69,0.0
20230310:2110,0.0,0.0,0.0,13.26,6.69,0.0
20230310:2210,0.0,0.0,0.0,13.22,6.62,0.0
20230310:2310,0.0,0.0,0.0,13.32,6.34,0.0
20230311:0010,0.0,0.0,0.0,13.37,6.07,0.0
20230311:0110,0.0,0.0,0.0,13.54,5.52,0.0
20230311:0210,0.0,0.0,0.0,13.54,5.31,0.0
20230311:0310,0.0,0.0,0.0,13.43,5.24,0.0
20230311:0410,0.0,0.0,0.0,13.14,5.17,0.0
20230311:0510,0.0,0.0,0.0,12.95,5.45,0.0
20230311:0610,0.0,0.0,0.0,12.88,5.38,0.0
20230311:0710,0.0,0.92,2.03,13.06,6.21,0.0
20230311:0810,21.64,39.69,12.88,13.25,6.41,0.0
20230311:0910,26.54,46.15,23.1,13.61,6.76,0.0
20230311:1010,132.97,172.13,32.14,13.6,6.41,0.0
20230311:1110,74.22,104.31,39.23,13.95,6.62,0.0
20230311:1210,73.4,103.38,43.37,13.99,6.14,0.0
20230311:1310,75.78,106.15,43.74,13.96,6.48,0.0
20230311:1410,141.06,181.84,40.23,14.03,6.48,0.0
20230311:1510,123.28,161.32,33.6,13.96,6.14,0.0
20230311:1610,96.91,130.77,24.85,13.82,5.66,0.0
20230311:1710,70.03,99.74,14.81,13.87,5.52,0.0
20230311:1810,0.0,5.54,4.04,13.81,4.48,0.0
20230311:1910,0.0,0.0,0.0,13.62,4.14,0.0
20230311:2010,0.0,0.0,0.0,13.45,3.86,0.0
20230311:2110,0.0,0.0,0.0,13.29,3.79,0.0
20230311:2210,0.0,0.0,0.0,13.16,3.93,0.0
20230311:2310,0.0,0.0,0.0,13.1,4.0,0.0
20230312:0010,0.0,0.0,0.0,12.98,3.93,0.0
20230312:0110,0.0,0.0,0.0,12.89,3.86,0.0
20230312:0210,0.0,0.0,0.0,12.72,4.0,0.0
20230312:0310,0.0,0.0,0.0,12.64,4.07,0.0
20230312:0410,0.0,0.0,0.0,12.54,4.14,0.0
20230312:0510,0.0,0.0,0.0,12.45,4.07,0.0
20230312:0610,0.0,0.0,0.0,12.48,4.21,0.0
20230312:0710,0.0,4.62,2.35,12.81,4.28,0.0
20230312:0810,47.65,72.55,13.21,12.83,4.41,0.0
20230312:0910,94.64,127.83,23.44,13.05,4.9,0.0
20230312:1010,106.69,142.15,32.5,13.66,5.24,0.0
20230312:1110,175.44,221.45,39.61,14.17,5.93,0.0
20230312:1210,405.59,487.4,43.77,14.74,6.28,0.0
20230312:1310,362.64,438.19,44.12,15.11,6.21,0.0
20230312:1410,652.04,786.19,40.58,15.38,6.28,0.0
20230312:1510,420.96,505.21,33.9,15.64,6.48,0.0
20230312:1610,328.15,397.15,25.11,15.6,6.21,0.0
20230312:1710,179.98,231.72,15.04,15.29,5.86,0.0
20230312:1810,2.87,12.0,4.26,14.6,5.86,0.0
20230312:1910,0.0,0.0,0.0,13.74,5.72,0.0
20230312:2010,0.0,0.0,0.0,13.2,5.59,0.0
20230312:2110,0.0,0.0,0.0,12.85,5.52,0.0
20230312:2210,0.0,0.0,0.0,12.5,5.79,0.0
20230312:2310,0.0,0.0,0.0,12.44,6.14,0.0
20230313:0010,0.0,0.0,0.0,12.31,6.07,0.0
20230313:0110,0.0,0.0,0.0,12.32,6.28,0.0
20230313:0210,0.0,0.0,0.0,12.28,6.69,0.0
20230313:0310,0.0,0.0,0.0,12.3,6.97,0.0
20230313:0410,0.0,0.0,0.0,12.2,6.97,0.0
20230313:0510,0.0,0.0,0.0,12.22,6.83,0.0
20230313:0610,0.0,0.0,0.0,12.33,6.76,0.0
20230313:0710,0.0,3.69,2.66,12.67,7.24,0.0
20230313:0810,163.14,214.93,13.53,12.87,7.59,0.0
20230313:0910,265.37,321.12,23.78,13.13,7.79,0.0
20230313:1010,324.66,386.89,32.87,13.11,8.83,0.0
20230313:1110,188.19,234.1,40.0,13.3,10.0,0.0
20230313:1210,123.83,161.53,44.17,13.77,8.76,0.0
20230313:1310,231.94,284.55,44.5,13.86,9.24,0.0
20230313:1410,586.08,692.88,40.92,13.35,8.0,0.0
20230313:1510,375.25,445.69,34.2,13.28,7.66,0.0
20230313:1610,244.38,297.05,25.37,13.16,7.1,0.0
20230313:1710,112.87,149.82,15.27,12.74,6.34,0.0
20230313:1810,6.5,18.76,4.48,12.3,6.21,0.0
20230313:1910,0.0,0.0,0.0,11.39,5.52,0.0
20230313:2010,0.0,0.0,0.0,11.29,4.97,0.0
20230313:2110,0.0,0.0,0.0,11.06,4.55,0.0
20230313:2210,0.0,0.0,0.0,11.02,3.86,0.0
20230313:2310,0.0,0.0,0.0,10.98,3.59,0.0
20230314:0010,0.0,0.0,0.0,10.81,3.38,0.0
20230314:0110,0.0,0.0,0.0,10.63,2.97,0.0
20230314:0210,0.0,0.0,0.0,10.42,2.69,0.0
20230314:0310,0.0,0.0,0.0,10.0,2.07,0.0
20230314:0410,0.0,0.0,0.0,9.78,1.86,0.0
20230314:0510,0.0,0.0,0.0,9.24,1.93,0.0
20230314:0610,0.0,0.0,0.0,8.91,1.72,0.0
20230314:0710,0.0,4.62,2.98,9.33,2.14,0.0
20230314:0810,130.48,173.31,13.86,10.07,1.72,0.0
20230314:0910,421.81,509.9,24.13,11.64,2.28,0.0
20230314:1010,220.62,272.49,33.24,12.24,2.62,0.0
20230314:1110,221.47,274.37,40.39,12.78,2.97,0.0
20230314:1210,706.57,869.04,44.57,13.18,3.24,0.0
20230314:1310,707.69,870.22,44.89,13.53,3.45,0.0
20230314:1410,642.6,783.8,41.26,13.66,3.52,0.0
20230314:1510,625.17,758.28,34.5,13.76,3.66,0.0
20230314:1610,481.67,581.01,25.63,13.68,3.52,0.0
20230314:1710,251.61,317.87,15.51,13.26,3.17,0.0
20230314:1810,3.94,13.85,4.69,12.74,2.55,0.0
20230314:1910,0.0,0.0,0.0,12.03,1.72,0.0
20230314:2010,0.0,0.0,0.0,11.4,1.45,0.0
20230314:2110,0.0,0.0,0.0,10.21,1.59,0.0
20230314:2210,0.0,0.0,0.0,9.35,1.86,0.0
20230314:2310,0.0,0.0,0.0,8.93,1.93,0.0
20230315:0010,0.0,0.0,0.0,8.29,1.72,0.0
20230315:0110,0.0,0.0,0.0,7.9,1.72,0.0
20230315:0210,0.0,0.0,0.0,7.37,1.86,0.0
20230315:0310,0.0,0.0,0.0,7.04,1.93,0.0
20230315:0410,0.0,0.0,0.0,6.65,1.86,0.0
20230315:0510,0.0,0.0,0.0,6.35,1.86,0.0
20230315:0610,0.0,0.0,0.0,6.27,2.07,0.0
20230315:0710,4.49,15.36,3.3,6.76,2.62,0.0
20230315:0810,208.38,267.21,14.19,7.3,2.62,0.0
20230315:0910,446.43,532.48,24.47,8.93,2.41,0.0
20230315:1010,617.42,752.63,33.6,11.15,1.93,0.0
20230315:1110,727.37,921.62,40.79,13.28,1.38,0.0
20230315:1210,805.06,1041.49,44.97,15.1,1.66,0.0
20230315:1310,802.2,1026.85,45.27,16.19,2.48,0.0
20230315:1410,771.33,970.75,41.61,16.56,3.31,0.0
20230315:1510,657.23,810.36,34.8,16.28,3.59,0.0
20230315:1610,495.11,604.41,25.89,15.67,3.31,0.0
20230315:1710,268.13,341.53,15.74,14.98,2.76,0.0
20230315:1810,32.02,66.87,4.91,14.15,2.28,0.0
20230315:1910,0.0,0.0,0.0,12.57,1.79,0.0
20230315:2010,0.0,0.0,0.0,11.19,1.45,0.0
20230315:2110,0.0,0.0,0.0,9.73,2.14,0.0
20230315:2210,0.0,0.0,0.0,9.26,2.62,0.0
20230315:2310,0.0,0.0,0.0,9.14,2.69,0.0
20230316:0010,0.0,0.0,0.0,8.91,2.76,0.0
20230316:0110,0.0,0.0,0.0,8.68,2.62,0.0
20230316:0210,0.0,0.0,0.0,8.89,2.9,0.0
20230316:0310,0.0,0.0,0.0,9.33,3.24,0.0
20230316:0410,0.0,0.0,0.0,9.78,3.52,0.0
20230316:0510,0.0,0.0,0.0,10.05,3.72,0.0
20230316:0610,0.0,0.0,0.0,10.16,3.93,0.0
20230316:0710,2.47,11.08,3.62,10.3,4.28,0.0
20230316:0810,91.49,125.05,14.52,11.04,4.62,0.0
20230316:0910,177.77,222.04,24.82,12.26,5.24,0.0
20230316:1010,260.34,316.13,33.97,13.03,6.0,0.0
20230316:1110,76.62,107.07,41.18,13.8,6.41,0.0
20230316:1210,83.49,115.38,45.38,14.35,6.41,0.0
20230316:1310,121.61,159.69,45.66,14.35,6.28,0.0
20230316:1410,91.53,124.61,41.95,14.01,6.28,0.0
20230316:1510,69.63,98.77,35.09,13.53,5.72,0.0
20230316:1610,16.82,33.23,26.15,13.33,5.72,0.0
20230316:1710,6.72,18.46,15.97,12.64,5.72,0.0
20230316:1810,1.96,10.15,5.13,12.34,5.93,0.0
20230316:1910,0.0,0.0,0.0,12.25,5.72,0.0
20230316:2010,0.0,0.0,0.0,12.06,4.9,0.0
20230316:2110,0.0,0.0,0.0,11.78,4.76,0.0
20230316:2210,0.0,0.0,0.0,11.37,4.41,0.0
20230316:2310,0.0,0.0,0.0,11.14,4.55,0.0
20230317:0010,0.0,0.0,0.0,10.88,5.45,0.0
20230317:0110,0.0,0.0,0.0,10.91,5.66,0.0
20230317:0210,0.0,0.0,0.0,10.78,5.86,0.0
20230317:0310,0.0,0.0,0.0,10.57,5.93,0.0
20230317:0410,0.0,0.0,0.0,10.51,6.14,0.0
20230317:0510,0.0,0.0,0.0,10.48,6.28,0.0
20230317:0610,0.0,0.0,0.0,10.54,6.62,0.0
20230317:0710,0.0,4.62,3.94,10.72,7.1,0.0
20230317:0810,189.6,244.66,14.85,10.99,6.97,0.0
20230317:0910,283.53,339.24,25.16,11.34,7.45,0.0
20230317:1010,170.03,212.04,34.34,11.37,7.79,0.0
20230317:1110,677.06,800.59,41.57,11.51,6.62,0.0
20230317:1210,319.62,384.98,45.78,12.68,5.52,0.0
20230317:1310,73.84,103.38,46.04,12.78,6.14,0.0
20230317:1410,658.46,780.63,42.29,12.33,6.83,0.0
20230317:1510,411.51,486.19,35.38,12.11,6.69,0.0
20230317:1610,395.47,468.73,26.4,12.21,6.14,0.0
20230317:1710,182.46,230.76,16.19,11.81,6.21,0.0
20230317:1810,32.54,65.77,5.34,11.25,6.0,0.0
20230317:1910,0.0,0.0,0.0,11.31,5.45,0.0
20230317:2010,0.0,0.0,0.0,11.09,5.03,0.0
20230317:2110,0.0,0.0,0.0,10.8,4.69,0.0
20230317:2210,0.0,0.0,0.0,10.82,4.41,0.0
20230317:2310,0.0,0.0,0.0,10.82,4.41,0.0
20230318:0010,0.0,0.0,0.0,10.61,4.9,0.0
20230318:0110,0.0,0.0,0.0,10.55,5.1,0.0
20230318:0210,0.0,0.0,0.0,10.68,5.03,0.0
20230318:0310,0.0,0.0,0.0,10.66,4.97,0.0
20230318:0410,0.0,0.0,0.0,10.52,4.83,0.0
20230318:0510,0.0,0.0,0.0,10.42,4.07,0.0
20230318:0610,0.0,0.0,0.0,10.53,3.45,0.0
20230318:0710,4.54,14.77,4.26,10.23,3.45,0.0
20230318:0810,149.78,196.02,15.18,10.78,2.97,0.0
20230318:0910,103.69,137.77,25.51,11.58,3.1,0.0
20230318:1010,154.54,196.24,34.71,11.83,3.38,0.0
20230318:1110,269.18,329.57,41.96,12.7,2.9,0.0
20230318:1210,299.35,367.07,46.18,13.96,2.97,0.0
20230318:1310,509.68,619.81,46.42,14.17,3.38,0.0
20230318:1410,405.19,489.83,42.63,14.13,4.0,0.0
20230318:1510,374.42,451.37,35.68,14.15,4.41,0.0
20230318:1610,183.45,230.32,26.66,13.94,4.41,0.0
20230318:1710,129.22,169.81,16.42,13.47,4.34,0.0
20230318:1810,1.95,10.15,5.55,12.9,3.93,0.0
20230318:1910,0.0,0.0,0.0,12.12,3.17,0.0
20230318:2010,0.0,0.0,0.0,11.61,2.76,0.0
20230318:2110,0.0,0.0,0.0,11.28,2.41,0.0
20230318:2210,0.0,0.0,0.0,10.97,2.28,0.0
20230318:2310,0.0,0.0,0.0,10.76,2.14,0.0
20230319:0010,0.0,0.0,0.0,10.27,2.0,0.0
20230319:0110,0.0,0.0,0.0,9.81,2.0,0.0
20230319:0210,0.0,0.0,0.0,9.27,1.66,0.0
20230319:0310,0.0,0.0,0.0,8.84,1.66,0.0
20230319:0410,0.0,0.0,0.0,8.79,1.93,0.0
20230319:0510,0.0,0.0,0.0,8.66,2.21,0.0
20230319:0610,0.0,0.0,0.0,8.39,2.41,0.0
20230319:0710,10.72,26.74,4.59,9.01,2.28,0.0
20230319:0810,220.4,283.69,15.51,9.57,2.28,0.0
20230319:0910,309.8,374.92,25.86,10.72,1.93,0.0
20230319:1010,540.5,658.0,35.08,11.85,1.79,0.0
20230319:1110,641.97,804.02,42.36,12.95,1.24,0.0
20230319:1210,775.47,1009.29,46.58,13.89,0.9,0.0
20230319:1310,774.79,1003.96,46.81,14.63,1.24,0.0
20230319:1410,730.38,924.17,42.97,15.1,2.07,0.0
20230319:1510,635.07,786.96,35.97,15.25,2.48,0.0
20230319:1610,453.41,553.57,26.91,15.1,2.76,0.0
20230319:1710,274.95,349.38,16.65,14.63,2.9,0.0
20230319:1810,37.36,72.08,5.77,13.85,2.28,0.0
20230319:1910,0.0,0.0,0.0,12.71,1.86,0.0
20230319:2010,0.0,0.0,0.0,11.42,1.45,0.0
20230319:2110,0.0,0.0,0.0,10.28,1.38,0.0
20230319:2210,0.0,0.0,0.0,10.15,1.24,0.0
20230319:2310,0.0,0.0,0.0,10.49,0.97,0.0
20230320:0010,0.0,0.0,0.0,8.63,1.38,0.0
20230320:0110,0.0,0.0,0.0,6.86,2.0,0.0
20230320:0210,0.0,0.0,0.0,6.62,1.86,0.0
20230320:0310,0.0,0.0,0.0,7.84,1.17,0.0
20230320:0410,0.0,0.0,0.0,8.29,0.69,0.0
20230320:0510,0.0,0.0,0.0,8.16,0.48,0.0
20230320:0610,0.0,0.0,0.0,8.13,0.69,0.0
20230320:0710,7.24,19.57,4.91,7.95,0.97,0.0
20230320:0810,218.32,281.63,15.84,9.45,1.31,0.0
20230320:0910,417.48,507.06,26.21,11.79,1.72,0.0
20230320:1010,625.97,770.38,35.45,12.94,2.0,0.0
20230320:1110,758.03,944.32,42.75,13.98,2.9,0.0
20230320:1210,837.26,1050.19,46.99,14.45,3.52,0.0
20230320:1310,822.67,1025.84,47.19,14.7,3.93,0.0
20230320:1410,773.89,956.98,43.31,14.87,4.07,0.0
20230320:1510,651.21,794.32,36.26,14.73,3.86,0.0
20230320:1610,390.6,472.83,27.16,14.34,3.59,0.0
20230320:1710,216.26,275.0,16.87,13.75,3.17,0.0
20230320:1810,31.96,61.13,5.98,12.96,2.21,0.0
20230320:1910,0.0,0.0,0.0,12.26,1.66,0.0
20230320:2010,0.0,0.0,0.0,11.01,1.52,0.0
20230320:2110,0.0,0.0,0.0,9.81,1.45,0.0
20230320:2210,0.0,0.0,0.0,9.47,1.52,0.0
20230320:2310,0.0,0.0,0.0,9.03,1.72,0.0
20230321:0010,0.0,0.0,0.0,9.69,1.86,0.0
20230321:0110,0.0,0.0,0.0,10.28,2.07,0.0
20230321:0210,0.0,0.0,0.0,10.54,2.07,0.0
20230321:0310,0.0,0.0,0.0,10.77,2.0,0.0
20230321:0410,0.0,0.0,0.0,10.61,1.52,0.0
20230321:0510,0.0,0.0,0.0,10.08,1.17,0.0
20230321:0610,0.0,0.0,0.0,9.86,0.97,0.0
20230321:0710,0.0,0.0,0.0,10.67,0.41,0.0
20230321:0810,0.0,0.0,0.0,10.98,0.34,0.0
20230321:0910,177.6,224.23,26.55,12.23,1.17,0.0
20230321:1010,407.52,497.4,35.82,13.22,1.59,0.0
20230321:1110,514.73,631.35,43.14,13.76,2.07,0.0
20230321:1210,715.75,891.94,47.39,14.34,2.83,0.0
20230321:1310,812.81,1016.72,47.57,14.72,3.59,0.0
20230321:1410,761.54,941.61,43.65,14.56,3.79,0.0
20230321:1510,656.1,801.67,36.54,14.21,3.45,0.0
20230321:1610,491.83,594.91,27.41,13.77,3.31,0.0
20230321:1710,273.78,345.6,17.1,13.2,2.97,0.0
20230321:1810,30.98,58.55,6.19,12.51,2.41,0.0
20230321:1910,0.0,0.0,0.0,11.87,1.93,0.0
20230321:2010,0.0,0.0,0.0,11.09,1.59,0.0
20230321:2110,0.0,0.0,0.0,10.4,1.86,0.0
20230321:2210,0.0,0.0,0.0,10.08,2.14,0.0
20230321:2310,0.0,0.0,0.0,10.0,2.34,0.0
20230322:0010,0.0,0.0,0.0,10.09,2.69,0.0
20230322:0110,0.0,0.0,0.0,9.95,2.48,0.0
20230322:0210,0.0,0.0,0.0,9.92,2.9,0.0
20230322:0310,0.0,0.0,0.0,9.99,3.17,0.0
20230322:0410,0.0,0.0,0.0,9.88,3.52,0.0
20230322:0510,0.0,0.0,0.0,9.86,3.72,0.0
20230322:0610,0.0,0.0,0.0,9.97,4.0,0.0
20230322:0710,0.0,0.0,0.0,10.64,4.0,0.0
20230322:0810,63.47,90.95,16.5,11.22,4.07,0.0
20230322:0910,158.77,200.48,26.9,12.07,5.03,0.0
20230322:1010,195.5,242.81,36.19,12.69,5.45,0.0
20230322:1110,221.64,273.18,43.54,13.11,5.93,0.0
20230322:1210,224.0,276.41,47.79,13.53,6.34,0.0
20230322:1310,419.09,501.17,47.95,13.93,6.83,0.0
20230322:1410,287.67,348.89,43.98,13.89,6.97,0.0
20230322:1510,159.08,202.09,36.83,13.86,7.24,0.0
20230322:1610,120.25,157.49,27.65,13.79,7.17,0.0
20230322:1710,105.99,141.82,17.32,13.47,6.97,0.0
20230322:1810,7.88,20.31,6.4,13.06,6.34,0.0
20230322:1910,0.0,0.0,0.0,12.89,6.14,0.0
20230322:2010,0.0,0.0,0.0,12.77,6.21,0.0
20230322:2110,0.0,0.0,0.0,12.65,6.14,0.0
20230322:2210,0.0,0.0,0.0,12.63,6.21,0.0
20230322:2310,0.0,0.0,0.0,12.48,6.28,0.0
20230323:0010,0.0,0.0,0.0,12.46,6.14,0.0
20230323:0110,0.0,0.0,0.0,12.5,6.07,0.0
20230323:0210,0.0,0.0,0.0,12.4,5.93,0.0
20230323:0310,0.0,0.0,0.0,12.38,5.66,0.0
20230323:0410,0.0,0.0,0.0,12.41,5.52,0.0
20230323:0510,0.0,0.0,0.0,12.39,5.31,0.0
20230323:0610,0.0,0.0,0.0,12.36,5.59,0.0
20230323:0710,9.12,22.15,5.88,12.48,5.45,0.0
20230323:0810,19.63,36.92,16.83,12.57,5.86,0.0
20230323:0910,63.68,91.38,27.25,12.8,7.17,0.0
20230323:1010,133.44,172.21,36.56,13.18,7.72,0.0
20230323:1110,92.68,125.54,43.93,13.52,8.28,0.0
20230323:1210,126.17,164.3,48.19,13.76,8.0,0.0
20230323:1310,160.49,204.0,48.34,14.0,7.17,0.0
20230323:1410,61.68,89.54,44.32,14.26,7.52,0.0
20230323:1510,98.62,132.92,37.11,14.37,7.72,0.0
20230323:1610,82.2,113.54,27.9,13.91,8.48,0.0
20230323:1710,73.13,103.0,17.54,13.74,8.69,0.0
20230323:1810,12.93,28.27,6.61,13.64,8.07,0.0
20230323:1910,0.0,0.0,0.0,13.45,8.0,0.0
20230323:2010,0.0,0.0,0.0,13.2,7.72,0.0
20230323:2110,0.0,0.0,0.0,13.15,6.76,0.0
20230323:2210,0.0,0.0,0.0,13.09,6.34,0.0
20230323:2310,0.0,0.0,0.0,12.94,4.97,0.0
20230324:0010,0.0,0.0,0.0,12.75,4.07,0.0
20230324:0110,0.0,0.0,0.0,12.56,3.86,0.0
20230324:0210,0.0,0.0,0.0,12.33,3.45,0.0
20230324:0310,0.0,0.0,0.0,12.1,2.97,0.0
20230324:0410,0.0,0.0,0.0,11.73,2.69,0.0
20230324:0510,0.0,0.0,0.0,11.44,2.83,0.0
20230324:0610,0.0,0.0,0.0,11.1,3.1,0.0
20230324:0710,27.81,57.88,6.2,11.01,3.1,0.0
20230324:0810,196.74,252.6,17.17,11.56,3.59,0.0
20230324:0910,297.58,359.66,27.59,12.37,4.28,0.0
20230324:1010,583.3,698.71,36.93,12.96,4.55,0.0
20230324:1110,657.22,793.08,44.32,13.55,4.97,0.0
20230324:1210,744.74,906.86,48.59,13.73,5.03,0.0
20230324:1310,826.38,1014.92,48.72,13.86,4.97,0.0
20230324:1410,738.31,898.4,44.65,14.0,4.97,0.0
20230324:1510,622.38,749.18,37.4,13.92,4.83,0.0
20230324:1610,474.88,569.92,28.14,13.7,4.48,0.0
20230324:1710,263.17,331.38,17.76,13.32,4.07,0.0
20230324:1810,46.57,86.21,6.81,12.87,3.38,0.0
20230324:1910,0.0,0.0,0.0,12.25,2.69,0.0
20230324:2010,0.0,0.0,0.0,11.53,2.21,0.0
20230324:2110,0.0,0.0,0.0,10.61,2.07,0.0
20230324:2210,0.0,0.0,0.0,9.48,1.93,0.0
20230324:2310,0.0,0.0,0.0,8.93,1.86,0.0
20230325:0010,0.0,0.0,0.0,8.78,1.79,0.0
20230325:0110,0.0,0.0,0.0,8.51,1.79,0.0
20230325:0210,0.0,0.0,0.0,7.94,1.93,0.0
20230325:0310,0.0,0.0,0.0,7.79,2.21,0.0
20230325:0410,0.0,0.0,0.0,7.84,2.34,0.0
20230325:0510,0.0,0.0,0.0,8.35,2.55,0.0
20230325:0610,0.0,0.0,0.0,8.29,2.76,0.0
20230325:0710,31.53,65.26,6.53,8.51,3.45,0.0
20230325:0810,193.95,246.58,17.5,9.63,3.86,0.0
20230325:0910,434.97,516.88,27.94,11.36,4.76,0.0
20230325:1010,518.02,613.61,37.3,12.57,6.0,0.0
20230325:1110,728.27,871.08,44.71,13.36,6.76,0.0
20230325:1210,421.8,504.27,49.0,14.09,7.31,0.0
20230325:1310,289.8,352.3,49.09,14.52,7.79,0.0
20230325:1410,60.2,87.69,44.98,14.06,7.66,0.0
20230325:1510,137.95,177.77,37.68,13.71,7.66,0.0
20230325:1610,51.86,77.54,28.38,13.61,7.86,0.0
20230325:1710,25.12,44.31,17.97,13.64,8.55,0.0
20230325:1810,9.07,22.15,7.02,13.57,7.66,0.0
20230325:1910,0.0,0.0,0.0,13.16,7.1,0.0
20230325:2010,0.0,0.0,0.0,13.22,5.52,0.0
20230325:2110,0.0,0.0,0.0,13.06,4.97,0.0
20230325:2210,0.0,0.0,0.0,12.66,4.76,0.0
20230325:2310,0.0,0.0,0.0,12.11,4.48,0.0
20230326:0010,0.0,0.0,0.0,11.72,4.48,0.0
20230326:0110,0.0,0.0,0.0,11.43,4.21,0.0
20230326:0210,0.0,0.0,0.0,11.03,3.45,0.0
20230326:0310,0.0,0.0,0.0,10.83,3.17,0.0
20230326:0410,0.0,0.0,0.0,10.41,2.97,0.0
20230326:0510,0.0,0.0,0.0,10.08,2.97,0.0
20230326:0610,0.0,0.0,0.0,10.06,2.83,0.0
20230326:0710,31.75,61.86,6.85,10.65,3.66,0.0
20230326:0810,169.35,217.68,17.83,11.32,3.79,0.0
20230326:0910,425.4,506.73,28.28,11.95,4.97,0.0
20230326:1010,564.57,672.2,37.67,12.35,5.03,0.0
20230326:1110,733.53,887.65,45.11,12.52,4.69,0.0
20230326:1210,789.0,970.96,49.4,12.96,4.0,0.0
20230326:1310,660.77,808.02,49.47,13.18,3.52,0.0
20230326:1410,699.76,861.2,45.31,13.52,3.24,0.0
20230326:1510,668.58,818.73,37.96,13.77,3.17,0.0
20230326:1610,505.69,613.7,28.62,13.78,3.03,0.0
20230326:1710,279.5,353.87,18.19,13.62,2.83,0.0
20230326:1810,52.45,97.68,7.23,13.12,2.55,0.0
20230326:1910,0.0,0.0,0.0,12.24,2.62,0.0
20230326:2010,0.0,0.0,0.0,11.31,2.62,0.0
20230326:2110,0.0,0.0,0.0,10.43,2.62,0.0
20230326:2210,0.0,0.0,0.0,9.56,2.76,0.0
20230326:2310,0.0,0.0,0.0,8.82,2.76,0.0
20230327:0010,0.0,0.0,0.0,8.24,2.9,0.0
20230327:0110,0.0,0.0,0.0,7.68,2.69,0.0
20230327:0210,0.0,0.0,0.0,7.12,2.48,0.0
20230327:0310,0.0,0.0,0.0,6.42,2.41,0.0
20230327:0410,0.0,0.0,0.0,5.57,2.55,0.0
20230327:0510,0.0,0.0,0.0,5.33,2.9,0.0
20230327:0610,0.0,0.0,0.0,5.05,3.24,0.0
20230327:0710,38.73,77.64,7.17,5.19,3.31,0.0
20230327:0810,262.89,328.0,18.15,6.56,3.31,0.0
20230327:0910,493.52,586.75,28.63,9.04,2.97,0.0
20230327:1010,657.48,803.75,38.03,11.75,2.34,0.0
20230327:1110,766.17,976.04,45.5,14.13,1.72,0.0
20230327:1210,821.3,1083.58,49.8,16.0,1.24,0.0
20230327:1310,816.75,1072.3,49.85,17.09,1.66,0.0
20230327:1410,766.47,980.35,45.64,17.29,2.48,0.0
20230327:1510,650.94,819.12,38.23,17.05,2.21,0.0
20230327:1610,478.05,594.29,28.86,16.8,1.86,0.0
20230327:1710,252.07,325.58,18.41,16.29,1.52,0.0
20230327:1810,31.9,58.08,7.43,15.51,0.55,0.0
20230327:1910,0.0,0.0,0.0,14.61,0.21,0.0
20230327:2010,0.0,0.0,0.0,14.08,0.62,0.0
20230327:2110,0.0,0.0,0.0,13.62,0.69,0.0
20230327:2210,0.0,0.0,0.0,11.42,1.38,0.0
20230327:2310,0.0,0.0,0.0,9.42,2.28,0.0
20230328:0010,0.0,0.0,0.0,8.98,2.48,0.0
20230328:0110,0.0,0.0,0.0,8.5,2.28,0.0
20230328:0210,0.0,0.0,0.0,8.14,1.93,0.0
20230328:0310,0.0,0.0,0.0,7.84,1.86,0.0
20230328:0410,0.0,0.0,0.0,7.45,2.0,0.0
20230328:0510,0.0,0.0,0.0,7.34,2.0,0.0
20230328:0610,0.0,0.0,0.0,7.35,1.86,0.0
20230328:0710,38.61,74.58,7.5,7.56,2.07,0.0
20230328:0810,238.68,306.41,18.48,11.66,2.0,0.0
20230328:0910,442.88,545.99,28.97,15.86,2.28,0.0
20230328:1010,617.55,768.47,38.4,17.51,2.97,0.0
20230328:1110,740.47,933.21,45.89,18.22,3.59,0.0
20230328:1210,798.14,1012.83,50.2,18.41,3.86,0.0
20230328:1310,792.92,1004.11,50.22,18.55,4.07,0.0
20230328:1410,733.69,921.58,45.96,18.66,4.07,0.0
20230328:1510,597.64,739.64,38.51,18.65,4.07,0.0
20230328:1610,408.09,503.0,29.1,18.59,4.0,0.0
20230328:1710,199.43,259.73,18.62,18.35,3.45,0.0
20230328:1810,47.81,89.17,7.64,17.77,3.45,0.0
20230328:1910,0.0,0.0,0.0,17.02,3.72,0.0
20230328:2010,0.0,0.0,0.0,16.49,3.66,0.0
20230328:2110,0.0,0.0,0.0,16.2,3.45,0.0
20230328:2210,0.0,0.0,0.0,15.94,3.52,0.0
20230328:2310,0.0,0.0,0.0,15.85,4.0,0.0
20230329:0010,0.0,0.0,0.0,15.84,4.34,0.0
20230329:0110,0.0,0.0,0.0,15.73,4.62,0.0
20230329:0210,0.0,0.0,0.0,15.61,4.9,0.0
20230329:0310,0.0,0.0,0.0,15.42,5.1,0.0
20230329:0410,0.0,0.0,0.0,15.36,5.17,0.0
20230329:0510,0.0,0.0,0.0,15.26,4.69,0.0
20230329:0610,0.0,0.0,0.0,15.14,4.69,0.0
20230329:0710,37.9,73.68,7.82,15.19,5.79,0.0
20230329:0810,125.44,167.03,18.81,15.83,6.14,0.0
20230329:0910,242.3,300.35,29.31,16.58,6.55,0.0
20230329:1010,561.66,677.67,38.76,17.22,7.03,0.0
20230329:1110,602.29,728.48,46.27,17.61,7.86,0.0
20230329:1210,737.99,899.76,50.59,18.12,8.28,0.0
20230329:1310,709.77,865.02,50.6,18.18,8.14,0.0
20230329:1410,289.0,356.44,46.29,17.87,7.86,0.0
20230329:1510,81.46,114.46,38.78,17.62,7.72,0.0
20230329:1610,47.21,72.92,29.34,17.09,7.86,0.0
20230329:1710,29.7,50.77,18.83,16.47,7.17,0.0
20230329:1810,3.35,12.92,7.84,15.82,6.41,0.0
20230329:1910,0.0,0.0,0.0,14.75,6.28,0.0
20230329:2010,0.0,0.0,0.0,14.44,6.0,0.0
20230329:2110,0.0,0.0,0.0,14.21,6.0,0.0
20230329:2210,0.0,0.0,0.0,13.91,5.86,0.0
20230329:2310,0.0,0.0,0.0,13.63,5.24,0.0
20230330:0010,0.0,0.0,0.0,13.62,5.24,0.0
20230330:0110,0.0,0.0,0.0,13.47,4.76,0.0
20230330:0210,0.0,0.0,0.0,13.25,4.34,0.0
20230330:0310,0.0,0.0,0.0,13.19,4.41,0.0
20230330:0410,0.0,0.0,0.0,13.05,4.41,0.0
20230330:0510,0.0,0.0,0.0,12.97,4.41,0.0
20230330:0610,0.0,0.0,0.0,12.95,4.55,0.0
20230330:0710,42.37,84.23,8.14,13.11,4.9,0.0
20230330:0810,244.65,312.11,19.14,13.46,5.79,0.0
20230330:0910,450.85,539.03,29.66,14.47,6.76,0.0
20230330:1010,369.35,444.13,39.13,15.2,7.38,0.0
20230330:1110,256.13,315.37,46.66,15.88,8.07,0.0
20230330:1210,433.37,520.62,50.99,15.91,8.62,0.0
20230330:1310,363.84,439.07,50.97,15.85,9.1,0.0
20230330:1410,308.6,375.05,46.61,16.01,9.38,0.0
20230330:1510,260.97,319.76,39.05,15.99,9.59,0.0
20230330:1610,112.75,150.02,29.57,15.72,8.62,0.0
20230330:1710,39.41,62.77,19.05,15.24,8.0,0.0
20230330:1810,1.92,10.15,8.04,14.81,8.21,0.0
20230330:1910,0.0,0.0,0.0,14.31,8.21,0.0
20230330:2010,0.0,0.0,0.0,14.2,8.07,0.0
20230330:2110,0.0,0.0,0.0,13.9,7.72,0.0
20230330:2210,0.0,0.0,0.0,13.79,7.24,0.0
20230330:2310,0.0,0.0,0.0,13.56,6.34,0.0
20230331:0010,0.0,0.0,0.0,13.65,6.14,0.0
20230331:0110,0.0,0.0,0.0,13.66,5.66,0.0
20230331:0210,0.0,0.0,0.0,13.44,5.1,0.0
20230331:0310,0.0,0.0,0.0,13.36,4.69,0.0
20230331:0410,0.0,0.0,0.0,13.25,4.55,0.0
20230331:0510,0.0,0.0,0.0,13.09,4.55,0.0
20230331:0610,0.0,0.0,0.0,12.92,4.76,0.0
20230331:0710,14.21,29.54,8.46,12.67,5.03,0.0
20230331:0810,43.67,67.38,19.46,12.57,5.17,0.0
20230331:0910,193.82,240.82,29.99,12.77,5.66,0.0
20230331:1010,138.27,178.15,39.49,13.23,5.86,0.0
20230331:1110,524.48,627.67,47.05,13.79,5.79,0.0
20230331:1210,645.59,779.2,51.39,14.09,5.59,0.0
20230331:1310,693.39,839.87,51.34,14.13,5.52,0.0
20230331:1410,483.05,580.44,46.93,14.33,5.45,0.0
20230331:1510,409.34,491.31,39.32,14.13,5.31,0.0
20230331:1610,253.63,310.52,29.8,13.85,4.9,0.0
20230331:1710,126.36,166.08,19.26,13.53,4.48,0.0
20230331:1810,53.26,96.6,8.24,13.08,4.14,0.0
20230331:1910,0.0,0.0,0.0,12.23,3.45,0.0
20230331:2010,0.0,0.0,0.0,11.83,2.9,0.0
20230331:2110,0.0,0.0,0.0,11.52,3.03,0.0
20230331:2210,0.0,0.0,0.0,11.34,2.83,0.0
20230331:2310,0.0,0.0,0.0,11.26,2.9,0.0
20230401:0010,0.0,0.0,0.0,11.37,2.76,0.0
20230401:0110,0.0,0.0,0.0,11.44,2.55,0.0
20230401:0210,0.0,0.0,0.0,11.49,2.48,0.0
20230401:0310,0.0,0.0,0.0,11.49,2.07,0.0
20230401:0410,0.0,0.0,0.0,11.48,2.07,0.0
20230401:0510,0.0,0.0,0.0,11.54,2.07,0.0
20230401:0610,0.0,0.0,0.0,11.44,2.14,0.0
20230401:0710,31.35,54.03,8.77,11.14,1.1,0.0
20230401:0810,102.06,137.24,19.78,12.04,1.38,0.0
20230401:0910,204.64,256.11,30.33,12.42,1.1,0.0
20230401:1010,244.43,303.74,39.85,12.8,0.97,0.0
20230401:1110,167.39,214.15,47.43,13.44,1.1,0.0
20230401:1210,227.91,285.44,51.78,13.95,1.59,0.0
20230401:1310,258.38,320.58,51.71,14.58,2.83,0.0
20230401:1410,330.39,403.56,47.25,14.69,3.86,0.0
20230401:1510,499.08,603.01,39.59,14.74,4.28,0.0
20230401:1610,331.31,402.16,30.03,14.52,4.34,0.0
20230401:1710,273.65,346.65,19.46,14.41,4.21,0.0
20230401:1810,57.44,106.2,8.45,13.9,4.14,0.0
20230401:1910,0.0,0.0,0.0,12.69,4.48,0.0
20230401:2010,0.0,0.0,0.0,11.67,4.55,0.0
20230401:2110,0.0,0.0,0.0,10.66,4.62,0.0
20230401:2210,0.0,0.0,0.0,9.91,4.55,0.0
20230401:2310,0.0,0.0,0.0,9.15,4.34,0.0
20230402:0010,0.0,0.0,0.0,8.62,4.07,0.0
20230402:0110,0.0,0.0,0.0,8.04,3.66,0.0
20230402:0210,0.0,0.0,0.0,7.62,3.45,0.0
20230402:0310,0.0,0.0,0.0,7.24,3.24,0.0
20230402:0410,0.0,0.0,0.0,7.07,3.17,0.0
20230402:0510,0.0,0.0,0.0,6.93,3.52,0.0
20230402:0610,0.0,0.0,0.0,6.78,3.72,0.0
20230402:0710,52.42,100.92,9.09,7.08,3.72,0.0
20230402:0810,278.69,347.29,20.11,8.08,3.52,0.0
20230402:0910,520.84,619.16,30.67,9.52,3.38,0.0
20230402:1010,678.04,818.87,40.21,11.13,3.31,0.0
20230402:1110,784.61,974.62,47.82,12.81,2.97,0.0
20230402:1210,853.09,1092.11,52.17,14.32,2.41,0.0
20230402:1310,831.24,1075.98,52.08,15.46,2.0,0.0
20230402:1410,761.93,976.87,47.56,16.3,2.0,0.0
20230402:1510,654.56,821.42,39.86,16.78,2.34,0.0
20230402:1610,474.74,586.61,30.26,16.8,2.55,0.0
20230402:1710,278.25,358.32,19.67,16.63,2.62,0.0
20230402:1810,54.4,97.91,8.65,16.02,2.41,0.0
20230402:1910,0.0,0.0,0.0,15.19,2.48,0.0
20230402:2010,0.0,0.0,0.0,13.76,2.48,0.0
20230402:2110,0.0,0.0,0.0,12.55,2.62,0.0
20230402:2210,0.0,0.0,0.0,11.41,2.69,0.0
20230402:2310,0.0,0.0,0.0,10.32,2.62,0.0
20230403:0010,0.0,0.0,0.0,9.19,2.34,0.0
20230403:0110,0.0,0.0,0.0,8.23,2.28,0.0
20230403:0210,0.0,0.0,0.0,7.71,2.55,0.0
20230403:0310,0.0,0.0,0.0,7.48,2.69,0.0
20230403:0410,0.0,0.0,0.0,7.27,2.55,0.0
20230403:0510,0.0,0.0,0.0,7.12,2.41,0.0
20230403:0610,0.0,0.0,0.0,7.23,2.76,0.0
20230403:0710,37.23,60.98,9.4,7.46,2.62,0.0
20230403:0810,171.55,218.27,20.43,10.05,2.14,0.0
20230403:0910,314.7,385.35,31.0,12.98,1.72,0.0
20230403:1010,290.55,359.58,40.56,14.48,1.66,0.0
20230403:1110,252.3,315.09,48.2,15.49,2.41,0.0
20230403:1210,191.34,243.23,52.56,15.75,2.9,0.0
20230403:1310,305.77,378.28,52.44,15.68,2.97,0.0
20230403:1410,300.84,372.78,47.88,15.62,2.48,0.0
20230403:1510,189.62,240.6,40.12,15.3,2.69,0.0
20230403:1610,72.82,103.38,30.49,14.74,2.21,0.0
20230403:1710,59.86,87.69,19.88,14.22,2.0,0.0
20230403:1810,16.76,33.23,8.84,13.72,1.86,0.0
20230403:1910,0.0,0.0,0.0,13.49,2.76,0.0
20230403:2010,0.0,0.0,0.0,12.82,3.24,0.0
20230403:2110,0.0,0.0,0.0,12.4,3.45,0.0
20230403:2210,0.0,0.0,0.0,12.14,3.1,0.0
20230403:2310,0.0,0.0,0.0,11.76,2.97,0.0
20230404:0010,0.0,0.0,0.0,11.44,3.03,0.0
20230404:0110,0.0,0.0,0.0,11.08,2.97,0.0
20230404:0210,0.0,0.0,0.0,10.59,2.83,0.0
20230404:0310,0.0,0.0,0.0,9.84,2.9,0.0
20230404:0410,0.0,0.0,0.0,9.25,3.03,0.0
20230404:0510,0.0,0.0,0.0,8.59,3.03,0.0
20230404:0610,0.0,0.0,0.0,8.03,3.1,0.0
20230404:0710,53.86,90.96,9.72,7.89,3.45,0.0
20230404:0810,185.19,233.33,20.74,9.81,3.45,0.0
20230404:0910,261.36,319.21,31.33,12.45,3.45,0.0
20230404:1010,378.99,462.45,40.92,14.85,3.1,0.0
20230404:1110,771.11,984.85,48.58,16.92,2.48,0.0
20230404:1210,821.06,1077.03,52.95,18.39,2.07,0.0
20230404:1310,818.72,1079.06,52.81,19.28,2.07,0.0
20230404:1410,763.13,991.59,48.19,19.8,2.34,0.0
20230404:1510,659.48,838.02,40.38,20.09,2.76,0.0
20230404:1610,486.72,608.23,30.71,20.11,3.24,0.0
20230404:1710,270.68,352.8,20.08,19.74,3.45,0.0
20230404:1810,58.74,111.16,9.04,18.74,3.79,0.0
20230404:1910,0.0,0.0,0.0,17.14,4.07,0.0
20230404:2010,0.0,0.0,0.0,15.46,3.86,0.0
20230404:2110,0.0,0.0,0.0,14.01,3.45,0.0
20230404:2210,0.0,0.0,0.0,12.67,3.1,0.0
20230404:2310,0.0,0.0,0.0,11.44,2.97,0.0
20230405:0010,0.0,0.0,0.0,10.35,2.9,0.0
20230405:0110,0.0,0.0,0.0,9.5,2.9,0.0
20230405:0210,0.0,0.0,0.0,8.87,2.83,0.0
20230405:0310,0.0,0.0,0.0,8.48,2.83,0.0
20230405:0410,0.0,0.0,0.0,8.14,2.76,0.0
20230405:0510,0.0,0.0,0.0,7.71,2.55,0.0
20230405:0610,0.0,0.0,0.0,7.25,2.41,0.0
20230405:0710,58.62,108.37,10.03,7.44,2.21,0.0
20230405:0810,284.32,361.34,21.06,10.98,1.66,0.0
20230405:0910,487.13,607.63,31.66,14.81,0.97,0.0
20230405:1010,634.57,822.3,41.27,16.69,0.41,0.0
20230405:1110,748.84,986.05,48.95,17.71,1.03,0.0
20230405:1210,820.45,1083.57,53.34,18.23,1.72,0.0
20230405:1310,820.33,1073.2,53.17,18.4,2.21,0.0
20230405:1410,765.71,985.8,48.5,18.46,2.48,0.0
20230405:1510,624.95,785.2,40.64,18.37,2.69,0.0
20230405:1610,350.86,435.57,30.94,18.09,2.9,0.0
20230405:1710,243.46,315.14,20.29,17.61,2.55,0.0
20230405:1810,61.23,115.87,9.24,17.02,2.28,0.0
20230405:1910,0.0,0.0,0.0,16.22,2.83,0.0
20230405:2010,0.0,0.0,0.0,15.18,3.03,0.0
20230405:2110,0.0,0.0,0.0,14.45,3.24,0.0
20230405:2210,0.0,0.0,0.0,13.7,3.24,0.0
20230405:2310,0.0,0.0,0.0,12.88,3.17,0.0
20230406:0010,0.0,0.0,0.0,12.02,3.24,0.0
20230406:0110,0.0,0.0,0.0,11.18,3.17,0.0
20230406:0210,0.0,0.0,0.0,10.37,3.03,0.0
20230406:0310,0.0,0.0,0.0,9.62,3.1,0.0
20230406:0410,0.0,0.0,0.0,9.03,3.72,0.0
20230406:0510,0.0,0.0,0.0,8.75,4.0,0.0
20230406:0610,0.0,0.0,0.0,8.59,3.86,0.0
20230406:0710,61.04,114.49,10.34,9.05,3.93,0.0
20230406:0810,291.92,366.98,21.37,11.07,3.86,0.0
20230406:0910,505.22,612.02,31.99,13.99,3.66,0.0
20230406:1010,664.23,826.54,41.62,16.55,3.03,0.0
20230406:1110,765.05,990.1,49.33,18.55,2.21,0.0
20230406:1210,813.85,1080.75,53.73,19.92,1.86,0.0
20230406:1310,818.94,1082.67,53.53,20.73,2.34,0.0
20230406:1410,765.06,994.17,48.81,21.15,2.83,0.0
20230406:1510,661.06,840.88,40.9,21.3,3.24,0.0
20230406:1610,481.32,603.47,31.16,21.16,3.52,0.0
20230406:1710,278.11,364.18,20.49,20.74,3.59,0.0
20230406:1810,59.97,113.77,9.44,19.82,3.59,0.0
20230406:1910,0.0,0.0,0.0,18.44,3.31,0.0
20230406:2010,0.0,0.0,0.0,16.97,3.17,0.0
20230406:2110,0.0,0.0,0.0,15.59,2.83,0.0
20230406:2210,0.0,0.0,0.0,14.13,2.62,0.0
20230406:2310,0.0,0.0,0.0,12.75,2.55,0.0
20230407:0010,0.0,0.0,0.0,11.61,2.55,0.0
20230407:0110,0.0,0.0,0.0,10.75,2.62,0.0
20230407:0210,0.0,0.0,0.0,10.23,2.69,0.0
20230407:0310,0.0,0.0,0.0,9.84,2.69,0.0
20230407:0410,0.0,0.0,0.0,9.53,2.62,0.0
20230407:0510,0.0,0.0,0.0,9.2,2.34,0.0
20230407:0610,0.0,0.0,0.0,8.87,2.34,0.0
20230407:0710,62.38,115.3,10.64,9.52,2.34,0.0
20230407:0810,280.85,360.27,21.69,13.14,1.45,0.0
20230407:0910,482.65,615.33,32.32,17.3,0.34,0.0
20230407:1010,630.49,814.03,41.97,18.89,1.1,0.0
20230407:1110,741.28,970.23,49.7,19.39,1.66,0.0
20230407:1210,799.72,1058.03,54.11,19.77,1.86,0.0
20230407:1310,806.22,1065.37,53.89,20.11,2.07,0.0
20230407:1410,732.97,952.37,49.11,20.37,2.28,0.0
20230407:1510,650.35,831.89,41.15,20.46,2.34,0.0
20230407:1610,487.54,615.54,31.38,20.26,2.21,0.0
20230407:1710,260.06,341.74,20.69,19.69,1.72,0.0
20230407:1810,59.51,111.0,9.63,18.8,1.17,0.0
20230407:1910,0.0,0.0,0.0,17.28,0.34,0.0
20230407:2010,0.0,0.0,0.0,16.65,0.48,0.0
20230407:2110,0.0,0.0,0.0,15.94,1.03,0.0
20230407:2210,0.0,0.0,0.0,14.06,1.31,0.0
20230407:2310,0.0,0.0,0.0,12.67,1.45,0.0
20230408:0010,0.0,0.0,0.0,11.51,1.59,0.0
20230408:0110,0.0,0.0,0.0,10.59,1.72,0.0
20230408:0210,0.0,0.0,0.0,9.54,1.86,0.0
20230408:0310,0.0,0.0,0.0,8.61,2.07,0.0
20230408:0410,0.0,0.0,0.0,8.07,2.21,0.0
20230408:0510,0.0,0.0,0.0,7.71,2.28,0.0
20230408:0610,0.0,0.0,0.0,7.45,2.28,0.0
20230408:0710,64.51,109.61,10.95,8.32,2.28,0.0
20230408:0810,284.12,363.79,21.99,13.16,1.66,0.0
20230408:0910,471.07,594.39,32.64,17.56,1.03,0.0
20230408:1010,604.51,792.59,42.31,19.46,0.34,0.0
20230408:1110,723.89,955.62,50.07,20.41,1.38,0.0
20230408:1210,786.19,1036.1,54.49,20.74,2.21,0.0
20230408:1310,800.33,1050.72,54.24,20.8,2.55,0.0
20230408:1410,738.74,956.24,49.41,20.77,2.69,0.0
20230408:1510,632.21,804.55,41.4,20.56,2.62,0.0
20230408:1610,477.13,601.79,31.6,20.34,2.28,0.0
20230408:1710,261.11,343.4,20.89,19.94,1.86,0.0
20230408:1810,58.02,105.08,9.83,19.16,1.45,0.0
20230408:1910,0.0,0.0,0.0,17.59,1.52,0.0
20230408:2010,0.0,0.0,0.0,15.56,1.17,0.0
20230408:2110,0.0,0.0,0.0,15.69,0.83,0.0
20230408:2210,0.0,0.0,0.0,15.36,0.62,0.0
20230408:2310,0.0,0.0,0.0,14.81,0.9,0.0
20230409:0010,0.0,0.0,0.0,13.95,1.1,0.0
20230409:0110,0.0,0.0,0.0,13.69,0.76,0.0
20230409:0210,0.0,0.0,0.0,13.31,0.48,0.0
20230409:0310,0.0,0.0,0.0,13.13,0.55,0.0
20230409:0410,0.0,0.0,0.0,12.81,0.83,0.0
20230409:0510,0.0,0.0,0.0,12.56,0.41,0.0
20230409:0610,0.0,0.0,0.0,12.31,0.28,0.0
20230409:0710,65.22,119.14,11.25,12.2,0.14,0.0
20230409:0810,185.2,238.14,22.3,13.09,0.83,0.0
20230409:0910,450.14,557.79,32.96,15.32,1.52,0.0
20230409:1010,639.78,811.11,42.65,15.95,1.31,0.0
20230409:1110,744.07,969.91,50.44,16.7,1.17,0.0
20230409:1210,810.73,1062.81,54.87,17.56,1.79,0.0
20230409:1310,802.92,1036.95,54.6,17.99,2.62,0.0
20230409:1410,706.37,892.4,49.71,17.8,3.03,0.0
20230409:1510,508.8,629.31,41.65,17.34,2.97,0.0
20230409:1610,320.17,396.54,31.81,16.77,2.69,0.0
20230409:1710,201.61,260.49,21.09,16.15,2.34,0.0
20230409:1810,52.83,88.41,10.02,15.34,2.28,0.0
20230409:1910,0.0,0.0,0.0,13.5,2.07,0.0
20230409:2010,0.0,0.0,0.0,12.6,1.52,0.0
20230409:2110,0.0,0.0,0.0,11.66,1.17,0.0
20230409:2210,0.0,0.0,0.0,10.61,1.24,0.0
20230409:2310,0.0,0.0,0.0,11.24,0.83,0.0
20230410:0010,0.0,0.0,0.0,11.2,0.14,0.0
20230410:0110,0.0,0.0,0.0,11.0,0.28,0.0
20230410:0210,0.0,0.0,0.0,10.77,0.48,0.0
20230410:0310,0.0,0.0,0.0,10.66,0.69,0.0
20230410:0410,0.0,0.0,0.0,10.55,0.21,0.0
20230410:0510,0.0,0.0,0.0,10.36,0.62,0.0
20230410:0610,0.0,0.0,0.0,9.95,1.1,0.0
20230410:0710,41.93,66.35,11.55,11.0,1.52,0.0
20230410:0810,191.18,244.23,22.6,12.45,1.31,0.0
20230410:0910,93.33,127.38,33.28,14.0,1.79,0.0
20230410:1010,446.66,548.59,42.99,14.89,2.14,0.0
20230410:1110,692.32,866.27,50.81,15.53,2.69,0.0
20230410:1210,599.93,742.99,55.25,16.03,3.24,0.0
20230410:1310,484.71,595.99,54.95,16.3,3.52,0.0
20230410:1410,576.43,710.51,50.01,16.19,3.45,0.0
20230410:1510,469.28,574.96,41.9,15.98,3.1,0.0
20230410:1610,258.31,321.09,32.03,15.64,2.69,0.0
20230410:1710,180.75,233.9,21.29,15.25,2.21,0.0
20230410:1810,41.59,68.59,10.21,14.88,2.0,0.0
20230410:1910,0.0,0.0,0.0,14.26,2.07,0.0
20230410:2010,0.0,0.0,0.0,13.92,1.86,0.0
20230410:2110,0.0,0.0,0.0,13.64,1.59,0.0
20230410:2210,0.0,0.0,0.0,13.42,1.38,0.0
20230410:2310,0.0,0.0,0.0,13.12,1.38,0.0
20230411:0010,0.0,0.0,0.0,12.75,1.79,0.0
20230411:0110,0.0,0.0,0.0,12.51,1.66,0.0
20230411:0210,0.0,0.0,0.0,12.35,1.86,0.0
20230411:0310,0.0,0.0,0.0,12.18,1.79,0.0
20230411:0410,0.0,0.0,0.0,12.08,1.59,0.0
20230411:0510,0.0,0.0,0.0,11.7,1.59,0.0
20230411:0610,0.0,0.0,0.0,11.68,1.79,0.0
20230411:0710,54.53,84.4,11.85,11.82,1.72,0.0
20230411:0810,207.82,263.38,22.91,12.44,2.41,0.0
20230411:0910,383.69,464.41,33.59,12.92,2.97,0.0
20230411:1010,490.77,593.04,43.33,13.28,3.38,0.0
20230411:1110,630.85,767.96,51.17,13.83,4.0,0.0
20230411:1210,756.57,930.92,55.63,14.16,4.34,0.0
20230411:1310,822.46,1017.71,55.3,14.41,4.48,0.0
20230411:1410,722.14,882.53,50.31,14.55,4.69,0.0
20230411:1510,608.42,735.04,42.15,14.76,4.9,0.0
20230411:1610,252.17,310.39,32.24,14.64,4.83,0.0
20230411:1710,59.22,86.77,21.48,14.39,4.76,0.0
20230411:1810,59.01,100.83,10.41,13.89,4.69,0.0
20230411:1910,0.0,0.0,0.0,13.12,4.21,0.0
20230411:2010,0.0,0.0,0.0,12.6,4.28,0.0
20230411:2110,0.0,0.0,0.0,12.31,4.76,0.0
20230411:2210,0.0,0.0,0.0,12.32,5.1,0.0
20230411:2310,0.0,0.0,0.0,12.26,5.03,0.0
20230412:0010,0.0,0.0,0.0,12.15,4.9,0.0
20230412:0110,0.0,0.0,0.0,12.27,5.03,0.0
20230412:0210,0.0,0.0,0.0,12.41,4.76,0.0
20230412:0310,0.0,0.0,0.0,12.51,5.52,0.0
20230412:0410,0.0,0.0,0.0,12.3,4.97,0.0
20230412:0510,0.0,0.0,0.0,11.95,4.0,0.0
20230412:0610,0.0,0.0,0.0,11.69,4.07,0.0
20230412:0710,33.04,54.24,12.14,11.25,4.62,0.0
20230412:0810,50.88,75.69,23.2,10.96,3.93,0.0
20230412:0910,168.21,211.02,33.9,11.06,3.86,0.0
20230412:1010,411.09,489.52,43.66,11.38,4.62,0.0
20230412:1110,488.76,581.66,51.53,11.65,5.17,0.0
20230412:1210,771.94,933.5,56.0,11.95,5.17,0.0
20230412:1310,858.49,1046.64,55.64,12.19,5.17,0.0
20230412:1410,629.45,752.59,50.6,12.15,5.31,0.0
20230412:1510,650.53,774.17,42.39,12.33,5.66,0.0
20230412:1610,453.02,537.3,32.45,12.1,5.86,0.0
20230412:1710,280.07,349.79,21.68,11.69,5.66,0.0
20230412:1810,64.46,115.9,10.6,11.17,5.31,0.0
20230412:1910,0.0,0.0,0.0,10.67,4.69,0.0
20230412:2010,0.0,0.0,0.0,9.99,4.07,0.0
20230412:2110,0.0,0.0,0.0,9.54,3.38,0.0
20230412:2210,0.0,0.0,0.0,9.25,2.9,0.0
20230412:2310,0.0,0.0,0.0,9.05,2.62,0.0
20230413:0010,0.0,0.0,0.0,8.79,2.28,0.0
20230413:0110,0.0,0.0,0.0,8.66,2.34,0.0
20230413:0210,0.0,0.0,0.0,8.64,2.48,0.0
20230413:0310,0.0,0.0,0.0,8.51,2.55,0.0
20230413:0410,0.0,0.0,0.0,8.64,2.48,0.0
20230413:0510,0.0,0.0,0.0,8.63,2.55,0.0
20230413:0610,0.0,0.0,0.0,8.91,2.69,0.0
20230413:0710,27.82,47.08,12.43,9.28,2.76,0.0
20230413:0810,214.12,266.94,23.5,10.31,3.79,0.0
20230413:0910,307.57,369.04,34.21,11.21,4.83,0.0
20230413:1010,224.0,274.45,43.99,11.65,5.52,0.0
20230413:1110,532.58,632.65,51.89,11.72,5.66,0.0
20230413:1210,404.71,482.48,56.37,11.8,5.86,0.0
20230413:1310,162.47,204.92,55.99,12.04,5.66,0.0
20230413:1410,273.03,331.66,50.89,12.36,5.45,0.0
20230413:1510,154.97,196.61,42.63,12.17,5.1,0.0
20230413:1610,138.83,178.23,32.66,12.4,5.17,0.0
20230413:1710,95.35,128.51,21.87,12.24,4.69,0.0
20230413:1810,48.88,77.54,10.79,11.89,4.34,0.0
20230413:1910,0.0,0.0,0.0,11.59,4.34,0.0
20230413:2010,0.0,0.0,0.0,11.69,4.07,0.0
20230413:2110,0.0,0.0,0.0,11.74,4.07,0.0
20230413:2210,0.0,0.0,0.0,11.94,4.21,0.0
20230413:2310,0.0,0.0,0.0,11.95,4.21,0.0
20230414:0010,0.0,0.0,0.0,11.84,4.48,0.0
20230414:0110,0.0,0.0,0.0,11.78,4.62,0.0
20230414:0210,0.0,0.0,0.0,11.84,5.1,0.0
20230414:0310,0.0,0.0,0.0,11.82,5.17,0.0
20230414:0410,0.0,0.0,0.0,11.98,5.52,0.0
20230414:0510,0.0,0.0,0.0,12.21,5.86,0.0
20230414:0610,0.0,0.87,1.69,12.49,6.0,0.0
20230414:0710,25.94,45.23,12.72,12.71,6.48,0.0
20230414:0810,18.23,35.08,23.79,12.85,6.62,0.0
20230414:0910,42.77,66.46,34.51,13.33,6.41,0.0
20230414:1010,44.86,69.23,44.32,14.01,5.38,0.0
20230414:1110,110.32,146.77,52.24,14.45,5.72,0.0
20230414:1210,91.61,125.54,56.74,15.32,4.9,0.0
20230414:1310,96.19,131.07,56.33,15.64,5.03,0.0
20230414:1410,121.57,160.61,51.18,15.4,4.83,0.0
20230414:1510,315.56,385.72,42.87,15.34,4.62,0.0
20230414:1610,344.58,420.06,32.87,15.13,4.0,0.0
20230414:1710,240.35,306.2,22.06,14.74,3.86,0.0
20230414:1810,45.36,73.09,10.98,14.27,3.1,0.0
20230414:1910,0.0,0.0,0.0,13.29,3.1,0.0
20230414:2010,0.0,0.0,0.0,12.56,1.93,0.0
20230414:2110,0.0,0.0,0.0,11.68,1.1,0.0
20230414:2210,0.0,0.0,0.0,11.97,0.62,0.0
20230414:2310,0.0,0.0,0.0,11.79,0.41,0.0
20230415:0010,0.0,0.0,0.0,11.59,0.21,0.0
20230415:0110,0.0,0.0,0.0,11.25,0.28,0.0
20230415:0210,0.0,0.0,0.0,11.05,0.48,0.0
20230415:0310,0.0,0.0,0.0,10.63,0.76,0.0
20230415:0410,0.0,0.0,0.0,9.48,1.03,0.0
20230415:0510,0.0,0.0,0.0,8.93,1.24,0.0
20230415:0610,0.0,3.47,1.98,9.09,1.31,0.0
20230415:0710,76.46,133.55,13.01,10.42,0.9,0.0
20230415:0810,290.57,370.28,24.08,12.24,0.97,0.0
20230415:0910,369.95,454.55,34.81,13.33,1.24,0.0
20230415:1010,544.05,673.21,44.64,14.5,1.79,0.0
20230415:1110,399.04,491.89,52.59,15.57,2.48,0.0
20230415:1210,688.0,863.74,57.1,16.36,2.97,0.0
20230415:1310,784.68,992.32,56.67,16.92,3.45,0.0
20230415:1410,753.42,944.74,51.46,17.36,3.79,0.0
20230415:1510,651.45,803.28,43.11,17.53,4.28,0.0
20230415:1610,451.57,552.49,33.08,17.48,4.62,0.0
20230415:1710,231.06,297.01,22.26,17.08,4.55,0.0
20230415:1810,60.53,101.87,11.17,16.59,4.14,0.0
20230415:1910,0.0,0.0,0.0,15.92,4.0,0.0
20230415:2010,0.0,0.0,0.0,14.93,3.86,0.0
20230415:2110,0.0,0.0,0.0,14.2,3.72,0.0
20230415:2210,0.0,0.0,0.0,13.52,3.59,0.0
20230415:2310,0.0,0.0,0.0,12.9,3.66,0.0
20230416:0010,0.0,0.0,0.0,12.32,3.59,0.0
20230416:0110,0.0,0.0,0.0,11.74,3.52,0.0
20230416:0210,0.0,0.0,0.0,11.09,3.38,0.0
20230416:0310,0.0,0.0,0.0,10.51,3.24,0.0
20230416:0410,0.0,0.0,0.0,9.98,2.97,0.0
20230416:0510,0.0,0.0,0.0,9.51,2.69,0.0
20230416:0610,0.17,6.08,2.27,9.15,2.55,0.0
20230416:0710,80.36,141.05,13.29,10.15,2.55,0.0
20230416:0810,306.59,388.52,24.36,12.9,2.34,0.0
20230416:0910,505.01,626.5,35.11,15.87,1.93,0.0
20230416:1010,654.18,841.32,44.96,17.95,1.24,0.0
20230416:1110,737.23,995.36,52.94,19.37,0.41,0.0
20230416:1210,797.59,1079.7,57.46,20.21,1.03,0.0
20230416:1310,816.62,1089.09,57.0,20.62,1.86,0.0
20230416:1410,756.76,987.47,51.74,20.75,2.34,0.0
20230416:1510,650.11,828.88,43.34,20.74,2.69,0.0
20230416:1610,487.59,613.5,33.28,20.6,2.83,0.0
20230416:1710,280.37,368.85,22.45,20.17,2.76,0.0
20230416:1810,64.82,122.8,11.36,19.44,2.34,0.0
20230416:1910,0.0,0.0,0.0,18.22,1.93,0.0
20230416:2010,0.0,0.0,0.0,16.63,1.66,0.0
20230416:2110,0.0,0.0,0.0,14.88,1.72,0.0
20230416:2210,0.0,0.0,0.0,13.96,1.79,0.0
20230416:2310,0.0,0.0,0.0,12.97,2.0,0.0
20230417:0010,0.0,0.0,0.0,11.95,2.14,0.0
20230417:0110,0.0,0.0,0.0,11.16,2.28,0.0
20230417:0210,0.0,0.0,0.0,10.75,2.48,0.0
20230417:0310,0.0,0.0,0.0,10.71,2.62,0.0
20230417:0410,0.0,0.0,0.0,10.88,2.83,0.0
20230417:0510,0.0,0.0,0.0,10.97,2.83,0.0
20230417:0610,0.87,7.81,2.55,10.95,2.9,0.0
20230417:0710,80.63,139.57,13.57,12.13,2.55,0.0
20230417:0810,305.86,393.68,24.64,15.82,2.0,0.0
20230417:0910,488.87,619.53,35.4,19.4,1.52,0.0
20230417:1010,636.41,840.82,45.27,21.25,0.69,0.0
20230417:1110,713.0,964.54,53.28,22.05,0.69,0.0
20230417:1210,778.54,1047.19,57.82,22.27,1.59,0.0
20230417:1310,802.28,1074.38,57.33,22.34,2.0,0.0
20230417:1410,585.83,756.12,52.02,22.45,2.28,0.0
20230417:1510,642.63,827.01,43.57,22.49,2.62,0.0
20230417:1610,485.13,615.5,33.48,22.27,2.83,0.0
20230417:1710,274.06,363.5,22.63,21.74,2.69,0.0
20230417:1810,63.73,120.31,11.54,21.01,2.41,0.0
20230417:1910,0.0,0.0,0.0,19.92,1.86,0.0
20230417:2010,0.0,0.0,0.0,18.46,1.86,0.0
20230417:2110,0.0,0.0,0.0,16.84,2.28,0.0
20230417:2210,0.0,0.0,0.0,15.35,2.55,0.0
20230417:2310,0.0,0.0,0.0,14.12,2.69,0.0
20230418:0010,0.0,0.0,0.0,13.2,2.83,0.0
20230418:0110,0.0,0.0,0.0,12.49,3.03,0.0
20230418:0210,0.0,0.0,0.0,11.81,3.24,0.0
20230418:0310,0.0,0.0,0.0,11.22,3.24,0.0
20230418:0410,0.0,0.0,0.0,10.77,3.24,0.0
20230418:0510,0.0,0.0,0.0,10.51,3.17,0.0
20230418:0610,1.69,9.55,2.83,10.27,3.03,0.0
20230418:0710,83.51,143.75,13.84,11.38,2.76,0.0
20230418:0810,306.4,390.35,24.92,14.4,2.34,0.0
20230418:0910,509.07,636.26,35.69,17.26,1.93,0.0
20230418:1010,663.39,856.82,45.59,18.89,1.38,0.0
20230418:1110,750.82,1017.05,53.62,20.05,0.55,0.0
20230418:1210,799.96,1090.21,58.17,20.84,0.97,0.0
20230418:1310,819.29,1093.17,57.66,21.09,2.0,0.0
20230418:1410,763.65,995.69,52.3,21.01,2.55,0.0
20230418:1510,659.19,842.08,43.8,20.84,2.69,0.0
20230418:1610,496.04,626.73,33.68,20.51,2.41,0.0
20230418:1710,258.73,340.8,22.82,20.19,2.07,0.0
20230418:1810,65.5,124.56,11.73,19.64,1.59,0.0
20230418:1910,0.0,0.0,0.0,18.4,0.97,0.0
20230418:2010,0.0,0.0,0.0,17.52,0.83,0.0
20230418:2110,0.0,0.0,0.0,16.26,1.17,0.0
20230418:2210,0.0,0.0,0.0,14.5,1.52,0.0
20230418:2310,0.0,0.0,0.0,13.37,1.59,0.0
20230419:0010,0.0,0.0,0.0,12.42,1.59,0.0
20230419:0110,0.0,0.0,0.0,11.17,1.72,0.0
20230419:0210,0.0,0.0,0.0,10.04,1.86,0.0
20230419:0310,0.0,0.0,0.0,9.07,2.0,0.0
20230419:0410,0.0,0.0,0.0,8.46,2.07,0.0
20230419:0510,0.0,0.0,0.0,8.1,2.07,0.0
20230419:0610,2.62,11.28,3.11,7.83,2.07,0.0
20230419:0710,85.65,148.92,14.11,9.68,1.86,0.0
20230419:0810,304.31,390.72,25.2,15.14,1.59,0.0
20230419:0910,507.09,632.8,35.98,17.29,2.07,0.0
20230419:1010,681.46,859.92,45.89,18.34,2.83,0.0
20230419:1110,791.48,1009.09,53.96,18.97,3.59,0.0
20230419:1210,844.69,1080.84,58.53,19.29,4.14,0.0
20230419:1310,854.04,1089.89,57.99,19.22,4.41,0.0
20230419:1410,782.6,987.52,52.57,18.98,4.34,0.0
20230419:1510,666.38,829.28,44.03,18.61,4.07,0.0
20230419:1610,497.68,614.57,33.88,18.05,3.72,0.0
20230419:1710,284.22,368.72,23.01,17.41,3.03,0.0
20230419:1810,66.64,124.51,11.91,16.76,2.41,0.0
20230419:1910,0.0,0.0,0.0,15.31,2.0,0.0
20230419:2010,0.0,0.0,0.0,14.31,1.72,0.0
20230419:2110,0.0,0.0,0.0,13.37,1.79,0.0
20230419:2210,0.0,0.0,0.0,12.19,1.38,0.0
20230419:2310,0.0,0.0,0.0,11.47,1.31,0.0
20230420:0010,0.0,0.0,0.0,10.86,1.45,0.0
20230420:0110,0.0,0.0,0.0,10.41,1.59,0.0
20230420:0210,0.0,0.0,0.0,9.93,1.52,0.0
20230420:0310,0.0,0.0,0.0,9.75,1.45,0.0
20230420:0410,0.0,0.0,0.0,9.65,1.31,0.0
20230420:0510,0.0,0.0,0.0,9.74,1.24,0.0
20230420:0610,0.88,7.81,3.38,9.9,1.03,0.0
20230420:0710,65.3,95.46,14.38,10.96,0.97,0.0
20230420:0810,143.69,186.27,25.47,12.51,0.97,0.0
20230420:0910,184.68,234.31,36.26,13.58,1.17,0.0
20230420:1010,271.89,338.04,46.2,14.9,2.0,0.0
20230420:1110,533.54,659.9,54.29,15.69,2.69,0.0
20230420:1210,763.83,965.07,58.88,16.15,3.1,0.0
20230420:1310,771.19,973.86,58.31,16.46,3.31,0.0
20230420:1410,634.0,787.24,52.84,16.59,3.45,0.0
20230420:1510,363.23,446.35,44.26,16.5,3.66,0.0
20230420:1610,243.55,303.47,34.08,16.02,3.79,0.0
20230420:1710,202.33,259.4,23.19,15.32,3.38,0.0
20230420:1810,52.09,81.15,12.1,14.51,2.48,0.0
20230420:1910,0.0,0.0,0.0,13.5,2.62,0.0
20230420:2010,0.0,0.0,0.0,12.48,2.14,0.0
20230420:2110,0.0,0.0,0.0,11.7,1.45,0.0
20230420:2210,0.0,0.0,0.0,10.92,1.1,0.0
20230420:2310,0.0,0.0,0.0,10.1,1.59,0.0
20230421:0010,0.0,0.0,0.0,10.29,1.93,0.0
20230421:0110,0.0,0.0,0.0,10.49,2.07,0.0
20230421:0210,0.0,0.0,0.0,10.59,2.21,0.0
20230421:0310,0.0,0.0,0.0,10.51,2.48,0.0
20230421:0410,0.0,0.0,0.0,10.26,2.62,0.0
20230421:0510,0.0,0.0,0.0,10.03,2.62,0.0
20230421:0610,3.54,13.02,3.65,9.88,2.76,0.0
20230421:0710,87.67,131.8,14.65,10.26,3.38,0.0
20230421:0810,207.11,259.51,25.73,12.06,3.72,0.0
20230421:0910,138.64,179.29,36.53,13.68,4.21,0.0
20230421:1010,114.97,152.3,46.49,14.37,4.55,0.0
20230421:1110,84.32,116.31,54.62,13.94,4.76,0.0
20230421:1210,69.71,98.77,59.22,13.33,6.0,0.0
20230421:1310,99.98,133.84,58.63,12.69,5.03,0.0
20230421:1410,55.88,82.15,53.11,12.42,3.72,0.0
20230421:1510,43.63,67.38,44.48,12.56,3.86,0.0
20230421:1610,201.31,250.46,34.28,12.67,3.79,0.0
20230421:1710,240.74,304.3,23.38,12.96,3.59,0.0
20230421:1810,66.61,107.01,12.28,12.96,3.03,0.0
20230421:1910,0.0,0.0,0.0,12.9,3.17,0.0
20230421:2010,0.0,0.0,0.0,12.1,2.48,0.0
20230421:2110,0.0,0.0,0.0,11.55,2.07,0.0
20230421:2210,0.0,0.0,0.0,10.81,2.0,0.0
20230421:2310,0.0,0.0,0.0,10.08,2.07,0.0
20230422:0010,0.0,0.0,0.0,9.86,2.41,0.0
20230422:0110,0.0,0.0,0.0,10.15,2.76,0.0
20230422:0210,0.0,0.0,0.0,10.39,2.97,0.0
20230422:0310,0.0,0.0,0.0,10.34,3.24,0.0
20230422:0410,0.0,0.0,0.0,10.28,3.38,0.0
20230422:0510,0.0,0.0,0.0,10.43,3.24,0.0
20230422:0610,0.0,5.21,3.92,10.25,3.24,0.0
20230422:0710,79.13,114.79,14.91,10.91,3.1,0.0
20230422:0810,255.8,318.18,25.99,11.69,3.72,0.0
20230422:0910,77.04,107.07,36.81,12.32,4.28,0.0
20230422:1010,624.19,748.13,46.79,12.88,4.97,0.0
20230422:1110,734.82,891.95,54.94,13.92,5.31,0.0
20230422:1210,756.86,926.15,59.56,14.92,5.45,0.0
20230422:1310,807.11,993.97,58.95,15.52,5.45,0.0
20230422:1410,738.68,902.46,53.38,15.8,5.66,0.0
20230422:1510,590.35,713.03,44.7,15.9,5.86,0.0
20230422:1610,466.6,561.36,34.47,15.35,6.21,0.0
20230422:1710,217.46,276.57,23.56,15.35,6.34,0.0
20230422:1810,9.61,23.08,12.47,14.94,6.28,0.0
20230422:1910,0.0,0.0,0.0,14.32,6.83,0.0
20230422:2010,0.0,0.0,0.0,13.76,7.03,0.0
20230422:2110,0.0,0.0,0.0,13.63,6.97,0.0
20230422:2210,0.0,0.0,0.0,13.74,6.76,0.0
20230422:2310,0.0,0.0,0.0,13.87,6.48,0.0
20230423:0010,0.0,0.0,0.0,13.96,6.28,0.0
20230423:0110,0.0,0.0,0.0,13.9,6.14,0.0
20230423:0210,0.0,0.0,0.0,13.67,5.24,0.0
20230423:0310,0.0,0.0,0.0,13.6,4.97,0.0
20230423:0410,0.0,0.0,0.0,13.61,4.97,0.0
20230423:0510,0.0,0.0,0.0,13.63,4.69,0.0
20230423:0610,2.07,10.42,4.18,13.62,4.69,0.0
20230423:0710,62.86,92.52,15.16,13.7,4.28,0.0
20230423:0810,93.73,127.43,26.25,14.13,4.76,0.0
20230423:0910,70.8,100.61,37.08,14.6,5.31,0.0
20230423:1010,88.56,121.84,47.08,15.36,6.14,0.0
20230423:1110,98.06,132.92,55.26,15.28,6.21,0.0
20230423:1210,71.14,101.54,59.9,15.99,6.34,0.0
20230423:1310,130.28,170.77,59.27,15.64,5.59,0.0
20230423:1410,65.65,95.07,53.64,16.09,5.38,0.0
20230423:1510,122.69,162.46,44.92,16.15,4.76,0.0
20230423:1610,119.4,158.77,34.66,16.35,4.62,0.0
20230423:1710,92.46,126.76,23.74,15.38,4.34,0.0
20230423:1810,48.95,76.35,12.65,15.19,3.66,0.0
20230423:1910,0.0,0.87,1.74,14.32,2.41,0.0
20230423:2010,0.0,0.0,0.0,13.91,1.66,0.0
20230423:2110,0.0,0.0,0.0,13.74,1.24,0.0
20230423:2210,0.0,0.0,0.0,13.51,1.38,0.0
20230423:2310,0.0,0.0,0.0,13.36,1.45,0.0
20230424:0010,0.0,0.0,0.0,13.37,1.59,0.0
20230424:0110,0.0,0.0,0.0,13.21,1.66,0.0
20230424:0210,0.0,0.0,0.0,13.17,1.86,0.0
20230424:0310,0.0,0.0,0.0,13.4,2.07,0.0
20230424:0410,0.0,0.0,0.0,13.59,2.48,0.0
20230424:0510,0.0,0.0,0.0,13.62,2.69,0.0
20230424:0610,0.0,5.21,4.44,13.76,3.03,0.0
20230424:0710,41.06,64.61,15.41,14.04,3.79,0.0
20230424:0810,75.42,106.15,26.51,14.42,3.72,0.0
20230424:0910,138.38,180.19,37.34,15.15,4.0,0.0
20230424:1010,331.19,406.51,47.36,15.97,4.14,0.0
20230424:1110,335.32,412.78,55.58,16.46,4.34,0.0
20230424:1210,481.19,590.19,60.23,16.99,4.62,0.0
20230424:1310,561.52,689.55,59.58,17.05,4.76,0.0
20230424:1410,450.38,552.47,53.9,17.08,4.34,0.0
20230424:1510,594.05,730.62,45.14,17.0,3.86,0.0
20230424:1610,460.09,565.13,34.86,16.83,3.45,0.0
20230424:1710,225.56,290.59,23.92,16.34,3.1,0.0
20230424:1810,64.24,100.89,12.83,15.68,2.83,0.0
20230424:1910,0.0,0.87,1.93,14.86,1.79,0.0
20230424:2010,0.0,0.0,0.0,14.19,1.31,0.0
20230424:2110,0.0,0.0,0.0,13.88,1.45,0.0
20230424:2210,0.0,0.0,0.0,13.57,1.45,0.0
20230424:2310,0.0,0.0,0.0,13.31,1.45,0.0
20230425:0010,0.0,0.0,0.0,12.94,1.59,0.0
20230425:0110,0.0,0.0,0.0,12.7,1.72,0.0
20230425:0210,0.0,0.0,0.0,12.56,1.86,0.0
20230425:0310,0.0,0.0,0.0,12.21,1.86,0.0
20230425:0410,0.0,0.0,0.0,12.08,1.93,0.0
20230425:0510,0.0,0.0,0.0,12.02,2.07,0.0
20230425:0610,6.05,17.36,4.69,12.02,2.14,0.0
20230425:0710,91.12,138.47,15.66,12.92,2.9,0.0
20230425:0810,151.33,194.89,26.75,13.61,3.31,0.0
20230425:0910,238.41,296.02,37.6,14.71,3.59,0.0
20230425:1010,193.02,244.49,47.64,15.69,3.79,0.0
20230425:1110,355.51,437.69,55.89,16.44,3.86,0.0
20230425:1210,565.64,699.01,60.57,16.87,3.79,0.0
20230425:1310,572.7,707.78,59.88,17.06,3.93,0.0
20230425:1410,598.28,738.51,54.16,17.18,4.07,0.0
20230425:1510,439.89,539.96,45.35,17.22,3.86,0.0
20230425:1610,216.37,273.04,35.04,16.92,3.52,0.0
20230425:1710,167.34,218.09,24.1,16.74,3.1,0.0
20230425:1810,44.38,70.1,13.01,16.29,2.55,0.0
20230425:1910,0.0,1.74,2.12,15.43,1.72,0.0
20230425:2010,0.0,0.0,0.0,14.66,1.31,0.0
20230425:2110,0.0,0.0,0.0,13.88,1.1,0.0
20230425:2210,0.0,0.0,0.0,13.46,0.76,0.0
20230425:2310,0.0,0.0,0.0,13.64,0.69,0.0
20230426:0010,0.0,0.0,0.0,12.28,1.1,0.0
20230426:0110,0.0,0.0,0.0,11.84,1.24,0.0
20230426:0210,0.0,0.0,0.0,11.84,1.24,0.0
20230426:0310,0.0,0.0,0.0,11.78,1.17,0.0
20230426:0410,0.0,0.0,0.0,11.52,1.1,0.0
20230426:0510,0.0,0.0,0.0,11.13,1.31,0.0
20230426:0610,1.67,9.55,4.94,11.36,1.52,0.0
20230426:0710,53.98,80.56,15.91,12.81,1.38,0.0
20230426:0810,125.48,165.53,27.0,13.9,1.17,0.0
20230426:0910,187.28,239.56,37.85,15.42,0.97,0.0
20230426:1010,288.74,362.25,47.92,16.45,1.31,0.0
20230426:1110,308.06,386.54,56.19,17.26,1.79,0.0
20230426:1210,588.0,745.49,60.89,17.92,2.0,0.0
20230426:1310,610.57,774.63,60.19,18.49,2.34,0.0
20230426:1410,711.02,905.64,54.41,18.65,2.69,0.0
20230426:1510,620.47,779.12,45.56,18.57,2.69,0.0
20230426:1610,475.84,593.67,35.23,18.37,2.48,0.0
20230426:1710,203.99,266.04,24.28,18.08,2.28,0.0
20230426:1810,44.83,70.99,13.19,17.45,2.21,0.0
20230426:1910,0.0,0.87,2.31,16.46,2.07,0.0
20230426:2010,0.0,0.0,0.0,15.64,1.59,0.0
20230426:2110,0.0,0.0,0.0,14.9,1.38,0.0
20230426:2210,0.0,0.0,0.0,14.07,1.17,0.0
20230426:2310,0.0,0.0,0.0,14.33,0.83,0.0
20230427:0010,0.0,0.0,0.0,13.88,0.97,0.0
20230427:0110,0.0,0.0,0.0,12.94,1.17,0.0
20230427:0210,0.0,0.0,0.0,12.51,1.24,0.0
20230427:0310,0.0,0.0,0.0,12.45,1.38,0.0
20230427:0410,0.0,0.0,0.0,12.9,1.45,0.0
20230427:0510,0.0,0.0,0.0,12.53,1.45,0.0
20230427:0610,8.25,20.83,5.19,12.34,1.38,0.0
20230427:0710,95.66,143.1,16.15,13.22,2.0,0.0
20230427:0810,248.69,315.68,27.24,14.69,1.79,0.0
20230427:0910,330.08,412.75,38.1,16.46,1.17,0.0
20230427:1010,453.37,583.02,48.19,18.48,0.07,0.0
20230427:1110,700.52,923.48,56.5,19.84,1.1,0.0
20230427:1210,780.62,1035.47,61.21,20.48,1.72,0.0
20230427:1310,778.81,1024.45,60.49,20.83,2.21,0.0
20230427:1410,733.43,952.15,54.66,20.85,2.41,0.0
20230427:1510,603.3,766.58,45.77,20.73,2.55,0.0
20230427:1610,302.5,382.44,35.42,20.38,2.62,0.0
20230427:1710,157.34,208.85,24.45,19.76,2.55,0.0
20230427:1810,68.31,109.88,13.36,18.88,2.28,0.0
20230427:1910,0.44,6.94,2.5,18.41,2.34,0.0
20230427:2010,0.0,0.0,0.0,17.18,2.21,0.0
20230427:2110,0.0,0.0,0.0,16.26,1.93,0.0
20230427:2210,0.0,0.0,0.0,15.19,1.86,0.0
20230427:2310,0.0,0.0,0.0,14.46,2.14,0.0
20230428:0010,0.0,0.0,0.0,14.03,2.48,0.0
20230428:0110,0.0,0.0,0.0,13.89,2.34,0.0
20230428:0210,0.0,0.0,0.0,13.79,2.21,0.0
20230428:0310,0.0,0.0,0.0,13.93,2.14,0.0
20230428:0410,0.0,0.0,0.0,13.74,1.24,0.0
20230428:0510,0.0,0.0,0.0,12.99,1.52,0.0
20230428:0610,9.96,23.44,5.43,12.6,2.14,0.0
20230428:0710,96.62,149.15,16.38,13.96,1.1,0.0
20230428:0810,225.16,290.09,27.47,16.59,0.9,0.0
20230428:0910,486.29,611.88,38.35,17.63,1.31,0.0
20230428:1010,386.48,484.55,48.46,18.47,1.93,0.0
20230428:1110,755.45,962.56,56.79,18.71,3.1,0.0
20230428:1210,786.4,1016.36,61.53,19.01,2.69,0.0
20230428:1310,750.83,979.75,60.78,19.48,2.0,0.0
20230428:1410,651.0,837.52,54.91,19.85,2.0,0.0
20230428:1510,514.08,648.53,45.98,19.89,2.28,0.0
20230428:1610,313.86,394.59,35.6,19.59,2.76,0.0
20230428:1710,156.26,206.46,24.63,18.87,2.9,0.0
20230428:1810,54.48,84.43,13.54,17.92,2.55,0.0
20230428:1910,0.0,2.6,2.68,17.16,1.86,0.0
20230428:2010,0.0,0.0,0.0,16.42,1.52,0.0
20230428:2110,0.0,0.0,0.0,15.75,1.52,0.0
20230428:2210,0.0,0.0,0.0,14.8,1.31,0.0
20230428:2310,0.0,0.0,0.0,14.53,0.83,0.0
20230429:0010,0.0,0.0,0.0,14.95,0.62,0.0
20230429:0110,0.0,0.0,0.0,14.28,0.83,0.0
20230429:0210,0.0,0.0,0.0,14.22,0.76,0.0
20230429:0310,0.0,0.0,0.0,13.96,0.62,0.0
20230429:0410,0.0,0.0,0.0,13.24,0.97,0.0
20230429:0510,0.0,0.0,0.0,13.48,1.17,0.0
20230429:0610,0.0,4.34,5.67,13.91,1.38,0.0
20230429:0710,66.31,96.64,16.61,14.35,1.59,0.0
20230429:0810,173.44,224.19,27.7,15.24,0.97,0.0
20230429:0910,226.74,287.95,38.59,15.85,0.48,0.0
20230429:1010,227.61,289.88,48.72,16.58,0.69,0.0
20230429:1110,419.77,525.99,57.08,17.48,1.72,0.0
20230429:1210,294.69,368.98,61.85,17.61,2.9,0.0
20230429:1310,360.22,448.42,61.08,17.73,3.03,0.0
20230429:1410,300.69,376.21,55.15,17.87,2.97,0.0
20230429:1510,457.91,567.32,46.18,18.14,3.17,0.0
20230429:1610,165.06,213.91,35.78,17.7,3.1,0.0
20230429:1710,199.26,257.82,24.8,17.13,3.31,0.0
20230429:1810,70.41,112.05,13.72,16.7,3.24,0.0
20230429:1910,0.0,2.6,2.87,16.22,2.76,0.0
20230429:2010,0.0,0.0,0.0,15.59,2.55,0.0
20230429:2110,0.0,0.0,0.0,15.29,2.48,0.0
20230429:2210,0.0,0.0,0.0,15.04,2.41,0.0
20230429:2310,0.0,0.0,0.0,14.79,2.34,0.0
20230430:0010,0.0,0.0,0.0,14.38,2.14,0.0
20230430:0110,0.0,0.0,0.0,14.22,2.0,0.0
20230430:0210,0.0,0.0,0.0,13.93,2.0,0.0
20230430:0310,0.0,0.0,0.0,13.51,2.21,0.0
20230430:0410,0.0,0.0,0.0,13.26,2.28,0.0
20230430:0510,0.0,0.0,0.0,13.11,2.21,0.0
20230430:0610,14.77,30.38,5.9,13.01,2.34,0.0
20230430:0710,94.85,136.01,16.84,13.82,2.34,0.0
20230430:0810,280.12,353.97,27.93,14.7,2.55,0.0
20230430:0910,490.33,603.37,38.82,16.07,2.83,0.0
20230430:1010,623.21,778.87,48.97,17.49,2.83,0.0
20230430:1110,655.29,831.78,57.37,18.58,2.62,0.0
20230430:1210,683.11,878.49,62.16,19.5,2.41,0.0
20230430:1310,744.6,964.56,61.37,20.08,2.62,0.0
20230430:1410,752.03,965.57,55.39,20.39,3.17,0.0
20230430:1510,641.95,806.6,46.39,20.47,3.79,0.0
20230430:1610,475.31,591.91,35.96,20.26,4.07,0.0
20230430:1710,275.79,362.18,24.98,19.93,3.86,0.0
20230430:1810,68.41,130.23,13.89,19.39,3.72,0.0
20230430:1910,1.99,10.42,3.05,18.39,3.52,0.0
20230430:2010,0.0,0.0,0.0,17.18,3.59,0.0
20230430:2110,0.0,0.0,0.0,16.37,3.24,0.0
20230430:2210,0.0,0.0,0.0,15.71,2.76,0.0
20230430:2310,0.0,0.0,0.0,14.98,2.62,0.0
20230501:0010,0.0,0.0,0.0,14.37,2.76,0.0
20230501:0110,0.0,0.0,0.0,13.86,2.97,0.0
20230501:0210,0.0,0.0,0.0,13.33,2.41,0.0
20230501:0310,0.0,0.0,0.0,12.38,1.72,0.0
20230501:0410,0.0,0.0,0.0,11.3,1.59,0.0
20230501:0510,0.0,0.0,0.0,10.35,1.86,0.0
20230501:0610,12.51,26.91,6.13,10.14,2.0,0.0
20230501:0710,101.04,169.06,17.06,12.14,1.45,0.0
20230501:0810,317.24,406.05,28.15,14.51,1.1,0.0
20230501:0910,494.81,623.54,39.05,16.52,0.9,0.0
20230501:1010,638.41,831.79,49.23,18.07,0.55,0.0
20230501:1110,670.72,899.48,57.65,19.21,0.14,0.0
20230501:1210,547.66,698.82,62.46,19.75,2.0,0.0
20230501:1310,816.54,1062.44,61.65,19.69,2.83,0.0
20230501:1410,758.9,971.09,55.63,19.55,3.17,0.0
20230501:1510,640.17,803.08,46.59,19.47,3.45,0.0
20230501:1610,435.45,542.47,36.14,19.18,3.24,0.0
20230501:1710,192.35,251.2,25.15,18.84,2.9,0.0
20230501:1810,69.96,128.39,14.07,18.36,2.21,0.0
20230501:1910,2.0,10.42,3.24,17.6,1.86,0.0
20230501:2010,0.0,0.0,0.0,16.88,1.66,0.0
20230501:2110,0.0,0.0,0.0,15.96,1.52,0.0
20230501:2210,0.0,0.0,0.0,14.9,1.59,0.0
20230501:2310,0.0,0.0,0.0,14.0,2.0,0.0
20230502:0010,0.0,0.0,0.0,13.54,2.21,0.0
20230502:0110,0.0,0.0,0.0,13.03,2.21,0.0
20230502:0210,0.0,0.0,0.0,12.62,2.14,0.0
20230502:0310,0.0,0.0,0.0,12.28,2.14,0.0
20230502:0410,0.0,0.0,0.0,12.13,2.34,0.0
20230502:0510,0.0,0.0,0.0,12.26,2.48,0.0
20230502:0610,14.82,30.38,6.35,12.41,2.34,0.0
20230502:0710,0.0,0.0,0.0,14.39,1.79,0.0
20230502:0810,284.53,367.04,28.37,17.86,1.72,0.0
20230502:0910,451.23,574.2,39.28,20.14,1.31,0.0
20230502:1010,612.2,806.79,49.47,21.61,0.69,0.0
20230502:1110,665.18,910.29,57.93,22.68,0.07,0.0
20230502:1210,722.03,989.36,62.76,23.53,0.69,0.0
20230502:1310,725.97,989.16,61.94,24.09,1.03,0.0
20230502:1410,664.34,887.79,55.87,24.48,1.38,0.0
20230502:1510,497.49,648.15,46.78,24.61,1.52,0.0
20230502:1610,396.5,513.41,36.32,24.37,1.52,0.0
20230502:1710,251.6,340.07,25.32,23.89,1.45,0.0
20230502:1810,70.92,123.84,14.24,23.18,1.45,0.0
20230502:1910,3.73,13.89,3.42,21.8,1.45,0.0
20230502:2010,0.0,0.0,0.0,20.61,1.59,0.0
20230502:2110,0.0,0.0,0.0,19.12,1.59,0.0
20230502:2210,0.0,0.0,0.0,18.39,1.93,0.0
20230502:2310,0.0,0.0,0.0,18.02,2.21,0.0
20230503:0010,0.0,0.0,0.0,17.32,2.0,0.0
20230503:0110,0.0,0.0,0.0,16.67,1.66,0.0
20230503:0210,0.0,0.0,0.0,16.2,1.86,0.0
20230503:0310,0.0,0.0,0.0,16.4,2.55,0.0
20230503:0410,0.0,0.0,0.0,16.91,2.83,0.0
20230503:0510,0.0,0.0,0.0,17.59,3.31,0.0
20230503:0610,14.38,30.38,6.57,17.94,3.38,0.0
20230503:0710,101.66,160.34,17.49,18.42,3.1,0.0
20230503:0810,301.72,388.27,28.58,19.45,4.28,0.0
20230503:0910,439.87,542.9,39.5,19.69,5.24,0.0
20230503:1010,357.11,443.05,49.71,19.76,5.52,0.0
20230503:1110,682.49,848.54,58.2,19.99,5.79,0.0
20230503:1210,239.01,302.08,63.06,19.48,6.07,0.0
20230503:1310,256.99,322.4,62.21,18.62,5.72,0.0
20230503:1410,122.63,163.38,56.1,17.84,5.72,0.0
20230503:1510,98.2,133.84,46.98,16.45,5.38,0.0
20230503:1610,183.14,231.97,36.5,15.6,5.38,0.0
20230503:1710,45.28,70.15,25.48,15.48,5.52,0.0
20230503:1810,35.67,58.15,14.41,15.36,5.66,0.0
20230503:1910,3.89,13.89,3.6,15.64,4.48,0.0
20230503:2010,0.0,0.0,0.0,14.96,4.14,0.0
20230503:2110,0.0,0.0,0.0,14.76,4.55,0.0
20230503:2210,0.0,0.0,0.0,14.07,4.69,0.0
20230503:2310,0.0,0.0,0.0,13.7,4.21,0.0
20230504:0010,0.0,0.0,0.0,13.65,4.21,0.0
20230504:0110,0.0,0.0,0.0,13.45,4.14,0.0
20230504:0210,0.0,0.0,0.0,13.27,4.0,0.0
20230504:0310,0.0,0.0,0.0,13.21,3.79,0.0
20230504:0410,0.0,0.0,0.0,13.16,3.86,0.0
20230504:0510,0.0,0.0,0.0,13.23,3.93,0.0
20230504:0610,18.55,35.59,6.79,13.21,4.28,0.0
20230504:0710,104.08,149.64,17.69,13.66,4.97,0.0
20230504:0810,306.59,382.66,28.79,14.16,5.52,0.0
20230504:0910,429.61,517.66,39.71,14.82,5.66,0.0
20230504:1010,620.78,746.7,49.95,15.28,6.41,0.0
20230504:1110,394.99,479.29,58.47,15.79,6.41,0.0
20230504:1210,747.02,913.94,63.35,16.01,6.14,0.0
20230504:1310,732.94,894.94,62.49,15.82,6.14,0.0
20230504:1410,570.83,695.46,56.33,16.61,5.59,0.0
20230504:1510,557.87,677.91,47.17,16.66,5.38,0.0
20230504:1610,402.88,490.59,36.67,16.38,5.24,0.0
20230504:1710,98.91,134.77,25.65,16.31,4.69,0.0
20230504:1810,55.66,84.27,14.58,15.87,4.55,0.0
20230504:1910,4.89,15.62,3.78,15.45,4.48,0.0
20230504:2010,0.0,0.0,0.0,14.91,3.79,0.0
20230504:2110,0.0,0.0,0.0,14.45,3.52,0.0
20230504:2210,0.0,0.0,0.0,14.16,3.38,0.0
20230504:2310,0.0,0.0,0.0,14.0,3.38,0.0
20230505:0010,0.0,0.0,0.0,13.98,3.45,0.0
20230505:0110,0.0,0.0,0.0,13.97,3.66,0.0
20230505:0210,0.0,0.0,0.0,13.97,3.72,0.0
20230505:0310,0.0,0.0,0.0,13.88,3.52,0.0
20230505:0410,0.0,0.0,0.0,13.63,3.17,0.0
20230505:0510,0.0,0.0,0.0,13.54,3.03,0.0
20230505:0610,16.6,32.98,6.99,13.59,3.03,0.0
20230505:0710,107.24,160.62,17.89,14.21,3.31,0.0
20230505:0810,294.9,370.57,28.99,14.91,4.14,0.0
20230505:0910,437.71,532.37,39.92,15.99,4.69,0.0
20230505:1010,504.74,614.31,50.17,16.53,5.1,0.0
20230505:1110,650.07,798.39,58.73,17.04,5.24,0.0
20230505:1210,731.44,906.0,63.64,17.46,5.31,0.0
20230505:1310,263.53,329.1,62.76,17.69,5.31,0.0
20230505:1410,745.85,922.2,56.55,18.05,5.52,0.0
20230505:1510,580.53,710.31,47.36,18.27,5.59,0.0
20230505:1610,465.63,569.85,36.84,17.93,5.24,0.0
20230505:1710,251.65,324.45,25.82,17.48,4.76,0.0
20230505:1810,72.78,110.2,14.75,17.01,4.21,0.0
20230505:1910,2.92,12.15,3.96,16.46,3.93,0.0
20230505:2010,0.0,0.0,0.0,15.73,3.79,0.0
20230505:2110,0.0,0.0,0.0,15.33,3.66,0.0
20230505:2210,0.0,0.0,0.0,14.98,3.86,0.0
20230505:2310,0.0,0.0,0.0,14.78,3.93,0.0
20230506:0010,0.0,0.0,0.0,14.78,4.07,0.0
20230506:0110,0.0,0.0,0.0,14.76,4.14,0.0
20230506:0210,0.0,0.0,0.0,14.72,3.86,0.0
20230506:0310,0.0,0.0,0.0,14.71,4.0,0.0
20230506:0410,0.0,0.0,0.0,14.52,4.0,0.0
20230506:0510,0.0,0.0,0.0,14.12,3.79,0.0
20230506:0610,17.19,33.85,7.2,14.12,3.38,0.0
20230506:0710,83.6,118.01,18.09,14.53,2.83,0.0
20230506:0810,244.09,308.7,29.18,14.83,2.21,0.0
20230506:0910,446.17,552.09,40.13,15.53,1.79,0.0
20230506:1010,436.92,541.62,50.4,16.21,2.07,0.0
20230506:1110,610.95,764.05,58.98,17.17,2.9,0.0
20230506:1210,748.93,951.14,63.92,17.51,3.03,0.0
20230506:1310,417.87,520.82,63.02,17.73,2.69,0.0
20230506:1410,440.01,546.13,56.77,17.77,3.1,0.0
20230506:1510,554.46,688.37,47.55,17.81,3.1,0.0
20230506:1610,413.17,511.74,37.01,17.6,2.97,0.0
20230506:1710,256.66,332.63,25.98,16.87,2.9,0.0
20230506:1810,76.74,118.66,14.91,16.56,2.28,0.0
20230506:1910,0.13,6.08,4.14,16.11,2.0,0.0
20230506:2010,0.0,0.0,0.0,15.34,1.45,0.0
20230506:2110,0.0,0.0,0.0,14.45,1.45,0.0
20230506:2210,0.0,0.0,0.0,13.79,1.17,0.0
20230506:2310,0.0,0.0,0.0,13.67,1.03,0.0
20230507:0010,0.0,0.0,0.0,13.46,0.97,0.0
20230507:0110,0.0,0.0,0.0,13.01,0.97,0.0
20230507:0210,0.0,0.0,0.0,12.6,1.03,0.0
20230507:0310,0.0,0.0,0.0,12.19,1.1,0.0
20230507:0410,0.0,0.0,0.0,11.73,1.31,0.0
20230507:0510,0.0,0.0,0.0,11.61,1.38,0.0
20230507:0610,21.9,39.93,7.4,11.97,1.38,0.0
20230507:0710,110.29,164.13,18.28,13.84,1.31,0.0
20230507:0810,275.31,350.31,29.37,14.88,1.17,0.0
20230507:0910,457.79,566.75,40.33,15.77,1.93,0.0
20230507:1010,590.59,736.48,50.62,16.56,2.41,0.0
20230507:1110,735.37,942.12,59.23,17.39,2.14,0.0
20230507:1210,789.16,1027.73,64.2,18.24,2.07,0.0
20230507:1310,793.48,1020.3,63.29,18.88,3.03,0.0
20230507:1410,737.28,921.57,56.99,18.87,4.69,0.0
20230507:1510,646.41,796.7,47.73,18.37,4.83,0.0
20230507:1610,477.14,590.24,37.18,18.16,3.59,0.0
20230507:1710,237.33,308.62,26.14,18.33,2.83,0.0
20230507:1810,71.83,107.82,15.08,18.21,3.79,0.0
20230507:1910,6.96,19.1,4.31,16.46,3.79,0.0
20230507:2010,0.0,0.0,0.0,15.4,2.76,0.0
20230507:2110,0.0,0.0,0.0,14.76,2.21,0.0
20230507:2210,0.0,0.0,0.0,14.19,2.14,0.0
20230507:2310,0.0,0.0,0.0,13.52,1.86,0.0
20230508:0010,0.0,0.0,0.0,12.85,1.38,0.0
20230508:0110,0.0,0.0,0.0,13.09,1.1,0.0
20230508:0210,0.0,0.0,0.0,11.94,1.59,0.0
20230508:0310,0.0,0.0,0.0,11.93,1.52,0.0
20230508:0410,0.0,0.0,0.0,11.82,1.52,0.0
20230508:0510,0.0,0.0,0.0,11.65,1.59,0.0
20230508:0610,22.56,40.8,7.59,11.99,1.24,0.0
20230508:0710,104.38,167.78,18.47,14.11,0.62,0.0
20230508:0810,300.54,388.39,29.56,15.68,0.41,0.0
20230508:0910,432.28,548.48,40.52,17.02,0.28,0.0
20230508:1010,591.2,744.47,50.83,17.99,2.14,0.0
20230508:1110,654.66,833.69,59.48,18.31,2.21,0.0
20230508:1210,722.58,923.6,64.47,18.79,2.83,0.0
20230508:1310,727.87,923.09,63.55,18.93,3.52,0.0
20230508:1410,632.2,791.86,57.21,18.76,3.59,0.0
20230508:1510,411.23,509.62,47.92,18.55,3.59,0.0
20230508:1610,300.76,375.88,37.34,18.27,3.17,0.0
20230508:1710,124.61,166.85,26.3,17.81,2.76,0.0
20230508:1810,27.38,48.0,15.24,17.34,2.41,0.0
20230508:1910,6.41,18.23,4.49,16.64,2.34,0.0
20230508:2010,0.0,0.0,0.0,16.08,1.72,0.0
20230508:2110,0.0,0.0,0.0,15.92,1.72,0.0
20230508:2210,0.0,0.0,0.0,15.76,1.93,0.0
20230508:2310,0.0,0.0,0.0,15.75,2.34,0.0
20230509:0010,0.0,0.0,0.0,15.76,2.69,0.0
20230509:0110,0.0,0.0,0.0,15.77,2.83,0.0
20230509:0210,0.0,0.0,0.0,15.75,3.03,0.0
20230509:0310,0.0,0.0,0.0,15.56,3.17,0.0
20230509:0410,0.0,0.0,0.0,15.6,3.03,0.0
20230509:0510,0.0,0.0,0.0,15.65,2.83,0.0
20230509:0610,22.82,41.66,7.78,15.56,2.97,0.0
20230509:0710,31.17,52.61,18.65,15.85,2.97,0.0
20230509:0810,122.98,163.19,29.74,15.95,3.03,0.0
20230509:0910,160.51,207.91,40.71,16.78,2.9,0.0
20230509:1010,292.92,365.88,51.03,17.8,3.38,0.0
20230509:1110,523.09,646.61,59.72,17.78,4.07,0.0
20230509:1210,710.04,890.38,64.74,18.43,4.28,0.0
20230509:1310,658.57,818.92,63.8,18.37,4.76,0.0
20230509:1410,648.47,801.07,57.42,18.31,5.17,0.0
20230509:1510,524.19,642.06,48.1,18.33,5.38,0.0
20230509:1610,469.55,574.41,37.51,18.03,5.45,0.0
20230509:1710,274.09,354.53,26.46,17.53,5.45,0.0
20230509:1810,72.93,133.79,15.41,16.83,5.24,0.0
20230509:1910,8.66,21.7,4.66,15.69,4.76,0.0
20230509:2010,0.0,0.0,0.0,14.72,4.48,0.0
20230509:2110,0.0,0.0,0.0,14.0,4.41,0.0
20230509:2210,0.0,0.0,0.0,13.47,4.48,0.0
20230509:2310,0.0,0.0,0.0,12.9,4.41,0.0
20230510:0010,0.0,0.0,0.0,12.57,4.34,0.0
20230510:0110,0.0,0.0,0.0,12.2,4.0,0.0
20230510:0210,0.0,0.0,0.0,11.82,3.66,0.0
20230510:0310,0.0,0.0,0.0,11.64,3.24,0.0
20230510:0410,0.0,0.0,0.0,11.24,2.97,0.0
20230510:0510,0.0,0.0,0.0,11.05,2.83,0.0
20230510:0610,18.11,34.72,7.97,11.03,2.69,0.0
20230510:0710,111.77,175.78,18.83,12.11,2.07,0.0
20230510:0810,223.09,279.97,29.91,13.47,2.76,0.0
20230510:0910,356.08,434.57,40.89,14.35,3.38,0.0
20230510:1010,656.57,806.16,51.23,15.13,3.66,0.0
20230510:1110,726.27,900.21,59.95,15.7,4.0,0.0
20230510:1210,450.83,552.62,65.0,16.07,4.21,0.0
20230510:1310,636.99,785.65,64.05,16.43,4.48,0.0
20230510:1410,722.48,891.91,57.63,16.64,4.83,0.0
20230510:1510,652.92,795.76,48.28,16.64,5.31,0.0
20230510:1610,452.05,549.13,37.67,16.51,5.72,0.0
20230510:1710,278.92,357.29,26.62,16.14,5.93,0.0
20230510:1810,77.03,135.78,15.57,15.59,5.93,0.0
20230510:1910,4.4,14.76,4.83,15.1,6.07,0.0
20230510:2010,0.0,0.0,0.0,14.06,5.93,0.0
20230510:2110,0.0,0.0,0.0,13.22,5.66,0.0
20230510:2210,0.0,0.0,0.0,12.56,5.31,0.0
20230510:2310,0.0,0.0,0.0,12.08,5.03,0.0
20230511:0010,0.0,0.0,0.0,11.66,4.76,0.0
20230511:0110,0.0,0.0,0.0,11.37,4.62,0.0
20230511:0210,0.0,0.0,0.0,11.18,4.62,0.0
20230511:0310,0.0,0.0,0.0,11.05,4.76,0.0
20230511:0410,0.0,0.0,0.0,10.85,4.69,0.0
20230511:0510,0.0,0.0,0.0,10.83,4.62,0.0
20230511:0610,21.41,39.06,8.15,10.84,4.69,0.0
20230511:0710,111.18,177.66,19.0,11.71,4.76,0.0
20230511:0810,332.37,412.5,30.08,12.79,5.31,0.0
20230511:0910,532.81,638.65,41.06,14.03,5.59,0.0
20230511:1010,651.48,787.48,51.43,14.91,5.52,0.0
20230511:1110,749.97,917.52,60.17,15.85,5.79,0.0
20230511:1210,679.88,832.08,65.26,16.63,6.14,0.0
20230511:1310,683.99,839.2,64.29,17.23,6.21,0.0
20230511:1410,742.14,911.68,57.84,17.46,6.14,0.0
20230511:1510,476.83,579.85,48.45,17.45,6.34,0.0
20230511:1610,462.99,562.39,37.83,17.13,6.41,0.0
20230511:1710,285.4,366.21,26.78,16.54,6.55,0.0
20230511:1810,74.92,137.58,15.73,15.68,6.34,0.0
20230511:1910,9.86,23.44,5.0,14.67,5.93,0.0
20230511:2010,0.0,0.0,0.0,13.59,5.52,0.0
20230511:2110,0.0,0.0,0.0,12.73,5.45,0.0
20230511:2210,0.0,0.0,0.0,12.08,5.38,0.0
20230511:2310,0.0,0.0,0.0,11.67,5.03,0.0
20230512:0010,0.0,0.0,0.0,11.49,4.83,0.0
20230512:0110,0.0,0.0,0.0,11.19,4.55,0.0
20230512:0210,0.0,0.0,0.0,10.95,4.21,0.0
20230512:0310,0.0,0.0,0.0,10.79,4.07,0.0
20230512:0410,0.0,0.0,0.0,10.58,4.07,0.0
20230512:0510,0.0,0.0,0.0,10.49,3.93,0.0
20230512:0610,18.82,35.59,8.32,10.51,3.72,0.0
20230512:0710,110.63,180.88,19.16,11.48,4.69,0.0
20230512:0810,275.23,339.55,30.25,12.44,5.24,0.0
20230512:0910,476.85,570.76,41.23,13.42,5.52,0.0
20230512:1010,395.7,477.19,51.62,14.37,5.93,0.0
20230512:1110,577.53,698.43,60.4,15.02,5.86,0.0
20230512:1210,538.63,652.58,65.51,15.6,6.21,0.0
20230512:1310,765.67,935.51,64.54,15.8,6.41,0.0
20230512:1410,567.82,687.75,58.04,16.01,6.34,0.0
20230512:1510,642.33,776.56,48.62,16.28,6.34,0.0
20230512:1610,466.53,564.36,37.99,16.34,6.48,0.0
20230512:1710,260.66,332.07,26.93,16.19,6.48,0.0
20230512:1810,75.76,136.91,15.89,15.68,6.28,0.0
20230512:1910,9.85,23.44,5.17,14.85,6.0,0.0
20230512:2010,0.0,0.0,0.0,13.83,5.59,0.0
20230512:2110,0.0,0.0,0.0,13.03,5.52,0.0
20230512:2210,0.0,0.0,0.0,12.39,5.31,0.0
20230512:2310,0.0,0.0,0.0,11.81,5.1,0.0
20230513:0010,0.0,0.0,0.0,11.29,4.83,0.0
20230513:0110,0.0,0.0,0.0,10.82,4.62,0.0
20230513:0210,0.0,0.0,0.0,10.35,4.62,0.0
20230513:0310,0.0,0.0,0.0,10.0,4.76,0.0
20230513:0410,0.0,0.0,0.0,9.8,4.62,0.0
20230513:0510,0.0,0.0,0.0,9.61,4.55,0.0
20230513:0610,19.56,36.46,8.49,9.72,4.55,0.0
20230513:0710,111.65,181.18,19.32,10.72,4.41,0.0
20230513:0810,336.21,416.57,30.41,12.25,5.17,0.0
20230513:0910,382.22,460.58,41.4,13.85,5.45,0.0
20230513:1010,608.12,736.38,51.8,15.23,5.31,0.0
20230513:1110,585.41,714.9,60.61,16.19,5.17,0.0
20230513:1210,527.06,644.54,65.76,16.6,5.24,0.0
20230513:1310,327.67,404.25,64.77,17.1,5.31,0.0
20230513:1410,751.41,929.19,58.24,17.3,5.17,0.0
20230513:1510,642.65,786.94,48.79,17.69,5.31,0.0
20230513:1610,488.12,596.87,38.14,17.74,5.38,0.0
20230513:1710,282.83,365.38,27.08,17.51,5.72,0.0
20230513:1810,74.86,138.5,16.04,16.99,5.66,0.0
20230513:1910,10.37,24.3,5.34,15.81,5.45,0.0
20230513:2010,0.0,0.0,0.0,14.64,5.17,0.0
20230513:2110,0.0,0.0,0.0,13.78,5.17,0.0
20230513:2210,0.0,0.0,0.0,13.16,5.24,0.0
20230513:2310,0.0,0.0,0.0,12.73,5.24,0.0
20230514:0010,0.0,0.0,0.0,12.47,5.24,0.0
20230514:0110,0.0,0.0,0.0,12.27,5.03,0.0
20230514:0210,0.0,0.0,0.0,12.03,4.69,0.0
20230514:0310,0.0,0.0,0.0,11.81,4.62,0.0
20230514:0410,0.0,0.0,0.0,11.68,4.55,0.0
20230514:0510,0.0,0.0,0.0,11.6,4.41,0.0
20230514:0610,20.0,37.32,8.65,11.68,4.21,0.0
20230514:0710,111.61,180.05,19.48,12.49,4.62,0.0
20230514:0810,329.37,410.6,30.56,13.72,5.38,0.0
20230514:0910,513.55,619.44,41.56,15.07,5.31,0.0
20230514:1010,666.9,815.26,51.98,16.17,4.76,0.0
20230514:1110,783.41,976.25,60.82,17.09,4.55,0.0
20230514:1210,802.5,1010.79,66.0,17.89,4.34,0.0
20230514:1310,799.96,1010.0,65.0,18.6,4.41,0.0
20230514:1410,758.47,949.62,58.43,18.83,4.69,0.0
20230514:1510,634.5,782.41,48.96,19.02,5.17,0.0
20230514:1610,483.83,593.74,38.3,18.76,5.66,0.0
20230514:1710,178.25,230.94,27.23,18.2,5.66,0.0
20230514:1810,64.9,95.89,16.2,17.5,5.1,0.0
20230514:1910,10.88,25.17,5.5,16.99,4.9,0.0
20230514:2010,0.0,0.0,0.0,15.71,4.97,0.0
20230514:2110,0.0,0.0,0.0,14.63,4.62,0.0
20230514:2210,0.0,0.0,0.0,13.78,4.21,0.0
20230514:2310,0.0,0.0,0.0,13.23,3.72,0.0
20230515:0010,0.0,0.0,0.0,12.8,3.31,0.0
20230515:0110,0.0,0.0,0.0,12.43,3.1,0.0
20230515:0210,0.0,0.0,0.0,12.08,3.17,0.0
20230515:0310,0.0,0.0,0.0,11.97,3.45,0.0
20230515:0410,0.0,0.0,0.0,11.94,3.45,0.0
20230515:0510,0.0,0.0,0.0,11.9,3.45,0.0
20230515:0610,28.63,48.61,8.81,12.05,3.45,0.0
20230515:0710,111.85,179.94,19.63,12.62,4.07,0.0
20230515:0810,324.89,406.49,30.71,13.85,4.41,0.0
20230515:0910,531.69,643.85,41.71,15.23,4.76,0.0
20230515:1010,664.51,811.95,52.15,16.58,5.1,0.0
20230515:1110,794.94,987.39,61.02,17.64,5.31,0.0
20230515:1210,843.54,1057.49,66.23,18.37,5.45,0.0
20230515:1310,828.38,1038.2,65.23,18.89,5.59,0.0
20230515:1410,769.93,955.61,58.62,18.9,5.86,0.0
20230515:1510,642.48,787.36,49.13,18.94,6.14,0.0
20230515:1610,465.59,570.2,38.45,18.67,6.14,0.0
20230515:1710,242.85,312.23,27.38,18.23,6.0,0.0
20230515:1810,84.87,137.72,16.35,17.53,5.59,0.0
20230515:1910,12.09,26.91,5.67,16.49,5.52,0.0
20230515:2010,0.0,0.0,0.0,15.43,5.52,0.0
20230515:2110,0.0,0.0,0.0,14.51,5.31,0.0
20230515:2210,0.0,0.0,0.0,13.68,5.24,0.0
20230515:2310,0.0,0.0,0.0,12.88,5.17,0.0
20230516:0010,0.0,0.0,0.0,12.16,5.03,0.0
20230516:0110,0.0,0.0,0.0,11.52,4.97,0.0
20230516:0210,0.0,0.0,0.0,11.01,4.9,0.0
20230516:0310,0.0,0.0,0.0,10.74,4.9,0.0
20230516:0410,0.0,0.0,0.0,10.51,4.9,0.0
20230516:0510,0.0,0.0,0.0,10.36,4.83,0.0
20230516:0610,30.27,50.35,8.96,10.4,4.62,0.0
20230516:0710,54.63,80.31,19.78,11.4,4.0,0.0
20230516:0810,215.32,268.82,30.85,12.89,3.86,0.0
20230516:0910,381.84,465.9,41.86,14.61,3.45,0.0
20230516:1010,657.02,818.95,52.31,16.07,2.69,0.0
20230516:1110,730.6,936.63,61.22,17.47,2.14,0.0
20230516:1210,795.62,1042.93,66.46,18.39,1.86,0.0
20230516:1310,741.48,960.66,65.46,19.3,2.34,0.0
20230516:1410,749.63,969.1,58.81,19.79,2.48,0.0
20230516:1510,624.33,794.42,49.29,20.35,2.48,0.0
20230516:1610,472.71,591.93,38.6,20.1,3.31,0.0
20230516:1710,271.81,356.04,27.53,19.95,4.14,0.0
20230516:1810,85.42,139.93,16.5,19.24,4.55,0.0
20230516:1910,13.13,28.64,5.83,18.6,4.21,0.0
20230516:2010,0.0,0.0,0.0,17.2,4.9,0.0
20230516:2110,0.0,0.0,0.0,15.99,4.9,0.0
20230516:2210,0.0,0.0,0.0,15.01,4.41,0.0
20230516:2310,0.0,0.0,0.0,14.2,4.07,0.0
20230517:0010,0.0,0.0,0.0,13.51,3.93,0.0
20230517:0110,0.0,0.0,0.0,13.02,3.93,0.0
20230517:0210,0.0,0.0,0.0,12.71,3.93,0.0
20230517:0310,0.0,0.0,0.0,12.46,3.79,0.0
20230517:0410,0.0,0.0,0.0,11.88,3.72,0.0
20230517:0510,0.0,0.0,0.0,11.32,3.72,0.0
20230517:0610,27.39,46.87,9.11,11.26,3.59,0.0
20230517:0710,113.19,183.21,19.92,12.68,3.31,0.0
20230517:0810,330.57,418.63,30.99,15.03,3.03,0.0
20230517:0910,531.72,658.13,42.0,16.86,2.9,0.0
20230517:1010,678.74,856.75,52.47,18.25,2.76,0.0
20230517:1110,770.68,992.87,61.41,19.48,2.83,0.0
20230517:1210,815.79,1062.98,66.68,20.57,3.03,0.0
20230517:1310,809.59,1055.68,65.67,21.49,3.24,0.0
20230517:1410,745.11,961.26,59.0,22.23,3.52,0.0
20230517:1510,635.56,805.52,49.45,22.64,4.07,0.0
20230517:1610,478.62,600.26,38.75,22.55,5.03,0.0
20230517:1710,281.7,371.96,27.68,21.9,5.52,0.0
20230517:1810,76.16,142.14,16.65,20.79,5.79,0.0
20230517:1910,10.74,25.17,5.98,19.28,5.79,0.0
20230517:2010,0.0,0.0,0.0,17.55,5.86,0.0
20230517:2110,0.0,0.0,0.0,16.13,5.93,0.0
20230517:2210,0.0,0.0,0.0,14.97,5.93,0.0
20230517:2310,0.0,0.0,0.0,14.02,5.59,0.0
20230518:0010,0.0,0.0,0.0,13.17,5.31,0.0
20230518:0110,0.0,0.0,0.0,12.34,5.03,0.0
20230518:0210,0.0,0.0,0.0,11.56,4.76,0.0
20230518:0310,0.0,0.0,0.0,10.88,4.48,0.0
20230518:0410,0.0,0.0,0.0,10.33,4.21,0.0
20230518:0510,0.0,0.0,0.0,9.82,4.07,0.0
20230518:0610,22.2,39.93,9.25,9.74,3.93,0.0
20230518:0710,119.37,183.33,20.05,11.49,3.86,0.0
20230518:0810,331.65,415.6,31.12,13.78,3.93,0.0
20230518:0910,527.38,642.14,42.14,15.66,4.28,0.0
20230518:1010,686.83,846.57,52.62,17.12,4.55,0.0
20230518:1110,786.08,986.26,61.59,18.36,4.62,0.0
20230518:1210,827.38,1049.72,66.9,19.39,4.69,0.0
20230518:1310,825.9,1048.84,65.89,20.05,4.9,0.0
20230518:1410,760.16,954.58,59.18,20.45,5.38,0.0
20230518:1510,633.78,783.92,49.61,20.41,5.93,0.0
20230518:1610,472.0,581.29,38.89,19.99,6.41,0.0
20230518:1710,280.81,364.01,27.82,19.13,6.62,0.0
20230518:1810,79.36,142.97,16.8,18.11,6.28,0.0
20230518:1910,13.24,28.64,6.14,17.2,6.69,0.0
20230518:2010,0.0,0.0,0.0,15.7,6.83,0.0
20230518:2110,0.0,0.0,0.0,14.57,6.9,0.0
20230518:2210,0.0,0.0,0.0,13.68,6.97,0.0
20230518:2310,0.0,0.0,0.0,12.98,6.48,0.0
20230519:0010,0.0,0.0,0.0,12.49,6.07,0.0
20230519:0110,0.0,0.0,0.0,12.13,5.72,0.0
20230519:0210,0.0,0.0,0.0,11.78,5.66,0.0
20230519:0310,0.0,0.0,0.0,11.47,5.59,0.0
20230519:0410,0.0,0.0,0.0,11.23,5.59,0.0
20230519:0510,0.0,0.0,0.0,11.01,5.52,0.0
20230519:0610,22.05,39.93,9.39,11.14,5.66,0.0
20230519:0710,115.21,182.42,20.18,11.92,5.52,0.0
20230519:0810,333.61,414.39,31.25,13.29,5.93,0.0
20230519:0910,539.07,646.93,42.27,14.82,6.21,0.0
20230519:1010,564.66,683.77,52.77,16.38,6.28,0.0
20230519:1110,692.62,849.36,61.77,17.68,6.41,0.0
20230519:1210,824.7,1026.81,67.11,18.5,6.14,0.0
20230519:1310,660.46,817.71,66.1,19.0,6.0,0.0
20230519:1410,718.5,891.24,59.36,19.45,6.0,0.0
20230519:1510,655.05,804.09,49.76,19.52,6.48,0.0
20230519:1610,489.86,599.18,39.04,19.19,7.03,0.0
20230519:1710,285.45,369.58,27.96,18.61,6.9,0.0
20230519:1810,85.49,142.33,16.94,17.86,6.41,0.0
20230519:1910,13.87,29.51,6.29,16.93,6.41,0.0
20230519:2010,0.0,0.0,0.0,15.58,6.34,0.0
20230519:2110,0.0,0.0,0.0,14.6,6.34,0.0
20230519:2210,0.0,0.0,0.0,13.9,6.41,0.0
20230519:2310,0.0,0.0,0.0,13.38,6.07,0.0
20230520:0010,0.0,0.0,0.0,13.0,6.0,0.0
20230520:0110,0.0,0.0,0.0,12.77,5.79,0.0
20230520:0210,0.0,0.0,0.0,12.57,5.45,0.0
20230520:0310,0.0,0.0,0.0,12.36,4.9,0.0
20230520:0410,0.0,0.0,0.0,12.0,4.55,0.0
20230520:0510,0.0,0.0,0.0,11.76,4.41,0.0
20230520:0610,32.83,53.82,9.52,11.66,4.21,0.0
20230520:0710,122.68,170.87,20.3,12.44,4.48,0.0
20230520:0810,324.08,404.47,31.37,13.73,5.03,0.0
20230520:0910,529.63,640.34,42.4,15.37,5.17,0.0
20230520:1010,605.77,740.07,52.91,16.83,5.1,0.0
20230520:1110,734.85,912.59,61.94,17.97,5.03,0.0
20230520:1210,295.99,369.76,67.32,18.62,4.9,0.0
20230520:1310,579.23,719.92,66.3,19.19,4.9,0.0
20230520:1410,392.03,487.2,59.53,19.62,4.9,0.0
20230520:1510,280.19,352.0,49.91,19.85,5.03,0.0
20230520:1610,283.64,355.5,39.18,19.75,5.31,0.0
20230520:1710,157.63,206.51,28.1,19.1,5.86,0.0
20230520:1810,66.02,97.19,17.09,18.12,6.07,0.0
20230520:1910,13.84,29.51,6.45,17.24,5.59,0.0
20230520:2010,0.0,0.0,0.0,15.85,5.86,0.0
20230520:2110,0.0,0.0,0.0,14.62,5.93,0.0
20230520:2210,0.0,0.0,0.0,13.6,6.0,0.0
20230520:2310,0.0,0.0,0.0,12.77,5.66,0.0
20230521:0010,0.0,0.0,0.0,12.14,5.45,0.0
20230521:0110,0.0,0.0,0.0,11.65,5.03,0.0
20230521:0210,0.0,0.0,0.0,11.24,4.83,0.0
20230521:0310,0.0,0.0,0.0,10.87,4.76,0.0
20230521:0410,0.0,0.0,0.0,10.57,4.76,0.0
20230521:0510,0.0,0.0,0.0,10.32,4.69,0.0
20230521:0610,25.47,44.27,9.65,10.45,4.48,0.0
20230521:0710,114.89,181.85,20.42,11.86,4.41,0.0
20230521:0810,326.7,408.66,31.48,13.71,4.48,0.0
20230521:0910,524.68,637.74,42.52,15.57,4.41,0.0
20230521:1010,673.22,833.82,53.05,17.29,3.93,0.0
20230521:1110,758.83,960.36,62.1,18.66,3.66,0.0
20230521:1210,806.78,1033.94,67.52,19.71,3.72,0.0
20230521:1310,790.52,1015.9,66.5,20.46,3.66,0.0
20230521:1410,731.0,929.71,59.7,20.73,3.86,0.0
20230521:1510,586.48,733.03,50.06,20.98,4.48,0.0
20230521:1610,470.8,585.71,39.32,21.0,5.1,0.0
20230521:1710,281.67,369.28,28.24,20.6,5.72,0.0
20230521:1810,79.52,142.99,17.23,19.65,5.93,0.0
20230521:1910,15.58,32.12,6.6,18.35,5.52,0.0
20230521:2010,0.0,0.0,0.0,17.03,5.45,0.0
20230521:2110,0.0,0.0,0.0,15.85,5.31,0.0
20230521:2210,0.0,0.0,0.0,14.9,5.1,0.0
20230521:2310,0.0,0.0,0.0,14.16,4.69,0.0
20230522:0010,0.0,0.0,0.0,13.57,4.28,0.0
20230522:0110,0.0,0.0,0.0,13.01,3.86,0.0
20230522:0210,0.0,0.0,0.0,12.53,3.59,0.0
20230522:0310,0.0,0.0,0.0,12.15,3.59,0.0
20230522:0410,0.0,0.0,0.0,11.93,3.59,0.0
20230522:0510,0.0,0.0,0.0,11.58,3.59,0.0
20230522:0610,33.5,54.69,9.77,11.73,3.59,0.0
20230522:0710,114.72,180.12,20.53,13.42,3.1,0.0
20230522:0810,318.1,404.23,31.59,15.75,3.1,0.0
20230522:0910,498.76,618.23,42.63,17.77,3.03,0.0
20230522:1010,655.54,824.75,53.18,19.46,3.31,0.0
20230522:1110,731.45,930.0,62.26,20.7,3.93,0.0
20230522:1210,793.69,1016.78,67.71,21.55,4.41,0.0
20230522:1310,769.32,982.38,66.69,22.19,4.83,0.0
20230522:1410,726.64,920.21,59.87,22.36,5.1,0.0
20230522:1510,627.18,784.76,50.21,22.54,5.52,0.0
20230522:1610,450.41,561.59,39.46,22.23,6.0,0.0
20230522:1710,252.16,329.49,28.37,21.58,6.21,0.0
20230522:1810,66.71,99.01,17.37,20.6,6.0,0.0
20230522:1910,14.29,30.38,6.74,19.31,6.0,0.0
20230522:2010,0.0,0.0,0.0,17.9,5.86,0.0
20230522:2110,0.0,0.0,0.0,16.79,5.79,0.0
20230522:2210,0.0,0.0,0.0,15.81,5.86,0.0
20230522:2310,0.0,0.0,0.0,15.03,5.86,0.0
20230523:0010,0.0,0.0,0.0,14.49,5.79,0.0
20230523:0110,0.0,0.0,0.0,14.12,5.38,0.0
20230523:0210,0.0,0.0,0.0,13.81,5.1,0.0
20230523:0310,0.0,0.0,0.0,13.43,4.76,0.0
20230523:0410,0.0,0.0,0.0,13.17,4.48,0.0
20230523:0510,0.0,0.0,0.0,12.92,4.21,0.0
20230523:0610,26.46,46.01,9.88,13.11,3.93,0.0
20230523:0710,112.2,180.63,20.64,14.78,4.14,0.0
20230523:0810,317.4,403.41,31.7,16.54,4.0,0.0
20230523:0910,509.95,629.38,42.74,18.39,4.07,0.0
20230523:1010,655.03,822.61,53.3,20.13,3.79,0.0
20230523:1110,741.18,948.72,62.41,21.58,3.79,0.0
20230523:1210,785.7,1020.99,67.9,22.7,3.66,0.0
20230523:1310,780.11,1020.03,66.88,23.49,3.45,0.0
20230523:1410,658.59,852.85,60.03,24.05,3.24,0.0
20230523:1510,543.6,694.5,50.35,24.25,3.52,0.0
20230523:1610,453.81,575.97,39.59,24.26,4.28,0.0
20230523:1710,22.45,42.46,28.51,23.73,5.17,0.0
20230523:1810,76.98,144.5,17.5,22.7,5.59,0.0
20230523:1910,14.73,31.25,6.89,21.26,6.21,0.0
20230523:2010,0.0,0.0,0.0,19.76,6.07,0.0
20230523:2110,0.0,0.0,0.0,18.6,5.93,0.0
20230523:2210,0.0,0.0,0.0,17.59,5.52,0.0
20230523:2310,0.0,0.0,0.0,16.81,5.03,0.0
20230524:0010,0.0,0.0,0.0,16.11,4.69,0.0
20230524:0110,0.0,0.0,0.0,15.59,4.48,0.0
20230524:0210,0.0,0.0,0.0,15.12,4.14,0.0
20230524:0310,0.0,0.0,0.0,14.68,3.93,0.0
20230524:0410,0.0,0.0,0.0,14.21,3.86,0.0
20230524:0510,0.0,0.0,0.0,13.8,3.79,0.0
20230524:0610,24.35,43.4,9.99,13.83,3.52,0.0
20230524:0710,110.87,180.33,20.74,15.3,3.31,0.0
20230524:0810,313.47,402.23,31.8,17.45,2.9,0.0
20230524:0910,500.09,627.73,42.84,19.34,2.48,0.0
20230524:1010,636.5,815.84,53.41,20.83,2.21,0.0
20230524:1110,708.25,935.34,62.56,21.95,1.59,0.0
20230524:1210,626.73,832.7,68.08,22.64,1.03,0.0
20230524:1310,687.44,910.95,67.07,22.8,1.66,0.0
20230524:1410,477.79,610.88,60.19,22.55,2.55,0.0
20230524:1510,596.75,761.11,50.49,22.49,2.97,0.0
20230524:1610,190.08,249.24,39.72,22.49,2.62,0.0
20230524:1710,46.49,73.84,28.64,22.48,2.34,0.0
20230524:1810,69.29,103.49,17.64,22.25,2.69,0.0
20230524:1910,18.32,36.46,7.03,21.88,3.72,0.0
20230524:2010,0.0,0.0,0.0,20.61,4.0,0.0
20230524:2110,0.0,0.0,0.0,19.44,3.79,0.0
20230524:2210,0.0,0.0,0.0,18.35,3.52,0.0
20230524:2310,0.0,0.0,0.0,17.29,3.59,0.0
20230525:0010,0.0,0.0,0.0,16.41,3.45,0.0
20230525:0110,0.0,0.0,0.0,15.66,3.38,0.0
20230525:0210,0.0,0.0,0.0,15.05,3.31,0.0
20230525:0310,0.0,0.0,0.0,14.6,3.24,0.0
20230525:0410,0.0,0.0,0.0,14.3,3.1,0.0
20230525:0510,0.0,0.0,0.0,14.03,2.97,0.0
20230525:0610,24.95,44.27,10.1,14.25,2.62,0.0
20230525:0710,111.35,181.02,20.84,16.15,2.21,0.0
20230525:0810,313.14,406.78,31.89,18.68,1.86,0.0
20230525:0910,490.65,630.57,42.94,20.57,0.97,0.0
20230525:1010,617.59,824.79,53.53,21.72,0.21,0.0
20230525:1110,715.5,950.99,62.69,22.32,1.45,0.0
20230525:1210,780.24,1033.69,68.25,22.39,2.28,0.0
20230525:1310,786.05,1032.77,67.25,22.31,2.76,0.0
20230525:1410,731.04,946.62,60.35,22.43,3.1,0.0
20230525:1510,616.72,786.37,50.63,22.55,3.17,0.0
20230525:1610,462.86,587.55,39.85,22.76,3.17,0.0
20230525:1710,272.05,363.19,28.76,23.05,3.59,0.0
20230525:1810,80.46,145.16,17.77,22.6,4.55,0.0
20230525:1910,15.97,32.98,7.17,20.94,5.72,0.0
20230525:2010,0.0,0.0,0.0,18.85,6.97,0.0
20230525:2110,0.0,0.0,0.0,16.95,7.17,0.0
20230525:2210,0.0,0.0,0.0,15.57,7.24,0.0
20230525:2310,0.0,0.0,0.0,14.76,7.1,0.0
20230526:0010,0.0,0.0,0.0,14.3,6.83,0.0
20230526:0110,0.0,0.0,0.0,13.95,6.55,0.0
20230526:0210,0.0,0.0,0.0,13.47,6.21,0.0
20230526:0310,0.0,0.0,0.0,13.03,5.93,0.0
20230526:0410,0.0,0.0,0.0,12.64,5.66,0.0
20230526:0510,0.0,0.0,0.0,12.28,5.24,0.0
20230526:0610,23.89,42.53,10.2,12.44,5.52,0.0
20230526:0710,121.0,181.96,20.93,13.76,4.9,0.0
20230526:0810,125.55,164.98,31.98,15.18,5.66,0.0
20230526:0910,515.7,626.67,43.03,16.74,5.45,0.0
20230526:1010,611.27,754.64,53.63,18.84,4.97,0.0
20230526:1110,332.74,418.44,62.83,20.54,4.21,0.0
20230526:1210,749.74,964.71,68.42,21.63,3.72,0.0
20230526:1310,702.86,908.13,67.42,22.16,3.24,0.0
20230526:1410,470.21,595.49,60.5,21.22,2.9,0.0
20230526:1510,206.15,262.74,50.77,18.12,3.79,0.0
20230526:1610,170.98,222.76,39.98,18.19,1.31,0.0
20230526:1710,191.15,251.02,28.89,18.74,0.55,0.0
20230526:1810,7.64,20.31,17.9,18.25,1.24,0.0
20230526:1910,2.88,12.15,7.3,18.03,0.28,0.0
20230526:2010,0.0,0.0,0.0,17.8,0.62,0.0
20230526:2110,0.0,0.0,0.0,16.93,1.45,0.0
20230526:2210,0.0,0.0,0.0,16.11,1.86,0.0
20230526:2310,0.0,0.0,0.0,15.46,1.86,0.0
20230527:0010,0.0,0.0,0.0,15.06,2.0,0.0
20230527:0110,0.0,0.0,0.0,14.58,2.0,0.0
20230527:0210,0.0,0.0,0.0,13.96,1.86,0.0
20230527:0310,0.0,0.0,0.0,13.5,1.38,0.0
20230527:0410,0.0,0.0,0.0,14.48,0.76,0.0
20230527:0510,0.0,0.0,0.0,14.5,0.41,0.0
20230527:0610,31.54,52.95,10.29,14.58,0.21,0.0
20230527:0710,111.03,179.77,21.02,16.09,1.1,0.0
20230527:0810,287.8,370.78,32.06,17.69,1.66,0.0
20230527:0910,471.71,592.75,43.12,18.38,1.79,0.0
20230527:1010,361.89,457.01,53.73,18.84,1.52,0.0
20230527:1110,427.15,541.38,62.95,19.63,1.79,0.0
20230527:1210,569.08,723.72,68.59,20.11,2.62,0.0
20230527:1310,91.62,128.3,67.59,20.02,3.24,0.0
20230527:1410,655.18,825.2,60.65,19.06,3.38,0.0
20230527:1510,85.44,120.0,50.9,18.03,2.28,0.0
20230527:1610,131.93,175.38,40.1,17.65,1.79,0.0
20230527:1710,53.58,81.23,29.01,17.51,1.45,0.0
20230527:1810,22.5,41.54,18.03,17.28,1.45,0.0
20230527:1910,0.12,6.08,7.44,17.57,1.52,0.0
20230527:2010,0.0,0.0,0.0,16.78,1.86,0.0
20230527:2110,0.0,0.0,0.0,16.08,1.59,0.0
20230527:2210,0.0,0.0,0.0,15.64,1.03,0.0
20230527:2310,0.0,0.0,0.0,14.97,1.1,0.0
20230528:0010,0.0,0.0,0.0,14.52,1.17,0.0
20230528:0110,0.0,0.0,0.0,14.48,0.83,0.0
20230528:0210,0.0,0.0,0.0,14.79,0.14,0.0
20230528:0310,0.0,0.0,0.0,14.35,0.69,0.0
20230528:0410,0.0,0.0,0.0,13.47,1.31,0.0
20230528:0510,0.0,0.0,0.0,13.35,1.38,0.0
20230528:0610,33.74,55.55,10.38,13.93,1.17,0.0
20230528:0710,112.85,155.78,21.1,14.58,1.24,0.0
20230528:0810,223.15,284.41,32.14,15.38,1.24,0.0
20230528:0910,298.12,373.13,43.2,16.25,1.45,0.0
20230528:1010,431.76,539.89,53.82,17.33,1.79,0.0
20230528:1110,438.03,547.16,63.07,17.99,2.55,0.0
20230528:1210,511.47,638.96,68.74,18.57,3.31,0.0
20230528:1310,383.81,476.12,67.75,17.95,3.86,0.0
20230528:1410,350.83,433.95,60.79,17.29,4.0,0.0
20230528:1510,89.11,123.69,51.03,16.98,3.17,0.0
20230528:1610,39.02,62.77,40.22,16.54,2.28,0.0
20230528:1710,35.45,58.15,29.14,16.03,1.86,0.0
20230528:1810,7.76,20.31,18.15,15.65,1.66,0.0
20230528:1910,10.97,25.17,7.57,15.33,1.17,0.0
20230528:2010,0.0,0.0,0.0,15.14,1.03,0.0
20230528:2110,0.0,0.0,0.0,14.9,1.38,0.0
20230528:2210,0.0,0.0,0.0,14.79,1.38,0.0
20230528:2310,0.0,0.0,0.0,14.69,1.24,0.0
20230529:0010,0.0,0.0,0.0,14.68,1.24,0.0
20230529:0110,0.0,0.0,0.0,14.58,1.17,0.0
20230529:0210,0.0,0.0,0.0,14.48,1.24,0.0
20230529:0310,0.0,0.0,0.0,14.49,1.03,0.0
20230529:0410,0.0,0.0,0.0,14.22,0.83,0.0
20230529:0510,0.0,0.0,0.0,14.54,0.48,0.0
20230529:0610,25.51,45.14,10.46,14.63,0.21,0.0
20230529:0710,68.75,99.22,21.17,15.54,0.76,0.0
20230529:0810,123.62,164.96,32.21,16.25,0.9,0.0
20230529:0910,182.74,235.59,43.27,16.77,1.1,0.0
20230529:1010,128.19,170.77,53.91,17.26,1.52,0.0
20230529:1110,289.93,364.45,63.18,17.48,2.14,0.0
20230529:1210,343.04,428.97,68.89,17.77,2.62,0.0
20230529:1310,452.64,565.97,67.91,18.5,2.9,0.0
20230529:1410,340.7,425.37,60.93,18.57,3.45,0.0
20230529:1510,222.87,282.68,51.15,18.19,3.72,0.0
20230529:1610,162.59,210.66,40.34,17.51,3.66,0.0
20230529:1710,62.21,91.38,29.25,16.76,2.69,0.0
20230529:1810,10.74,24.92,18.27,16.33,1.59,0.0
20230529:1910,2.03,10.42,7.7,15.83,1.52,0.0
20230529:2010,0.0,0.0,0.0,15.29,1.1,0.0
20230529:2110,0.0,0.0,0.0,14.96,1.38,0.0
20230529:2210,0.0,0.0,0.0,14.83,1.24,0.0
20230529:2310,0.0,0.0,0.0,14.71,1.03,0.0
20230530:0010,0.0,0.0,0.0,14.52,1.17,0.0
20230530:0110,0.0,0.0,0.0,14.51,1.45,0.0
20230530:0210,0.0,0.0,0.0,14.49,1.59,0.0
20230530:0310,0.0,0.0,0.0,14.53,1.45,0.0
20230530:0410,0.0,0.0,0.0,14.45,1.24,0.0
20230530:0510,0.0,0.0,0.0,14.55,1.31,0.0
20230530:0610,30.22,51.21,10.54,14.67,1.45,0.0
20230530:0710,81.08,114.37,21.24,15.41,0.9,0.0
20230530:0810,103.62,141.23,32.28,16.34,0.76,0.0
20230530:0910,105.29,144.0,43.34,17.46,0.55,0.0
20230530:1010,95.04,132.0,53.99,18.5,1.38,0.0
20230530:1110,310.63,392.2,63.29,18.86,2.14,0.0
20230530:1210,371.2,465.47,69.03,18.79,2.76,0.0
20230530:1310,303.54,380.85,68.07,18.57,3.31,0.0
20230530:1410,295.12,369.09,61.07,17.6,3.1,0.0
20230530:1510,171.52,221.66,51.28,17.65,3.1,0.0
20230530:1610,105.13,143.07,40.46,17.46,2.76,0.0
20230530:1710,84.98,119.07,29.37,17.36,2.48,0.0
20230530:1810,92.74,148.16,18.39,17.12,1.66,0.0
20230530:1910,22.02,40.8,7.82,16.63,1.59,0.0
20230530:2010,0.0,0.0,0.0,16.02,1.31,0.0
20230530:2110,0.0,0.0,0.0,15.62,1.03,0.0
20230530:2210,0.0,0.0,0.0,15.31,0.97,0.0
20230530:2310,0.0,0.0,0.0,15.15,0.9,0.0
20230531:0010,0.0,0.0,0.0,14.96,1.1,0.0
20230531:0110,0.0,0.0,0.0,14.82,1.24,0.0
20230531:0210,0.0,0.0,0.0,14.76,1.1,0.0
20230531:0310,0.0,0.0,0.0,14.68,0.9,0.0
20230531:0410,0.0,0.0,0.0,14.68,0.69,0.0
20230531:0510,0.0,0.0,0.0,14.66,0.76,0.0
20230531:0610,37.01,59.89,10.61,14.83,0.97,0.0
20230531:0710,109.69,152.46,21.31,15.61,0.14,0.0
20230531:0810,288.09,372.88,32.34,16.49,0.48,0.0
20230531:0910,448.84,564.19,43.41,17.5,1.31,0.0
20230531:1010,436.25,546.84,54.06,18.05,1.93,0.0
20230531:1110,706.49,900.91,63.39,18.25,2.41,0.0
20230531:1210,770.52,986.55,69.17,18.87,3.03,0.0
20230531:1310,764.27,969.92,68.21,18.93,3.66,0.0
20230531:1410,534.73,667.16,61.2,18.49,3.31,0.0
20230531:1510,51.17,78.46,51.39,18.62,3.24,0.0
20230531:1610,48.35,74.77,40.57,17.9,2.76,0.0
20230531:1710,84.89,119.07,29.48,17.63,2.62,0.0
20230531:1810,93.4,134.7,18.51,17.15,2.0,0.0
20230531:1910,22.58,41.66,7.94,17.43,2.21,0.0
20230531:2010,0.0,0.0,0.0,16.96,2.14,0.0
20230531:2110,0.0,0.0,0.0,16.56,1.93,0.0
20230531:2210,0.0,0.0,0.0,16.08,1.59,0.0
20230531:2310,0.0,0.0,0.0,15.42,1.45,0.0
20230601:0010,0.0,0.0,0.0,14.76,1.45,0.0
20230601:0110,0.0,0.0,0.0,14.42,1.31,0.0
20230601:0210,0.0,0.0,0.0,14.13,1.24,0.0
20230601:0310,0.0,0.0,0.0,13.92,1.17,0.0
20230601:0410,0.0,0.0,0.0,13.77,1.03,0.0
20230601:0510,0.0,0.0,0.0,13.71,0.83,0.0
20230601:0610,35.1,57.29,10.68,13.9,0.69,0.0
20230601:0710,121.68,174.6,21.37,15.42,0.69,0.0
20230601:0810,300.24,391.51,32.4,16.84,0.34,0.0
20230601:0910,471.49,602.77,43.47,18.02,0.34,0.0
20230601:1010,588.06,758.13,54.13,19.19,0.97,0.0
20230601:1110,684.54,887.19,63.48,19.87,1.79,0.0
20230601:1210,746.97,967.34,69.3,19.93,2.48,0.0
20230601:1310,765.16,983.18,68.36,20.21,3.24,0.0
20230601:1410,118.61,160.61,61.33,19.88,3.17,0.0
20230601:1510,253.86,322.08,51.51,19.36,2.97,0.0
20230601:1610,34.24,57.23,40.69,18.93,2.9,0.0
20230601:1710,18.37,36.0,29.59,17.86,1.52,0.0
20230601:1810,11.92,26.77,18.62,17.34,1.1,0.0
20230601:1910,1.19,8.68,8.06,17.11,1.59,0.0
20230601:2010,0.0,0.0,0.0,16.73,0.97,0.0
20230601:2110,0.0,0.0,0.0,16.49,0.69,0.0
20230601:2210,0.0,0.0,0.0,15.82,0.69,0.0
20230601:2310,0.0,0.0,0.0,15.13,1.03,0.0
20230602:0010,0.0,0.0,0.0,15.01,0.97,0.0
20230602:0110,0.0,0.0,0.0,15.09,0.9,0.0
20230602:0210,0.0,0.0,0.0,14.88,0.83,0.0
20230602:0310,0.0,0.0,0.0,14.28,1.03,0.0
20230602:0410,0.0,0.0,0.0,13.77,1.45,0.0
20230602:0510,0.0,0.0,0.0,13.68,1.24,0.0
20230602:0610,37.1,59.89,10.74,14.35,1.1,0.0
20230602:0710,121.21,179.98,21.42,16.11,0.9,0.0
20230602:0810,285.13,369.19,32.45,17.38,0.83,0.0
20230602:0910,472.41,602.31,43.52,18.66,0.76,0.0
20230602:1010,615.47,793.09,54.2,19.44,1.24,0.0
20230602:1110,661.48,855.15,63.57,20.19,1.93,0.0
20230602:1210,750.87,975.45,69.42,20.34,2.48,0.0
20230602:1310,743.41,964.03,68.49,19.81,2.34,0.0
20230602:1410,704.51,910.45,61.46,20.05,2.14,0.0
20230602:1510,605.17,770.36,51.62,20.07,2.14,0.0
20230602:1610,465.68,587.52,40.79,20.13,2.34,0.0
20230602:1710,276.98,364.78,29.7,19.74,2.55,0.0
20230602:1810,98.73,151.27,18.73,19.14,1.72,0.0
20230602:1910,24.29,44.27,8.18,19.2,1.31,0.0
20230602:2010,0.0,0.0,0.0,18.57,1.31,0.0
20230602:2110,0.0,0.0,0.0,17.39,0.97,0.0
20230602:2210,0.0,0.0,0.0,17.05,0.9,0.0
20230602:2310,0.0,0.0,0.0,16.78,0.97,0.0
20230603:0010,0.0,0.0,0.0,16.61,0.83,0.0
20230603:0110,0.0,0.0,0.0,16.42,0.83,0.0
20230603:0210,0.0,0.0,0.0,16.3,0.83,0.0
20230603:0310,0.0,0.0,0.0,16.26,0.69,0.0
20230603:0410,0.0,0.0,0.0,16.2,0.48,0.0
20230603:0510,0.0,0.0,0.0,16.0,0.41,0.0
20230603:0610,36.18,59.03,10.79,15.47,0.55,0.0
20230603:0710,101.96,141.38,21.47,16.08,0.76,0.0
20230603:0810,300.62,392.29,32.5,17.34,0.55,0.0
20230603:0910,481.03,617.35,43.57,18.52,0.34,0.0
20230603:1010,621.36,799.34,54.26,19.44,1.38,0.0
20230603:1110,651.09,836.76,63.65,20.09,2.21,0.0
20230603:1210,670.9,860.21,69.53,20.38,2.83,0.0
20230603:1310,394.82,497.13,68.62,20.38,3.24,0.0
20230603:1410,71.05,103.38,61.58,20.05,3.38,0.0
20230603:1510,62.75,93.23,51.73,19.97,3.1,0.0
20230603:1610,47.18,73.84,40.9,19.77,3.31,0.0
20230603:1710,42.8,68.31,29.81,19.62,2.9,0.0
20230603:1810,27.84,48.92,18.84,19.0,2.28,0.0
20230603:1910,0.44,6.94,8.29,18.43,1.86,0.0
20230603:2010,0.0,0.0,0.0,17.93,1.79,0.0
20230603:2110,0.0,0.0,0.0,17.21,1.59,0.0
20230603:2210,0.0,0.0,0.0,16.35,1.03,0.0
20230603:2310,0.0,0.0,0.0,16.62,0.55,0.0
20230604:0010,0.0,0.0,0.0,16.35,0.83,0.0
20230604:0110,0.0,0.0,0.0,15.91,0.83,0.0
20230604:0210,0.0,0.0,0.0,15.59,0.62,0.0
20230604:0310,0.0,0.0,0.0,15.33,0.48,0.0
20230604:0410,0.0,0.0,0.0,14.78,0.48,0.0
20230604:0510,0.0,0.0,0.0,14.36,0.41,0.0
20230604:0610,38.41,61.63,10.85,14.53,0.41,0.0
20230604:0710,100.81,139.59,21.52,15.82,0.69,0.0
20230604:0810,138.32,182.93,32.54,16.59,0.69,0.0
20230604:0910,272.4,344.95,43.61,17.78,1.24,0.0
20230604:1010,437.13,551.23,54.31,18.69,1.66,0.0
20230604:1110,527.6,669.52,63.72,19.55,2.14,0.0
20230604:1210,498.83,629.95,69.64,19.99,2.83,0.0
20230604:1310,347.78,438.02,68.75,20.15,3.31,0.0
20230604:1410,579.74,728.78,61.69,19.87,3.52,0.0
20230604:1510,575.54,722.36,51.84,19.75,3.1,0.0
20230604:1610,384.71,482.34,41.0,19.75,2.97,0.0
20230604:1710,266.56,349.02,29.91,19.51,2.62,0.0
20230604:1810,88.24,152.12,18.94,19.42,1.86,0.0
20230604:1910,19.91,38.19,8.4,18.39,2.21,0.0
20230604:2010,0.0,0.0,0.0,17.62,1.72,0.0
20230604:2110,0.0,0.0,0.0,17.0,1.72,0.0
20230604:2210,0.0,0.0,0.0,16.62,1.45,0.0
20230604:2310,0.0,0.0,0.0,16.08,0.76,0.0
20230605:0010,0.0,0.0,0.0,16.28,0.28,0.0
20230605:0110,0.0,0.0,0.0,16.03,0.07,0.0
20230605:0210,0.0,0.0,0.0,15.64,0.14,0.0
20230605:0310,0.0,0.0,0.0,15.12,0.34,0.0
20230605:0410,0.0,0.0,0.0,14.59,0.41,0.0
20230605:0510,0.0,0.0,0.0,14.04,0.62,0.0
20230605:0610,29.59,50.35,10.89,14.31,0.97,0.0
20230605:0710,92.56,128.43,21.56,15.25,0.76,0.0
20230605:0810,139.94,184.77,32.58,16.35,0.55,0.0
20230605:0910,253.64,325.01,43.65,17.84,0.07,0.0
20230605:1010,594.72,773.84,54.36,19.18,0.55,0.0
20230605:1110,706.22,926.9,63.79,20.4,1.45,0.0
20230605:1210,764.51,1003.71,69.75,21.04,2.21,0.0
20230605:1310,763.86,998.87,68.87,21.26,2.48,0.0
20230605:1410,714.92,923.25,61.8,21.41,2.76,0.0
20230605:1510,604.69,765.55,51.94,21.46,3.24,0.0
20230605:1610,469.76,591.41,41.1,21.04,3.17,0.0
20230605:1710,279.11,368.63,30.01,20.63,2.69,0.0
20230605:1810,88.0,155.14,19.04,20.2,2.21,0.0
20230605:1910,19.75,38.19,8.5,19.86,1.72,0.0
20230605:2010,0.0,0.0,0.0,19.24,1.24,0.0
20230605:2110,0.0,0.0,0.0,18.34,0.69,0.0
20230605:2210,0.0,0.0,0.0,18.27,0.69,0.0
20230605:2310,0.0,0.0,0.0,17.39,0.97,0.0
20230606:0010,0.0,0.0,0.0,16.71,1.17,0.0
20230606:0110,0.0,0.0,0.0,16.58,1.1,0.0
20230606:0210,0.0,0.0,0.0,16.35,1.1,0.0
20230606:0310,0.0,0.0,0.0,15.72,1.24,0.0
20230606:0410,0.0,0.0,0.0,14.86,1.59,0.0
20230606:0510,0.0,0.0,0.0,14.37,1.86,0.0
20230606:0610,39.09,62.5,10.93,14.96,1.79,0.0
20230606:0710,0.0,0.0,0.0,18.1,1.72,0.0
20230606:0810,278.97,364.64,32.61,20.51,1.72,0.0
20230606:0910,349.17,449.51,43.68,22.19,1.17,0.0
20230606:1010,541.07,717.7,54.4,23.49,0.41,0.0
20230606:1110,410.36,540.37,63.85,24.34,0.48,0.0
20230606:1210,545.8,720.11,69.84,24.51,1.38,0.0
20230606:1310,707.79,953.1,68.98,24.53,1.45,0.0
20230606:1410,529.75,697.89,61.91,24.37,1.17,0.0
20230606:1510,426.52,557.15,52.04,24.4,0.97,0.0
20230606:1610,348.42,452.93,41.2,24.34,1.24,0.0
20230606:1710,109.49,152.95,30.1,23.96,1.52,0.0
20230606:1810,49.7,78.46,19.14,23.98,1.66,0.0
20230606:1910,15.1,32.12,8.6,23.79,2.0,0.0
20230606:2010,0.0,0.0,0.0,23.41,2.21,0.0
20230606:2110,0.0,0.0,0.0,23.09,2.9,0.0
20230606:2210,0.0,0.0,0.0,22.65,3.31,0.0
20230606:2310,0.0,0.0,0.0,22.14,3.1,0.0
20230607:0010,0.0,0.0,0.0,21.44,2.28,0.0
20230607:0110,0.0,0.0,0.0,20.31,2.07,0.0
20230607:0210,0.0,0.0,0.0,19.11,1.45,0.0
20230607:0310,0.0,0.0,0.0,19.0,1.86,0.0
20230607:0410,0.0,0.0,0.0,19.03,2.55,0.0
20230607:0510,0.0,0.0,0.0,18.78,2.62,0.0
20230607:0610,21.82,40.8,10.97,18.53,2.76,0.0
20230607:0710,45.19,71.08,21.62,18.58,2.14,0.0
20230607:0810,72.01,104.31,32.63,19.2,2.41,0.0
20230607:0910,83.36,118.15,43.71,19.49,2.69,0.0
20230607:1010,44.25,70.15,54.43,19.53,2.28,0.0
20230607:1110,80.73,115.38,63.91,19.96,1.72,0.0
20230607:1210,456.55,581.66,69.93,20.81,2.07,0.0
20230607:1310,104.04,144.0,69.09,21.12,2.9,0.0
20230607:1410,59.32,89.54,62.01,21.37,3.03,0.0
20230607:1510,79.52,114.46,52.14,21.61,3.17,0.0
20230607:1610,75.65,109.84,41.29,22.01,3.79,0.0
20230607:1710,18.64,36.92,30.2,22.06,4.0,0.0
20230607:1810,38.14,62.77,19.24,21.22,3.52,0.0
20230607:1910,24.88,45.14,8.7,19.86,3.03,0.0
20230607:2010,0.0,0.0,0.0,19.49,2.69,0.0
20230607:2110,0.0,0.0,0.0,18.86,2.69,0.0
20230607:2210,0.0,0.0,0.0,18.39,2.62,0.0
20230607:2310,0.0,0.0,0.0,18.2,2.62,0.0
20230608:0010,0.0,0.0,0.0,18.12,2.69,0.0
20230608:0110,0.0,0.0,0.0,18.01,2.69,0.0
20230608:0210,0.0,0.0,0.0,17.75,2.83,0.0
20230608:0310,0.0,0.0,0.0,17.4,3.31,0.0
20230608:0410,0.0,0.0,0.0,17.33,3.03,0.0
20230608:0510,0.0,0.0,0.0,16.95,2.97,0.0
20230608:0610,4.34,14.76,11.0,17.05,2.9,0.0
20230608:0710,107.85,176.72,21.64,18.63,3.17,0.0
20230608:0810,299.61,389.3,32.66,19.85,3.45,0.0
20230608:0910,302.18,380.2,43.74,20.06,3.86,0.0
20230608:1010,330.45,415.43,54.46,20.17,3.59,0.0
20230608:1110,334.51,421.71,63.96,20.27,3.31,0.0
20230608:1210,404.64,508.94,70.01,20.68,3.66,0.0
20230608:1310,474.92,595.61,69.19,20.63,4.07,0.0
20230608:1410,46.11,72.92,62.11,21.31,4.14,0.0
20230608:1510,58.58,88.61,52.23,21.65,4.41,0.0
20230608:1610,38.45,62.77,41.38,19.83,5.1,0.0
20230608:1710,24.37,44.31,30.28,19.29,5.31,0.0
20230608:1810,100.76,145.77,19.33,19.07,4.69,0.0
20230608:1910,2.87,12.15,8.79,18.6,4.62,0.0
20230608:2010,0.0,0.0,0.0,18.11,4.48,0.0
20230608:2110,0.0,0.0,0.0,17.79,4.62,0.0
20230608:2210,0.0,0.0,0.0,17.56,4.9,0.0
20230608:2310,0.0,0.0,0.0,17.32,5.52,0.0
20230609:0010,0.0,0.0,0.0,17.04,5.86,0.0
20230609:0110,0.0,0.0,0.0,16.84,6.28,0.0
20230609:0210,0.0,0.0,0.0,16.79,7.24,0.0
20230609:0310,0.0,0.0,0.0,16.72,7.31,0.0
20230609:0410,0.0,0.0,0.0,16.63,7.31,0.0
20230609:0510,0.0,0.0,0.0,16.37,6.76,0.0
20230609:0610,40.27,64.23,11.02,16.57,5.72,0.0
20230609:0710,89.21,124.27,21.66,16.69,4.97,0.0
20230609:0810,153.09,198.67,32.67,16.8,5.1,0.0
20230609:0910,118.15,157.84,43.75,17.3,5.17,0.0
20230609:1010,229.23,287.8,54.49,17.56,6.21,0.0
20230609:1110,112.2,151.38,64.0,18.27,5.72,0.0
20230609:1210,425.95,524.97,70.09,18.84,6.07,0.0
20230609:1310,358.03,442.73,69.29,18.33,5.52,0.0
20230609:1410,392.86,487.04,62.21,19.44,5.31,0.0
20230609:1510,345.78,427.02,52.32,18.69,6.0,0.0
20230609:1610,202.01,258.04,41.47,19.13,5.24,0.0
20230609:1710,129.55,172.7,30.37,19.05,5.31,0.0
20230609:1810,94.88,134.93,19.42,18.44,5.1,0.0
20230609:1910,23.87,43.4,8.88,17.79,4.83,0.0
20230609:2010,0.0,0.0,0.0,17.06,4.62,0.0
20230609:2110,0.0,0.0,0.0,16.88,4.07,0.0
20230609:2210,0.0,0.0,0.0,16.72,3.86,0.0
20230609:2310,0.0,0.0,0.0,16.66,3.79,0.0
20230610:0010,0.0,0.0,0.0,16.54,4.07,0.0
20230610:0110,0.0,0.0,0.0,16.56,4.07,0.0
20230610:0210,0.0,0.0,0.0,16.41,3.93,0.0
20230610:0310,0.0,0.0,0.0,16.49,4.0,0.0
20230610:0410,0.0,0.0,0.0,16.36,3.79,0.0
20230610:0510,0.0,0.0,0.0,16.26,3.66,0.0
20230610:0610,38.21,61.63,11.04,16.25,3.45,0.0
20230610:0710,47.18,72.92,21.68,16.63,3.17,0.0
20230610:0810,179.63,231.24,32.68,17.18,3.59,0.0
20230610:0910,298.51,372.36,43.77,17.71,3.45,0.0
20230610:1010,385.39,478.58,54.51,18.33,3.59,0.0
20230610:1110,338.34,423.45,64.04,19.12,3.66,0.0
20230610:1210,279.18,352.61,70.15,19.72,3.86,0.0
20230610:1310,424.71,530.9,69.38,19.94,4.07,0.0
20230610:1410,645.26,811.23,62.29,20.0,4.0,0.0
20230610:1510,603.55,753.28,52.41,19.79,3.86,0.0
20230610:1610,438.41,546.87,41.55,19.66,3.52,0.0
20230610:1710,93.48,130.15,30.45,19.27,3.1,0.0
20230610:1810,103.73,151.41,19.5,18.76,2.48,0.0
20230610:1910,28.33,49.48,8.97,18.28,1.17,0.0
20230610:2010,0.0,0.0,0.0,17.75,0.69,0.0
20230610:2110,0.0,0.0,0.0,16.81,0.76,0.0
20230610:2210,0.0,0.0,0.0,15.8,1.17,0.0
20230610:2310,0.0,0.0,0.0,14.99,1.38,0.0
20230611:0010,0.0,0.0,0.0,14.4,1.45,0.0
20230611:0110,0.0,0.0,0.0,13.8,1.52,0.0
20230611:0210,0.0,0.0,0.0,13.65,1.52,0.0
20230611:0310,0.0,0.0,0.0,13.22,1.45,0.0
20230611:0410,0.0,0.0,0.0,12.48,1.52,0.0
20230611:0510,0.0,0.0,0.0,12.52,1.52,0.0
20230611:0610,29.7,50.35,11.06,13.67,1.59,0.0
20230611:0710,107.98,175.96,21.69,15.02,1.59,0.0
20230611:0810,271.54,348.72,32.69,16.52,1.31,0.0
20230611:0910,471.38,592.81,43.78,17.85,1.52,0.0
20230611:1010,489.93,614.37,54.52,18.81,2.48,0.0
20230611:1110,490.9,615.02,64.07,19.48,3.31,0.0
20230611:1210,453.89,567.49,70.21,19.81,3.93,0.0
20230611:1310,702.67,887.1,69.46,19.76,4.14,0.0
20230611:1410,546.42,681.69,62.38,19.29,3.93,0.0
20230611:1510,606.09,757.5,52.49,19.19,3.38,0.0
20230611:1610,467.86,583.92,41.63,19.45,3.24,0.0
20230611:1710,283.88,372.03,30.53,19.35,2.69,0.0
20230611:1810,96.65,159.48,19.58,19.06,1.93,0.0
20230611:1910,21.8,40.8,9.05,18.58,1.66,0.0
20230611:2010,0.0,0.0,0.0,18.17,1.24,0.0
20230611:2110,0.0,0.0,0.0,17.31,1.17,0.0
20230611:2210,0.0,0.0,0.0,16.13,1.52,0.0
20230611:2310,0.0,0.0,0.0,15.7,1.45,0.0
20230612:0010,0.0,0.0,0.0,15.14,1.66,0.0
20230612:0110,0.0,0.0,0.0,14.96,1.79,0.0
20230612:0210,0.0,0.0,0.0,14.92,1.59,0.0
20230612:0310,0.0,0.0,0.0,14.9,1.52,0.0
20230612:0410,0.0,0.0,0.0,14.66,1.59,0.0
20230612:0510,0.0,0.0,0.0,14.54,1.59,0.0
20230612:0610,39.76,63.37,11.07,15.02,1.52,0.0
20230612:0710,104.31,176.21,21.69,17.06,1.45,0.0
20230612:0810,300.72,393.09,32.69,18.36,1.45,0.0
20230612:0910,0.0,0.0,0.0,19.3,1.24,0.0
20230612:1010,467.69,600.52,54.53,20.41,0.97,0.0
20230612:1110,391.7,500.62,64.09,21.2,1.66,0.0
20230612:1210,763.36,990.76,70.27,21.39,2.97,0.0
20230612:1310,745.92,946.18,69.54,20.03,4.07,0.0
20230612:1410,558.35,700.21,62.46,19.25,3.31,0.0
20230612:1510,257.05,326.51,52.56,19.08,2.28,0.0
20230612:1610,327.75,412.24,41.7,18.65,2.07,0.0
20230612:1710,226.33,293.92,30.61,18.4,1.38,0.0
20230612:1810,103.07,159.31,19.66,18.32,0.62,0.0
20230612:1910,24.27,44.27,9.13,19.21,0.69,0.0
20230612:2010,0.0,0.0,0.0,18.69,0.48,0.0
20230612:2110,0.0,0.0,0.0,17.23,1.66,0.0
20230612:2210,0.0,0.0,0.0,16.51,2.55,0.0
20230612:2310,0.0,0.0,0.0,16.13,2.48,0.0
20230613:0010,0.0,0.0,0.0,15.95,2.0,0.0
20230613:0110,0.0,0.0,0.0,15.83,1.17,0.0
20230613:0210,0.0,0.0,0.0,15.66,0.76,0.0
20230613:0310,0.0,0.0,0.0,15.98,0.55,0.0
20230613:0410,0.0,0.0,0.0,15.83,0.62,0.0
20230613:0510,0.0,0.0,0.0,15.08,0.9,0.0
20230613:0610,20.2,38.19,11.07,15.49,0.83,0.0
20230613:0710,118.31,166.33,21.69,16.08,0.14,0.0
20230613:0810,262.45,337.43,32.69,16.81,1.24,0.0
20230613:0910,190.29,244.63,43.78,17.47,1.86,0.0
20230613:1010,216.56,276.48,54.54,18.34,2.55,0.0
20230613:1110,361.22,452.11,64.11,19.1,3.31,0.0
20230613:1210,471.32,588.69,70.32,19.49,3.86,0.0
20230613:1310,459.94,574.9,69.61,19.77,3.93,0.0
20230613:1410,289.97,365.28,62.54,19.9,4.21,0.0
20230613:1510,486.44,603.85,52.64,19.88,4.48,0.0
20230613:1610,384.97,477.78,41.78,19.41,4.62,0.0
20230613:1710,149.07,196.62,30.68,19.3,4.0,0.0
20230613:1810,69.69,101.85,19.73,19.25,3.45,0.0
20230613:1910,1.99,10.42,9.2,18.61,3.52,0.0
20230613:2010,0.0,0.0,0.0,18.06,2.97,0.0
20230613:2110,0.0,0.0,0.0,17.49,2.76,0.0
20230613:2210,0.0,0.0,0.0,17.12,2.34,0.0
20230613:2310,0.0,0.0,0.0,16.63,2.14,0.0
20230614:0010,0.0,0.0,0.0,16.26,2.0,0.0
20230614:0110,0.0,0.0,0.0,15.67,2.0,0.0
20230614:0210,0.0,0.0,0.0,15.19,1.93,0.0
20230614:0310,0.0,0.0,0.0,14.82,1.86,0.0
20230614:0410,0.0,0.0,0.0,14.58,1.72,0.0
20230614:0510,0.0,0.0,0.0,14.37,1.59,0.0
20230614:0610,33.61,55.55,11.07,14.8,1.72,0.0
20230614:0710,117.5,177.68,21.69,16.4,1.1,0.0
20230614:0810,282.27,366.17,32.69,17.51,1.1,0.0
20230614:0910,426.46,539.37,43.77,18.71,1.31,0.0
20230614:1010,545.31,693.63,54.54,19.81,1.86,0.0
20230614:1110,633.93,811.19,64.13,20.64,2.62,0.0
20230614:1210,720.67,929.85,70.36,21.05,2.97,0.0
20230614:1310,768.6,991.37,69.68,21.33,3.45,0.0
20230614:1410,721.08,917.41,62.61,21.27,3.93,0.0
20230614:1510,624.72,784.71,52.71,21.31,4.14,0.0
20230614:1610,486.47,609.2,41.85,21.02,3.93,0.0
20230614:1710,293.26,385.23,30.75,20.64,3.66,0.0
20230614:1810,93.74,161.6,19.8,20.29,3.1,0.0
20230614:1910,25.57,46.01,9.28,19.51,2.9,0.0
20230614:2010,0.0,0.0,0.0,18.7,2.48,0.0
20230614:2110,0.0,0.0,0.0,17.9,2.07,0.0
20230614:2210,0.0,0.0,0.0,17.27,1.66,0.0
20230614:2310,0.0,0.0,0.0,16.59,1.45,0.0
20230615:0010,0.0,0.0,0.0,15.87,1.52,0.0
20230615:0110,0.0,0.0,0.0,15.39,1.72,0.0
20230615:0210,0.0,0.0,0.0,15.01,1.86,0.0
20230615:0310,0.0,0.0,0.0,14.62,1.86,0.0
20230615:0410,0.0,0.0,0.0,14.48,1.93,0.0
20230615:0510,0.0,0.0,0.0,14.49,2.07,0.0
20230615:0610,27.47,47.74,11.06,15.25,2.07,0.0
20230615:0710,102.93,174.43,21.68,17.96,1.24,0.0
20230615:0810,298.68,395.72,32.68,20.2,1.03,0.0
20230615:0910,476.61,614.11,43.76,21.51,1.1,0.0
20230615:1010,610.76,793.85,54.53,22.51,1.66,0.0
20230615:1110,708.71,929.03,64.13,23.15,2.34,0.0
20230615:1210,759.43,1003.24,70.39,23.66,2.62,0.0
20230615:1310,768.26,1016.06,69.73,24.07,2.76,0.0
20230615:1410,713.38,931.89,62.67,24.33,3.03,0.0
20230615:1510,621.89,800.31,52.77,24.4,3.24,0.0
20230615:1610,466.94,596.63,41.91,24.32,3.31,0.0
20230615:1710,285.04,380.58,30.82,24.06,3.45,0.0
20230615:1810,91.92,163.41,19.87,23.51,3.17,0.0
20230615:1910,21.94,41.66,9.34,22.91,2.48,0.0
20230615:2010,0.0,0.0,0.0,21.98,2.28,0.0
20230615:2110,0.0,0.0,0.0,21.03,2.14,0.0
20230615:2210,0.0,0.0,0.0,20.41,2.21,0.0
20230615:2310,0.0,0.0,0.0,19.95,2.14,0.0
20230616:0010,0.0,0.0,0.0,19.56,1.86,0.0
20230616:0110,0.0,0.0,0.0,19.09,1.72,0.0
20230616:0210,0.0,0.0,0.0,18.61,1.72,0.0
20230616:0310,0.0,0.0,0.0,18.12,1.59,0.0
20230616:0410,0.0,0.0,0.0,18.12,1.24,0.0
20230616:0510,0.0,0.0,0.0,18.47,0.9,0.0
20230616:0610,37.56,61.63,11.05,19.0,0.69,0.0
20230616:0710,116.04,168.04,21.67,19.88,0.28,0.0
20230616:0810,193.51,255.11,32.66,21.1,0.97,0.0
20230616:0910,347.36,443.86,43.75,21.7,1.79,0.0
20230616:1010,550.01,703.64,54.52,22.14,2.34,0.0
20230616:1110,532.47,681.68,64.14,22.57,2.76,0.0
20230616:1210,633.02,816.02,70.42,22.82,3.1,0.0
20230616:1310,703.46,909.39,69.79,22.86,3.38,0.0
20230616:1410,599.04,765.87,62.73,22.78,3.38,0.0
20230616:1510,583.79,742.27,52.84,22.61,3.24,0.0
20230616:1610,436.66,552.07,41.97,22.26,3.31,0.0
20230616:1710,279.12,368.1,30.88,21.76,3.45,0.0
20230616:1810,103.53,161.89,19.93,21.04,3.1,0.0
20230616:1910,30.69,52.95,9.4,20.37,2.55,0.0
20230616:2010,0.0,0.0,0.0,19.55,2.21,0.0
20230616:2110,0.0,0.0,0.0,18.7,2.21,0.0
20230616:2210,0.0,0.0,0.0,18.13,2.07,0.0
20230616:2310,0.0,0.0,0.0,17.6,1.79,0.0
20230617:0010,0.0,0.0,0.0,17.18,1.72,0.0
20230617:0110,0.0,0.0,0.0,16.87,1.93,0.0
20230617:0210,0.0,0.0,0.0,16.57,1.86,0.0
20230617:0310,0.0,0.0,0.0,16.34,1.45,0.0
20230617:0410,0.0,0.0,0.0,16.0,1.17,0.0
20230617:0510,0.0,0.0,0.0,15.57,1.24,0.0
20230617:0610,22.72,41.66,11.04,16.16,1.17,0.0
20230617:0710,119.57,174.35,21.65,17.23,1.72,0.0
20230617:0810,268.07,346.77,32.64,17.88,1.45,0.0
20230617:0910,401.48,507.31,43.73,18.9,1.45,0.0
20230617:1010,491.28,619.01,54.51,19.8,2.48,0.0
20230617:1110,646.35,821.02,64.13,20.34,3.17,0.0
20230617:1210,733.57,940.27,70.44,20.64,3.38,0.0
20230617:1310,743.7,954.4,69.83,20.74,3.38,0.0
20230617:1410,658.97,835.65,62.79,20.78,3.59,0.0
20230617:1510,458.5,573.86,52.89,20.68,3.79,0.0
20230617:1610,372.94,468.09,42.03,20.53,3.52,0.0
20230617:1710,228.62,296.66,30.94,20.15,3.17,0.0
20230617:1810,98.69,140.95,19.99,19.62,2.48,0.0
20230617:1910,21.81,40.8,9.46,18.64,2.83,0.0
20230617:2010,0.0,0.0,0.0,17.89,2.14,0.0
20230617:2110,0.0,0.0,0.0,17.3,1.66,0.0
20230617:2210,0.0,0.0,0.0,16.83,1.1,0.0
20230617:2310,0.0,0.0,0.0,16.74,0.41,0.0
20230618:0010,0.0,0.0,0.0,16.19,0.76,0.0
20230618:0110,0.0,0.0,0.0,16.22,0.83,0.0
20230618:0210,0.0,0.0,0.0,16.35,1.31,0.0
20230618:0310,0.0,0.0,0.0,16.27,2.0,0.0
20230618:0410,0.0,0.0,0.0,16.16,2.28,0.0
20230618:0510,0.0,0.0,0.0,16.03,3.03,0.0
20230618:0610,39.61,63.37,11.02,16.14,3.31,0.0
20230618:0710,114.74,160.25,21.63,17.0,2.69,0.0
20230618:0810,200.17,257.21,32.62,17.41,2.69,0.0
20230618:0910,394.45,489.45,43.71,17.92,3.24,0.0
20230618:1010,293.84,368.27,54.49,18.61,3.59,0.0
20230618:1110,417.61,520.44,64.12,19.07,3.72,0.0
20230618:1210,500.51,625.99,70.45,19.75,3.93,0.0
20230618:1310,562.93,705.67,69.87,20.07,4.14,0.0
20230618:1410,554.18,695.43,62.84,20.43,3.93,0.0
20230618:1510,417.58,522.17,52.95,20.56,3.93,0.0
20230618:1610,368.12,459.56,42.08,19.87,4.0,0.0
20230618:1710,200.97,260.93,30.99,19.8,3.38,0.0
20230618:1810,90.16,128.06,20.04,19.23,3.79,0.0
20230618:1910,26.33,46.87,9.51,18.72,2.69,0.0
20230618:2010,0.0,0.0,0.0,18.11,2.0,0.0
20230618:2110,0.0,0.0,0.0,17.84,2.0,0.0
20230618:2210,0.0,0.0,0.0,17.66,2.14,0.0
20230618:2310,0.0,0.0,0.0,17.34,2.28,0.0
20230619:0010,0.0,0.0,0.0,17.21,2.21,0.0
20230619:0110,0.0,0.0,0.0,16.83,2.0,0.0
20230619:0210,0.0,0.0,0.0,16.53,2.07,0.0
20230619:0310,0.0,0.0,0.0,16.48,2.14,0.0
20230619:0410,0.0,0.0,0.0,16.29,2.14,0.0
20230619:0510,0.0,0.0,0.0,16.31,2.0,0.0
20230619:0610,38.8,62.5,11.0,16.52,2.28,0.0
20230619:0710,58.99,87.69,21.6,17.29,2.34,0.0
20230619:0810,21.76,40.61,32.59,17.93,2.9,0.0
20230619:0910,158.11,206.76,43.68,19.02,3.72,0.0
20230619:1010,54.83,83.08,54.46,19.06,4.28,0.0
20230619:1110,229.46,291.19,64.11,19.1,4.62,0.0
20230619:1210,220.15,279.85,70.45,19.04,4.97,0.0
20230619:1310,215.62,274.31,69.91,18.72,4.55,0.0
20230619:1410,109.21,148.61,62.88,18.91,3.72,0.0
20230619:1510,87.7,122.77,53.0,18.51,3.38,0.0
20230619:1610,178.58,230.93,42.14,18.34,2.69,0.0
20230619:1710,117.23,158.34,31.04,18.34,2.07,0.0
20230619:1810,83.13,118.69,20.09,18.28,1.72,0.0
20230619:1910,18.11,35.59,9.56,17.49,2.07,0.0
20230619:2010,0.0,0.0,0.0,17.06,1.72,0.0
20230619:2110,0.0,0.0,0.0,16.85,1.59,0.0
20230619:2210,0.0,0.0,0.0,16.71,1.59,0.0
20230619:2310,0.0,0.0,0.0,16.29,1.52,0.0
20230620:0010,0.0,0.0,0.0,15.9,1.24,0.0
20230620:0110,0.0,0.0,0.0,15.49,0.83,0.0
20230620:0210,0.0,0.0,0.0,16.05,0.34,0.0
20230620:0310,0.0,0.0,0.0,15.87,0.21,0.0
20230620:0410,0.0,0.0,0.0,15.72,0.41,0.0
20230620:0510,0.0,0.0,0.0,15.54,0.55,0.0
20230620:0610,38.32,61.63,10.97,15.11,0.69,0.0
20230620:0710,108.03,173.83,21.57,16.24,0.97,0.0
20230620:0810,274.71,355.1,32.56,16.99,1.1,0.0
20230620:0910,437.28,550.1,43.65,17.78,1.45,0.0
20230620:1010,599.88,759.72,54.43,18.38,1.93,0.0
20230620:1110,484.17,609.54,64.09,18.93,2.41,0.0
20230620:1210,570.92,721.0,70.45,19.32,2.97,0.0
20230620:1310,719.25,915.59,69.93,19.57,3.45,0.0
20230620:1410,637.77,803.13,62.93,19.23,3.45,0.0
20230620:1510,625.13,783.25,53.04,19.37,3.38,0.0
20230620:1610,462.87,577.78,42.18,19.12,3.03,0.0
20230620:1710,288.88,376.05,31.09,19.08,2.76,0.0
20230620:1810,110.88,167.3,20.13,18.65,2.34,0.0
20230620:1910,22.48,41.66,9.61,18.28,1.86,0.0
20230620:2010,0.0,0.0,0.0,17.73,1.31,0.0
20230620:2110,0.0,0.0,0.0,16.7,1.03,0.0
20230620:2210,0.0,0.0,0.0,16.21,0.97,0.0
20230620:2310,0.0,0.0,0.0,15.56,1.17,0.0
20230621:0010,0.0,0.0,0.0,15.09,1.31,0.0
20230621:0110,0.0,0.0,0.0,14.65,1.45,0.0
20230621:0210,0.0,0.0,0.0,14.43,1.52,0.0
20230621:0310,0.0,0.0,0.0,14.05,1.59,0.0
20230621:0410,0.0,0.0,0.0,13.68,1.86,0.0
20230621:0510,0.0,0.0,0.0,13.89,1.86,0.0
20230621:0610,30.99,52.08,10.94,14.14,1.66,0.0
20230621:0710,117.13,163.88,21.53,16.37,1.72,0.0
20230621:0810,251.85,323.91,32.52,17.45,1.72,0.0
20230621:0910,264.76,336.16,43.61,18.5,1.59,0.0
20230621:1010,337.82,427.44,54.4,19.21,1.66,0.0
20230621:1110,360.2,455.58,64.06,20.03,2.34,0.0
20230621:1210,616.9,789.46,70.45,20.31,2.55,0.0
20230621:1310,743.34,953.92,69.95,20.62,3.38,0.0
20230621:1410,713.93,905.3,62.96,20.41,3.79,0.0
20230621:1510,617.68,771.96,53.08,19.87,3.86,0.0
20230621:1610,463.01,578.52,42.22,19.87,3.38,0.0
20230621:1710,286.14,373.08,31.13,20.18,3.45,0.0
20230621:1810,105.05,168.63,20.18,20.14,3.45,0.0
20230621:1910,32.01,54.69,9.65,20.47,2.97,0.0
20230621:2010,0.0,0.0,0.0,19.7,2.97,0.0
20230621:2110,0.0,0.0,0.0,18.85,2.97,0.0
20230621:2210,0.0,0.0,0.0,18.19,2.83,0.0
20230621:2310,0.0,0.0,0.0,17.54,2.69,0.0
20230622:0010,0.0,0.0,0.0,16.92,2.41,0.0
20230622:0110,0.0,0.0,0.0,16.37,2.21,0.0
20230622:0210,0.0,0.0,0.0,15.55,1.93,0.0
20230622:0310,0.0,0.0,0.0,14.81,1.79,0.0
20230622:0410,0.0,0.0,0.0,14.52,1.72,0.0
20230622:0510,0.0,0.0,0.0,14.31,1.79,0.0
20230622:0610,33.62,55.55,10.9,14.73,1.79,0.0
20230622:0710,109.86,174.14,21.49,15.74,1.59,0.0
20230622:0810,291.41,379.61,32.48,17.37,1.24,0.0
20230622:0910,461.89,590.48,43.57,18.91,0.69,0.0
20230622:1010,581.83,762.33,54.36,20.18,0.41,0.0
20230622:1110,682.91,895.13,64.03,21.21,1.59,0.0
20230622:1210,756.44,990.81,70.43,21.69,2.48,0.0
20230622:1310,762.78,994.94,69.97,21.99,2.9,0.0
20230622:1410,711.2,919.54,62.99,22.17,2.97,0.0
20230622:1510,625.63,796.89,53.12,22.24,3.24,0.0
20230622:1610,473.0,596.3,42.26,22.06,3.66,0.0
20230622:1710,292.14,383.92,31.17,21.74,3.59,0.0
20230622:1810,99.26,169.76,20.21,21.43,3.31,0.0
20230622:1910,25.38,46.01,9.68,20.91,2.62,0.0
20230622:2010,0.0,0.0,0.0,20.16,2.28,0.0
20230622:2110,0.0,0.0,0.0,19.3,2.0,0.0
20230622:2210,0.0,0.0,0.0,18.48,2.0,0.0
20230622:2310,0.0,0.0,0.0,17.92,2.14,0.0
20230623:0010,0.0,0.0,0.0,17.48,2.28,0.0
20230623:0110,0.0,0.0,0.0,17.14,2.34,0.0
20230623:0210,0.0,0.0,0.0,16.85,2.41,0.0
20230623:0310,0.0,0.0,0.0,16.35,2.34,0.0
20230623:0410,0.0,0.0,0.0,15.9,2.28,0.0
20230623:0510,0.0,0.0,0.0,15.6,2.28,0.0
20230623:0610,30.11,51.21,10.86,15.56,2.34,0.0
20230623:0710,100.8,169.52,21.45,18.02,2.0,0.0
20230623:0810,291.23,384.12,32.44,20.32,2.0,0.0
20230623:0910,471.49,603.3,43.53,22.07,1.93,0.0
20230623:1010,612.35,797.91,54.32,23.52,1.86,0.0
20230623:1110,694.82,925.13,63.99,24.59,1.79,0.0
20230623:1210,742.15,996.71,70.41,25.29,2.07,0.0
20230623:1310,752.41,1007.01,69.97,25.73,2.48,0.0
20230623:1410,690.61,910.51,63.02,25.96,2.83,0.0
20230623:1510,607.29,789.26,53.15,26.04,3.03,0.0
20230623:1610,458.27,591.1,42.29,25.99,3.1,0.0
20230623:1710,283.28,380.44,31.2,25.84,3.17,0.0
20230623:1810,97.4,169.75,20.25,25.52,3.03,0.0
20230623:1910,26.7,48.61,9.71,25.29,2.69,0.0
20230623:2010,0.0,0.0,0.0,24.42,2.83,0.0
20230623:2110,0.0,0.0,0.0,23.45,2.83,0.0
20230623:2210,0.0,0.0,0.0,22.77,2.9,0.0
20230623:2310,0.0,0.0,0.0,22.14,2.83,0.0
20230624:0010,0.0,0.0,0.0,21.5,2.76,0.0
20230624:0110,0.0,0.0,0.0,20.82,2.69,0.0
20230624:0210,0.0,0.0,0.0,20.16,2.62,0.0
20230624:0310,0.0,0.0,0.0,19.64,2.62,0.0
20230624:0410,0.0,0.0,0.0,19.25,2.69,0.0
20230624:0510,0.0,0.0,0.0,18.91,2.69,0.0
20230624:0610,29.56,51.21,10.81,19.11,2.48,0.0
20230624:0710,98.97,168.09,21.4,21.19,1.59,0.0
20230624:0810,278.9,378.81,32.39,24.14,0.55,0.0
20230624:0910,452.79,591.65,43.48,25.39,1.45,0.0
20230624:1010,601.64,783.07,54.27,25.35,2.55,0.0
20230624:1110,694.71,912.29,63.95,25.19,2.83,0.0
20230624:1210,744.53,983.6,70.38,25.05,2.97,0.0
20230624:1310,748.65,988.88,69.97,24.92,2.97,0.0
20230624:1410,647.83,845.2,63.03,24.72,2.83,0.0
20230624:1510,602.18,778.94,53.18,24.68,2.76,0.0
20230624:1610,452.34,581.37,42.32,24.53,2.62,0.0
20230624:1710,279.82,373.54,31.23,24.21,2.48,0.0
20230624:1810,104.32,169.21,20.27,23.66,2.62,0.0
20230624:1910,30.33,52.95,9.74,22.69,3.1,0.0
20230624:2010,0.0,0.0,0.0,21.54,3.03,0.0
20230624:2110,0.0,0.0,0.0,20.45,3.03,0.0
20230624:2210,0.0,0.0,0.0,19.66,3.1,0.0
20230624:2310,0.0,0.0,0.0,19.05,3.1,0.0
20230625:0010,0.0,0.0,0.0,18.68,3.1,0.0
20230625:0110,0.0,0.0,0.0,18.33,3.03,0.0
20230625:0210,0.0,0.0,0.0,17.97,2.97,0.0
20230625:0310,0.0,0.0,0.0,17.64,3.03,0.0
20230625:0410,0.0,0.0,0.0,17.34,3.31,0.0
20230625:0510,0.0,0.0,0.0,17.03,3.45,0.0
20230625:0610,29.92,51.21,10.76,16.96,3.52,0.0
20230625:0710,100.11,168.73,21.35,17.85,3.52,0.0
20230625:0810,296.92,386.82,32.34,18.93,3.24,0.0
20230625:0910,487.25,612.08,43.43,20.55,3.24,0.0
20230625:1010,629.81,799.15,54.22,21.97,3.52,0.0
20230625:1110,720.74,926.47,63.9,23.12,3.93,0.0
20230625:1210,770.4,998.17,70.35,23.92,4.28,0.0
20230625:1310,777.31,1009.62,69.97,24.52,4.41,0.0
20230625:1410,716.72,923.16,63.05,24.9,4.62,0.0
20230625:1510,628.76,800.46,53.2,25.01,4.9,0.0
20230625:1610,475.89,603.03,42.35,24.9,5.1,0.0
20230625:1710,292.23,386.88,31.26,24.56,5.1,0.0
20230625:1810,100.33,171.29,20.3,23.96,5.03,0.0
20230625:1910,25.8,46.87,9.76,22.86,5.17,0.0
20230625:2010,0.0,0.0,0.0,21.61,5.03,0.0
20230625:2110,0.0,0.0,0.0,20.5,4.97,0.0
20230625:2210,0.0,0.0,0.0,19.68,4.69,0.0
20230625:2310,0.0,0.0,0.0,19.08,4.41,0.0
20230626:0010,0.0,0.0,0.0,18.59,4.21,0.0
20230626:0110,0.0,0.0,0.0,18.09,4.21,0.0
20230626:0210,0.0,0.0,0.0,17.62,4.28,0.0
20230626:0310,0.0,0.0,0.0,17.17,4.34,0.0
20230626:0410,0.0,0.0,0.0,16.84,4.55,0.0
20230626:0510,0.0,0.0,0.0,16.61,4.69,0.0
20230626:0610,36.76,59.89,10.7,16.79,4.97,0.0
20230626:0710,117.33,172.13,21.3,17.83,5.03,0.0
20230626:0810,274.42,352.5,32.28,18.94,4.97,0.0
20230626:0910,444.75,552.46,43.37,20.35,5.03,0.0
20230626:1010,600.68,752.98,54.17,21.84,4.76,0.0
20230626:1110,702.08,896.41,63.85,23.25,4.55,0.0
20230626:1210,744.28,965.02,70.31,24.48,4.28,0.0
20230626:1310,736.79,959.97,69.95,25.37,4.21,0.0
20230626:1410,663.71,858.23,63.06,25.87,4.41,0.0
20230626:1510,560.96,718.11,53.22,26.13,4.69,0.0
20230626:1610,390.49,500.11,42.37,26.17,4.76,0.0
20230626:1710,231.95,307.04,31.28,25.9,4.83,0.0
20230626:1810,111.1,166.35,20.32,25.21,4.9,0.0
20230626:1910,31.47,54.69,9.77,23.99,5.1,0.0
20230626:2010,0.0,0.0,0.0,22.69,5.1,0.0
20230626:2110,0.0,0.0,0.0,21.46,5.03,0.0
20230626:2210,0.0,0.0,0.0,20.41,4.83,0.0
20230626:2310,0.0,0.0,0.0,19.5,4.55,0.0
20230627:0010,0.0,0.0,0.0,18.7,4.41,0.0
20230627:0110,0.0,0.0,0.0,18.03,4.07,0.0
20230627:0210,0.0,0.0,0.0,17.46,4.07,0.0
20230627:0310,0.0,0.0,0.0,17.02,4.07,0.0
20230627:0410,0.0,0.0,0.0,16.78,4.14,0.0
20230627:0510,0.0,0.0,0.0,16.63,4.21,0.0
20230627:0610,33.99,56.42,10.64,16.89,4.14,0.0
20230627:0710,107.57,170.68,21.24,18.15,3.86,0.0
20230627:0810,288.72,376.66,32.22,19.98,3.66,0.0
20230627:0910,470.4,594.03,43.31,21.8,3.31,0.0
20230627:1010,610.69,782.05,54.11,23.5,3.24,0.0
20230627:1110,701.67,916.15,63.79,24.9,3.24,0.0
20230627:1210,753.06,992.71,70.26,25.94,3.59,0.0
20230627:1310,758.65,999.21,69.93,26.6,4.0,0.0
20230627:1410,693.89,904.0,63.06,27.0,4.41,0.0
20230627:1510,597.49,769.42,53.23,27.18,4.69,0.0
20230627:1610,439.72,564.28,42.39,27.1,4.9,0.0
20230627:1710,270.09,359.53,31.29,26.72,4.97,0.0
20230627:1810,110.91,171.59,20.33,25.92,4.83,0.0
20230627:1910,32.58,56.42,9.78,25.11,4.28,0.0
20230627:2010,0.0,0.0,0.0,23.56,4.41,0.0
20230627:2110,0.0,0.0,0.0,22.12,4.48,0.0
20230627:2210,0.0,0.0,0.0,20.9,4.34,0.0
20230627:2310,0.0,0.0,0.0,19.81,4.21,0.0
20230628:0010,0.0,0.0,0.0,18.92,4.21,0.0
20230628:0110,0.0,0.0,0.0,18.16,4.21,0.0
20230628:0210,0.0,0.0,0.0,17.57,4.28,0.0
20230628:0310,0.0,0.0,0.0,17.14,4.21,0.0
20230628:0410,0.0,0.0,0.0,16.8,4.14,0.0
20230628:0510,0.0,0.0,0.0,16.51,4.07,0.0
20230628:0610,33.35,55.55,10.58,16.66,4.0,0.0
20230628:0710,108.67,170.2,21.17,17.99,3.79,0.0
20230628:0810,276.12,358.65,32.16,19.75,3.52,0.0
20230628:0910,426.91,538.57,43.25,21.51,3.31,0.0
20230628:1010,571.69,727.08,54.04,23.06,3.59,0.0
20230628:1110,662.72,854.53,63.73,24.35,3.86,0.0
20230628:1210,714.49,925.89,70.21,25.31,4.55,0.0
20230628:1310,719.78,932.24,69.91,25.87,4.97,0.0
20230628:1410,684.6,881.03,63.06,26.12,5.24,0.0
20230628:1510,615.92,783.91,53.24,26.04,5.59,0.0
20230628:1610,459.65,583.12,42.4,25.63,5.66,0.0
20230628:1710,285.15,376.72,31.31,24.99,5.52,0.0
20230628:1810,107.71,172.73,20.34,24.09,5.31,0.0
20230628:1910,31.0,53.82,9.79,22.84,5.03,0.0
20230628:2010,0.0,0.0,0.0,21.32,5.17,0.0
20230628:2110,0.0,0.0,0.0,19.88,5.38,0.0
20230628:2210,0.0,0.0,0.0,18.81,5.24,0.0
20230628:2310,0.0,0.0,0.0,17.99,4.97,0.0
20230629:0010,0.0,0.0,0.0,17.29,4.69,0.0
20230629:0110,0.0,0.0,0.0,16.86,4.48,0.0
20230629:0210,0.0,0.0,0.0,16.51,4.34,0.0
20230629:0310,0.0,0.0,0.0,16.31,4.34,0.0
20230629:0410,0.0,0.0,0.0,16.22,4.28,0.0
20230629:0510,0.0,0.0,0.0,16.12,4.14,0.0
20230629:0610,30.7,52.08,10.51,16.31,3.93,0.0
20230629:0710,116.26,166.69,21.11,17.21,4.55,0.0
20230629:0810,185.24,238.65,32.09,18.19,4.83,0.0
20230629:0910,304.36,379.75,43.18,19.15,5.1,0.0
20230629:1010,367.01,456.09,53.98,19.97,5.52,0.0
20230629:1110,418.94,521.26,63.66,20.78,5.86,0.0
20230629:1210,623.58,778.89,70.15,21.51,6.28,0.0
20230629:1310,667.56,833.84,69.87,21.8,6.83,0.0
20230629:1410,599.15,743.82,63.05,21.93,7.38,0.0
20230629:1510,570.22,704.06,53.24,21.79,7.52,0.0
20230629:1610,411.36,509.42,42.41,21.36,7.38,0.0
20230629:1710,285.26,366.68,31.31,20.58,7.17,0.0
20230629:1810,106.06,173.11,20.35,19.63,7.03,0.0
20230629:1910,25.07,45.14,9.79,18.73,6.62,0.0
20230629:2010,0.0,0.0,0.0,17.84,6.69,0.0
20230629:2110,0.0,0.0,0.0,17.19,6.62,0.0
20230629:2210,0.0,0.0,0.0,16.71,6.41,0.0
20230629:2310,0.0,0.0,0.0,16.12,6.28,0.0
20230630:0010,0.0,0.0,0.0,15.62,5.79,0.0
20230630:0110,0.0,0.0,0.0,15.21,5.45,0.0
20230630:0210,0.0,0.0,0.0,14.89,5.1,0.0
20230630:0310,0.0,0.0,0.0,14.58,5.1,0.0
20230630:0410,0.0,0.0,0.0,14.34,5.1,0.0
20230630:0510,0.0,0.0,0.0,14.21,5.1,0.0
20230630:0610,26.96,46.87,10.44,14.43,5.1,0.0
20230630:0710,97.06,162.97,21.04,15.27,4.83,0.0
20230630:0810,294.71,377.23,32.02,16.56,5.59,0.0
20230630:0910,484.3,591.94,43.11,17.81,5.59,0.0
20230630:1010,641.53,789.7,53.91,19.04,5.45,0.0
20230630:1110,0.0,0.0,0.0,20.2,5.17,0.0
20230630:1210,784.26,995.95,70.08,21.2,4.9,0.0
20230630:1310,783.72,997.56,69.83,21.89,5.03,0.0
20230630:1410,731.13,923.46,63.03,22.27,5.38,0.0
20230630:1510,635.1,793.44,53.24,22.42,5.72,0.0
20230630:1610,480.86,598.54,42.41,22.21,6.0,0.0
20230630:1710,297.83,387.27,31.32,21.68,6.07,0.0
20230630:1810,102.93,174.33,20.35,20.9,5.86,0.0
20230630:1910,23.58,43.4,9.79,20.13,5.31,0.0
20230630:2010,0.0,0.0,0.0,19.17,5.1,0.0
20230630:2110,0.0,0.0,0.0,18.38,4.83,0.0
20230630:2210,0.0,0.0,0.0,17.76,4.55,0.0
20230630:2310,0.0,0.0,0.0,17.28,4.28,0.0
20230701:0010,0.0,0.0,0.0,16.85,4.07,0.0
20230701:0110,0.0,0.0,0.0,16.59,3.93,0.0
20230701:0210,0.0,0.0,0.0,16.38,3.79,0.0
20230701:0310,0.0,0.0,0.0,16.17,3.72,0.0
20230701:0410,0.0,0.0,0.0,16.02,3.66,0.0
20230701:0510,0.0,0.0,0.0,15.92,3.72,0.0
20230701:0610,26.69,46.87,10.37,16.25,3.66,0.0
20230701:0710,94.08,160.8,20.96,17.5,3.86,0.0
20230701:0810,287.0,373.76,31.95,19.01,4.14,0.0
20230701:0910,471.49,587.27,43.04,20.48,4.34,0.0
20230701:1010,612.83,768.52,53.83,21.76,4.48,0.0
20230701:1110,710.37,902.47,63.51,22.72,4.69,0.0
20230701:1210,759.41,974.0,70.01,23.52,4.83,0.0
20230701:1310,767.95,986.78,69.79,24.08,5.03,0.0
20230701:1410,711.33,907.8,63.01,24.47,5.24,0.0
20230701:1510,621.24,785.18,53.23,24.6,5.45,0.0
20230701:1610,469.51,591.7,42.41,24.46,5.59,0.0
20230701:1710,290.91,383.0,31.31,24.01,5.72,0.0
20230701:1810,100.33,171.84,20.34,23.21,5.66,0.0
20230701:1910,23.26,43.4,9.78,22.77,5.86,0.0
20230701:2010,0.0,0.0,0.0,21.45,5.66,0.0
20230701:2110,0.0,0.0,0.0,20.39,5.45,0.0
20230701:2210,0.0,0.0,0.0,19.59,5.17,0.0
20230701:2310,0.0,0.0,0.0,18.94,4.97,0.0
20230702:0010,0.0,0.0,0.0,18.43,4.83,0.0
20230702:0110,0.0,0.0,0.0,18.02,4.69,0.0
20230702:0210,0.0,0.0,0.0,17.67,4.62,0.0
20230702:0310,0.0,0.0,0.0,17.39,4.55,0.0
20230702:0410,0.0,0.0,0.0,17.12,4.48,0.0
20230702:0510,0.0,0.0,0.0,16.94,4.41,0.0
20230702:0610,25.91,46.01,10.29,17.18,4.55,0.0
20230702:0710,93.25,160.89,20.89,18.65,4.76,0.0
20230702:0810,287.17,375.11,31.87,20.1,4.76,0.0
20230702:0910,470.74,588.99,42.96,21.75,4.69,0.0
20230702:1010,612.52,773.94,53.75,23.29,4.55,0.0
20230702:1110,711.11,914.16,63.43,24.64,4.55,0.0
20230702:1210,754.24,982.01,69.93,25.68,4.48,0.0
20230702:1310,761.31,994.88,69.73,26.35,4.55,0.0
20230702:1410,706.07,915.82,62.99,26.75,4.76,0.0
20230702:1510,617.1,791.96,53.22,26.91,4.97,0.0
20230702:1610,470.78,601.56,42.4,26.81,5.17,0.0
20230702:1710,292.52,389.73,31.31,26.37,5.38,0.0
20230702:1810,100.45,173.62,20.33,25.58,5.24,0.0
20230702:1910,23.05,43.4,9.76,24.39,5.31,0.0
20230702:2010,0.0,0.0,0.0,22.97,5.17,0.0
20230702:2110,0.0,0.0,0.0,21.67,5.03,0.0
20230702:2210,0.0,0.0,0.0,20.51,4.83,0.0
20230702:2310,0.0,0.0,0.0,19.48,4.62,0.0
20230703:0010,0.0,0.0,0.0,18.65,4.41,0.0
20230703:0110,0.0,0.0,0.0,17.9,4.28,0.0
20230703:0210,0.0,0.0,0.0,17.34,4.21,0.0
20230703:0310,0.0,0.0,0.0,16.93,4.14,0.0
20230703:0410,0.0,0.0,0.0,16.51,4.14,0.0
20230703:0510,0.0,0.0,0.0,16.26,4.14,0.0
20230703:0610,24.04,43.4,10.21,16.36,4.0,0.0
20230703:0710,93.48,162.41,20.81,17.56,4.41,0.0
20230703:0810,292.93,381.1,31.79,18.84,4.28,0.0
20230703:0910,482.0,600.46,42.88,20.27,4.28,0.0
20230703:1010,621.22,780.44,53.67,21.65,4.34,0.0
20230703:1110,721.94,922.04,63.34,22.86,4.41,0.0
20230703:1210,772.09,996.22,69.85,23.68,4.55,0.0
20230703:1310,784.91,1014.23,69.67,24.24,4.83,0.0
20230703:1410,725.95,928.94,62.95,24.46,5.17,0.0
20230703:1510,635.93,803.63,53.2,24.36,5.52,0.0
20230703:1610,485.91,610.51,42.39,23.87,5.72,0.0
20230703:1710,301.19,394.48,31.3,23.13,5.59,0.0
20230703:1810,103.71,176.55,20.32,22.21,5.24,0.0
20230703:1910,22.16,41.66,9.74,21.22,4.55,0.0
20230703:2010,0.0,0.0,0.0,19.96,4.28,0.0
20230703:2110,0.0,0.0,0.0,18.78,4.07,0.0
20230703:2210,0.0,0.0,0.0,17.97,3.93,0.0
20230703:2310,0.0,0.0,0.0,17.39,3.66,0.0
20230704:0010,0.0,0.0,0.0,16.88,3.24,0.0
20230704:0110,0.0,0.0,0.0,16.6,3.03,0.0
20230704:0210,0.0,0.0,0.0,16.29,2.9,0.0
20230704:0310,0.0,0.0,0.0,16.09,2.76,0.0
20230704:0410,0.0,0.0,0.0,15.92,2.62,0.0
20230704:0510,0.0,0.0,0.0,15.99,2.76,0.0
20230704:0610,34.08,56.42,10.12,16.24,2.97,0.0
20230704:0710,93.28,160.11,20.72,16.93,2.76,0.0
20230704:0810,285.82,372.12,31.71,17.82,2.69,0.0
20230704:0910,466.64,584.01,42.8,18.66,2.48,0.0
20230704:1010,547.68,689.3,53.58,19.41,2.62,0.0
20230704:1110,686.67,876.08,63.25,20.12,2.97,0.0
20230704:1210,738.03,945.5,69.76,20.55,3.45,0.0
20230704:1310,727.79,926.4,69.61,20.51,3.93,0.0
20230704:1410,727.54,922.69,62.92,20.63,4.0,0.0
20230704:1510,620.15,777.67,53.18,20.61,3.93,0.0
20230704:1610,476.61,595.18,42.37,20.62,3.93,0.0
20230704:1710,271.77,351.25,31.28,20.41,3.86,0.0
20230704:1810,104.73,175.53,20.3,19.88,3.79,0.0
20230704:1910,32.25,54.69,9.72,19.13,3.38,0.0
20230704:2010,0.0,0.0,0.0,18.23,2.9,0.0
20230704:2110,0.0,0.0,0.0,17.38,2.62,0.0
20230704:2210,0.0,0.0,0.0,16.84,2.41,0.0
20230704:2310,0.0,0.0,0.0,16.33,2.14,0.0
20230705:0010,0.0,0.0,0.0,15.9,2.21,0.0
20230705:0110,0.0,0.0,0.0,15.85,2.28,0.0
20230705:0210,0.0,0.0,0.0,15.84,2.34,0.0
20230705:0310,0.0,0.0,0.0,15.59,2.14,0.0
20230705:0410,0.0,0.0,0.0,15.34,1.93,0.0
20230705:0510,0.0,0.0,0.0,15.05,1.86,0.0
20230705:0610,34.26,56.42,10.03,15.05,1.86,0.0
20230705:0710,0.0,0.0,0.0,16.86,2.34,0.0
20230705:0810,287.4,376.61,31.62,18.17,2.21,0.0
20230705:0910,431.7,543.28,42.71,19.39,2.21,0.0
20230705:1010,318.79,403.4,53.49,20.17,2.48,0.0
20230705:1110,633.63,809.69,63.16,20.96,2.83,0.0
20230705:1210,694.86,895.63,69.66,21.85,3.17,0.0
20230705:1310,723.71,930.7,69.53,22.33,3.79,0.0
20230705:1410,667.35,846.82,62.87,22.38,4.48,0.0
20230705:1510,632.4,792.72,53.15,22.22,5.03,0.0
20230705:1610,483.23,602.21,42.35,21.81,5.24,0.0
20230705:1710,298.29,387.99,31.26,21.52,5.1,0.0
20230705:1810,104.29,174.5,20.28,21.02,4.62,0.0
20230705:1910,23.55,43.4,9.69,20.24,3.86,0.0
20230705:2010,0.0,0.0,0.0,19.36,3.38,0.0
20230705:2110,0.0,0.0,0.0,18.55,2.9,0.0
20230705:2210,0.0,0.0,0.0,18.0,2.62,0.0
20230705:2310,0.0,0.0,0.0,17.5,2.48,0.0
20230706:0010,0.0,0.0,0.0,17.04,2.41,0.0
20230706:0110,0.0,0.0,0.0,16.56,2.34,0.0
20230706:0210,0.0,0.0,0.0,16.16,2.07,0.0
20230706:0310,0.0,0.0,0.0,15.55,2.0,0.0
20230706:0410,0.0,0.0,0.0,15.2,2.0,0.0
20230706:0510,0.0,0.0,0.0,15.04,2.0,0.0
20230706:0610,28.79,49.48,9.94,15.31,2.0,0.0
20230706:0710,96.15,160.35,20.54,16.63,2.41,0.0
20230706:0810,284.85,372.78,31.54,17.83,2.0,0.0
20230706:0910,462.21,584.56,42.62,19.06,1.59,0.0
20230706:1010,582.72,744.56,53.4,20.13,1.79,0.0
20230706:1110,707.16,914.46,63.06,20.92,2.41,0.0
20230706:1210,765.41,992.67,69.56,21.53,3.1,0.0
20230706:1310,775.81,1001.73,69.45,21.84,3.66,0.0
20230706:1410,727.34,927.7,62.82,21.86,4.07,0.0
20230706:1510,639.21,803.54,53.12,21.7,4.41,0.0
20230706:1610,486.4,606.81,42.32,21.24,4.55,0.0
20230706:1710,299.78,389.08,31.23,20.69,4.41,0.0
20230706:1810,107.02,175.66,20.25,20.03,3.79,0.0
20230706:1910,29.61,51.21,9.65,18.89,2.9,0.0
20230706:2010,0.0,0.0,0.0,18.07,2.14,0.0
20230706:2110,0.0,0.0,0.0,17.3,1.72,0.0
20230706:2210,0.0,0.0,0.0,16.63,1.31,0.0
20230706:2310,0.0,0.0,0.0,15.77,1.03,0.0
20230707:0010,0.0,0.0,0.0,16.16,0.69,0.0
20230707:0110,0.0,0.0,0.0,16.03,0.55,0.0
20230707:0210,0.0,0.0,0.0,15.85,0.34,0.0
20230707:0310,0.0,0.0,0.0,15.68,0.55,0.0
20230707:0410,0.0,0.0,0.0,15.41,0.83,0.0
20230707:0510,0.0,0.0,0.0,13.77,1.1,0.0
20230707:0610,25.68,45.14,9.84,13.59,1.38,0.0
20230707:0710,92.18,157.79,20.45,15.47,2.28,0.0
20230707:0810,286.42,372.63,31.44,16.96,2.41,0.0
20230707:0910,470.86,585.7,42.53,18.44,3.1,0.0
20230707:1010,618.92,771.87,53.31,19.48,3.86,0.0
20230707:1110,722.23,908.43,62.95,20.24,4.55,0.0
20230707:1210,785.3,991.65,69.45,20.72,5.24,0.0
20230707:1310,794.39,1000.76,69.36,21.01,5.79,0.0
20230707:1410,711.23,886.92,62.77,21.07,6.21,0.0
20230707:1510,534.27,660.31,53.08,20.99,6.41,0.0
20230707:1610,444.93,549.71,42.29,20.81,6.55,0.0
20230707:1710,222.52,286.02,31.2,20.58,6.76,0.0
20230707:1810,109.56,155.83,20.21,20.18,6.83,0.0
20230707:1910,3.78,13.89,9.61,19.76,6.41,0.0
20230707:2010,0.0,0.0,0.0,19.22,6.14,0.0
20230707:2110,0.0,0.0,0.0,18.74,6.28,0.0
20230707:2210,0.0,0.0,0.0,18.28,6.62,0.0
20230707:2310,0.0,0.0,0.0,17.81,6.28,0.0
20230708:0010,0.0,0.0,0.0,17.55,5.86,0.0
20230708:0110,0.0,0.0,0.0,17.37,5.24,0.0
20230708:0210,0.0,0.0,0.0,17.23,4.69,0.0
20230708:0310,0.0,0.0,0.0,17.11,3.93,0.0
20230708:0410,0.0,0.0,0.0,16.93,3.38,0.0
20230708:0510,0.0,0.0,0.0,16.73,3.03,0.0
20230708:0610,29.29,50.35,9.74,16.58,2.76,0.0
20230708:0710,106.81,151.36,20.35,17.43,2.9,0.0
20230708:0810,264.97,341.07,31.35,17.51,3.52,0.0
20230708:0910,425.84,528.01,42.44,17.89,3.24,0.0
20230708:1010,497.28,618.47,53.21,18.91,3.52,0.0
20230708:1110,606.1,757.43,62.84,19.52,4.21,0.0
20230708:1210,766.76,968.09,69.33,19.86,4.62,0.0
20230708:1310,750.7,948.72,69.27,19.83,4.41,0.0
20230708:1410,652.35,818.51,62.7,19.8,4.21,0.0
20230708:1510,598.67,747.32,53.03,19.6,3.79,0.0
20230708:1610,395.95,493.83,42.25,19.26,3.31,0.0
20230708:1710,252.89,325.4,31.17,19.06,2.9,0.0
20230708:1810,115.32,167.67,20.17,18.62,2.48,0.0
20230708:1910,23.12,42.53,9.57,18.3,2.28,0.0
20230708:2010,0.0,0.0,0.0,17.64,1.45,0.0
20230708:2110,0.0,0.0,0.0,16.98,1.31,0.0
20230708:2210,0.0,0.0,0.0,15.83,1.24,0.0
20230708:2310,0.0,0.0,0.0,15.18,1.24,0.0
20230709:0010,0.0,0.0,0.0,14.45,1.59,0.0
20230709:0110,0.0,0.0,0.0,14.32,1.66,0.0
20230709:0210,0.0,0.0,0.0,14.12,1.59,0.0
20230709:0310,0.0,0.0,0.0,13.76,1.66,0.0
20230709:0410,0.0,0.0,0.0,13.44,1.79,0.0
20230709:0510,0.0,0.0,0.0,13.14,2.0,0.0
20230709:0610,33.81,55.55,9.64,13.66,1.79,0.0
20230709:0710,98.41,159.46,20.25,15.89,1.79,0.0
20230709:0810,267.9,347.62,31.25,17.48,2.0,0.0
20230709:0910,399.49,500.29,42.34,18.34,2.21,0.0
20230709:1010,524.69,659.85,53.1,19.08,2.41,0.0
20230709:1110,673.02,859.86,62.73,19.6,2.55,0.0
20230709:1210,728.25,939.72,69.21,20.0,2.62,0.0
20230709:1310,741.31,958.37,69.17,20.46,2.76,0.0
20230709:1410,690.19,883.88,62.63,20.56,2.9,0.0
20230709:1510,605.96,766.28,52.98,20.55,2.97,0.0
20230709:1610,470.65,590.31,42.21,20.39,3.1,0.0
20230709:1710,296.65,385.37,31.12,20.05,3.03,0.0
20230709:1810,109.05,176.2,20.13,19.58,2.62,0.0
20230709:1910,28.23,49.48,9.52,19.05,1.79,0.0
20230709:2010,0.0,0.0,0.0,18.29,1.52,0.0
20230709:2110,0.0,0.0,0.0,17.39,1.59,0.0
20230709:2210,0.0,0.0,0.0,16.2,1.45,0.0
20230709:2310,0.0,0.0,0.0,15.58,1.31,0.0
20230710:0010,0.0,0.0,0.0,15.24,1.31,0.0
20230710:0110,0.0,0.0,0.0,14.81,1.31,0.0
20230710:0210,0.0,0.0,0.0,14.43,1.38,0.0
20230710:0310,0.0,0.0,0.0,13.88,1.52,0.0
20230710:0410,0.0,0.0,0.0,13.47,1.66,0.0
20230710:0510,0.0,0.0,0.0,13.13,1.79,0.0
20230710:0610,23.76,42.53,9.53,13.06,1.72,0.0
20230710:0710,89.1,155.89,20.15,16.38,1.45,0.0
20230710:0810,283.07,372.52,31.15,18.3,1.66,0.0
20230710:0910,460.3,583.84,42.24,19.8,1.66,0.0
20230710:1010,602.21,773.76,53.0,21.14,1.86,0.0
20230710:1110,706.5,921.7,62.62,22.14,2.28,0.0
20230710:1210,754.97,991.14,69.08,22.84,2.69,0.0
20230710:1310,759.93,995.24,69.06,23.21,3.03,0.0
20230710:1410,717.19,927.49,62.56,23.29,3.45,0.0
20230710:1510,627.95,799.62,52.93,23.15,3.72,0.0
20230710:1610,479.26,605.13,42.16,22.76,3.79,0.0
20230710:1710,298.64,390.94,31.08,22.23,3.72,0.0
20230710:1810,106.01,177.57,20.08,21.6,3.59,0.0
20230710:1910,23.49,43.4,9.46,20.63,2.97,0.0
20230710:2010,0.0,0.0,0.0,19.67,2.69,0.0
20230710:2110,0.0,0.0,0.0,18.79,2.69,0.0
20230710:2210,0.0,0.0,0.0,18.21,2.69,0.0
20230710:2310,0.0,0.0,0.0,17.74,2.69,0.0
20230711:0010,0.0,0.0,0.0,17.48,2.76,0.0
20230711:0110,0.0,0.0,0.0,17.25,2.69,0.0
20230711:0210,0.0,0.0,0.0,16.88,2.48,0.0
20230711:0310,0.0,0.0,0.0,16.65,2.34,0.0
20230711:0410,0.0,0.0,0.0,16.44,2.21,0.0
20230711:0510,0.0,0.0,0.0,16.19,2.14,0.0
20230711:0610,24.02,43.4,9.42,16.26,2.07,0.0
20230711:0710,107.23,155.47,20.05,16.87,2.0,0.0
20230711:0810,263.84,343.25,31.05,17.98,1.93,0.0
20230711:0910,450.61,570.39,42.13,19.31,1.59,0.0
20230711:1010,515.23,655.08,52.89,20.32,1.93,0.0
20230711:1110,641.45,819.09,62.49,21.13,3.03,0.0
20230711:1210,738.17,945.3,68.95,21.4,3.86,0.0
20230711:1310,712.79,910.31,68.94,21.37,3.93,0.0
20230711:1410,672.46,854.98,62.48,21.37,3.79,0.0
20230711:1510,579.76,730.12,52.87,21.21,3.66,0.0
20230711:1610,442.28,554.97,42.11,20.94,3.45,0.0
20230711:1710,301.53,392.49,31.03,20.55,3.24,0.0
20230711:1810,114.48,167.54,20.02,20.03,2.9,0.0
20230711:1910,23.02,42.53,9.4,19.14,2.41,0.0
20230711:2010,0.0,0.0,0.0,18.47,1.72,0.0
20230711:2110,0.0,0.0,0.0,18.01,1.24,0.0
20230711:2210,0.0,0.0,0.0,17.68,0.83,0.0
20230711:2310,0.0,0.0,0.0,17.56,0.28,0.0
20230712:0010,0.0,0.0,0.0,17.51,0.0,0.0
20230712:0110,0.0,0.0,0.0,17.49,0.41,0.0
20230712:0210,0.0,0.0,0.0,17.16,0.55,0.0
20230712:0310,0.0,0.0,0.0,17.18,0.48,0.0
20230712:0410,0.0,0.0,0.0,16.7,0.83,0.0
20230712:0510,0.0,0.0,0.0,16.75,0.9,0.0
20230712:0610,27.12,47.74,9.31,17.32,0.34,0.0
20230712:0710,83.47,119.13,19.94,18.22,1.59,0.0
20230712:0810,184.2,240.12,30.94,18.82,2.28,0.0
20230712:0910,378.68,475.47,42.03,19.49,2.62,0.0
20230712:1010,548.73,691.09,52.77,20.14,2.83,0.0
20230712:1110,652.32,827.21,62.37,20.79,3.52,0.0
20230712:1210,747.77,958.37,68.81,21.13,3.66,0.0
20230712:1310,770.5,988.49,68.82,21.49,3.93,0.0
20230712:1410,721.99,916.74,62.39,21.59,4.28,0.0
20230712:1510,629.91,789.21,52.8,21.49,4.55,0.0
20230712:1610,484.38,603.28,42.05,21.19,4.69,0.0
20230712:1710,300.55,389.94,30.97,20.8,4.34,0.0
20230712:1810,104.93,174.81,19.96,20.38,3.86,0.0
20230712:1910,23.58,43.4,9.33,19.98,3.52,0.0
20230712:2010,0.0,0.0,0.0,19.16,2.97,0.0
20230712:2110,0.0,0.0,0.0,18.52,2.83,0.0
20230712:2210,0.0,0.0,0.0,17.94,2.83,0.0
20230712:2310,0.0,0.0,0.0,17.45,2.83,0.0
20230713:0010,0.0,0.0,0.0,17.01,2.9,0.0
20230713:0110,0.0,0.0,0.0,16.54,2.9,0.0
20230713:0210,0.0,0.0,0.0,16.19,2.83,0.0
20230713:0310,0.0,0.0,0.0,15.82,2.62,0.0
20230713:0410,0.0,0.0,0.0,15.59,2.55,0.0
20230713:0510,0.0,0.0,0.0,15.28,2.28,0.0
20230713:0610,22.85,41.66,9.19,15.19,1.93,0.0
20230713:0710,86.36,152.47,19.83,16.84,1.86,0.0
20230713:0810,280.09,369.6,30.83,18.59,1.59,0.0
20230713:0910,455.19,581.87,41.92,19.98,1.03,0.0
20230713:1010,592.86,773.19,52.66,21.16,0.9,0.0
20230713:1110,695.05,916.46,62.24,22.19,1.59,0.0
20230713:1210,755.25,997.33,68.67,22.87,2.34,0.0
20230713:1310,763.8,1001.56,68.69,23.19,2.97,0.0
20230713:1410,721.58,933.75,62.3,23.19,3.38,0.0
20230713:1510,630.32,804.6,52.73,22.96,3.38,0.0
20230713:1610,483.55,611.99,41.99,22.58,3.31,0.0
20230713:1710,298.27,391.05,30.91,21.99,3.03,0.0
20230713:1810,105.72,178.33,19.9,21.23,2.62,0.0
20230713:1910,22.23,41.66,9.26,20.43,2.28,0.0
20230713:2010,0.0,0.0,0.0,19.26,2.07,0.0
20230713:2110,0.0,0.0,0.0,18.28,1.52,0.0
20230713:2210,0.0,0.0,0.0,17.34,1.03,0.0
20230713:2310,0.0,0.0,0.0,16.68,0.9,0.0
20230714:0010,0.0,0.0,0.0,15.64,1.66,0.0
20230714:0110,0.0,0.0,0.0,15.62,2.28,0.0
20230714:0210,0.0,0.0,0.0,15.95,2.55,0.0
20230714:0310,0.0,0.0,0.0,16.2,2.97,0.0
20230714:0410,0.0,0.0,0.0,16.31,3.38,0.0
20230714:0510,0.0,0.0,0.0,16.33,3.79,0.0
20230714:0610,27.97,48.61,9.07,16.62,4.14,0.0
20230714:0710,103.36,149.44,19.71,17.91,5.03,0.0
20230714:0810,199.53,256.8,30.72,18.63,5.59,0.0
20230714:0910,183.84,236.42,41.8,19.35,6.41,0.0
20230714:1010,294.58,367.63,52.54,20.01,7.17,0.0
20230714:1110,222.37,282.95,62.11,20.45,7.38,0.0
20230714:1210,329.39,410.88,68.52,20.63,7.17,0.0
20230714:1310,141.63,187.38,68.56,20.12,6.41,0.0
20230714:1410,96.6,133.84,62.2,19.8,5.31,0.0
20230714:1510,240.1,304.6,52.65,19.76,4.55,0.0
20230714:1610,141.39,187.44,41.92,19.76,3.93,0.0
20230714:1710,130.89,174.84,30.84,19.39,3.93,0.0
20230714:1810,93.57,132.73,19.83,19.16,3.52,0.0
20230714:1910,22.44,41.66,9.18,18.7,2.97,0.0
20230714:2010,0.0,0.0,0.0,18.18,2.48,0.0
20230714:2110,0.0,0.0,0.0,17.83,2.14,0.0
20230714:2210,0.0,0.0,0.0,17.53,2.21,0.0
20230714:2310,0.0,0.0,0.0,17.27,2.21,0.0
20230715:0010,0.0,0.0,0.0,17.05,2.69,0.0
20230715:0110,0.0,0.0,0.0,17.11,2.97,0.0
20230715:0210,0.0,0.0,0.0,16.74,3.1,0.0
20230715:0310,0.0,0.0,0.0,16.42,3.03,0.0
20230715:0410,0.0,0.0,0.0,16.34,3.31,0.0
20230715:0510,0.0,0.0,0.0,16.22,3.45,0.0
20230715:0610,26.69,46.87,8.95,16.03,2.28,0.0
20230715:0710,90.79,127.98,19.6,16.43,2.21,0.0
20230715:0810,218.87,281.43,30.61,17.0,2.21,0.0
20230715:0910,281.2,351.78,41.69,17.43,3.03,0.0
20230715:1010,590.12,731.18,52.42,18.03,3.72,0.0
20230715:1110,715.28,900.32,61.97,18.63,3.66,0.0
20230715:1210,775.91,985.99,68.37,19.13,3.79,0.0
20230715:1310,795.4,1012.21,68.42,19.6,4.07,0.0
20230715:1410,741.5,933.97,62.09,19.68,4.34,0.0
20230715:1510,637.51,793.07,52.57,19.71,4.48,0.0
20230715:1610,497.34,615.87,41.85,19.49,4.34,0.0
20230715:1710,310.1,398.87,30.77,19.18,4.28,0.0
20230715:1810,109.09,177.68,19.75,18.68,4.14,0.0
20230715:1910,27.75,48.61,9.1,18.09,3.59,0.0
20230715:2010,0.0,0.0,0.0,17.25,3.03,0.0
20230715:2110,0.0,0.0,0.0,16.52,2.55,0.0
20230715:2210,0.0,0.0,0.0,15.87,2.34,0.0
20230715:2310,0.0,0.0,0.0,15.04,2.14,0.0
20230716:0010,0.0,0.0,0.0,14.12,2.0,0.0
20230716:0110,0.0,0.0,0.0,13.35,2.07,0.0
20230716:0210,0.0,0.0,0.0,12.82,2.07,0.0
20230716:0310,0.0,0.0,0.0,12.33,2.0,0.0
20230716:0410,0.0,0.0,0.0,12.23,1.93,0.0
20230716:0510,0.0,0.0,0.0,12.15,1.79,0.0
20230716:0610,25.9,45.14,8.83,12.03,1.79,0.0
20230716:0710,90.23,153.52,19.48,15.26,1.52,0.0
20230716:0810,281.52,366.65,30.49,16.76,2.07,0.0
20230716:0910,457.63,572.93,41.57,17.55,1.86,0.0
20230716:1010,577.02,731.48,52.29,18.4,1.72,0.0
20230716:1110,678.67,871.56,61.83,19.23,2.14,0.0
20230716:1210,778.04,1003.38,68.21,19.9,3.03,0.0
20230716:1310,755.49,963.74,68.27,20.35,3.93,0.0
20230716:1410,741.39,935.71,61.98,20.41,4.55,0.0
20230716:1510,646.43,806.6,52.48,20.62,4.76,0.0
20230716:1610,495.84,614.92,41.77,20.49,4.97,0.0
20230716:1710,307.69,396.25,30.69,20.24,5.17,0.0
20230716:1810,111.05,178.54,19.67,19.64,5.17,0.0
20230716:1910,28.96,50.35,9.01,18.96,4.62,0.0
20230716:2010,0.0,0.0,0.0,18.14,4.34,0.0
20230716:2110,0.0,0.0,0.0,17.37,4.41,0.0
20230716:2210,0.0,0.0,0.0,16.7,4.34,0.0
20230716:2310,0.0,0.0,0.0,16.1,4.28,0.0
20230717:0010,0.0,0.0,0.0,15.56,4.21,0.0
20230717:0110,0.0,0.0,0.0,15.03,4.07,0.0
20230717:0210,0.0,0.0,0.0,14.6,3.93,0.0
20230717:0310,0.0,0.0,0.0,14.23,3.86,0.0
20230717:0410,0.0,0.0,0.0,13.91,3.86,0.0
20230717:0510,0.0,0.0,0.0,13.62,3.93,0.0
20230717:0610,23.72,42.53,8.7,13.67,3.93,0.0
20230717:0710,86.56,150.64,19.36,15.17,4.07,0.0
20230717:0810,283.99,367.79,30.38,17.06,4.0,0.0
20230717:0910,469.56,583.94,41.45,19.16,3.66,0.0
20230717:1010,614.44,776.91,52.17,21.2,3.31,0.0
20230717:1110,708.04,922.78,61.68,23.06,2.69,0.0
20230717:1210,756.3,1010.31,68.04,24.58,2.28,0.0
20230717:1310,754.96,1015.78,68.12,25.62,2.21,0.0
20230717:1410,712.67,947.81,61.86,26.17,2.55,0.0
20230717:1510,620.07,808.21,52.38,26.32,3.03,0.0
20230717:1610,479.31,617.85,41.68,26.16,3.24,0.0
20230717:1710,300.8,401.74,30.61,25.84,3.03,0.0
20230717:1810,104.99,177.98,19.59,25.28,2.62,0.0
20230717:1910,19.95,39.06,8.92,23.9,2.41,0.0
20230717:2010,0.0,0.0,0.0,22.65,2.21,0.0
20230717:2110,0.0,0.0,0.0,21.35,1.86,0.0
20230717:2210,0.0,0.0,0.0,19.83,1.31,0.0
20230717:2310,0.0,0.0,0.0,19.04,1.17,0.0
20230718:0010,0.0,0.0,0.0,19.08,0.97,0.0
20230718:0110,0.0,0.0,0.0,18.66,0.76,0.0
20230718:0210,0.0,0.0,0.0,18.27,0.55,0.0
20230718:0310,0.0,0.0,0.0,17.94,0.41,0.0
20230718:0410,0.0,0.0,0.0,17.65,0.34,0.0
20230718:0510,0.0,0.0,0.0,17.27,0.41,0.0
20230718:0610,26.56,46.87,8.57,16.74,0.69,0.0
20230718:0710,91.4,129.62,19.23,16.56,0.48,0.0
20230718:0810,148.22,197.17,30.26,18.58,0.34,0.0
20230718:0910,345.34,440.59,41.33,19.89,0.97,0.0
20230718:1010,473.26,606.34,52.04,21.2,1.45,0.0
20230718:1110,573.66,741.1,61.53,22.19,2.07,0.0
20230718:1210,754.39,992.18,67.87,22.94,2.62,0.0
20230718:1310,768.1,1008.14,67.95,23.55,3.1,0.0
20230718:1410,724.56,941.33,61.73,24.09,3.52,0.0
20230718:1510,629.99,806.93,52.28,24.48,3.86,0.0
20230718:1610,484.91,616.56,41.59,24.69,4.14,0.0
20230718:1710,301.16,397.03,30.52,24.6,4.55,0.0
20230718:1810,106.14,177.28,19.49,24.0,4.76,0.0
20230718:1910,25.11,46.01,8.82,23.11,4.55,0.0
20230718:2010,0.0,0.0,0.0,21.69,4.48,0.0
20230718:2110,0.0,0.0,0.0,20.5,4.48,0.0
20230718:2210,0.0,0.0,0.0,19.66,4.34,0.0
20230718:2310,0.0,0.0,0.0,19.06,4.14,0.0
20230719:0010,0.0,0.0,0.0,18.52,3.93,0.0
20230719:0110,0.0,0.0,0.0,18.09,3.72,0.0
20230719:0210,0.0,0.0,0.0,17.67,3.52,0.0
20230719:0310,0.0,0.0,0.0,17.23,3.45,0.0
20230719:0410,0.0,0.0,0.0,16.84,3.45,0.0
20230719:0510,0.0,0.0,0.0,16.52,3.59,0.0
20230719:0610,22.72,41.66,8.44,16.44,3.59,0.0
20230719:0710,85.23,149.19,19.11,17.46,3.52,0.0
20230719:0810,278.53,364.26,30.13,18.97,3.79,0.0
20230719:0910,464.9,581.12,41.21,20.44,3.79,0.0
20230719:1010,607.18,766.58,51.9,21.88,3.79,0.0
20230719:1110,714.46,920.1,61.38,23.21,3.72,0.0
20230719:1210,771.89,1007.73,67.69,24.25,3.79,0.0
20230719:1310,781.05,1018.51,67.79,24.88,4.28,0.0
20230719:1410,729.24,940.06,61.6,25.2,4.83,0.0
20230719:1510,634.11,806.69,52.17,25.22,5.17,0.0
20230719:1610,490.11,619.99,41.49,25.01,5.31,0.0
20230719:1710,304.31,400.2,30.43,24.57,5.24,0.0
20230719:1810,105.48,178.03,19.4,23.88,5.1,0.0
20230719:1910,23.84,44.27,8.71,23.12,4.83,0.0
20230719:2010,0.0,0.0,0.0,21.76,4.62,0.0
20230719:2110,0.0,0.0,0.0,20.68,4.48,0.0
20230719:2210,0.0,0.0,0.0,19.85,4.21,0.0
20230719:2310,0.0,0.0,0.0,19.12,3.93,0.0
20230720:0010,0.0,0.0,0.0,18.41,3.79,0.0
20230720:0110,0.0,0.0,0.0,17.72,3.66,0.0
20230720:0210,0.0,0.0,0.0,17.18,3.59,0.0
20230720:0310,0.0,0.0,0.0,16.72,3.59,0.0
20230720:0410,0.0,0.0,0.0,16.28,3.52,0.0
20230720:0510,0.0,0.0,0.0,16.05,3.38,0.0
20230720:0610,21.46,39.93,8.3,16.07,3.17,0.0
20230720:0710,84.8,148.28,18.98,17.04,2.76,0.0
20230720:0810,271.34,354.4,30.01,18.26,2.69,0.0
20230720:0910,373.43,468.49,41.08,19.56,2.83,0.0
20230720:1010,536.81,674.92,51.77,20.67,3.31,0.0
20230720:1110,713.01,907.49,61.22,21.45,3.93,0.0
20230720:1210,780.84,999.13,67.51,21.98,4.55,0.0
20230720:1310,750.14,954.46,67.61,22.17,5.03,0.0
20230720:1410,656.96,826.75,61.46,22.12,5.38,0.0
20230720:1510,545.23,679.09,52.06,21.76,5.59,0.0
20230720:1610,418.53,520.59,41.39,21.3,5.59,0.0
20230720:1710,228.62,294.54,30.33,20.7,5.24,0.0
20230720:1810,108.58,156.91,19.29,20.12,4.62,0.0
20230720:1910,25.61,46.01,8.6,19.34,3.72,0.0
20230720:2010,0.0,0.0,0.0,18.49,2.83,0.0
20230720:2110,0.0,0.0,0.0,17.84,2.07,0.0
20230720:2210,0.0,0.0,0.0,17.4,1.52,0.0
20230720:2310,0.0,0.0,0.0,16.52,1.1,0.0
20230721:0010,0.0,0.0,0.0,16.72,0.83,0.0
20230721:0110,0.0,0.0,0.0,16.9,0.62,0.0
20230721:0210,0.0,0.0,0.0,16.79,0.48,0.0
20230721:0310,0.0,0.0,0.0,16.62,0.48,0.0
20230721:0410,0.0,0.0,0.0,16.39,0.55,0.0
20230721:0510,0.0,0.0,0.0,16.24,0.69,0.0
20230721:0610,25.33,45.14,8.17,16.05,0.62,0.0
20230721:0710,89.5,148.79,18.85,16.86,0.76,0.0
20230721:0810,254.77,334.85,29.88,18.22,0.76,0.0
20230721:0910,341.69,434.69,40.95,19.34,0.97,0.0
20230721:1010,477.23,609.64,51.63,20.31,1.31,0.0
20230721:1110,604.41,778.72,61.06,21.02,2.0,0.0
20230721:1210,586.53,749.73,67.33,21.46,2.9,0.0
20230721:1310,770.1,990.55,67.43,21.71,3.86,0.0
20230721:1410,711.0,903.51,61.31,21.73,4.28,0.0
20230721:1510,599.27,753.77,51.94,21.79,4.21,0.0
20230721:1610,473.71,593.78,41.29,21.72,4.07,0.0
20230721:1710,292.29,379.94,30.22,21.84,4.21,0.0
20230721:1810,110.18,171.74,19.18,21.63,4.14,0.0
20230721:1910,26.65,47.74,8.48,21.21,3.86,0.0
20230721:2010,0.0,0.0,0.0,20.52,4.0,0.0
20230721:2110,0.0,0.0,0.0,19.83,4.07,0.0
20230721:2210,0.0,0.0,0.0,19.23,3.93,0.0
20230721:2310,0.0,0.0,0.0,18.63,3.72,0.0
20230722:0010,0.0,0.0,0.0,18.06,3.59,0.0
20230722:0110,0.0,0.0,0.0,17.48,3.52,0.0
20230722:0210,0.0,0.0,0.0,16.94,3.52,0.0
20230722:0310,0.0,0.0,0.0,16.46,3.38,0.0
20230722:0410,0.0,0.0,0.0,16.09,3.45,0.0
20230722:0510,0.0,0.0,0.0,15.79,3.66,0.0
20230722:0610,22.8,41.66,8.03,15.82,3.72,0.0
20230722:0710,85.62,147.45,18.72,17.23,4.83,0.0
20230722:0810,275.76,359.15,29.75,18.79,4.62,0.0
20230722:0910,463.15,577.6,40.82,20.24,4.0,0.0
20230722:1010,610.44,770.53,51.48,21.71,3.72,0.0
20230722:1110,715.78,920.66,60.9,22.95,3.72,0.0
20230722:1210,774.33,1003.25,67.14,23.71,4.21,0.0
20230722:1310,777.59,1003.39,67.25,24.1,4.83,0.0
20230722:1410,728.55,931.28,61.16,24.3,5.24,0.0
20230722:1510,630.4,795.1,51.81,24.11,5.59,0.0
20230722:1610,477.11,598.27,41.17,23.85,6.0,0.0
20230722:1710,290.76,377.98,30.11,23.26,6.14,0.0
20230722:1810,108.01,174.31,19.07,22.34,5.79,0.0
20230722:1910,24.05,44.27,8.36,21.5,5.17,0.0
20230722:2010,0.0,0.0,0.0,20.01,5.1,0.0
20230722:2110,0.0,0.0,0.0,18.73,4.69,0.0
20230722:2210,0.0,0.0,0.0,17.81,4.21,0.0
20230722:2310,0.0,0.0,0.0,16.96,4.07,0.0
20230723:0010,0.0,0.0,0.0,16.27,3.79,0.0
20230723:0110,0.0,0.0,0.0,15.66,3.59,0.0
20230723:0210,0.0,0.0,0.0,15.21,3.24,0.0
20230723:0310,0.0,0.0,0.0,14.85,2.83,0.0
20230723:0410,0.0,0.0,0.0,14.51,2.41,0.0
20230723:0510,0.0,0.0,0.0,14.06,2.0,0.0
20230723:0610,22.37,40.8,7.89,13.65,1.59,0.0
20230723:0710,81.94,144.43,18.59,15.62,1.03,0.0
20230723:0810,258.48,337.98,29.62,16.71,0.76,0.0
20230723:0910,428.43,547.05,40.69,17.83,0.21,0.0
20230723:1010,399.28,509.32,51.34,18.94,0.55,0.0
20230723:1110,522.87,668.03,60.73,19.82,1.59,0.0
20230723:1210,514.28,653.24,66.94,20.32,2.41,0.0
20230723:1310,318.93,403.73,67.06,20.53,3.03,0.0
20230723:1410,384.36,483.15,61.01,20.59,3.52,0.0
20230723:1510,387.86,486.06,51.68,20.8,3.86,0.0
20230723:1610,366.2,458.39,41.05,20.46,3.79,0.0
20230723:1710,211.05,273.13,30.0,20.0,3.52,0.0
20230723:1810,109.51,163.71,18.95,19.62,3.17,0.0
20230723:1910,22.44,41.66,8.23,18.69,2.69,0.0
20230723:2010,0.0,0.0,0.0,18.25,2.41,0.0
20230723:2110,0.0,0.0,0.0,17.9,2.34,0.0
20230723:2210,0.0,0.0,0.0,17.84,2.34,0.0
20230723:2310,0.0,0.0,0.0,17.66,2.28,0.0
20230724:0010,0.0,0.0,0.0,17.38,2.0,0.0
20230724:0110,0.0,0.0,0.0,17.21,1.86,0.0
20230724:0210,0.0,0.0,0.0,16.94,1.86,0.0
20230724:0310,0.0,0.0,0.0,16.86,1.93,0.0
20230724:0410,0.0,0.0,0.0,16.62,2.14,0.0
20230724:0510,0.0,0.0,0.0,16.23,1.79,0.0
20230724:0610,22.1,40.8,7.74,15.95,1.38,0.0
20230724:0710,79.51,114.07,18.45,16.98,1.38,0.0
20230724:0810,207.71,269.37,29.49,17.48,1.45,0.0
20230724:0910,234.22,298.14,40.55,18.09,1.72,0.0
20230724:1010,547.71,688.07,51.19,18.59,2.34,0.0
20230724:1110,480.31,601.01,60.56,19.12,3.1,0.0
20230724:1210,583.88,733.0,66.74,19.49,3.72,0.0
20230724:1310,504.0,629.9,66.86,19.74,4.0,0.0
20230724:1410,501.08,625.0,60.84,19.73,4.07,0.0
20230724:1510,582.72,726.11,51.54,19.85,4.14,0.0
20230724:1610,477.87,592.94,40.93,19.81,4.21,0.0
20230724:1710,305.1,392.85,29.87,19.77,4.34,0.0
20230724:1810,107.78,173.36,18.83,19.4,4.34,0.0
20230724:1910,23.73,43.4,8.1,18.85,4.55,0.0
20230724:2010,0.0,0.0,0.0,18.01,4.21,0.0
20230724:2110,0.0,0.0,0.0,17.28,3.86,0.0
20230724:2210,0.0,0.0,0.0,16.84,3.66,0.0
20230724:2310,0.0,0.0,0.0,16.33,3.45,0.0
20230725:0010,0.0,0.0,0.0,15.86,3.1,0.0
20230725:0110,0.0,0.0,0.0,15.49,2.9,0.0
20230725:0210,0.0,0.0,0.0,15.02,2.83,0.0
20230725:0310,0.0,0.0,0.0,14.76,2.76,0.0
20230725:0410,0.0,0.0,0.0,14.6,2.83,0.0
20230725:0510,0.0,0.0,0.0,14.47,3.03,0.0
20230725:0610,20.99,39.06,7.6,14.51,2.97,0.0
20230725:0710,91.31,146.98,18.31,15.94,3.24,0.0
20230725:0810,276.31,358.15,29.36,16.92,3.59,0.0
20230725:0910,468.27,578.4,40.42,17.85,3.66,0.0
20230725:1010,543.3,674.42,51.04,18.75,3.72,0.0
20230725:1110,709.23,894.2,60.39,19.63,3.93,0.0
20230725:1210,747.87,951.61,66.53,20.56,4.14,0.0
20230725:1310,780.32,997.06,66.65,21.26,4.34,0.0
20230725:1410,729.55,925.93,60.67,21.72,4.55,0.0
20230725:1510,636.63,798.01,51.4,22.01,4.97,0.0
20230725:1610,493.49,615.2,40.8,22.1,5.31,0.0
20230725:1710,304.54,394.72,29.75,21.88,5.45,0.0
20230725:1810,105.23,174.95,18.7,21.39,5.38,0.0
20230725:1910,22.23,41.66,7.96,20.66,5.03,0.0
20230725:2010,0.0,0.0,0.0,19.49,4.97,0.0
20230725:2110,0.0,0.0,0.0,18.59,4.76,0.0
20230725:2210,0.0,0.0,0.0,17.88,4.41,0.0
20230725:2310,0.0,0.0,0.0,17.29,4.14,0.0
20230726:0010,0.0,0.0,0.0,16.77,3.86,0.0
20230726:0110,0.0,0.0,0.0,16.3,3.66,0.0
20230726:0210,0.0,0.0,0.0,15.91,3.59,0.0
20230726:0310,0.0,0.0,0.0,15.63,3.66,0.0
20230726:0410,0.0,0.0,0.0,15.44,3.66,0.0
20230726:0510,0.0,0.0,0.0,15.29,3.59,0.0
20230726:0610,18.34,35.59,7.45,15.34,3.45,0.0
20230726:0710,80.14,143.51,18.17,16.66,3.38,0.0
20230726:0810,275.3,360.07,29.22,18.49,3.38,0.0
20230726:0910,459.81,576.41,40.28,20.35,3.24,0.0
20230726:1010,608.29,775.08,50.89,22.16,2.97,0.0
20230726:1110,707.58,922.93,60.21,23.63,2.83,0.0
20230726:1210,763.0,1001.52,66.32,24.62,3.45,0.0
20230726:1310,769.98,1007.05,66.44,25.22,4.07,0.0
20230726:1410,721.86,934.71,60.49,25.55,4.48,0.0
20230726:1510,626.73,801.18,51.25,25.68,4.76,0.0
20230726:1610,484.02,614.2,40.66,25.53,5.1,0.0
20230726:1710,300.03,395.15,29.62,25.07,5.31,0.0
20230726:1810,103.33,175.04,18.56,24.31,5.17,0.0
20230726:1910,20.09,39.06,7.82,22.86,4.48,0.0
20230726:2010,0.0,0.0,0.0,21.54,4.14,0.0
20230726:2110,0.0,0.0,0.0,20.49,3.86,0.0
20230726:2210,0.0,0.0,0.0,19.65,3.66,0.0
20230726:2310,0.0,0.0,0.0,18.9,3.59,0.0
20230727:0010,0.0,0.0,0.0,18.19,3.59,0.0
20230727:0110,0.0,0.0,0.0,17.53,3.45,0.0
20230727:0210,0.0,0.0,0.0,17.02,3.17,0.0
20230727:0310,0.0,0.0,0.0,16.59,2.97,0.0
20230727:0410,0.0,0.0,0.0,16.25,3.1,0.0
20230727:0510,0.0,0.0,0.0,16.05,3.17,0.0
20230727:0610,16.39,32.98,7.3,15.98,2.76,0.0
20230727:0710,61.12,90.32,18.03,16.48,2.62,0.0
20230727:0810,106.39,144.67,29.08,17.16,2.0,0.0
20230727:0910,246.7,314.2,40.13,18.4,1.38,0.0
20230727:1010,280.92,358.55,50.74,19.65,1.24,0.0
20230727:1110,363.2,460.88,60.03,20.81,2.28,0.0
20230727:1210,334.37,423.84,66.11,21.23,3.17,0.0
20230727:1310,545.2,690.54,66.23,21.26,3.45,0.0
20230727:1410,553.23,698.66,60.31,21.27,3.66,0.0
20230727:1510,453.86,569.3,51.1,21.14,3.72,0.0
20230727:1610,227.56,291.52,40.52,20.72,3.45,0.0
20230727:1710,176.79,231.53,29.48,20.36,3.24,0.0
20230727:1810,92.55,133.09,18.42,19.81,3.17,0.0
20230727:1910,19.28,37.32,7.67,18.48,2.55,0.0
20230727:2010,0.0,0.0,0.0,17.7,2.0,0.0
20230727:2110,0.0,0.0,0.0,17.21,2.0,0.0
20230727:2210,0.0,0.0,0.0,17.06,2.34,0.0
20230727:2310,0.0,0.0,0.0,17.0,2.69,0.0
20230728:0010,0.0,0.0,0.0,17.06,2.83,0.0
20230728:0110,0.0,0.0,0.0,16.99,2.9,0.0
20230728:0210,0.0,0.0,0.0,17.1,3.03,0.0
20230728:0310,0.0,0.0,0.0,17.25,3.24,0.0
20230728:0410,0.0,0.0,0.0,17.25,3.52,0.0
20230728:0510,0.0,0.0,0.0,17.31,3.59,0.0
20230728:0610,18.76,36.46,7.15,17.44,3.66,0.0
20230728:0710,84.7,122.69,17.89,18.11,4.41,0.0
20230728:0810,133.18,176.95,28.94,18.61,4.83,0.0
20230728:0910,183.85,236.95,39.99,19.45,5.17,0.0
20230728:1010,185.39,239.38,50.58,20.02,5.45,0.0
20230728:1110,101.0,139.38,59.84,20.31,5.45,0.0
20230728:1210,190.88,246.46,65.89,20.49,5.52,0.0
20230728:1310,271.82,343.36,66.01,20.62,5.45,0.0
20230728:1410,147.9,195.69,60.12,20.88,5.45,0.0
20230728:1510,122.33,165.23,50.94,20.78,5.1,0.0
20230728:1610,196.15,252.81,40.38,20.5,4.76,0.0
20230728:1710,149.6,197.98,29.34,20.33,4.48,0.0
20230728:1810,67.0,99.1,18.28,20.19,4.07,0.0
20230728:1910,2.4,11.28,7.52,19.79,4.21,0.0
20230728:2010,0.0,0.0,0.0,19.43,4.0,0.0
20230728:2110,0.0,0.0,0.0,19.1,3.66,0.0
20230728:2210,0.0,0.0,0.0,18.98,3.52,0.0
20230728:2310,0.0,0.0,0.0,18.81,3.31,0.0
20230729:0010,0.0,0.0,0.0,18.74,3.1,0.0
20230729:0110,0.0,0.0,0.0,18.64,2.97,0.0
20230729:0210,0.0,0.0,0.0,18.54,2.69,0.0
20230729:0310,0.0,0.0,0.0,18.49,2.55,0.0
20230729:0410,0.0,0.0,0.0,18.16,2.14,0.0
20230729:0510,0.0,0.0,0.0,18.1,1.86,0.0
20230729:0610,13.16,28.64,6.99,18.05,1.86,0.0
20230729:0710,72.86,106.47,17.75,18.34,1.72,0.0
20230729:0810,135.17,180.58,28.8,18.8,1.79,0.0
20230729:0910,201.88,260.62,39.85,19.45,1.93,0.0
20230729:1010,457.75,578.66,50.42,20.04,2.0,0.0
20230729:1110,514.05,654.45,59.65,21.02,2.34,0.0
20230729:1210,697.89,897.4,65.66,21.69,3.31,0.0
20230729:1310,758.19,977.9,65.78,21.98,3.66,0.0
20230729:1410,680.91,869.69,59.93,22.21,3.79,0.0
20230729:1510,614.36,776.12,50.77,22.07,3.86,0.0
20230729:1610,461.68,579.0,40.22,22.02,4.14,0.0
20230729:1710,297.45,386.51,29.19,21.76,4.48,0.0
20230729:1810,102.1,169.69,18.13,21.18,4.28,0.0
20230729:1910,19.09,37.32,7.36,20.44,3.72,0.0
20230729:2010,0.0,0.0,0.0,19.49,3.24,0.0
20230729:2110,0.0,0.0,0.0,18.76,3.1,0.0
20230729:2210,0.0,0.0,0.0,18.21,2.97,0.0
20230729:2310,0.0,0.0,0.0,17.75,2.76,0.0
20230730:0010,0.0,0.0,0.0,17.26,2.76,0.0
20230730:0110,0.0,0.0,0.0,16.87,2.76,0.0
20230730:0210,0.0,0.0,0.0,16.35,2.48,0.0
20230730:0310,0.0,0.0,0.0,16.0,2.34,0.0
20230730:0410,0.0,0.0,0.0,15.74,2.41,0.0
20230730:0510,0.0,0.0,0.0,15.51,2.55,0.0
20230730:0610,17.69,34.72,6.84,15.41,2.55,0.0
20230730:0710,82.58,142.74,17.6,15.96,2.41,0.0
20230730:0810,277.32,361.75,28.66,17.26,2.55,0.0
20230730:0910,461.33,578.71,39.7,18.73,2.21,0.0
20230730:1010,609.89,778.97,50.26,20.38,2.07,0.0
20230730:1110,716.8,932.63,59.46,21.91,2.48,0.0
20230730:1210,779.05,1017.04,65.43,22.8,3.31,0.0
20230730:1310,791.36,1028.17,65.55,23.28,4.0,0.0
20230730:1410,737.25,944.45,59.73,23.4,4.62,0.0
20230730:1510,639.85,808.25,50.6,23.22,4.83,0.0
20230730:1610,496.28,623.29,40.06,22.81,4.62,0.0
20230730:1710,306.93,399.53,29.03,22.19,4.55,0.0
20230730:1810,103.43,173.32,17.97,21.36,4.34,0.0
20230730:1910,19.12,37.32,7.19,20.18,3.86,0.0
20230730:2010,0.0,0.0,0.0,19.17,3.38,0.0
20230730:2110,0.0,0.0,0.0,18.38,3.17,0.0
20230730:2210,0.0,0.0,0.0,17.83,3.1,0.0
20230730:2310,0.0,0.0,0.0,17.32,2.9,0.0
20230731:0010,0.0,0.0,0.0,16.81,2.62,0.0
20230731:0110,0.0,0.0,0.0,16.21,2.34,0.0
20230731:0210,0.0,0.0,0.0,15.67,2.34,0.0
20230731:0310,0.0,0.0,0.0,15.22,2.28,0.0
20230731:0410,0.0,0.0,0.0,14.63,2.07,0.0
20230731:0510,0.0,0.0,0.0,14.11,1.79,0.0
20230731:0610,17.81,34.72,6.68,14.07,1.86,0.0
20230731:0710,79.72,141.66,17.45,15.64,1.79,0.0
20230731:0810,274.59,360.11,28.52,17.28,1.59,0.0
20230731:0910,462.6,585.69,39.55,18.9,1.38,0.0
20230731:1010,605.75,780.23,50.09,20.34,1.45,0.0
20230731:1110,708.51,924.46,59.26,21.43,2.07,0.0
20230731:1210,771.89,1014.27,65.2,22.04,2.55,0.0
20230731:1310,779.32,1020.95,65.31,22.47,2.97,0.0
20230731:1410,731.57,941.59,59.52,22.62,3.72,0.0
20230731:1510,640.36,810.69,50.42,22.42,4.07,0.0
20230731:1610,496.13,624.39,39.9,22.07,3.72,0.0
20230731:1710,298.97,390.05,28.87,21.67,3.24,0.0
20230731:1810,103.33,154.22,17.81,21.04,3.1,0.0
20230731:1910,18.49,36.46,7.02,20.01,2.41,0.0
20230731:2010,0.0,0.0,0.0,19.23,1.52,0.0
20230731:2110,0.0,0.0,0.0,18.66,1.1,0.0
20230731:2210,0.0,0.0,0.0,17.92,0.76,0.0
20230731:2310,0.0,0.0,0.0,17.88,0.62,0.0
20230801:0010,0.0,0.0,0.0,17.42,0.9,0.0
20230801:0110,0.0,0.0,0.0,16.95,1.17,0.0
20230801:0210,0.0,0.0,0.0,17.28,1.45,0.0
20230801:0310,0.0,0.0,0.0,17.56,1.79,0.0
20230801:0410,0.0,0.0,0.0,17.82,2.0,0.0
20230801:0510,0.0,0.0,0.0,18.08,2.14,0.0
20230801:0610,11.96,26.91,6.52,18.31,2.34,0.0
20230801:0710,52.74,80.72,17.3,18.89,2.55,0.0
20230801:0810,113.85,154.67,28.37,19.17,2.9,0.0
20230801:0910,188.55,243.87,39.4,19.55,2.9,0.0
20230801:1010,180.4,234.79,49.93,19.92,2.69,0.0
20230801:1110,239.61,307.14,59.06,20.37,2.48,0.0
20230801:1210,298.24,379.7,64.96,20.94,2.62,0.0
20230801:1310,267.61,342.61,65.06,21.34,2.69,0.0
20230801:1410,275.85,352.91,59.31,21.78,2.9,0.0
20230801:1510,432.23,546.39,50.23,21.83,2.97,0.0
20230801:1610,334.74,423.68,39.73,21.5,2.9,0.0
20230801:1710,159.97,212.17,28.71,21.15,2.69,0.0
20230801:1810,76.47,112.29,17.64,20.69,2.41,0.0
20230801:1910,11.86,26.91,6.85,19.8,2.14,0.0
20230801:2010,0.0,0.0,0.0,19.1,1.66,0.0
20230801:2110,0.0,0.0,0.0,18.63,1.52,0.0
20230801:2210,0.0,0.0,0.0,18.34,2.07,0.0
20230801:2310,0.0,0.0,0.0,18.26,2.41,0.0
20230802:0010,0.0,0.0,0.0,18.26,2.62,0.0
20230802:0110,0.0,0.0,0.0,18.37,2.9,0.0
20230802:0210,0.0,0.0,0.0,18.4,3.24,0.0
20230802:0310,0.0,0.0,0.0,18.51,3.45,0.0
20230802:0410,0.0,0.0,0.0,18.65,3.72,0.0
20230802:0510,0.0,0.0,0.0,18.73,4.0,0.0
20230802:0610,8.5,21.7,6.37,18.71,4.07,0.0
20230802:0710,45.82,72.0,17.15,19.5,4.69,0.0
20230802:0810,83.59,118.15,28.22,19.48,4.69,0.0
20230802:0910,59.93,89.54,39.25,19.65,4.48,0.0
20230802:1010,105.54,144.92,49.76,19.98,3.66,0.0
20230802:1110,112.65,154.15,58.86,21.0,3.45,0.0
20230802:1210,444.95,558.42,64.72,21.07,4.14,0.0
20230802:1310,556.63,700.96,64.81,21.17,4.14,0.0
20230802:1410,572.78,719.62,59.09,21.01,4.21,0.0
20230802:1510,631.33,789.99,50.04,20.97,4.41,0.0
20230802:1610,480.51,596.78,39.56,20.44,4.41,0.0
20230802:1710,268.35,345.01,28.54,19.94,4.41,0.0
20230802:1810,102.73,157.56,17.47,19.46,4.21,0.0
20230802:1910,18.63,36.46,6.67,18.83,4.0,0.0
20230802:2010,0.0,0.0,0.0,18.26,3.72,0.0
20230802:2110,0.0,0.0,0.0,18.04,3.45,0.0
20230802:2210,0.0,0.0,0.0,17.75,3.17,0.0
20230802:2310,0.0,0.0,0.0,17.39,2.97,0.0
20230803:0010,0.0,0.0,0.0,16.86,2.97,0.0
20230803:0110,0.0,0.0,0.0,16.65,2.9,0.0
20230803:0210,0.0,0.0,0.0,16.41,2.9,0.0
20230803:0310,0.0,0.0,0.0,16.16,2.69,0.0
20230803:0410,0.0,0.0,0.0,15.88,2.55,0.0
20230803:0510,0.0,0.0,0.0,15.8,2.62,0.0
20230803:0610,15.15,31.25,6.2,15.88,2.55,0.0
20230803:0710,78.97,140.27,17.0,16.63,3.31,0.0
20230803:0810,265.6,342.88,28.07,17.51,4.21,0.0
20230803:0910,443.12,545.49,39.09,18.44,4.83,0.0
20230803:1010,540.77,667.02,49.58,19.23,5.03,0.0
20230803:1110,706.21,882.66,58.66,19.76,5.03,0.0
20230803:1210,603.42,752.05,64.47,20.25,5.38,0.0
20230803:1310,794.65,1003.26,64.56,20.73,5.52,0.0
20230803:1410,657.53,821.56,58.86,21.08,5.72,0.0
20230803:1510,641.35,795.48,49.84,21.28,6.14,0.0
20230803:1610,489.86,605.12,39.38,21.09,6.28,0.0
20230803:1710,298.87,384.14,28.36,20.76,6.14,0.0
20230803:1810,102.03,168.75,17.29,20.14,6.0,0.0
20230803:1910,16.73,33.85,6.48,19.21,5.86,0.0
20230803:2010,0.0,0.0,0.0,18.13,5.66,0.0
20230803:2110,0.0,0.0,0.0,17.23,5.38,0.0
20230803:2210,0.0,0.0,0.0,16.49,4.83,0.0
20230803:2310,0.0,0.0,0.0,15.92,4.55,0.0
20230804:0010,0.0,0.0,0.0,15.5,4.41,0.0
20230804:0110,0.0,0.0,0.0,15.15,4.21,0.0
20230804:0210,0.0,0.0,0.0,14.95,4.21,0.0
20230804:0310,0.0,0.0,0.0,14.8,4.21,0.0
20230804:0410,0.0,0.0,0.0,14.88,4.41,0.0
20230804:0510,0.0,0.0,0.0,14.67,4.41,0.0
20230804:0610,13.42,28.64,6.04,14.65,4.34,0.0
20230804:0710,78.73,139.78,16.85,15.5,4.34,0.0
20230804:0810,280.71,361.08,27.92,16.63,5.31,0.0
20230804:0910,483.46,591.59,38.94,17.87,5.31,0.0
20230804:1010,640.28,789.33,49.41,19.15,5.31,0.0
20230804:1110,749.71,940.87,58.45,20.2,5.1,0.0
20230804:1210,797.73,1015.61,64.22,21.23,4.9,0.0
20230804:1310,794.55,1015.48,64.3,22.12,4.97,0.0
20230804:1410,740.07,941.31,58.63,22.82,5.1,0.0
20230804:1510,639.68,805.84,49.64,23.26,5.24,0.0
20230804:1610,493.53,619.46,39.19,23.42,5.24,0.0
20230804:1710,305.26,398.28,28.18,23.24,5.52,0.0
20230804:1810,99.09,168.66,17.11,22.62,5.52,0.0
20230804:1910,14.67,31.25,6.29,22.02,5.45,0.0
20230804:2010,0.0,0.0,0.0,20.58,5.31,0.0
20230804:2110,0.0,0.0,0.0,19.4,5.03,0.0
20230804:2210,0.0,0.0,0.0,18.37,4.76,0.0
20230804:2310,0.0,0.0,0.0,17.43,4.48,0.0
20230805:0010,0.0,0.0,0.0,16.57,4.28,0.0
20230805:0110,0.0,0.0,0.0,15.83,4.21,0.0
20230805:0210,0.0,0.0,0.0,15.28,4.0,0.0
20230805:0310,0.0,0.0,0.0,14.81,3.79,0.0
20230805:0410,0.0,0.0,0.0,14.43,3.66,0.0
20230805:0510,0.0,0.0,0.0,14.1,3.59,0.0
20230805:0610,13.47,28.64,5.88,13.94,3.59,0.0
20230805:0710,78.14,138.4,16.69,15.15,3.03,0.0
20230805:0810,275.47,359.25,27.77,17.71,2.97,0.0
20230805:0910,469.01,587.16,38.78,20.23,3.31,0.0
20230805:1010,616.54,780.48,49.23,22.1,3.66,0.0
20230805:1110,720.43,930.62,58.24,23.61,3.72,0.0
20230805:1210,771.89,1010.78,63.97,24.87,3.86,0.0
20230805:1310,772.67,1010.55,64.03,25.65,4.34,0.0
20230805:1410,726.27,940.97,58.39,26.02,4.76,0.0
20230805:1510,625.4,799.82,49.43,26.14,5.03,0.0
20230805:1610,486.28,617.71,39.0,25.98,5.31,0.0
20230805:1710,297.82,393.14,28.0,25.53,5.38,0.0
20230805:1810,97.12,166.83,16.92,24.74,5.38,0.0
20230805:1910,13.97,30.38,6.09,23.33,5.72,0.0
20230805:2010,0.0,0.0,0.0,21.96,5.38,0.0
20230805:2110,0.0,0.0,0.0,20.99,5.17,0.0
20230805:2210,0.0,0.0,0.0,20.27,4.97,0.0
20230805:2310,0.0,0.0,0.0,19.58,4.9,0.0
20230806:0010,0.0,0.0,0.0,18.96,4.83,0.0
20230806:0110,0.0,0.0,0.0,18.3,4.83,0.0
20230806:0210,0.0,0.0,0.0,17.71,4.9,0.0
20230806:0310,0.0,0.0,0.0,17.29,4.9,0.0
20230806:0410,0.0,0.0,0.0,16.78,4.69,0.0
20230806:0510,0.0,0.0,0.0,16.33,4.69,0.0
20230806:0610,12.12,26.91,5.71,16.12,4.62,0.0
20230806:0710,77.43,138.84,16.54,16.63,4.9,0.0
20230806:0810,278.03,360.97,27.62,18.38,5.03,0.0
20230806:0910,478.55,594.35,38.62,20.48,4.83,0.0
20230806:1010,624.16,785.33,49.05,22.6,4.76,0.0
20230806:1110,723.82,931.31,58.02,24.55,4.62,0.0
20230806:1210,774.78,1010.35,63.71,26.03,4.83,0.0
20230806:1310,781.24,1021.57,63.76,27.02,5.17,0.0
20230806:1410,728.03,946.13,58.15,27.59,5.38,0.0
20230806:1510,629.56,809.16,49.22,27.81,5.59,0.0
20230806:1610,488.85,624.21,38.8,27.56,5.86,0.0
20230806:1710,298.8,396.59,27.81,26.91,5.86,0.0
20230806:1810,96.16,167.37,16.73,25.89,5.72,0.0
20230806:1910,12.71,28.64,5.89,24.54,5.38,0.0
20230806:2010,0.0,0.0,0.0,22.86,5.31,0.0
20230806:2110,0.0,0.0,0.0,21.41,4.97,0.0
20230806:2210,0.0,0.0,0.0,20.14,4.83,0.0
20230806:2310,0.0,0.0,0.0,19.16,4.76,0.0
20230807:0010,0.0,0.0,0.0,18.37,4.76,0.0
20230807:0110,0.0,0.0,0.0,17.84,4.76,0.0
20230807:0210,0.0,0.0,0.0,17.37,4.83,0.0
20230807:0310,0.0,0.0,0.0,17.01,4.76,0.0
20230807:0410,0.0,0.0,0.0,16.63,4.55,0.0
20230807:0510,0.0,0.0,0.0,16.27,4.28,0.0
20230807:0610,12.12,26.91,5.55,16.07,4.07,0.0
20230807:0710,76.39,138.5,16.38,17.23,3.38,0.0
20230807:0810,273.63,360.48,27.47,19.99,3.03,0.0
20230807:0910,464.7,592.97,38.46,23.01,2.62,0.0
20230807:1010,597.1,783.88,48.87,25.5,1.93,0.0
20230807:1110,685.15,934.37,57.8,27.3,1.31,0.0
20230807:1210,727.21,1014.65,63.45,28.44,1.1,0.0
20230807:1310,730.93,1014.35,63.49,29.11,1.52,0.0
20230807:1410,692.18,944.61,57.9,29.57,2.0,0.0
20230807:1510,607.2,810.94,49.0,30.02,2.55,0.0
20230807:1610,471.57,621.53,38.6,30.29,2.97,0.0
20230807:1710,288.76,393.89,27.61,30.27,3.1,0.0
20230807:1810,93.14,165.19,16.53,29.76,3.45,0.0
20230807:1910,12.4,28.64,5.69,28.84,4.0,0.0
20230807:2010,0.0,0.0,0.0,27.24,4.41,0.0
20230807:2110,0.0,0.0,0.0,25.82,4.48,0.0
20230807:2210,0.0,0.0,0.0,24.44,4.21,0.0
20230807:2310,0.0,0.0,0.0,23.11,4.07,0.0
20230808:0010,0.0,0.0,0.0,21.97,4.14,0.0
20230808:0110,0.0,0.0,0.0,21.05,4.21,0.0
20230808:0210,0.0,0.0,0.0,20.32,4.41,0.0
20230808:0310,0.0,0.0,0.0,19.79,4.55,0.0
20230808:0410,0.0,0.0,0.0,19.36,4.62,0.0
20230808:0510,0.0,0.0,0.0,18.99,4.55,0.0
20230808:0610,11.94,26.91,5.38,18.8,4.48,0.0
20230808:0710,75.14,136.57,16.23,20.09,4.07,0.0
20230808:0810,266.69,355.4,27.31,22.9,3.52,0.0
20230808:0910,448.47,581.95,38.29,26.15,2.41,0.0
20230808:1010,580.47,773.81,48.69,28.11,1.72,0.0
20230808:1110,688.73,927.39,57.58,28.46,2.34,0.0
20230808:1210,745.03,1001.65,63.18,28.37,3.1,0.0
20230808:1310,750.81,1005.93,63.21,27.95,3.24,0.0
20230808:1410,700.17,931.4,57.65,27.56,2.97,0.0
20230808:1510,605.61,795.81,48.78,27.17,2.62,0.0
20230808:1610,470.62,612.65,38.39,26.65,2.28,0.0
20230808:1710,288.86,387.8,27.41,25.91,2.07,0.0
20230808:1810,94.53,160.75,16.32,24.86,1.72,0.0
20230808:1910,13.37,29.51,5.47,23.22,1.45,0.0
20230808:2010,0.0,0.0,0.0,21.89,1.24,0.0
20230808:2110,0.0,0.0,0.0,20.49,1.45,0.0
20230808:2210,0.0,0.0,0.0,20.36,1.66,0.0
20230808:2310,0.0,0.0,0.0,20.06,1.59,0.0
20230809:0010,0.0,0.0,0.0,19.3,1.52,0.0
20230809:0110,0.0,0.0,0.0,18.44,1.72,0.0
20230809:0210,0.0,0.0,0.0,18.11,1.86,0.0
20230809:0310,0.0,0.0,0.0,18.02,1.93,0.0
20230809:0410,0.0,0.0,0.0,17.96,2.07,0.0
20230809:0510,0.0,0.0,0.0,17.73,2.21,0.0
20230809:0610,8.0,20.83,5.21,17.55,2.41,0.0
20230809:0710,55.67,84.44,16.07,18.06,2.9,0.0
20230809:0810,79.81,113.54,27.15,18.99,3.31,0.0
20230809:0910,217.95,278.9,38.13,20.07,3.72,0.0
20230809:1010,279.22,353.6,48.5,21.2,4.34,0.0
20230809:1110,295.12,374.04,57.36,22.01,4.9,0.0
20230809:1210,480.28,602.33,62.91,22.21,5.31,0.0
20230809:1310,722.83,917.78,62.92,22.5,5.31,0.0
20230809:1410,723.31,916.69,57.39,22.62,5.24,0.0
20230809:1510,634.63,796.63,48.55,22.8,5.31,0.0
20230809:1610,482.53,602.55,38.18,22.38,5.17,0.0
20230809:1710,293.1,380.8,27.2,21.75,4.83,0.0
20230809:1810,94.89,159.18,16.12,21.05,4.34,0.0
20230809:1910,11.27,26.04,5.26,19.99,3.66,0.0
20230809:2010,0.0,0.0,0.0,19.16,3.31,0.0
20230809:2110,0.0,0.0,0.0,18.63,3.31,0.0
20230809:2210,0.0,0.0,0.0,18.27,3.31,0.0
20230809:2310,0.0,0.0,0.0,18.06,3.38,0.0
20230810:0010,0.0,0.0,0.0,17.82,3.38,0.0
20230810:0110,0.0,0.0,0.0,17.64,3.17,0.0
20230810:0210,0.0,0.0,0.0,17.44,3.03,0.0
20230810:0310,0.0,0.0,0.0,17.4,2.9,0.0
20230810:0410,0.0,0.0,0.0,17.38,2.83,0.0
20230810:0510,0.0,0.0,0.0,17.65,2.76,0.0
20230810:0610,10.81,25.17,5.04,17.97,2.69,0.0
20230810:0710,76.65,114.51,15.91,18.59,2.76,0.0
20230810:0810,130.39,174.9,27.0,19.39,2.9,0.0
20230810:0910,210.31,270.45,37.96,20.29,3.17,0.0
20230810:1010,481.28,606.23,48.31,21.5,3.24,0.0
20230810:1110,668.88,858.23,57.13,22.08,3.17,0.0
20230810:1210,752.34,978.01,62.63,22.56,3.24,0.0
20230810:1310,759.21,988.2,62.63,22.81,3.31,0.0
20230810:1410,711.09,919.54,57.13,22.93,3.24,0.0
20230810:1510,612.66,783.91,48.31,22.76,2.9,0.0
20230810:1610,473.14,601.99,37.96,22.46,2.41,0.0
20230810:1710,286.94,378.61,26.99,22.08,1.93,0.0
20230810:1810,91.26,156.53,15.9,21.55,1.72,0.0
20230810:1910,11.23,26.04,5.04,20.48,1.93,0.0
20230810:2010,0.0,0.0,0.0,19.36,0.97,0.0
20230810:2110,0.0,0.0,0.0,18.8,0.21,0.0
20230810:2210,0.0,0.0,0.0,18.64,0.62,0.0
20230810:2310,0.0,0.0,0.0,18.5,0.97,0.0
20230811:0010,0.0,0.0,0.0,18.1,1.1,0.0
20230811:0110,0.0,0.0,0.0,17.81,1.03,0.0
20230811:0210,0.0,0.0,0.0,17.81,1.03,0.0
20230811:0310,0.0,0.0,0.0,17.83,1.1,0.0
20230811:0410,0.0,0.0,0.0,18.18,0.9,0.0
20230811:0510,0.0,0.0,0.0,18.72,0.62,0.0
20230811:0610,8.49,21.7,4.87,18.7,0.69,0.0
20230811:0710,75.11,113.32,15.75,18.75,0.76,0.0
20230811:0810,147.41,198.58,26.84,20.91,0.55,0.0
20230811:0910,158.26,211.28,37.8,21.89,0.9,0.0
20230811:1010,262.5,340.27,48.12,22.81,1.38,0.0
20230811:1110,488.68,630.33,56.9,23.66,2.14,0.0
20230811:1210,499.24,642.09,62.35,24.1,2.9,0.0
20230811:1310,618.07,799.0,62.34,24.04,3.24,0.0
20230811:1410,689.95,893.96,56.86,24.06,3.38,0.0
20230811:1510,602.46,770.85,48.07,23.82,3.31,0.0
20230811:1610,460.68,584.21,37.74,23.49,3.38,0.0
20230811:1710,274.96,361.54,26.77,22.8,3.17,0.0
20230811:1810,89.7,144.7,15.68,22.22,2.83,0.0
20230811:1910,9.48,23.44,4.81,21.26,2.14,0.0
20230811:2010,0.0,0.0,0.0,20.37,1.38,0.0
20230811:2110,0.0,0.0,0.0,19.87,0.97,0.0
20230811:2210,0.0,0.0,0.0,19.6,0.83,0.0
20230811:2310,0.0,0.0,0.0,19.52,1.03,0.0
20230812:0010,0.0,0.0,0.0,19.43,1.17,0.0
20230812:0110,0.0,0.0,0.0,19.45,1.24,0.0
20230812:0210,0.0,0.0,0.0,19.41,1.24,0.0
20230812:0310,0.0,0.0,0.0,19.3,1.52,0.0
20230812:0410,0.0,0.0,0.0,19.08,2.0,0.0
20230812:0510,0.0,0.0,0.0,18.87,2.21,0.0
20230812:0610,2.42,11.28,4.7,18.71,2.21,0.0
20230812:0710,66.4,99.75,15.58,18.93,2.48,0.0
20230812:0810,208.67,272.61,26.68,19.62,2.9,0.0
20230812:0910,430.18,538.13,37.63,20.25,3.31,0.0
20230812:1010,569.82,717.17,47.93,21.11,3.45,0.0
20230812:1110,700.17,893.79,56.66,21.93,3.79,0.0
20230812:1210,758.44,975.93,62.07,22.7,4.21,0.0
20230812:1310,766.96,986.13,62.04,23.21,4.62,0.0
20230812:1410,719.47,917.38,56.58,23.4,4.9,0.0
20230812:1510,626.69,789.96,47.82,23.43,5.03,0.0
20230812:1610,478.08,598.66,37.51,23.19,5.31,0.0
20230812:1710,288.24,376.02,26.55,22.68,5.38,0.0
20230812:1810,89.81,153.42,15.46,21.9,5.24,0.0
20230812:1910,9.51,23.44,4.58,20.92,4.76,0.0
20230812:2010,0.0,0.0,0.0,19.94,4.41,0.0
20230812:2110,0.0,0.0,0.0,19.29,4.21,0.0
20230812:2210,0.0,0.0,0.0,18.75,4.14,0.0
20230812:2310,0.0,0.0,0.0,18.22,3.93,0.0
20230813:0010,0.0,0.0,0.0,17.71,3.66,0.0
20230813:0110,0.0,0.0,0.0,17.25,3.45,0.0
20230813:0210,0.0,0.0,0.0,16.74,3.45,0.0
20230813:0310,0.0,0.0,0.0,16.31,3.24,0.0
20230813:0410,0.0,0.0,0.0,15.96,3.24,0.0
20230813:0510,0.0,0.0,0.0,15.7,3.52,0.0
20230813:0610,8.65,21.7,4.53,15.68,3.59,0.0
20230813:0710,74.88,133.58,15.42,16.7,3.59,0.0
20230813:0810,271.61,353.15,26.51,17.98,3.52,0.0
20230813:0910,469.75,585.02,37.45,19.31,3.31,0.0
20230813:1010,621.91,783.53,47.74,20.75,3.45,0.0
20230813:1110,718.7,918.37,56.43,22.06,3.93,0.0
20230813:1210,768.54,991.14,61.78,23.01,4.28,0.0
20230813:1310,771.55,995.19,61.73,23.65,4.62,0.0
20230813:1410,720.48,919.04,56.3,23.85,5.17,0.0
20230813:1510,568.73,714.29,47.57,23.54,5.52,0.0
20230813:1610,455.05,569.55,37.27,23.05,5.45,0.0
20230813:1710,288.38,376.15,26.33,22.5,5.17,0.0
20230813:1810,89.4,152.58,15.23,21.85,4.69,0.0
20230813:1910,8.96,22.57,4.35,20.64,4.07,0.0
20230813:2010,0.0,0.0,0.0,19.41,3.66,0.0
20230813:2110,0.0,0.0,0.0,18.57,3.24,0.0
20230813:2210,0.0,0.0,0.0,17.92,2.83,0.0
20230813:2310,0.0,0.0,0.0,17.35,2.62,0.0
20230814:0010,0.0,0.0,0.0,16.78,2.48,0.0
20230814:0110,0.0,0.0,0.0,16.17,2.21,0.0
20230814:0210,0.0,0.0,0.0,15.46,1.93,0.0
20230814:0310,0.0,0.0,0.0,14.72,1.93,0.0
20230814:0410,0.0,0.0,0.0,14.11,1.79,0.0
20230814:0510,0.0,0.0,0.0,14.31,1.45,0.0
20230814:0610,8.74,21.7,4.35,13.93,1.38,0.0
20230814:0710,75.73,133.36,15.26,15.34,1.38,0.0
20230814:0810,270.28,354.2,26.35,17.39,1.38,0.0
20230814:0910,458.64,583.75,37.28,18.85,0.83,0.0
20230814:1010,594.85,777.83,47.54,20.34,0.55,0.0
20230814:1110,700.03,917.12,56.19,21.53,1.79,0.0
20230814:1210,753.15,983.6,61.49,22.19,2.83,0.0
20230814:1310,762.83,992.75,61.43,22.43,3.24,0.0
20230814:1410,720.09,928.86,56.02,22.54,3.38,0.0
20230814:1510,618.76,785.39,47.31,22.45,3.59,0.0
20230814:1610,472.65,594.1,37.03,22.06,3.72,0.0
20230814:1710,249.55,325.4,26.09,21.48,3.45,0.0
20230814:1810,85.41,132.49,15.0,20.92,2.97,0.0
20230814:1910,6.28,18.23,4.11,20.19,2.62,0.0
20230814:2010,0.0,0.0,0.0,19.38,1.59,0.0
20230814:2110,0.0,0.0,0.0,18.99,1.17,0.0
20230814:2210,0.0,0.0,0.0,18.58,1.17,0.0
20230814:2310,0.0,0.0,0.0,18.09,1.38,0.0
20230815:0010,0.0,0.0,0.0,17.79,1.59,0.0
20230815:0110,0.0,0.0,0.0,17.61,1.72,0.0
20230815:0210,0.0,0.0,0.0,17.73,1.93,0.0
20230815:0310,0.0,0.0,0.0,17.73,2.14,0.0
20230815:0410,0.0,0.0,0.0,17.76,2.41,0.0
20230815:0510,0.0,0.0,0.0,17.7,2.62,0.0
20230815:0610,7.45,19.96,4.18,17.67,2.62,0.0
20230815:0710,76.11,130.83,15.09,18.16,2.69,0.0
20230815:0810,255.99,335.21,26.19,19.45,2.83,0.0
20230815:0910,433.98,545.54,37.11,20.62,2.83,0.0
20230815:1010,589.26,747.46,47.34,21.69,3.03,0.0
20230815:1110,669.44,859.38,55.94,22.71,3.45,0.0
20230815:1210,762.94,986.26,61.2,23.17,4.07,0.0
20230815:1310,755.51,971.08,61.11,23.54,4.76,0.0
20230815:1410,714.26,907.56,55.73,23.44,5.31,0.0
20230815:1510,541.48,678.34,47.05,23.18,5.52,0.0
20230815:1610,452.97,565.99,36.79,22.83,5.52,0.0
20230815:1710,281.13,366.88,25.86,22.44,5.1,0.0
20230815:1810,86.27,148.6,14.76,22.07,4.34,0.0
20230815:1910,7.26,19.96,3.86,22.07,4.14,0.0
20230815:2010,0.0,0.0,0.0,21.21,3.72,0.0
20230815:2110,0.0,0.0,0.0,20.61,3.66,0.0
20230815:2210,0.0,0.0,0.0,20.06,3.45,0.0
20230815:2310,0.0,0.0,0.0,19.52,3.31,0.0
20230816:0010,0.0,0.0,0.0,18.97,3.03,0.0
20230816:0110,0.0,0.0,0.0,18.35,3.03,0.0
20230816:0210,0.0,0.0,0.0,17.94,3.03,0.0
20230816:0310,0.0,0.0,0.0,17.74,3.03,0.0
20230816:0410,0.0,0.0,0.0,17.64,2.97,0.0
20230816:0510,0.0,0.0,0.0,17.6,2.9,0.0
20230816:0610,6.91,19.1,4.0,17.6,2.83,0.0
20230816:0710,74.22,132.97,14.93,17.54,2.07,0.0
20230816:0810,269.25,354.41,26.02,19.43,2.14,0.0
20230816:0910,457.92,581.25,36.93,20.91,1.93,0.0
20230816:1010,606.01,778.6,47.14,22.02,2.21,0.0
20230816:1110,703.03,917.8,55.7,23.05,2.55,0.0
20230816:1210,756.77,995.58,60.9,23.79,2.97,0.0
20230816:1310,774.15,1017.0,60.8,24.38,3.45,0.0
20230816:1410,724.36,938.26,55.43,24.58,4.0,0.0
20230816:1510,610.39,778.31,46.79,24.49,4.21,0.0
20230816:1610,467.61,591.77,36.54,24.14,4.28,0.0
20230816:1710,269.25,354.43,25.62,23.67,4.14,0.0
20230816:1810,81.33,127.56,14.52,22.95,3.72,0.0
20230816:1910,6.21,18.23,3.61,22.01,2.97,0.0
20230816:2010,0.0,0.0,0.0,21.02,2.55,0.0
20230816:2110,0.0,0.0,0.0,20.33,2.34,0.0
20230816:2210,0.0,0.0,0.0,19.62,2.14,0.0
20230816:2310,0.0,0.0,0.0,18.79,1.72,0.0
20230817:0010,0.0,0.0,0.0,18.34,0.9,0.0
20230817:0110,0.0,0.0,0.0,18.39,0.41,0.0
20230817:0210,0.0,0.0,0.0,17.95,0.62,0.0
20230817:0310,0.0,0.0,0.0,17.58,0.9,0.0
20230817:0410,0.0,0.0,0.0,17.46,0.62,0.0
20230817:0510,0.0,0.0,0.0,17.23,0.76,0.0
20230817:0610,6.42,18.23,3.83,16.26,0.97,0.0
20230817:0710,77.52,124.24,14.76,16.48,1.38,0.0
20230817:0810,244.85,318.88,25.86,17.73,1.86,0.0
20230817:0910,345.62,432.99,36.75,19.04,2.48,0.0
20230817:1010,587.64,740.0,46.93,20.22,2.97,0.0
20230817:1110,705.3,900.4,55.45,21.19,3.45,0.0
20230817:1210,753.53,965.04,60.6,21.64,4.07,0.0
20230817:1310,548.85,693.96,60.48,21.72,3.79,0.0
20230817:1410,482.63,609.58,55.13,21.86,3.45,0.0
20230817:1510,347.94,439.35,46.51,21.85,3.45,0.0
20230817:1610,42.38,68.31,36.29,21.56,3.1,0.0
20230817:1710,99.66,138.84,25.37,21.19,3.03,0.0
20230817:1810,14.87,31.38,14.28,20.58,2.9,0.0
20230817:1910,4.74,15.62,3.36,20.25,3.17,0.0
20230817:2010,0.0,0.0,0.0,19.6,3.17,0.0
20230817:2110,0.0,0.0,0.0,19.31,3.59,0.0
20230817:2210,0.0,0.0,0.0,19.23,3.66,0.0
20230817:2310,0.0,0.0,0.0,19.06,3.93,0.0
20230818:0010,0.0,0.0,0.0,19.05,3.52,0.0
20230818:0110,0.0,0.0,0.0,18.97,3.79,0.0
20230818:0210,0.0,0.0,0.0,18.84,4.21,0.0
20230818:0310,0.0,0.0,0.0,18.72,4.34,0.0
20230818:0410,0.0,0.0,0.0,18.75,4.48,0.0
20230818:0510,0.0,0.0,0.0,18.77,4.83,0.0
20230818:0610,5.81,17.36,3.65,18.79,5.1,0.0
20230818:0710,71.57,111.02,14.59,19.0,5.79,0.0
20230818:0810,236.91,306.77,25.69,19.5,6.55,0.0
20230818:0910,255.06,320.36,36.57,20.3,7.52,0.0
20230818:1010,305.0,381.08,46.73,21.51,8.07,0.0
20230818:1110,326.79,409.4,55.2,22.59,8.41,0.0
20230818:1210,122.71,167.07,60.3,23.52,8.83,0.0
20230818:1310,208.66,270.19,60.15,23.76,8.83,0.0
20230818:1410,561.37,696.97,54.83,23.65,8.76,0.0
20230818:1510,343.23,429.58,46.24,23.39,8.48,0.0
20230818:1610,390.77,485.74,36.03,23.0,8.07,0.0
20230818:1710,84.13,120.09,25.12,22.47,7.52,0.0
20230818:1810,68.68,106.73,14.03,22.0,6.76,0.0
20230818:1910,1.94,10.42,3.1,21.48,6.55,0.0
20230818:2010,0.0,0.0,0.0,21.06,6.76,0.0
20230818:2110,0.0,0.0,0.0,20.81,6.34,0.0
20230818:2210,0.0,0.0,0.0,20.27,5.59,0.0
20230818:2310,0.0,0.0,0.0,20.01,4.9,0.0
20230819:0010,0.0,0.0,0.0,19.83,4.21,0.0
20230819:0110,0.0,0.0,0.0,19.67,3.52,0.0
20230819:0210,0.0,0.0,0.0,19.6,3.03,0.0
20230819:0310,0.0,0.0,0.0,19.56,2.55,0.0
20230819:0410,0.0,0.0,0.0,19.52,2.14,0.0
20230819:0510,0.0,0.0,0.0,19.48,1.79,0.0
20230819:0610,1.56,9.55,3.48,19.4,1.52,0.0
20230819:0710,20.86,39.69,14.43,19.67,1.1,0.0
20230819:0810,69.29,101.54,25.52,19.98,1.03,0.0
20230819:0910,119.36,162.46,36.39,20.17,1.17,0.0
20230819:1010,176.25,231.57,46.52,20.71,1.45,0.0
20230819:1110,134.18,180.92,54.94,21.33,1.86,0.0
20230819:1210,184.43,241.84,59.99,21.68,2.41,0.0
20230819:1310,126.56,171.69,59.83,21.66,2.48,0.0
20230819:1410,300.1,383.44,54.52,22.18,2.69,0.0
20230819:1510,535.85,681.5,45.96,22.36,2.76,0.0
20230819:1610,384.28,487.24,35.77,22.22,2.55,0.0
20230819:1710,258.1,340.13,24.87,21.89,2.34,0.0
20230819:1810,77.2,125.89,13.77,21.46,2.48,0.0
20230819:1910,2.83,12.15,2.84,20.67,2.28,0.0
20230819:2010,0.0,0.0,0.0,20.13,2.0,0.0
20230819:2110,0.0,0.0,0.0,19.77,1.79,0.0
20230819:2210,0.0,0.0,0.0,19.46,1.72,0.0
20230819:2310,0.0,0.0,0.0,19.41,1.79,0.0
20230820:0010,0.0,0.0,0.0,19.21,1.86,0.0
20230820:0110,0.0,0.0,0.0,19.08,1.86,0.0
20230820:0210,0.0,0.0,0.0,18.62,1.79,0.0
20230820:0310,0.0,0.0,0.0,18.14,1.72,0.0
20230820:0410,0.0,0.0,0.0,18.22,1.72,0.0
20230820:0510,0.0,0.0,0.0,18.03,1.72,0.0
20230820:0610,4.8,15.62,3.3,18.1,1.72,0.0
20230820:0710,71.94,129.88,14.26,19.08,2.28,0.0
20230820:0810,266.55,350.93,25.35,20.17,2.62,0.0
20230820:0910,454.84,575.23,36.21,21.59,2.62,0.0
20230820:1010,608.6,784.74,46.31,22.91,2.28,0.0
20230820:1110,701.76,920.98,54.68,23.94,2.48,0.0
20230820:1210,756.93,997.9,59.68,24.64,3.1,0.0
20230820:1310,763.71,1000.65,59.49,25.05,3.79,0.0
20230820:1410,718.69,932.67,54.21,25.26,4.07,0.0
20230820:1510,616.72,790.59,45.67,25.36,4.07,0.0
20230820:1610,468.57,597.38,35.5,25.35,4.0,0.0
20230820:1710,272.35,362.49,24.61,25.1,4.0,0.0
20230820:1810,77.26,137.26,13.51,24.48,3.93,0.0
20230820:1910,2.34,11.28,2.58,23.41,3.93,0.0
20230820:2010,0.0,0.0,0.0,22.3,3.93,0.0
20230820:2110,0.0,0.0,0.0,21.59,3.79,0.0
20230820:2210,0.0,0.0,0.0,21.02,3.59,0.0
20230820:2310,0.0,0.0,0.0,20.51,3.38,0.0
20230821:0010,0.0,0.0,0.0,20.0,3.24,0.0
20230821:0110,0.0,0.0,0.0,19.47,3.31,0.0
20230821:0210,0.0,0.0,0.0,19.07,3.31,0.0
20230821:0310,0.0,0.0,0.0,18.8,3.24,0.0
20230821:0410,0.0,0.0,0.0,18.54,3.03,0.0
20230821:0510,0.0,0.0,0.0,18.3,2.9,0.0
20230821:0610,3.82,13.89,3.12,18.15,2.76,0.0
20230821:0710,71.62,128.11,14.09,18.63,1.93,0.0
20230821:0810,263.04,347.85,25.18,20.45,1.93,0.0
20230821:0910,449.28,572.96,36.03,21.95,1.86,0.0
20230821:1010,592.22,774.26,46.09,23.79,1.52,0.0
20230821:1110,679.71,907.41,54.42,25.27,1.72,0.0
20230821:1210,733.26,977.39,59.37,26.05,2.69,0.0
20230821:1310,733.91,972.2,59.16,26.38,3.24,0.0
20230821:1410,692.8,912.45,53.89,26.56,3.17,0.0
20230821:1510,589.92,767.96,45.38,26.76,3.03,0.0
20230821:1610,437.33,564.76,35.23,26.79,3.1,0.0
20230821:1710,248.59,334.67,24.35,26.64,2.9,0.0
20230821:1810,73.83,125.33,13.25,26.42,2.48,0.0
20230821:1910,0.73,7.81,2.31,25.45,3.03,0.0
20230821:2010,0.0,0.0,0.0,24.58,3.1,0.0
20230821:2110,0.0,0.0,0.0,24.0,3.31,0.0
20230821:2210,0.0,0.0,0.0,23.44,3.17,0.0
20230821:2310,0.0,0.0,0.0,22.78,3.17,0.0
20230822:0010,0.0,0.0,0.0,22.26,3.17,0.0
20230822:0110,0.0,0.0,0.0,21.83,3.03,0.0
20230822:0210,0.0,0.0,0.0,21.3,2.9,0.0
20230822:0310,0.0,0.0,0.0,20.8,2.76,0.0
20230822:0410,0.0,0.0,0.0,20.48,2.76,0.0
20230822:0510,0.0,0.0,0.0,20.21,2.76,0.0
20230822:0610,2.4,11.28,2.94,20.02,2.9,0.0
20230822:0710,72.71,123.48,13.92,20.82,2.41,0.0
20230822:0810,248.53,332.77,25.01,23.67,2.21,0.0
20230822:0910,427.65,555.75,35.84,26.41,2.14,0.0
20230822:1010,564.8,754.97,45.88,28.75,1.59,0.0
20230822:1110,640.53,896.28,54.16,30.45,0.62,0.0
20230822:1210,676.89,964.78,59.05,31.38,0.55,0.0
20230822:1310,690.8,966.05,58.82,31.6,1.45,0.0
20230822:1410,665.94,894.41,53.57,30.92,3.24,0.0
20230822:1510,563.14,741.89,45.08,29.73,3.17,0.0
20230822:1610,399.6,527.51,34.95,29.38,1.93,0.0
20230822:1710,238.49,330.37,24.08,29.68,0.69,0.0
20230822:1810,70.58,124.11,12.99,29.71,1.93,0.0
20230822:1910,0.37,6.94,2.03,28.66,0.41,0.0
20230822:2010,0.0,0.0,0.0,27.77,0.48,0.0
20230822:2110,0.0,0.0,0.0,26.47,1.03,0.0
20230822:2210,0.0,0.0,0.0,27.01,0.9,0.0
20230822:2310,0.0,0.0,0.0,26.65,0.48,0.0
20230823:0010,0.0,0.0,0.0,26.04,0.76,0.0
20230823:0110,0.0,0.0,0.0,23.92,1.45,0.0
20230823:0210,0.0,0.0,0.0,22.62,1.93,0.0
20230823:0310,0.0,0.0,0.0,22.29,2.14,0.0
20230823:0410,0.0,0.0,0.0,22.09,2.21,0.0
20230823:0510,0.0,0.0,0.0,21.71,2.07,0.0
20230823:0610,2.37,11.28,2.76,21.25,1.93,0.0
20230823:0710,70.32,123.73,13.75,21.54,1.24,0.0
20230823:0810,248.11,337.73,24.83,24.75,0.55,0.0
20230823:0910,428.74,563.74,35.65,26.42,1.03,0.0
20230823:1010,573.23,761.43,45.66,27.84,1.72,0.0
20230823:1110,667.4,898.09,53.89,28.82,2.28,0.0
20230823:1210,721.2,973.4,58.73,29.27,2.9,0.0
20230823:1310,726.18,974.71,58.48,29.22,3.31,0.0
20230823:1410,679.42,901.6,53.24,28.8,3.38,0.0
20230823:1510,578.96,756.83,44.79,28.23,3.24,0.0
20230823:1610,374.97,485.76,34.67,27.18,2.97,0.0
20230823:1710,145.33,199.57,23.81,25.99,2.28,0.0
20230823:1810,23.61,44.31,12.72,24.79,1.45,0.0
20230823:1910,0.0,4.34,1.76,23.34,1.1,0.0
20230823:2010,0.0,0.0,0.0,22.32,0.62,0.0
20230823:2110,0.0,0.0,0.0,22.14,1.17,0.0
20230823:2210,0.0,0.0,0.0,21.81,1.1,0.0
20230823:2310,0.0,0.0,0.0,21.24,1.38,0.0
20230824:0010,0.0,0.0,0.0,20.82,1.66,0.0
20230824:0110,0.0,0.0,0.0,20.32,1.79,0.0
20230824:0210,0.0,0.0,0.0,20.1,1.79,0.0
20230824:0310,0.0,0.0,0.0,19.88,1.52,0.0
20230824:0410,0.0,0.0,0.0,19.56,1.17,0.0
20230824:0510,0.0,0.0,0.0,19.38,1.03,0.0
20230824:0610,0.0,5.21,2.58,19.26,1.1,0.0
20230824:0710,51.2,80.2,13.57,19.21,1.38,0.0
20230824:0810,126.39,171.17,24.66,19.95,1.59,0.0
20230824:0910,335.73,426.63,35.47,20.96,1.72,0.0
20230824:1010,534.44,683.69,45.44,21.98,2.07,0.0
20230824:1110,421.92,538.4,53.62,22.86,2.55,0.0
20230824:1210,453.67,579.15,58.41,23.3,3.03,0.0
20230824:1310,640.54,826.73,58.13,23.35,3.24,0.0
20230824:1410,505.47,644.84,52.91,23.2,3.1,0.0
20230824:1510,544.58,694.99,44.48,22.89,2.76,0.0
20230824:1610,452.13,575.79,34.39,22.67,2.34,0.0
20230824:1710,263.84,350.01,23.53,22.36,2.14,0.0
20230824:1810,71.3,121.95,12.44,21.82,2.0,0.0
20230824:1910,0.0,3.47,1.48,20.35,1.93,0.0
20230824:2010,0.0,0.0,0.0,19.53,1.72,0.0
20230824:2110,0.0,0.0,0.0,19.02,1.59,0.0
20230824:2210,0.0,0.0,0.0,18.44,1.31,0.0
20230824:2310,0.0,0.0,0.0,17.89,1.38,0.0
20230825:0010,0.0,0.0,0.0,17.38,1.59,0.0
20230825:0110,0.0,0.0,0.0,17.1,1.72,0.0
20230825:0210,0.0,0.0,0.0,16.97,1.93,0.0
20230825:0310,0.0,0.0,0.0,17.42,2.28,0.0
20230825:0410,0.0,0.0,0.0,17.77,2.62,0.0
20230825:0510,0.0,0.0,0.0,18.0,2.9,0.0
20230825:0610,0.0,3.47,2.4,18.21,2.9,0.0
20230825:0710,20.97,39.69,13.4,18.86,2.9,0.0
20230825:0810,149.98,199.1,24.48,19.65,3.38,0.0
20230825:0910,309.02,388.48,35.27,20.5,3.66,0.0
20230825:1010,587.52,736.63,45.22,21.06,3.93,0.0
20230825:1110,683.41,867.53,53.35,21.72,4.14,0.0
20230825:1210,674.59,858.83,58.08,22.4,4.41,0.0
20230825:1310,719.2,919.05,57.78,22.91,4.69,0.0
20230825:1410,720.53,915.2,52.58,23.03,5.1,0.0
20230825:1510,545.01,681.45,44.17,22.85,5.45,0.0
20230825:1610,382.23,478.14,34.1,22.62,5.66,0.0
20230825:1710,214.87,281.72,23.25,22.1,5.66,0.0
20230825:1810,66.95,110.13,12.16,21.28,5.17,0.0
20230825:1910,0.0,1.74,1.19,20.47,4.9,0.0
20230825:2010,0.0,0.0,0.0,19.5,4.76,0.0
20230825:2110,0.0,0.0,0.0,18.82,4.62,0.0
20230825:2210,0.0,0.0,0.0,18.24,4.21,0.0
20230825:2310,0.0,0.0,0.0,17.82,4.0,0.0
20230826:0010,0.0,0.0,0.0,17.42,4.0,0.0
20230826:0110,0.0,0.0,0.0,17.21,4.28,0.0
20230826:0210,0.0,0.0,0.0,16.96,4.48,0.0
20230826:0310,0.0,0.0,0.0,16.76,4.41,0.0
20230826:0410,0.0,0.0,0.0,16.68,4.21,0.0
20230826:0510,0.0,0.0,0.0,16.45,4.0,0.0
20230826:0610,0.46,6.94,2.22,16.15,3.72,0.0
20230826:0710,72.84,128.92,13.23,16.22,3.38,0.0
20230826:0810,276.42,355.95,24.31,17.25,3.93,0.0
20230826:0910,477.46,588.18,35.08,18.45,4.21,0.0
20230826:1010,637.78,792.71,44.99,19.44,4.34,0.0
20230826:1110,714.85,898.86,53.08,20.29,4.69,0.0
20230826:1210,793.09,1004.65,57.75,20.82,5.17,0.0
20230826:1310,696.55,871.1,57.43,20.65,5.79,0.0
20230826:1410,753.71,940.95,52.24,20.39,5.93,0.0
20230826:1510,643.12,794.22,43.86,20.25,5.86,0.0
20230826:1610,462.91,569.34,33.81,19.98,6.0,0.0
20230826:1710,267.53,344.94,22.97,19.19,5.93,0.0
20230826:1810,69.43,118.78,11.88,18.58,5.31,0.0
20230826:1910,0.0,0.0,0.0,17.75,4.41,0.0
20230826:2010,0.0,0.0,0.0,17.22,4.14,0.0
20230826:2110,0.0,0.0,0.0,16.84,3.86,0.0
20230826:2210,0.0,0.0,0.0,16.46,3.72,0.0
20230826:2310,0.0,0.0,0.0,16.0,3.52,0.0
20230827:0010,0.0,0.0,0.0,15.66,3.38,0.0
20230827:0110,0.0,0.0,0.0,15.42,3.31,0.0
20230827:0210,0.0,0.0,0.0,15.26,3.31,0.0
20230827:0310,0.0,0.0,0.0,15.15,3.24,0.0
20230827:0410,0.0,0.0,0.0,15.02,2.97,0.0
20230827:0510,0.0,0.0,0.0,14.91,2.97,0.0
20230827:0610,0.47,6.94,2.04,14.83,2.9,0.0
20230827:0710,72.74,127.87,13.05,15.33,2.69,0.0
20230827:0810,275.67,354.75,24.13,16.66,3.31,0.0
20230827:0910,424.18,521.23,34.89,17.84,4.21,0.0
20230827:1010,573.46,707.58,44.77,19.11,4.76,0.0
20230827:1110,532.59,659.69,52.8,19.93,5.17,0.0
20230827:1210,764.2,964.2,57.42,20.43,5.1,0.0
20230827:1310,740.51,932.01,57.07,20.97,5.52,0.0
20230827:1410,619.55,771.75,51.9,21.48,6.0,0.0
20230827:1510,478.11,591.76,43.55,21.68,6.34,0.0
20230827:1610,388.43,482.16,33.51,21.51,6.28,0.0
20230827:1710,250.27,326.04,22.69,21.07,5.93,0.0
20230827:1810,66.34,113.79,11.6,20.35,5.72,0.0
20230827:1910,0.0,0.0,0.0,19.19,5.03,0.0
20230827:2010,0.0,0.0,0.0,18.34,4.34,0.0
20230827:2110,0.0,0.0,0.0,17.75,3.79,0.0
20230827:2210,0.0,0.0,0.0,17.2,3.1,0.0
20230827:2310,0.0,0.0,0.0,16.66,2.55,0.0
20230828:0010,0.0,0.0,0.0,16.12,2.0,0.0
20230828:0110,0.0,0.0,0.0,15.78,1.59,0.0
20230828:0210,0.0,0.0,0.0,15.74,1.17,0.0
20230828:0310,0.0,0.0,0.0,15.69,1.1,0.0
20230828:0410,0.0,0.0,0.0,15.44,1.24,0.0
20230828:0510,0.0,0.0,0.0,15.06,1.52,0.0
20230828:0610,0.0,2.6,1.86,15.19,1.86,0.0
20230828:0710,67.04,105.26,12.88,16.2,1.86,0.0
20230828:0810,160.94,210.94,23.95,17.53,2.69,0.0
20230828:0910,306.16,381.91,34.69,18.7,3.52,0.0
20230828:1010,258.9,326.83,44.54,19.67,4.0,0.0
20230828:1110,176.85,230.2,52.52,20.46,4.28,0.0
20230828:1210,427.32,535.24,57.08,21.27,4.41,0.0
20230828:1310,460.07,577.03,56.71,21.92,4.69,0.0
20230828:1410,425.64,532.81,51.56,22.37,5.31,0.0
20230828:1510,247.62,315.61,43.23,22.34,5.86,0.0
20230828:1610,216.28,277.37,33.21,21.99,6.07,0.0
20230828:1710,156.78,208.56,22.4,21.44,5.93,0.0
20230828:1810,51.06,83.23,11.31,20.66,5.45,0.0
20230828:1910,0.0,0.0,0.0,19.25,4.76,0.0
20230828:2010,0.0,0.0,0.0,18.64,4.21,0.0
20230828:2110,0.0,0.0,0.0,18.06,3.86,0.0
20230828:2210,0.0,0.0,0.0,17.6,3.59,0.0
20230828:2310,0.0,0.0,0.0,17.13,3.38,0.0
20230829:0010,0.0,0.0,0.0,16.86,2.97,0.0
20230829:0110,0.0,0.0,0.0,16.62,2.69,0.0
20230829:0210,0.0,0.0,0.0,16.45,2.62,0.0
20230829:0310,0.0,0.0,0.0,16.33,2.55,0.0
20230829:0410,0.0,0.0,0.0,16.17,2.41,0.0
20230829:0510,0.0,0.0,0.0,16.14,2.34,0.0
20230829:0610,0.0,1.74,1.68,16.0,2.21,0.0
20230829:0710,71.16,120.82,12.7,16.54,2.55,0.0
20230829:0810,194.24,251.8,23.77,17.69,3.38,0.0
20230829:0910,212.06,269.8,34.5,18.73,3.86,0.0
20230829:1010,344.25,429.22,44.31,19.9,4.14,0.0
20230829:1110,589.88,739.93,52.24,20.9,4.28,0.0
20230829:1210,648.32,820.65,56.75,21.73,4.41,0.0
20230829:1310,759.09,967.27,56.35,21.89,4.76,0.0
20230829:1410,676.88,850.11,51.21,21.72,5.31,0.0
20230829:1510,607.91,755.64,42.91,21.44,5.45,0.0
20230829:1610,393.08,488.23,32.91,21.08,5.38,0.0
20230829:1710,168.3,222.26,22.1,20.49,5.17,0.0
20230829:1810,50.19,82.35,11.02,19.99,4.9,0.0
20230829:1910,0.0,0.0,0.0,19.47,4.41,0.0
20230829:2010,0.0,0.0,0.0,18.66,4.0,0.0
20230829:2110,0.0,0.0,0.0,18.16,3.93,0.0
20230829:2210,0.0,0.0,0.0,17.71,3.72,0.0
20230829:2310,0.0,0.0,0.0,17.4,3.45,0.0
20230830:0010,0.0,0.0,0.0,16.92,3.24,0.0
20230830:0110,0.0,0.0,0.0,16.57,3.17,0.0
20230830:0210,0.0,0.0,0.0,16.36,3.38,0.0
20230830:0310,0.0,0.0,0.0,16.16,3.45,0.0
20230830:0410,0.0,0.0,0.0,15.91,3.45,0.0
20230830:0510,0.0,0.0,0.0,15.82,3.59,0.0
20230830:0610,0.0,2.6,1.49,15.64,3.72,0.0
20230830:0710,70.99,121.4,12.53,16.23,3.24,0.0
20230830:0810,268.21,344.67,23.59,17.19,3.93,0.0
20230830:0910,457.03,562.68,34.3,18.36,4.14,0.0
20230830:1010,612.07,760.15,44.07,19.27,4.14,0.0
20230830:1110,717.63,906.66,51.95,20.41,4.21,0.0
20230830:1210,750.18,959.6,56.4,21.52,4.14,0.0
20230830:1310,770.34,991.36,55.99,22.46,4.21,0.0
20230830:1410,712.56,908.13,50.86,23.1,4.69,0.0
20230830:1510,615.21,773.62,42.58,23.24,5.1,0.0
20230830:1610,459.09,575.42,32.6,23.15,5.1,0.0
20230830:1710,254.06,335.78,21.81,22.83,4.9,0.0
20230830:1810,59.2,105.67,10.72,22.22,4.62,0.0
20230830:1910,0.0,0.0,0.0,20.61,5.17,0.0
20230830:2010,0.0,0.0,0.0,19.56,4.9,0.0
20230830:2110,0.0,0.0,0.0,18.94,4.34,0.0
20230830:2210,0.0,0.0,0.0,18.41,3.72,0.0
20230830:2310,0.0,0.0,0.0,17.89,3.24,0.0
20230831:0010,0.0,0.0,0.0,17.39,2.9,0.0
20230831:0110,0.0,0.0,0.0,16.86,2.69,0.0
20230831:0210,0.0,0.0,0.0,16.43,2.83,0.0
20230831:0310,0.0,0.0,0.0,16.12,2.9,0.0
20230831:0410,0.0,0.0,0.0,16.03,2.76,0.0
20230831:0510,0.0,0.0,0.0,15.91,2.55,0.0
20230831:0610,0.0,0.0,0.0,15.66,2.48,0.0
20230831:0710,70.88,125.25,12.35,16.57,2.48,0.0
20230831:0810,273.58,355.1,23.41,18.3,2.83,0.0
20230831:0910,465.21,582.98,34.1,19.84,2.62,0.0
20230831:1010,604.47,772.36,43.84,21.2,2.28,0.0
20230831:1110,689.31,896.69,51.66,22.3,2.41,0.0
20230831:1210,754.34,982.58,56.06,23.1,3.38,0.0
20230831:1310,769.51,994.18,55.62,23.32,4.28,0.0
20230831:1410,727.48,927.95,50.5,23.15,4.76,0.0
20230831:1510,619.75,778.16,42.25,22.72,4.97,0.0
20230831:1610,454.23,567.29,32.29,22.17,4.9,0.0
20230831:1710,260.05,342.37,21.51,21.46,4.34,0.0
20230831:1810,59.43,109.44,10.42,20.63,3.66,0.0
20230831:1910,0.0,0.0,0.0,19.57,2.97,0.0
20230831:2010,0.0,0.0,0.0,18.61,2.55,0.0
20230831:2110,0.0,0.0,0.0,17.98,2.21,0.0
20230831:2210,0.0,0.0,0.0,17.27,1.66,0.0
20230831:2310,0.0,0.0,0.0,16.2,1.45,0.0
20230901:0010,0.0,0.0,0.0,15.89,1.38,0.0
20230901:0110,0.0,0.0,0.0,15.62,1.38,0.0
20230901:0210,0.0,0.0,0.0,15.25,1.38,0.0
20230901:0310,0.0,0.0,0.0,15.29,1.31,0.0
20230901:0410,0.0,0.0,0.0,15.23,1.1,0.0
20230901:0510,0.0,0.0,0.0,14.51,1.17,0.0
20230901:0610,0.0,0.0,0.0,14.5,1.17,0.0
20230901:0710,67.79,112.21,12.17,15.39,1.1,0.0
20230901:0810,245.95,319.16,23.23,16.62,1.03,0.0
20230901:0910,381.43,479.87,33.89,18.32,1.17,0.0
20230901:1010,376.92,474.25,43.6,19.72,2.0,0.0
20230901:1110,504.19,636.14,51.37,20.66,2.83,0.0
20230901:1210,511.33,644.28,55.72,21.16,3.52,0.0
20230901:1310,506.17,634.76,55.25,21.43,4.34,0.0
20230901:1410,219.31,280.83,50.15,20.76,4.83,0.0
20230901:1510,217.5,278.06,41.92,19.91,3.66,0.0
20230901:1610,123.27,165.92,31.98,19.21,2.34,0.0
20230901:1710,41.43,66.46,21.2,18.86,1.38,0.0
20230901:1810,5.36,16.62,10.12,18.84,1.17,0.0
20230901:1910,0.0,0.0,0.0,18.21,1.38,0.0
20230901:2010,0.0,0.0,0.0,17.74,0.97,0.0
20230901:2110,0.0,0.0,0.0,17.43,1.1,0.0
20230901:2210,0.0,0.0,0.0,17.45,1.66,0.0
20230901:2310,0.0,0.0,0.0,17.39,2.14,0.0
20230902:0010,0.0,0.0,0.0,17.27,2.41,0.0
20230902:0110,0.0,0.0,0.0,17.17,2.48,0.0
20230902:0210,0.0,0.0,0.0,16.88,2.62,0.0
20230902:0310,0.0,0.0,0.0,16.48,3.03,0.0
20230902:0410,0.0,0.0,0.0,16.01,3.31,0.0
20230902:0510,0.0,0.0,0.0,15.72,3.45,0.0
20230902:0610,0.0,0.0,0.0,15.56,3.59,0.0
20230902:0710,70.77,126.72,11.99,15.98,3.31,0.0
20230902:0810,272.64,350.57,23.04,17.1,3.59,0.0
20230902:0910,451.36,556.25,33.69,18.5,4.0,0.0
20230902:1010,560.28,695.92,43.36,19.9,4.21,0.0
20230902:1110,288.51,364.73,51.08,21.11,4.28,0.0
20230902:1210,485.25,610.51,55.37,21.93,4.14,0.0
20230902:1310,308.73,392.35,54.88,22.53,4.07,0.0
20230902:1410,58.18,88.61,49.79,22.96,4.21,0.0
20230902:1510,58.91,89.54,41.58,23.0,4.28,0.0
20230902:1610,140.28,187.75,31.66,22.11,4.48,0.0
20230902:1710,43.79,70.15,20.9,21.95,4.41,0.0
20230902:1810,21.99,41.54,9.82,21.9,4.21,0.0
20230902:1910,0.0,0.0,0.0,21.31,4.28,0.0
20230902:2010,0.0,0.0,0.0,20.39,4.55,0.0
20230902:2110,0.0,0.0,0.0,19.73,4.9,0.0
20230902:2210,0.0,0.0,0.0,19.17,5.03,0.0
20230902:2310,0.0,0.0,0.0,18.7,4.83,0.0
20230903:0010,0.0,0.0,0.0,18.28,4.41,0.0
20230903:0110,0.0,0.0,0.0,17.77,4.21,0.0
20230903:0210,0.0,0.0,0.0,17.35,4.07,0.0
20230903:0310,0.0,0.0,0.0,17.15,3.93,0.0
20230903:0410,0.0,0.0,0.0,16.83,3.86,0.0
20230903:0510,0.0,0.0,0.0,16.58,3.72,0.0
20230903:0610,0.0,0.0,0.0,16.44,3.66,0.0
20230903:0710,65.24,106.97,11.82,16.76,3.24,0.0
20230903:0810,74.81,107.26,22.86,18.33,3.1,0.0
20230903:0910,89.3,125.54,33.49,19.98,2.97,0.0
20230903:1010,102.14,142.15,43.12,21.72,2.55,0.0
20230903:1110,156.34,208.61,50.78,22.68,2.55,0.0
20230903:1210,458.72,586.49,55.02,22.5,2.28,0.0
20230903:1310,330.47,424.85,54.5,22.98,1.86,0.0
20230903:1410,606.2,795.15,49.42,23.98,1.72,0.0
20230903:1510,356.56,465.24,41.24,24.97,0.76,0.0
20230903:1610,104.11,147.12,31.34,25.44,1.72,0.0
20230903:1710,28.98,51.69,20.59,25.27,2.41,0.0
20230903:1810,4.67,15.69,9.51,23.97,1.38,0.0
20230903:1910,0.0,0.0,0.0,22.35,1.86,0.0
20230903:2010,0.0,0.0,0.0,20.65,2.69,0.0
20230903:2110,0.0,0.0,0.0,20.11,2.76,0.0
20230903:2210,0.0,0.0,0.0,19.95,2.0,0.0
20230903:2310,0.0,0.0,0.0,19.72,2.28,0.0
20230904:0010,0.0,0.0,0.0,19.44,2.41,0.0
20230904:0110,0.0,0.0,0.0,18.95,2.48,0.0
20230904:0210,0.0,0.0,0.0,18.27,2.76,0.0
20230904:0310,0.0,0.0,0.0,17.65,2.28,0.0
20230904:0410,0.0,0.0,0.0,17.04,1.59,0.0
20230904:0510,0.0,0.0,0.0,16.42,1.38,0.0
20230904:0610,0.0,0.0,0.0,16.13,1.17,0.0
20230904:0710,66.17,110.42,11.64,16.33,1.38,0.0
20230904:0810,223.51,292.2,22.67,18.72,1.45,0.0
20230904:0910,447.76,568.69,33.28,20.38,1.38,0.0
20230904:1010,519.37,663.93,42.87,21.62,1.79,0.0
20230904:1110,276.74,355.96,50.49,22.44,2.07,0.0
20230904:1210,275.7,355.88,54.67,23.14,2.21,0.0
20230904:1310,166.79,220.61,54.13,22.05,2.69,0.0
20230904:1410,264.94,335.19,49.06,20.31,4.07,0.0
20230904:1510,59.76,89.54,40.9,19.89,2.9,0.0
20230904:1610,47.03,73.84,31.02,20.22,2.41,0.0
20230904:1710,148.49,199.49,20.28,20.5,2.83,0.0
20230904:1810,7.54,20.31,9.21,20.49,3.38,0.0
20230904:1910,0.0,0.0,0.0,20.56,4.48,0.0
20230904:2010,0.0,0.0,0.0,20.73,5.17,0.0
20230904:2110,0.0,0.0,0.0,20.47,5.38,0.0
20230904:2210,0.0,0.0,0.0,19.53,5.52,0.0
20230904:2310,0.0,0.0,0.0,18.54,5.03,0.0
20230905:0010,0.0,0.0,0.0,18.44,5.03,0.0
20230905:0110,0.0,0.0,0.0,18.16,5.31,0.0
20230905:0210,0.0,0.0,0.0,18.27,5.79,0.0
20230905:0310,0.0,0.0,0.0,18.17,6.21,0.0
20230905:0410,0.0,0.0,0.0,18.1,6.21,0.0
20230905:0510,0.0,0.0,0.0,18.08,6.28,0.0
20230905:0610,0.0,0.0,0.0,18.14,6.34,0.0
20230905:0710,45.14,72.88,11.45,18.28,6.28,0.0
20230905:0810,101.6,139.38,22.48,18.79,6.41,0.0
20230905:0910,69.29,100.61,33.07,19.14,6.62,0.0
20230905:1010,152.67,199.77,42.63,19.51,6.83,0.0
20230905:1110,247.19,311.32,50.19,19.96,7.17,0.0
20230905:1210,559.89,691.24,54.31,20.25,6.28,0.0
20230905:1310,438.93,543.38,53.75,21.1,6.62,0.0
20230905:1410,520.3,644.02,48.69,21.66,6.62,0.0
20230905:1510,308.96,387.0,40.56,21.8,6.28,0.0
20230905:1610,196.27,253.42,30.7,21.75,5.59,0.0
20230905:1710,93.03,131.09,19.96,21.49,4.48,0.0
20230905:1810,30.74,55.13,8.9,20.78,3.66,0.0
20230905:1910,0.0,0.0,0.0,20.25,3.93,0.0
20230905:2010,0.0,0.0,0.0,19.85,3.52,0.0
20230905:2110,0.0,0.0,0.0,19.59,3.1,0.0
20230905:2210,0.0,0.0,0.0,19.54,3.24,0.0
20230905:2310,0.0,0.0,0.0,19.32,3.45,0.0
20230906:0010,0.0,0.0,0.0,18.93,3.03,0.0
20230906:0110,0.0,0.0,0.0,18.48,2.55,0.0
20230906:0210,0.0,0.0,0.0,17.99,2.55,0.0
20230906:0310,0.0,0.0,0.0,17.55,2.55,0.0
20230906:0410,0.0,0.0,0.0,17.32,2.62,0.0
20230906:0510,0.0,0.0,0.0,17.08,2.55,0.0
20230906:0610,0.0,0.0,0.0,16.83,2.62,0.0
20230906:0710,67.18,117.18,11.27,17.23,2.48,0.0
20230906:0810,257.95,336.75,22.29,19.53,2.41,0.0
20230906:0910,324.61,410.29,32.86,21.49,2.83,0.0
20230906:1010,471.46,594.05,42.38,22.65,3.66,0.0
20230906:1110,674.37,863.64,49.88,23.32,3.93,0.0
20230906:1210,695.0,891.01,53.95,23.6,4.41,0.0
20230906:1310,689.37,879.82,53.36,23.34,4.69,0.0
20230906:1410,677.65,861.66,48.32,22.65,4.28,0.0
20230906:1510,109.74,151.38,40.21,22.18,3.66,0.0
20230906:1610,313.51,397.76,30.37,21.97,2.76,0.0
20230906:1710,101.32,142.16,19.65,21.93,2.14,0.0
20230906:1810,36.06,65.27,8.58,21.68,1.72,0.0
20230906:1910,0.0,0.0,0.0,20.85,1.66,0.0
20230906:2010,0.0,0.0,0.0,19.84,1.79,0.0
20230906:2110,0.0,0.0,0.0,19.21,2.21,0.0
20230906:2210,0.0,0.0,0.0,18.92,2.69,0.0
20230906:2310,0.0,0.0,0.0,18.72,2.76,0.0
20230907:0010,0.0,0.0,0.0,18.44,2.62,0.0
20230907:0110,0.0,0.0,0.0,17.92,2.34,0.0
20230907:0210,0.0,0.0,0.0,17.44,2.28,0.0
20230907:0310,0.0,0.0,0.0,17.38,2.41,0.0
20230907:0410,0.0,0.0,0.0,17.53,2.55,0.0
20230907:0510,0.0,0.0,0.0,17.62,2.69,0.0
20230907:0610,0.0,0.0,0.0,17.75,2.9,0.0
20230907:0710,37.63,62.46,11.09,18.01,2.55,0.0
20230907:0810,131.99,177.84,22.1,19.93,2.55,0.0
20230907:0910,417.74,527.4,32.65,21.62,2.55,0.0
20230907:1010,568.79,718.98,42.13,22.59,3.66,0.0
20230907:1110,713.54,912.71,49.58,23.15,4.28,0.0
20230907:1210,590.55,749.37,53.59,23.49,4.62,0.0
20230907:1310,663.99,843.55,52.98,23.3,4.97,0.0
20230907:1410,671.41,849.32,47.95,22.67,4.83,0.0
20230907:1510,565.49,707.63,39.86,22.49,4.83,0.0
20230907:1610,442.77,555.06,30.04,22.04,4.07,0.0
20230907:1710,244.72,326.11,19.33,21.88,4.0,0.0
20230907:1810,44.0,88.39,8.27,21.3,3.03,0.0
20230907:1910,0.0,0.0,0.0,20.69,2.14,0.0
20230907:2010,0.0,0.0,0.0,20.18,2.07,0.0
20230907:2110,0.0,0.0,0.0,19.73,1.93,0.0
20230907:2210,0.0,0.0,0.0,19.08,1.86,0.0
20230907:2310,0.0,0.0,0.0,18.52,2.0,0.0
20230908:0010,0.0,0.0,0.0,18.22,2.14,0.0
20230908:0110,0.0,0.0,0.0,17.77,2.07,0.0
20230908:0210,0.0,0.0,0.0,17.29,1.93,0.0
20230908:0310,0.0,0.0,0.0,17.04,2.0,0.0
20230908:0410,0.0,0.0,0.0,16.65,1.86,0.0
20230908:0510,0.0,0.0,0.0,16.31,1.72,0.0
20230908:0610,0.0,0.0,0.0,15.98,1.72,0.0
20230908:0710,66.06,115.89,10.91,17.03,1.72,0.0
20230908:0810,249.26,325.41,21.91,18.66,1.45,0.0
20230908:0910,437.62,556.7,32.43,20.9,1.38,0.0
20230908:1010,574.9,737.66,41.87,22.02,2.0,0.0
20230908:1110,603.9,778.54,49.27,22.94,2.55,0.0
20230908:1210,596.83,767.76,53.23,23.35,3.03,0.0
20230908:1310,682.63,883.63,52.6,22.86,3.03,0.0
20230908:1410,444.58,566.4,47.57,22.89,2.55,0.0
20230908:1510,582.73,739.8,39.51,22.03,2.9,0.0
20230908:1610,411.87,521.33,29.71,20.84,1.86,0.0
20230908:1710,221.81,298.53,19.01,20.79,0.83,0.0
20230908:1810,28.92,53.74,7.95,20.42,1.03,0.0
20230908:1910,0.0,0.0,0.0,20.67,1.66,0.0
20230908:2010,0.0,0.0,0.0,19.79,1.86,0.0
20230908:2110,0.0,0.0,0.0,19.16,2.21,0.0
20230908:2210,0.0,0.0,0.0,18.74,2.07,0.0
20230908:2310,0.0,0.0,0.0,18.52,1.52,0.0
20230909:0010,0.0,0.0,0.0,18.19,1.72,0.0
20230909:0110,0.0,0.0,0.0,18.06,2.41,0.0
20230909:0210,0.0,0.0,0.0,18.13,3.17,0.0
20230909:0310,0.0,0.0,0.0,18.18,3.38,0.0
20230909:0410,0.0,0.0,0.0,18.17,3.24,0.0
20230909:0510,0.0,0.0,0.0,18.2,3.1,0.0
20230909:0610,0.0,0.0,0.0,18.31,3.79,0.0
20230909:0710,48.78,79.87,10.72,17.68,1.79,0.0
20230909:0810,141.38,188.51,21.72,18.71,2.28,0.0
20230909:0910,218.76,279.11,32.22,19.78,3.38,0.0
20230909:1010,190.81,246.31,41.62,20.28,4.41,0.0
20230909:1110,37.59,61.84,48.96,20.54,4.83,0.0
20230909:1210,429.23,530.54,52.87,19.97,5.66,0.0
20230909:1310,632.55,790.42,52.21,20.71,5.1,0.0
20230909:1410,407.05,504.38,47.2,20.05,4.9,0.0
20230909:1510,215.43,274.77,39.16,19.76,4.21,0.0
20230909:1610,338.7,423.11,29.37,19.91,3.45,0.0
20230909:1710,116.98,159.93,18.69,19.36,3.24,0.0
20230909:1810,35.52,67.6,7.63,18.91,3.31,0.0
20230909:1910,0.0,0.0,0.0,18.98,3.1,0.0
20230909:2010,0.0,0.0,0.0,18.64,2.69,0.0
20230909:2110,0.0,0.0,0.0,18.57,2.97,0.0
20230909:2210,0.0,0.0,0.0,18.39,3.24,0.0
20230909:2310,0.0,0.0,0.0,18.24,3.31,0.0
20230910:0010,0.0,0.0,0.0,18.07,3.1,0.0
20230910:0110,0.0,0.0,0.0,17.85,2.97,0.0
20230910:0210,0.0,0.0,0.0,17.72,2.9,0.0
20230910:0310,0.0,0.0,0.0,17.46,2.69,0.0
20230910:0410,0.0,0.0,0.0,17.25,2.48,0.0
20230910:0510,0.0,0.0,0.0,16.97,2.34,0.0
20230910:0610,0.0,0.0,0.0,16.66,2.14,0.0
20230910:0710,67.29,119.06,10.54,16.09,1.86,0.0
20230910:0810,255.7,331.05,21.52,17.19,1.59,0.0
20230910:0910,451.36,569.73,32.0,19.08,1.31,0.0
20230910:1010,581.53,749.94,41.36,20.7,1.24,0.0
20230910:1110,677.94,880.76,48.65,21.72,2.14,0.0
20230910:1210,586.89,753.14,52.51,22.04,2.55,0.0
20230910:1310,647.02,832.76,51.82,22.07,2.83,0.0
20230910:1410,629.99,806.2,46.82,21.65,2.76,0.0
20230910:1510,431.05,544.32,38.8,21.33,2.28,0.0
20230910:1610,363.27,459.94,29.04,21.02,1.93,0.0
20230910:1710,93.01,131.58,18.36,20.61,1.24,0.0
20230910:1810,9.3,23.08,7.31,20.2,0.9,0.0
20230910:1910,0.0,0.0,0.0,19.98,0.83,0.0
20230910:2010,0.0,0.0,0.0,19.13,0.48,0.0
20230910:2110,0.0,0.0,0.0,19.03,0.48,0.0
20230910:2210,0.0,0.0,0.0,18.7,0.14,0.0
20230910:2310,0.0,0.0,0.0,17.58,0.83,0.0
20230911:0010,0.0,0.0,0.0,17.6,0.83,0.0
20230911:0110,0.0,0.0,0.0,17.88,0.14,0.0
20230911:0210,0.0,0.0,0.0,17.59,0.07,0.0
20230911:0310,0.0,0.0,0.0,17.21,0.14,0.0
20230911:0410,0.0,0.0,0.0,16.91,0.41,0.0
20230911:0510,0.0,0.0,0.0,15.97,1.03,0.0
20230911:0610,0.0,0.0,0.0,16.08,1.24,0.0
20230911:0710,64.82,113.59,10.35,16.1,1.17,0.0
20230911:0810,249.05,324.74,21.33,17.76,0.83,0.0
20230911:0910,268.63,341.16,31.78,18.75,0.9,0.0
20230911:1010,517.33,658.03,41.1,19.74,1.38,0.0
20230911:1110,607.23,778.47,48.34,20.45,2.0,0.0
20230911:1210,659.11,845.38,52.14,20.96,2.76,0.0
20230911:1310,732.83,942.35,51.43,21.25,3.31,0.0
20230911:1410,655.28,831.41,46.44,20.47,3.17,0.0
20230911:1510,427.38,536.69,38.44,20.47,2.41,0.0
20230911:1610,378.88,476.34,28.7,20.35,2.41,0.0
20230911:1710,223.99,299.75,18.04,19.55,1.59,0.0
20230911:1810,23.56,45.88,6.99,19.11,0.69,0.0
20230911:1910,0.0,0.0,0.0,18.84,0.83,0.0
20230911:2010,0.0,0.0,0.0,18.42,0.14,0.0
20230911:2110,0.0,0.0,0.0,18.12,0.34,0.0
20230911:2210,0.0,0.0,0.0,17.78,0.62,0.0
20230911:2310,0.0,0.0,0.0,17.03,0.97,0.0
20230912:0010,0.0,0.0,0.0,16.42,1.03,0.0
20230912:0110,0.0,0.0,0.0,16.59,0.9,0.0
20230912:0210,0.0,0.0,0.0,16.73,0.83,0.0
20230912:0310,0.0,0.0,0.0,15.76,0.97,0.0
20230912:0410,0.0,0.0,0.0,14.93,1.17,0.0
20230912:0510,0.0,0.0,0.0,14.56,1.38,0.0
20230912:0610,0.0,0.0,0.0,14.76,1.59,0.0
20230912:0710,65.81,115.34,10.17,15.27,1.45,0.0
20230912:0810,265.9,342.53,21.13,16.32,1.66,0.0
20230912:0910,462.43,577.58,31.56,17.81,1.72,0.0
20230912:1010,608.03,772.45,40.84,19.52,2.0,0.0
20230912:1110,709.13,919.22,48.02,20.77,2.21,0.0
20230912:1210,734.9,964.08,51.77,21.78,2.21,0.0
20230912:1310,744.01,976.62,51.04,22.57,2.48,0.0
20230912:1410,693.19,897.65,46.06,22.82,2.83,0.0
20230912:1510,584.63,743.04,38.08,22.96,3.24,0.0
20230912:1610,426.43,538.68,28.36,22.88,3.52,0.0
20230912:1710,220.91,298.21,17.71,22.67,3.52,0.0
20230912:1810,32.28,67.54,6.66,22.11,3.52,0.0
20230912:1910,0.0,0.0,0.0,21.03,3.45,0.0
20230912:2010,0.0,0.0,0.0,20.24,3.66,0.0
20230912:2110,0.0,0.0,0.0,19.64,3.79,0.0
20230912:2210,0.0,0.0,0.0,19.04,3.72,0.0
20230912:2310,0.0,0.0,0.0,18.5,3.66,0.0
20230913:0010,0.0,0.0,0.0,17.99,3.45,0.0
20230913:0110,0.0,0.0,0.0,17.51,3.24,0.0
20230913:0210,0.0,0.0,0.0,17.05,3.1,0.0
20230913:0310,0.0,0.0,0.0,16.6,3.17,0.0
20230913:0410,0.0,0.0,0.0,16.28,3.17,0.0
20230913:0510,0.0,0.0,0.0,15.99,3.24,0.0
20230913:0610,0.0,0.0,0.0,15.79,3.24,0.0
20230913:0710,65.95,116.27,9.98,16.02,3.03,0.0
20230913:0810,274.12,352.66,20.93,17.57,2.97,0.0
20230913:0910,473.01,589.9,31.34,19.65,2.97,0.0
20230913:1010,621.64,792.48,40.58,21.38,2.62,0.0
20230913:1110,710.87,930.64,47.7,22.86,2.34,0.0
20230913:1210,732.74,974.2,51.4,23.95,2.14,0.0
20230913:1310,738.35,987.01,50.65,24.6,2.07,0.0
20230913:1410,690.03,912.56,45.67,24.97,2.21,0.0
20230913:1510,583.05,755.01,37.72,25.08,2.55,0.0
20230913:1610,424.11,543.17,28.02,25.06,3.1,0.0
20230913:1710,216.72,296.09,17.38,24.79,3.31,0.0
20230913:1810,31.33,69.14,6.34,23.99,3.52,0.0
20230913:1910,0.0,0.0,0.0,22.73,3.79,0.0
20230913:2010,0.0,0.0,0.0,21.68,4.0,0.0
20230913:2110,0.0,0.0,0.0,20.85,3.86,0.0
20230913:2210,0.0,0.0,0.0,20.0,3.45,0.0
20230913:2310,0.0,0.0,0.0,19.12,3.24,0.0
20230914:0010,0.0,0.0,0.0,18.34,3.1,0.0
20230914:0110,0.0,0.0,0.0,17.74,3.03,0.0
20230914:0210,0.0,0.0,0.0,17.25,3.03,0.0
20230914:0310,0.0,0.0,0.0,16.87,3.03,0.0
20230914:0410,0.0,0.0,0.0,16.61,2.97,0.0
20230914:0510,0.0,0.0,0.0,16.42,2.97,0.0
20230914:0610,0.0,0.0,0.0,16.19,2.9,0.0
20230914:0710,65.98,116.23,9.79,16.33,2.48,0.0
20230914:0810,271.7,352.35,20.73,18.49,2.14,0.0
20230914:0910,462.91,588.68,31.11,21.5,1.79,0.0
20230914:1010,596.6,785.46,40.31,23.66,1.1,0.0
20230914:1110,676.02,928.1,47.38,24.88,0.41,0.0
20230914:1210,718.58,984.16,51.03,25.38,1.03,0.0
20230914:1310,734.23,990.51,50.25,25.34,1.79,0.0
20230914:1410,692.26,914.71,45.29,25.14,2.34,0.0
20230914:1510,585.87,756.96,37.36,24.73,2.62,0.0
20230914:1610,422.33,542.21,27.67,24.24,2.28,0.0
20230914:1710,214.78,294.38,17.05,23.68,1.59,0.0
20230914:1810,27.32,60.44,6.01,23.06,0.83,0.0
20230914:1910,0.0,0.0,0.0,22.01,0.9,0.0
20230914:2010,0.0,0.0,0.0,21.62,0.48,0.0
20230914:2110,0.0,0.0,0.0,20.93,0.97,0.0
20230914:2210,0.0,0.0,0.0,19.89,1.17,0.0
20230914:2310,0.0,0.0,0.0,20.49,0.83,0.0
20230915:0010,0.0,0.0,0.0,20.0,0.34,0.0
20230915:0110,0.0,0.0,0.0,19.52,0.28,0.0
20230915:0210,0.0,0.0,0.0,19.32,0.41,0.0
20230915:0310,0.0,0.0,0.0,19.08,0.62,0.0
20230915:0410,0.0,0.0,0.0,18.79,0.62,0.0
20230915:0510,0.0,0.0,0.0,18.62,0.69,0.0
20230915:0610,0.0,0.0,0.0,18.53,0.76,0.0
20230915:0710,58.57,100.94,9.6,17.55,1.31,0.0
20230915:0810,185.96,245.22,20.53,19.64,1.52,0.0
20230915:0910,371.08,468.1,30.88,20.54,1.93,0.0
20230915:1010,363.69,457.82,40.04,21.12,2.76,0.0
20230915:1110,639.19,809.89,47.06,21.18,3.59,0.0
20230915:1210,627.57,798.1,50.66,20.9,3.17,0.0
20230915:1310,751.84,975.23,49.86,20.77,2.69,0.0
20230915:1410,680.94,875.34,44.9,21.15,2.62,0.0
20230915:1510,470.22,591.78,37.0,21.22,2.69,0.0
20230915:1610,399.66,503.89,27.33,20.78,2.34,0.0
20230915:1710,57.33,86.77,16.72,20.06,2.62,0.0
20230915:1810,1.42,9.23,5.69,19.18,2.28,0.0
20230915:1910,0.0,0.0,0.0,18.68,1.59,0.0
20230915:2010,0.0,0.0,0.0,18.18,1.66,0.0
20230915:2110,0.0,0.0,0.0,17.94,2.0,0.0
20230915:2210,0.0,0.0,0.0,17.73,2.41,0.0
20230915:2310,0.0,0.0,0.0,17.78,2.83,0.0
20230916:0010,0.0,0.0,0.0,17.85,3.17,0.0
20230916:0110,0.0,0.0,0.0,17.82,3.79,0.0
20230916:0210,0.0,0.0,0.0,17.65,4.41,0.0
20230916:0310,0.0,0.0,0.0,17.48,4.41,0.0
20230916:0410,0.0,0.0,0.0,17.33,4.55,0.0
20230916:0510,0.0,0.0,0.0,17.07,4.9,0.0
20230916:0610,0.0,0.0,0.0,17.17,5.03,0.0
20230916:0710,58.45,100.31,9.41,17.26,5.24,0.0
20230916:0810,165.42,215.81,20.33,17.79,4.97,0.0
20230916:0910,320.37,394.32,30.66,18.24,5.59,0.0
20230916:1010,512.05,624.52,39.77,18.83,6.21,0.0
20230916:1110,485.04,595.69,46.74,19.45,5.93,0.0
20230916:1210,523.97,646.88,50.28,19.76,5.52,0.0
20230916:1310,550.97,681.96,49.46,19.78,5.17,0.0
20230916:1410,52.59,80.31,44.52,19.21,5.31,0.0
20230916:1510,386.41,478.16,36.63,19.56,4.14,0.0
20230916:1610,108.1,147.41,26.98,19.38,4.21,0.0
20230916:1710,143.8,193.74,16.38,18.72,4.69,0.0
20230916:1810,16.75,37.65,5.36,18.65,4.41,0.0
20230916:1910,0.0,0.0,0.0,18.08,3.79,0.0
20230916:2010,0.0,0.0,0.0,17.49,3.93,0.0
20230916:2110,0.0,0.0,0.0,17.16,4.07,0.0
20230916:2210,0.0,0.0,0.0,16.84,4.14,0.0
20230916:2310,0.0,0.0,0.0,16.67,4.48,0.0
20230917:0010,0.0,0.0,0.0,16.51,4.9,0.0
20230917:0110,0.0,0.0,0.0,16.53,5.1,0.0
20230917:0210,0.0,0.0,0.0,16.52,5.31,0.0
20230917:0310,0.0,0.0,0.0,16.52,4.97,0.0
20230917:0410,0.0,0.0,0.0,16.41,5.31,0.0
20230917:0510,0.0,0.0,0.0,16.36,5.38,0.0
20230917:0610,0.0,0.0,0.0,16.57,6.07,0.0
20230917:0710,64.81,114.07,9.22,16.52,7.66,0.0
20230917:0810,240.18,304.15,20.13,16.79,8.14,0.0
20230917:0910,60.86,89.54,30.43,17.07,8.41,0.0
20230917:1010,53.88,81.23,39.5,17.6,9.03,0.0
20230917:1110,162.47,209.53,46.41,18.08,9.24,0.0
20230917:1210,249.94,310.06,49.91,17.57,9.79,0.0
20230917:1310,236.16,293.63,49.06,17.16,9.66,0.0
20230917:1410,121.45,161.53,44.13,17.79,8.83,0.0
20230917:1510,225.38,281.63,36.27,17.99,8.97,0.0
20230917:1610,264.09,325.85,26.64,17.62,8.28,0.0
20230917:1710,104.21,143.31,16.05,17.67,7.59,0.0
20230917:1810,15.34,35.09,5.03,16.98,7.79,0.0
20230917:1910,0.0,0.0,0.0,16.79,7.17,0.0
20230917:2010,0.0,0.0,0.0,16.53,6.9,0.0
20230917:2110,0.0,0.0,0.0,16.26,6.69,0.0
20230917:2210,0.0,0.0,0.0,16.33,7.03,0.0
20230917:2310,0.0,0.0,0.0,16.32,7.31,0.0
20230918:0010,0.0,0.0,0.0,16.22,7.24,0.0
20230918:0110,0.0,0.0,0.0,16.03,6.62,0.0
20230918:0210,0.0,0.0,0.0,15.77,5.86,0.0
20230918:0310,0.0,0.0,0.0,15.88,4.55,0.0
20230918:0410,0.0,0.0,0.0,15.7,3.1,0.0
20230918:0510,0.0,0.0,0.0,15.83,2.07,0.0
20230918:0610,0.0,0.0,0.0,15.77,1.79,0.0
20230918:0710,23.95,43.61,9.03,16.14,2.07,0.0
20230918:0810,174.46,226.98,19.92,16.66,2.41,0.0
20230918:0910,201.66,256.05,30.19,17.16,2.83,0.0
20230918:1010,606.83,753.95,39.23,17.73,3.1,0.0
20230918:1110,408.28,506.97,46.08,18.67,3.17,0.0
20230918:1210,441.48,550.14,49.53,19.25,3.24,0.0
20230918:1310,321.98,403.59,48.67,19.51,3.24,0.0
20230918:1410,525.23,656.46,43.74,19.62,3.17,0.0
20230918:1510,522.72,652.91,35.9,19.67,2.9,0.0
20230918:1610,397.14,496.27,26.29,19.33,2.62,0.0
20230918:1710,181.5,244.17,15.72,18.59,2.14,0.0
20230918:1810,16.2,40.43,4.7,18.24,1.24,0.0
20230918:1910,0.0,0.0,0.0,17.42,1.1,0.0
20230918:2010,0.0,0.0,0.0,16.58,0.97,0.0
20230918:2110,0.0,0.0,0.0,16.23,0.9,0.0
20230918:2210,0.0,0.0,0.0,15.87,1.03,0.0
20230918:2310,0.0,0.0,0.0,15.28,1.31,0.0
20230919:0010,0.0,0.0,0.0,14.99,1.31,0.0
20230919:0110,0.0,0.0,0.0,14.73,1.31,0.0
20230919:0210,0.0,0.0,0.0,14.65,1.31,0.0
20230919:0310,0.0,0.0,0.0,14.48,1.31,0.0
20230919:0410,0.0,0.0,0.0,14.01,1.38,0.0
20230919:0510,0.0,0.0,0.0,13.66,1.38,0.0
20230919:0610,0.0,0.0,0.0,13.39,1.45,0.0
20230919:0710,55.16,93.39,8.84,13.4,1.17,0.0
20230919:0810,155.18,202.68,19.72,14.74,1.03,0.0
20230919:0910,332.72,415.24,29.96,16.11,0.76,0.0
20230919:1010,561.74,720.32,38.95,17.22,0.41,0.0
20230919:1110,632.5,823.79,45.75,18.41,0.69,0.0
20230919:1210,681.17,891.53,49.15,19.3,1.17,0.0
20230919:1310,723.82,945.44,48.27,19.73,1.72,0.0
20230919:1410,660.36,846.29,43.35,19.76,2.14,0.0
20230919:1510,579.87,731.36,35.53,19.82,2.41,0.0
20230919:1610,424.71,531.26,25.94,19.53,2.69,0.0
20230919:1710,202.68,272.83,15.38,18.97,2.55,0.0
20230919:1810,14.89,39.72,4.37,18.18,1.52,0.0
20230919:1910,0.0,0.0,0.0,17.4,0.97,0.0
20230919:2010,0.0,0.0,0.0,16.37,0.83,0.0
20230919:2110,0.0,0.0,0.0,16.6,0.69,0.0
20230919:2210,0.0,0.0,0.0,14.05,1.72,0.0
20230919:2310,0.0,0.0,0.0,13.57,1.86,0.0
20230920:0010,0.0,0.0,0.0,13.57,2.21,0.0
20230920:0110,0.0,0.0,0.0,13.82,2.48,0.0
20230920:0210,0.0,0.0,0.0,14.28,2.69,0.0
20230920:0310,0.0,0.0,0.0,14.55,3.03,0.0
20230920:0410,0.0,0.0,0.0,14.71,3.17,0.0
20230920:0510,0.0,0.0,0.0,15.05,3.1,0.0
20230920:0610,0.0,0.0,0.0,15.29,3.31,0.0
20230920:0710,43.96,74.95,8.64,15.83,3.45,0.0
20230920:0810,74.24,105.69,19.51,16.44,4.14,0.0
20230920:0910,348.96,426.61,29.73,17.11,4.9,0.0
20230920:1010,629.43,767.8,38.68,17.62,5.45,0.0
20230920:1110,652.76,800.81,45.42,18.6,6.14,0.0
20230920:1210,569.79,698.01,48.77,19.16,6.62,0.0
20230920:1310,719.36,886.3,47.87,19.38,6.97,0.0
20230920:1410,345.78,425.56,42.96,19.47,7.24,0.0
20230920:1510,83.92,118.15,35.16,19.12,7.24,0.0
20230920:1610,57.21,85.84,25.6,19.06,7.52,0.0
20230920:1710,56.25,84.83,15.05,18.72,7.31,0.0
20230920:1810,9.15,25.49,4.04,18.38,7.24,0.0
20230920:1910,0.0,0.0,0.0,17.87,7.31,0.0
20230920:2010,0.0,0.0,0.0,17.83,7.59,0.0
20230920:2110,0.0,0.0,0.0,17.75,7.93,0.0
20230920:2210,0.0,0.0,0.0,17.84,8.69,0.0
20230920:2310,0.0,0.0,0.0,17.72,8.48,0.0
20230921:0010,0.0,0.0,0.0,17.56,6.41,0.0
20230921:0110,0.0,0.0,0.0,17.21,4.41,0.0
20230921:0210,0.0,0.0,0.0,16.65,2.55,0.0
20230921:0310,0.0,0.0,0.0,16.39,2.07,0.0
20230921:0410,0.0,0.0,0.0,16.23,2.76,0.0
20230921:0510,0.0,0.0,0.0,15.85,3.79,0.0
20230921:0610,0.0,0.0,0.0,15.4,4.14,0.0
20230921:0710,28.33,50.3,8.45,15.52,3.17,0.0
20230921:0810,85.68,119.27,19.3,15.98,3.52,0.0
20230921:0910,194.42,245.92,29.49,16.33,3.86,0.0
20230921:1010,317.59,389.06,38.4,16.51,4.83,0.0
20230921:1110,328.39,403.32,45.09,16.98,4.97,0.0
20230921:1210,607.51,744.26,48.4,17.42,5.31,0.0
20230921:1310,501.93,611.95,47.47,17.44,5.52,0.0
20230921:1410,92.2,127.38,42.57,17.59,5.38,0.0
20230921:1510,401.58,487.4,34.8,17.12,5.66,0.0
20230921:1610,358.75,438.06,25.25,16.98,5.45,0.0
20230921:1710,128.72,174.3,14.71,16.6,4.9,0.0
20230921:1810,0.64,7.38,3.71,16.2,4.41,0.0
20230921:1910,0.0,0.0,0.0,16.09,3.59,0.0
20230921:2010,0.0,0.0,0.0,15.67,3.03,0.0
20230921:2110,0.0,0.0,0.0,15.32,2.97,0.0
20230921:2210,0.0,0.0,0.0,14.96,2.9,0.0
20230921:2310,0.0,0.0,0.0,14.99,3.03,0.0
20230922:0010,0.0,0.0,0.0,14.83,2.55,0.0
20230922:0110,0.0,0.0,0.0,14.65,2.34,0.0
20230922:0210,0.0,0.0,0.0,14.51,2.14,0.0
20230922:0310,0.0,0.0,0.0,13.95,1.59,0.0
20230922:0410,0.0,0.0,0.0,13.93,1.38,0.0
20230922:0510,0.0,0.0,0.0,13.75,1.59,0.0
20230922:0610,0.0,0.0,0.0,13.7,1.52,0.0
20230922:0710,59.92,104.7,8.25,13.7,1.38,0.0
20230922:0810,276.04,352.94,19.09,15.72,1.86,0.0
20230922:0910,198.5,251.29,29.25,16.22,2.76,0.0
20230922:1010,424.21,520.66,38.12,16.83,3.17,0.0
20230922:1110,633.68,789.76,44.76,17.37,3.24,0.0
20230922:1210,554.5,687.36,48.02,17.85,3.59,0.0
20230922:1310,644.74,805.14,47.07,17.99,3.59,0.0
20230922:1410,596.71,742.15,42.18,18.19,3.45,0.0
20230922:1510,548.5,678.9,34.43,18.27,3.31,0.0
20230922:1610,404.48,499.6,24.9,18.12,3.66,0.0
20230922:1710,192.38,258.21,14.38,17.68,3.24,0.0
20230922:1810,8.03,24.99,3.38,17.08,2.07,0.0
20230922:1910,0.0,0.0,0.0,16.16,0.97,0.0
20230922:2010,0.0,0.0,0.0,16.1,0.41,0.0
20230922:2110,0.0,0.0,0.0,15.81,0.21,0.0
20230922:2210,0.0,0.0,0.0,15.42,0.48,0.0
20230922:2310,0.0,0.0,0.0,15.08,0.83,0.0
20230923:0010,0.0,0.0,0.0,14.7,0.97,0.0
20230923:0110,0.0,0.0,0.0,13.47,1.1,0.0
20230923:0210,0.0,0.0,0.0,12.25,1.31,0.0
20230923:0310,0.0,0.0,0.0,11.45,1.38,0.0
20230923:0410,0.0,0.0,0.0,11.24,1.45,0.0
20230923:0510,0.0,0.0,0.0,11.48,1.79,0.0
20230923:0610,0.0,0.0,0.0,11.86,2.14,0.0
20230923:0710,60.34,104.46,8.05,11.84,2.21,0.0
20230923:0810,278.37,349.4,18.88,12.45,2.34,0.0
20230923:0910,481.02,587.66,29.01,14.04,2.14,0.0
20230923:1010,610.84,766.4,37.83,16.4,1.79,0.0
20230923:1110,496.76,624.42,44.42,17.8,1.59,0.0
20230923:1210,632.93,813.08,47.63,18.7,1.59,0.0
20230923:1310,706.18,913.81,46.67,19.21,1.93,0.0
20230923:1410,665.37,852.81,41.79,19.46,2.07,0.0
20230923:1510,573.0,723.39,34.06,19.47,2.14,0.0
20230923:1610,406.83,510.86,24.55,19.27,2.07,0.0
20230923:1710,189.43,257.42,14.04,18.73,1.86,0.0
20230923:1810,6.98,23.79,3.05,17.98,1.24,0.0
20230923:1910,0.0,0.0,0.0,16.73,0.69,0.0
20230923:2010,0.0,0.0,0.0,16.52,0.76,0.0
20230923:2110,0.0,0.0,0.0,14.86,1.24,0.0
20230923:2210,0.0,0.0,0.0,13.79,1.52,0.0
20230923:2310,0.0,0.0,0.0,13.12,1.59,0.0
20230924:0010,0.0,0.0,0.0,12.69,1.52,0.0
20230924:0110,0.0,0.0,0.0,12.49,1.45,0.0
20230924:0210,0.0,0.0,0.0,12.19,1.45,0.0
20230924:0310,0.0,0.0,0.0,11.41,1.59,0.0
20230924:0410,0.0,0.0,0.0,10.35,1.66,0.0
20230924:0510,0.0,0.0,0.0,10.66,1.86,0.0
20230924:0610,0.0,0.0,0.0,11.18,2.0,0.0
20230924:0710,61.03,105.62,7.86,11.57,1.93,0.0
20230924:0810,273.99,348.18,18.67,14.42,1.79,0.0
20230924:0910,469.24,583.06,28.77,17.05,1.86,0.0
20230924:1010,628.26,795.1,37.55,19.0,2.28,0.0
20230924:1110,706.05,903.72,44.09,20.27,2.9,0.0
20230924:1210,753.15,968.88,47.25,21.09,3.45,0.0
20230924:1310,769.97,990.6,46.27,21.33,3.66,0.0
20230924:1410,703.84,897.33,41.4,21.28,3.52,0.0
20230924:1510,564.15,710.09,33.69,21.08,3.1,0.0
20230924:1610,403.49,508.45,24.2,20.74,2.55,0.0
20230924:1710,183.52,251.85,13.71,20.3,1.86,0.0
20230924:1810,5.52,20.96,2.72,19.49,1.17,0.0
20230924:1910,0.0,0.0,0.0,18.05,0.69,0.0
20230924:2010,0.0,0.0,0.0,18.03,0.55,0.0
20230924:2110,0.0,0.0,0.0,16.4,1.31,0.0
20230924:2210,0.0,0.0,0.0,15.79,1.52,0.0
20230924:2310,0.0,0.0,0.0,15.49,1.52,0.0
20230925:0010,0.0,0.0,0.0,15.3,1.59,0.0
20230925:0110,0.0,0.0,0.0,14.86,1.72,0.0
20230925:0210,0.0,0.0,0.0,14.49,1.79,0.0
20230925:0310,0.0,0.0,0.0,14.08,1.79,0.0
20230925:0410,0.0,0.0,0.0,13.63,1.72,0.0
20230925:0510,0.0,0.0,0.0,13.45,1.66,0.0
20230925:0610,0.0,0.0,0.0,13.09,1.72,0.0
20230925:0710,55.96,98.67,7.66,13.3,1.52,0.0
20230925:0810,261.79,337.47,18.45,16.51,1.17,0.0
20230925:0910,449.43,569.45,28.53,19.25,0.97,0.0
20230925:1010,589.07,772.67,37.26,20.76,0.41,0.0
20230925:1110,663.71,885.26,43.75,21.78,0.69,0.0
20230925:1210,722.13,956.46,46.87,22.36,1.72,0.0
20230925:1310,730.47,957.12,45.87,22.53,2.41,0.0
20230925:1410,686.52,887.19,41.01,22.38,2.69,0.0
20230925:1510,557.68,707.43,33.32,22.06,2.69,0.0
20230925:1610,388.1,491.13,23.85,21.58,2.48,0.0
20230925:1710,172.58,238.42,13.37,20.92,2.14,0.0
20230925:1810,4.13,17.94,2.39,20.03,1.72,0.0
20230925:1910,0.0,0.0,0.0,18.94,1.79,0.0
20230925:2010,0.0,0.0,0.0,17.94,1.79,0.0
20230925:2110,0.0,0.0,0.0,17.38,1.86,0.0
20230925:2210,0.0,0.0,0.0,16.98,1.45,0.0
20230925:2310,0.0,0.0,0.0,16.81,0.97,0.0
20230926:0010,0.0,0.0,0.0,17.21,0.62,0.0
20230926:0110,0.0,0.0,0.0,17.07,0.48,0.0
20230926:0210,0.0,0.0,0.0,16.9,0.41,0.0
20230926:0310,0.0,0.0,0.0,16.49,0.83,0.0
20230926:0410,0.0,0.0,0.0,16.11,1.31,0.0
20230926:0510,0.0,0.0,0.0,16.41,1.66,0.0
20230926:0610,0.0,0.0,0.0,16.58,1.86,0.0
20230926:0710,52.04,92.5,7.46,16.31,1.45,0.0
20230926:0810,162.23,212.94,18.23,16.95,1.66,0.0
20230926:0910,454.06,567.29,28.28,17.64,1.52,0.0
20230926:1010,597.4,763.34,36.98,18.82,1.31,0.0
20230926:1110,695.1,906.61,43.41,19.98,1.52,0.0
20230926:1210,733.62,964.87,46.49,20.91,1.79,0.0
20230926:1310,737.44,971.47,45.47,21.43,1.86,0.0
20230926:1410,673.72,871.0,40.62,21.77,2.34,0.0
20230926:1510,305.27,385.38,32.95,21.63,3.1,0.0
20230926:1610,146.89,195.08,23.5,21.16,3.03,0.0
20230926:1710,164.49,226.86,13.04,20.47,2.83,0.0
20230926:1810,1.41,9.23,2.07,19.48,2.14,0.0
20230926:1910,0.0,0.0,0.0,18.39,1.52,0.0
20230926:2010,0.0,0.0,0.0,17.3,0.9,0.0
20230926:2110,0.0,0.0,0.0,17.6,0.55,0.0
20230926:2210,0.0,0.0,0.0,17.45,0.34,0.0
20230926:2310,0.0,0.0,0.0,17.33,0.14,0.0
20230927:0010,0.0,0.0,0.0,17.07,0.69,0.0
20230927:0110,0.0,0.0,0.0,15.43,1.38,0.0
20230927:0210,0.0,0.0,0.0,15.01,1.45,0.0
20230927:0310,0.0,0.0,0.0,14.09,1.86,0.0
20230927:0410,0.0,0.0,0.0,13.8,2.07,0.0
20230927:0510,0.0,0.0,0.0,13.7,2.0,0.0
20230927:0610,0.0,0.0,0.0,14.16,2.55,0.0
20230927:0710,56.9,101.51,7.26,14.98,2.76,0.0
20230927:0810,146.92,193.52,18.02,16.86,3.1,0.0
20230927:0910,269.64,336.76,28.03,18.81,3.93,0.0
20230927:1010,552.98,684.8,36.69,19.62,4.14,0.0
20230927:1110,506.84,628.84,43.07,20.24,4.48,0.0
20230927:1210,518.47,644.57,46.11,20.49,4.62,0.0
20230927:1310,554.59,691.59,45.07,20.87,4.62,0.0
20230927:1410,245.42,312.03,40.23,21.29,4.62,0.0
20230927:1510,224.77,286.88,32.58,21.31,4.48,0.0
20230927:1610,151.18,199.64,23.15,21.12,4.28,0.0
20230927:1710,66.73,99.63,12.7,20.61,3.66,0.0
20230927:1810,0.0,3.69,1.74,19.83,3.03,0.0
20230927:1910,0.0,0.0,0.0,18.9,2.83,0.0
20230927:2010,0.0,0.0,0.0,18.42,2.69,0.0
20230927:2110,0.0,0.0,0.0,17.99,2.69,0.0
20230927:2210,0.0,0.0,0.0,17.7,2.69,0.0
20230927:2310,0.0,0.0,0.0,17.47,2.76,0.0
20230928:0010,0.0,0.0,0.0,17.22,2.97,0.0
20230928:0110,0.0,0.0,0.0,16.99,2.9,0.0
20230928:0210,0.0,0.0,0.0,16.83,2.83,0.0
20230928:0310,0.0,0.0,0.0,16.79,2.9,0.0
20230928:0410,0.0,0.0,0.0,16.94,3.03,0.0
20230928:0510,0.0,0.0,0.0,17.04,3.24,0.0
20230928:0610,0.0,0.0,0.0,17.17,3.52,0.0
20230928:0710,38.3,69.07,7.05,17.03,3.72,0.0
20230928:0810,188.96,245.34,17.8,17.96,3.72,0.0
20230928:0910,237.43,298.94,27.79,19.08,4.14,0.0
20230928:1010,464.81,572.53,36.4,20.0,4.97,0.0
20230928:1110,252.64,319.05,42.73,20.55,5.45,0.0
20230928:1210,175.19,228.34,45.72,21.15,5.52,0.0
20230928:1310,165.06,216.63,44.67,21.49,5.52,0.0
20230928:1410,228.25,291.35,39.84,21.53,5.38,0.0
20230928:1510,221.43,282.71,32.21,21.4,4.83,0.0
20230928:1610,177.84,230.98,22.81,21.0,4.48,0.0
20230928:1710,137.2,191.32,12.37,20.48,3.72,0.0
20230928:1810,0.0,3.69,1.41,19.98,2.83,0.0
20230928:1910,0.0,0.0,0.0,19.5,2.83,0.0
20230928:2010,0.0,0.0,0.0,19.17,2.55,0.0
20230928:2110,0.0,0.0,0.0,19.03,2.41,0.0
20230928:2210,0.0,0.0,0.0,18.91,2.21,0.0
20230928:2310,0.0,0.0,0.0,18.69,1.79,0.0
20230929:0010,0.0,0.0,0.0,18.39,1.52,0.0
20230929:0110,0.0,0.0,0.0,18.3,1.66,0.0
20230929:0210,0.0,0.0,0.0,18.07,1.72,0.0
20230929:0310,0.0,0.0,0.0,17.77,1.66,0.0
20230929:0410,0.0,0.0,0.0,17.51,1.72,0.0
20230929:0510,0.0,0.0,0.0,17.3,1.79,0.0
20230929:0610,0.0,0.0,0.0,17.16,2.0,0.0
20230929:0710,49.67,89.51,6.85,16.78,2.14,0.0
20230929:0810,256.11,329.82,17.58,17.57,2.14,0.0
20230929:0910,449.2,562.91,27.54,19.23,1.93,0.0
20230929:1010,600.95,771.55,36.1,21.15,1.79,0.0
20230929:1110,678.74,895.64,42.39,22.86,1.59,0.0
20230929:1210,720.53,966.18,45.34,24.08,1.59,0.0
20230929:1310,719.64,957.06,44.27,24.87,2.21,0.0
20230929:1410,672.42,880.64,39.45,25.18,2.69,0.0
20230929:1510,546.82,703.35,31.85,25.19,2.83,0.0
20230929:1610,372.31,478.08,22.46,24.98,2.9,0.0
20230929:1710,157.06,222.63,12.04,24.42,2.83,0.0
20230929:1810,0.0,0.0,0.0,23.39,2.83,0.0
20230929:1910,0.0,0.0,0.0,21.84,2.0,0.0
20230929:2010,0.0,0.0,0.0,20.89,1.86,0.0
20230929:2110,0.0,0.0,0.0,19.7,1.86,0.0
20230929:2210,0.0,0.0,0.0,18.59,1.86,0.0
20230929:2310,0.0,0.0,0.0,17.65,2.0,0.0
20230930:0010,0.0,0.0,0.0,17.07,2.21,0.0
20230930:0110,0.0,0.0,0.0,16.84,2.34,0.0
20230930:0210,0.0,0.0,0.0,16.74,2.55,0.0
20230930:0310,0.0,0.0,0.0,16.62,2.62,0.0
20230930:0410,0.0,0.0,0.0,16.47,2.76,0.0
20230930:0510,0.0,0.0,0.0,16.28,2.9,0.0
20230930:0610,0.0,0.0,0.0,16.06,2.9,0.0
20230930:0710,49.53,89.49,6.65,16.16,2.83,0.0
20230930:0810,261.43,337.15,17.36,18.17,2.34,0.0
20230930:0910,452.04,575.52,27.29,22.21,1.86,0.0
20230930:1010,593.09,786.06,35.81,25.07,1.1,0.0
20230930:1110,650.81,906.85,42.05,26.67,0.07,0.0
20230930:1210,702.95,977.45,44.96,27.4,0.76,0.0
20230930:1310,698.92,961.02,43.88,27.58,1.17,0.0
20230930:1410,654.39,883.21,39.07,27.57,1.52,0.0
20230930:1510,535.7,704.35,31.48,26.7,1.59,0.0
20230930:1610,359.04,470.26,22.11,26.45,1.31,0.0
20230930:1710,142.86,206.52,11.71,25.79,0.69,0.0
20230930:1810,0.0,0.0,0.0,24.88,0.48,0.0
20230930:1910,0.0,0.0,0.0,24.99,0.69,0.0
20230930:2010,0.0,0.0,0.0,24.62,0.83,0.0
20230930:2110,0.0,0.0,0.0,23.98,1.1,0.0
20230930:2210,0.0,0.0,0.0,21.47,1.45,0.0
20230930:2310,0.0,0.0,0.0,19.01,1.72,0.0
20231001:0010,0.0,0.0,0.0,18.59,1.66,0.0
20231001:0110,0.0,0.0,0.0,18.56,1.52,0.0
20231001:0210,0.0,0.0,0.0,17.3,1.72,0.0
20231001:0310,0.0,0.0,0.0,17.28,2.14,0.0
20231001:0410,0.0,0.0,0.0,17.34,2.41,0.0
20231001:0510,0.0,0.0,0.0,17.6,2.55,0.0
20231001:0610,0.0,0.0,0.0,17.43,2.41,0.0
20231001:0710,40.9,74.83,6.44,16.72,1.93,0.0
20231001:0810,249.73,323.08,17.13,17.94,1.66,0.0
20231001:0910,439.37,559.92,27.03,21.08,1.17,0.0
20231001:1010,595.87,784.07,35.52,23.46,1.03,0.0
20231001:1110,665.14,878.81,41.71,24.59,1.93,0.0
20231001:1210,727.27,969.09,44.58,24.69,2.14,0.0
20231001:1310,713.32,952.61,43.48,25.13,2.0,0.0
20231001:1410,653.59,862.58,38.68,25.78,2.21,0.0
20231001:1510,521.2,673.15,31.12,25.83,2.55,0.0
20231001:1610,348.38,449.25,21.77,25.16,2.48,0.0
20231001:1710,128.93,185.42,11.38,24.1,1.93,0.0
20231001:1810,0.0,0.0,0.0,22.83,1.38,0.0
20231001:1910,0.0,0.0,0.0,21.54,0.69,0.0
20231001:2010,0.0,0.0,0.0,20.53,1.03,0.0
20231001:2110,0.0,0.0,0.0,19.87,1.17,0.0
20231001:2210,0.0,0.0,0.0,19.54,1.17,0.0
20231001:2310,0.0,0.0,0.0,19.48,1.17,0.0
20231002:0010,0.0,0.0,0.0,18.71,1.31,0.0
20231002:0110,0.0,0.0,0.0,17.65,1.52,0.0
20231002:0210,0.0,0.0,0.0,16.74,1.93,0.0
20231002:0310,0.0,0.0,0.0,16.24,2.34,0.0
20231002:0410,0.0,0.0,0.0,16.09,2.21,0.0
20231002:0510,0.0,0.0,0.0,16.08,1.79,0.0
20231002:0610,0.0,0.0,0.0,15.64,2.14,0.0
20231002:0710,46.61,85.31,6.23,15.92,2.28,0.0
20231002:0810,248.87,321.39,16.91,18.12,2.21,0.0
20231002:0910,335.19,418.71,26.78,19.86,2.9,0.0
20231002:1010,241.01,306.38,35.22,20.74,3.59,0.0
20231002:1110,389.84,487.14,41.36,21.4,4.21,0.0
20231002:1210,206.63,266.8,44.19,21.76,4.62,0.0
20231002:1310,362.09,454.17,43.08,22.04,4.55,0.0
20231002:1410,472.63,590.95,38.29,21.97,4.21,0.0
20231002:1510,430.79,537.58,30.75,21.94,4.07,0.0
20231002:1610,279.03,353.48,21.43,21.54,3.72,0.0
20231002:1710,70.52,105.62,11.05,20.91,3.24,0.0
20231002:1810,0.0,0.0,0.0,19.97,2.28,0.0
20231002:1910,0.0,0.0,0.0,19.21,1.45,0.0
20231002:2010,0.0,0.0,0.0,18.23,0.97,0.0
20231002:2110,0.0,0.0,0.0,18.44,0.34,0.0
20231002:2210,0.0,0.0,0.0,18.14,0.48,0.0
20231002:2310,0.0,0.0,0.0,16.84,1.45,0.0
20231003:0010,0.0,0.0,0.0,16.95,1.79,0.0
20231003:0110,0.0,0.0,0.0,17.39,1.86,0.0
20231003:0210,0.0,0.0,0.0,17.55,2.07,0.0
20231003:0310,0.0,0.0,0.0,17.69,2.34,0.0
20231003:0410,0.0,0.0,0.0,17.67,2.62,0.0
20231003:0510,0.0,0.0,0.0,17.48,2.97,0.0
20231003:0610,0.0,0.0,0.0,17.46,3.31,0.0
20231003:0710,20.99,42.0,6.03,17.87,3.17,0.0
20231003:0810,102.76,141.45,16.68,18.6,3.72,0.0
20231003:0910,314.86,390.98,26.52,19.59,4.34,0.0
20231003:1010,178.79,232.16,34.92,20.75,4.55,0.0
20231003:1110,546.61,685.65,41.02,21.97,4.28,0.0
20231003:1210,705.18,907.92,43.81,23.16,3.72,0.0
20231003:1310,720.27,933.35,42.69,23.87,3.59,0.0
20231003:1410,665.98,854.98,37.91,24.19,3.79,0.0
20231003:1510,529.74,670.96,30.39,24.38,3.93,0.0
20231003:1610,358.95,456.26,21.08,24.21,4.28,0.0
20231003:1710,120.72,173.73,10.72,23.41,4.62,0.0
20231003:1810,0.0,0.0,0.0,22.06,4.9,0.0
20231003:1910,0.0,0.0,0.0,20.54,4.76,0.0
20231003:2010,0.0,0.0,0.0,19.45,4.48,0.0
20231003:2110,0.0,0.0,0.0,18.55,4.07,0.0
20231003:2210,0.0,0.0,0.0,17.79,3.79,0.0
20231003:2310,0.0,0.0,0.0,17.11,3.31,0.0
20231004:0010,0.0,0.0,0.0,16.57,2.9,0.0
20231004:0110,0.0,0.0,0.0,16.04,2.62,0.0
20231004:0210,0.0,0.0,0.0,15.58,2.55,0.0
20231004:0310,0.0,0.0,0.0,15.29,2.62,0.0
20231004:0410,0.0,0.0,0.0,15.08,2.48,0.0
20231004:0510,0.0,0.0,0.0,14.85,2.41,0.0
20231004:0610,0.0,0.0,0.0,14.62,2.41,0.0
20231004:0710,41.89,76.9,5.82,14.26,2.07,0.0
20231004:0810,261.29,334.94,16.46,15.98,1.45,0.0
20231004:0910,447.37,570.01,26.27,19.43,0.62,0.0
20231004:1010,583.87,773.88,34.63,21.2,0.07,0.0
20231004:1110,680.35,911.96,40.67,22.29,0.76,0.0
20231004:1210,738.49,988.96,43.43,22.94,1.52,0.0
20231004:1310,726.07,963.96,42.29,23.18,1.86,0.0
20231004:1410,665.87,871.17,37.53,23.22,2.0,0.0
20231004:1510,537.59,689.8,30.03,23.04,2.0,0.0
20231004:1610,348.45,445.58,20.74,22.6,2.0,0.0
20231004:1710,126.1,180.92,10.39,21.83,1.66,0.0
20231004:1810,0.0,0.0,0.0,20.73,1.38,0.0
20231004:1910,0.0,0.0,0.0,19.06,0.9,0.0
20231004:2010,0.0,0.0,0.0,18.52,0.55,0.0
20231004:2110,0.0,0.0,0.0,18.24,0.21,0.0
20231004:2210,0.0,0.0,0.0,17.94,0.55,0.0
20231004:2310,0.0,0.0,0.0,17.58,0.76,0.0
20231005:0010,0.0,0.0,0.0,17.08,0.83,0.0
20231005:0110,0.0,0.0,0.0,15.77,1.1,0.0
20231005:0210,0.0,0.0,0.0,15.22,1.17,0.0
20231005:0310,0.0,0.0,0.0,15.22,1.03,0.0
20231005:0410,0.0,0.0,0.0,15.1,0.97,0.0
20231005:0510,0.0,0.0,0.0,14.62,1.1,0.0
20231005:0610,0.0,0.0,0.0,14.97,1.17,0.0
20231005:0710,33.06,63.83,5.61,14.94,1.03,0.0
20231005:0810,193.43,251.07,16.23,15.9,0.83,0.0
20231005:0910,356.14,445.76,26.01,17.26,0.83,0.0
20231005:1010,213.56,273.77,34.33,18.27,0.83,0.0
20231005:1110,485.75,620.72,40.33,19.68,0.9,0.0
20231005:1210,609.53,788.3,43.05,20.77,1.59,0.0
20231005:1310,715.41,930.78,41.9,21.4,2.34,0.0
20231005:1410,671.99,861.59,37.14,21.42,2.76,0.0
20231005:1510,521.46,657.65,29.67,21.0,2.48,0.0
20231005:1610,348.19,441.1,20.4,20.54,1.93,0.0
20231005:1710,123.12,175.99,10.07,20.02,1.45,0.0
20231005:1810,0.0,0.0,0.0,19.18,1.31,0.0
20231005:1910,0.0,0.0,0.0,17.63,1.24,0.0
20231005:2010,0.0,0.0,0.0,16.05,1.38,0.0
20231005:2110,0.0,0.0,0.0,15.39,1.45,0.0
20231005:2210,0.0,0.0,0.0,14.86,1.52,0.0
20231005:2310,0.0,0.0,0.0,14.35,1.59,0.0
20231006:0010,0.0,0.0,0.0,13.94,1.66,0.0
20231006:0110,0.0,0.0,0.0,13.55,1.72,0.0
20231006:0210,0.0,0.0,0.0,12.78,1.86,0.0
20231006:0310,0.0,0.0,0.0,11.98,2.0,0.0
20231006:0410,0.0,0.0,0.0,11.93,2.0,0.0
20231006:0510,0.0,0.0,0.0,12.27,2.14,0.0
20231006:0610,0.0,0.0,0.0,12.82,2.41,0.0
20231006:0710,37.43,71.33,5.4,13.06,2.83,0.0
20231006:0810,260.06,328.31,16.0,14.24,2.9,0.0
20231006:0910,465.55,571.92,25.75,16.54,2.76,0.0
20231006:1010,611.77,777.06,34.03,19.95,2.21,0.0
20231006:1110,674.09,893.83,39.98,23.09,1.38,0.0
20231006:1210,714.96,977.83,42.67,25.1,0.97,0.0
20231006:1310,703.9,958.7,41.51,26.06,1.24,0.0
20231006:1410,653.22,876.71,36.76,26.63,1.52,0.0
20231006:1510,519.89,681.79,29.31,26.89,1.72,0.0
20231006:1610,219.44,290.47,20.07,26.62,1.79,0.0
20231006:1710,16.91,35.08,9.75,26.29,1.86,0.0
20231006:1810,0.0,0.0,0.0,25.31,2.07,0.0
20231006:1910,0.0,0.0,0.0,22.98,2.14,0.0
20231006:2010,0.0,0.0,0.0,21.24,2.41,0.0
20231006:2110,0.0,0.0,0.0,20.0,2.62,0.0
20231006:2210,0.0,0.0,0.0,19.18,2.83,0.0
20231006:2310,0.0,0.0,0.0,18.72,2.97,0.0
20231007:0010,0.0,0.0,0.0,18.42,3.03,0.0
20231007:0110,0.0,0.0,0.0,18.17,3.17,0.0
20231007:0210,0.0,0.0,0.0,17.91,3.31,0.0
20231007:0310,0.0,0.0,0.0,17.68,3.45,0.0
20231007:0410,0.0,0.0,0.0,17.48,3.59,0.0
20231007:0510,0.0,0.0,0.0,17.3,3.72,0.0
20231007:0610,0.0,0.0,0.0,17.08,3.72,0.0
20231007:0710,30.82,60.79,5.19,16.61,3.45,0.0
20231007:0810,246.27,317.68,15.77,18.4,2.76,0.0
20231007:0910,438.35,556.39,25.49,22.09,2.0,0.0
20231007:1010,573.06,752.82,33.73,25.14,1.45,0.0
20231007:1110,667.59,895.99,39.64,26.48,1.66,0.0
20231007:1210,709.98,957.0,42.29,26.8,2.0,0.0
20231007:1310,700.08,943.94,41.12,26.81,1.86,0.0
20231007:1410,641.06,856.57,36.39,26.75,1.66,0.0
20231007:1510,510.24,669.25,28.95,26.47,1.45,0.0
20231007:1610,274.71,360.53,19.73,25.93,1.17,0.0
20231007:1710,110.78,164.46,9.43,25.01,0.9,0.0
20231007:1810,0.0,0.0,0.0,23.77,0.48,0.0
20231007:1910,0.0,0.0,0.0,23.11,0.48,0.0
20231007:2010,0.0,0.0,0.0,21.29,1.17,0.0
20231007:2110,0.0,0.0,0.0,19.38,1.86,0.0
20231007:2210,0.0,0.0,0.0,18.35,2.28,0.0
20231007:2310,0.0,0.0,0.0,17.89,2.41,0.0
20231008:0010,0.0,0.0,0.0,17.36,2.41,0.0
20231008:0110,0.0,0.0,0.0,16.82,2.41,0.0
20231008:0210,0.0,0.0,0.0,16.42,2.34,0.0
20231008:0310,0.0,0.0,0.0,16.19,2.34,0.0
20231008:0410,0.0,0.0,0.0,16.15,2.48,0.0
20231008:0510,0.0,0.0,0.0,16.22,2.55,0.0
20231008:0610,0.0,0.0,0.0,16.29,2.55,0.0
20231008:0710,27.84,56.01,4.97,15.94,2.34,0.0
20231008:0810,244.62,315.87,15.54,17.45,1.66,0.0
20231008:0910,426.41,545.77,25.23,22.14,1.17,0.0
20231008:1010,574.65,751.98,33.42,24.18,1.38,0.0
20231008:1110,663.22,879.81,39.29,24.77,1.72,0.0
20231008:1210,714.48,955.05,41.91,24.98,1.93,0.0
20231008:1310,701.53,935.47,40.73,25.04,1.93,0.0
20231008:1410,641.37,848.79,36.01,25.03,1.66,0.0
20231008:1510,506.66,660.34,28.6,24.98,1.31,0.0
20231008:1610,321.97,418.99,19.4,24.75,1.24,0.0
20231008:1710,103.11,153.29,9.11,23.89,1.45,0.0
20231008:1810,0.0,0.0,0.0,22.43,1.24,0.0
20231008:1910,0.0,0.0,0.0,20.91,0.97,0.0
20231008:2010,0.0,0.0,0.0,19.21,1.59,0.0
20231008:2110,0.0,0.0,0.0,18.31,1.79,0.0
20231008:2210,0.0,0.0,0.0,17.45,2.0,0.0
20231008:2310,0.0,0.0,0.0,16.65,2.21,0.0
20231009:0010,0.0,0.0,0.0,16.15,2.28,0.0
20231009:0110,0.0,0.0,0.0,15.72,2.21,0.0
20231009:0210,0.0,0.0,0.0,15.29,2.14,0.0
20231009:0310,0.0,0.0,0.0,14.86,2.14,0.0
20231009:0410,0.0,0.0,0.0,14.58,2.21,0.0
20231009:0510,0.0,0.0,0.0,14.46,2.34,0.0
20231009:0610,0.0,0.0,0.0,14.42,2.41,0.0
20231009:0710,26.1,53.21,4.76,14.59,2.76,0.0
20231009:0810,245.75,315.27,15.31,16.86,2.41,0.0
20231009:0910,435.85,552.16,24.96,21.32,1.79,0.0
20231009:1010,580.35,765.08,33.12,24.97,1.24,0.0
20231009:1110,644.31,888.54,38.95,26.67,0.34,0.0
20231009:1210,691.53,962.77,41.53,27.47,0.62,0.0
20231009:1310,686.39,943.07,40.34,27.69,1.1,0.0
20231009:1410,631.89,854.13,35.63,27.68,1.24,0.0
20231009:1510,508.03,670.98,28.24,27.46,1.31,0.0
20231009:1610,325.94,428.06,19.07,27.03,1.52,0.0
20231009:1710,102.77,154.5,8.8,26.06,1.86,0.0
20231009:1810,0.0,0.0,0.0,24.76,1.72,0.0
20231009:1910,0.0,0.0,0.0,22.68,1.52,0.0
20231009:2010,0.0,0.0,0.0,21.33,1.52,0.0
20231009:2110,0.0,0.0,0.0,20.48,1.52,0.0
20231009:2210,0.0,0.0,0.0,19.65,1.59,0.0
20231009:2310,0.0,0.0,0.0,18.28,1.86,0.0
20231010:0010,0.0,0.0,0.0,17.15,2.14,0.0
20231010:0110,0.0,0.0,0.0,16.46,2.21,0.0
20231010:0210,0.0,0.0,0.0,16.07,2.07,0.0
20231010:0310,0.0,0.0,0.0,15.78,2.0,0.0
20231010:0410,0.0,0.0,0.0,15.21,2.07,0.0
20231010:0510,0.0,0.0,0.0,14.65,2.28,0.0
20231010:0610,0.0,0.0,0.0,14.56,2.41,0.0
20231010:0710,26.18,53.65,4.55,14.54,2.62,0.0
20231010:0810,243.7,312.83,15.07,16.65,2.14,0.0
20231010:0910,435.56,553.65,24.7,21.3,1.45,0.0
20231010:1010,564.77,745.04,32.82,24.36,0.9,0.0
20231010:1110,645.73,886.07,38.6,25.78,0.34,0.0
20231010:1210,694.5,952.67,41.16,26.46,0.97,0.0
20231010:1310,689.9,939.58,39.96,26.64,1.24,0.0
20231010:1410,634.26,850.31,35.26,26.65,1.38,0.0
20231010:1510,503.46,660.3,27.89,26.44,1.38,0.0
20231010:1610,320.39,419.66,18.74,25.98,1.24,0.0
20231010:1710,96.53,146.15,8.48,25.19,0.83,0.0
20231010:1810,0.0,0.0,0.0,24.35,0.21,0.0
20231010:1910,0.0,0.0,0.0,22.99,0.48,0.0
20231010:2010,0.0,0.0,0.0,22.36,0.76,0.0
20231010:2110,0.0,0.0,0.0,21.62,1.03,0.0
20231010:2210,0.0,0.0,0.0,19.46,1.38,0.0
20231010:2310,0.0,0.0,0.0,17.97,1.72,0.0
20231011:0010,0.0,0.0,0.0,17.42,1.79,0.0
20231011:0110,0.0,0.0,0.0,17.55,1.59,0.0
20231011:0210,0.0,0.0,0.0,16.86,1.66,0.0
20231011:0310,0.0,0.0,0.0,15.6,2.07,0.0
20231011:0410,0.0,0.0,0.0,14.95,2.34,0.0
20231011:0510,0.0,0.0,0.0,15.1,2.07,0.0
20231011:0610,0.0,0.0,0.0,15.23,1.93,0.0
20231011:0710,22.78,48.21,4.33,14.47,2.14,0.0
20231011:0810,216.02,277.99,14.84,16.11,2.0,0.0
20231011:0910,430.31,545.08,24.44,21.14,1.66,0.0
20231011:1010,585.82,752.98,32.51,23.06,2.28,0.0
20231011:1110,674.73,873.92,38.26,23.48,2.9,0.0
20231011:1210,724.59,948.59,40.78,23.56,2.76,0.0
20231011:1310,711.09,933.94,39.57,23.85,2.48,0.0
20231011:1410,547.86,704.23,34.89,24.45,2.69,0.0
20231011:1510,188.33,247.94,27.55,24.58,2.83,0.0
20231011:1610,113.12,156.78,18.41,24.03,2.41,0.0
20231011:1710,106.9,158.87,8.17,22.95,2.0,0.0
20231011:1810,0.0,0.0,0.0,21.71,2.07,0.0
20231011:1910,0.0,0.0,0.0,20.83,2.07,0.0
20231011:2010,0.0,0.0,0.0,20.51,2.28,0.0
20231011:2110,0.0,0.0,0.0,20.36,3.17,0.0
20231011:2210,0.0,0.0,0.0,20.18,3.1,0.0
20231011:2310,0.0,0.0,0.0,19.73,2.34,0.0
20231012:0010,0.0,0.0,0.0,18.91,1.93,0.0
20231012:0110,0.0,0.0,0.0,17.79,1.79,0.0
20231012:0210,0.0,0.0,0.0,17.0,2.0,0.0
20231012:0310,0.0,0.0,0.0,16.6,2.28,0.0
20231012:0410,0.0,0.0,0.0,16.41,2.41,0.0
20231012:0510,0.0,0.0,0.0,16.26,2.41,0.0
20231012:0610,0.0,0.0,0.0,16.14,2.48,0.0
20231012:0710,1.9,10.15,4.12,16.33,2.83,0.0
20231012:0810,150.11,198.95,14.6,17.93,2.62,0.0
20231012:0910,157.55,207.33,24.17,20.95,2.83,0.0
20231012:1010,392.78,496.54,32.21,23.74,3.38,0.0
20231012:1110,438.68,555.84,37.91,25.2,4.55,0.0
20231012:1210,631.03,804.38,40.41,25.66,5.45,0.0
20231012:1310,405.18,512.25,39.19,25.64,5.79,0.0
20231012:1410,557.03,703.01,34.52,25.43,5.72,0.0
20231012:1510,404.91,508.97,27.2,24.86,5.31,0.0
20231012:1610,204.44,266.1,18.09,23.95,4.62,0.0
20231012:1710,94.12,141.35,7.87,22.81,4.21,0.0
20231012:1810,0.0,0.0,0.0,21.8,3.86,0.0
20231012:1910,0.0,0.0,0.0,21.88,4.97,0.0
20231012:2010,0.0,0.0,0.0,21.85,5.1,0.0
20231012:2110,0.0,0.0,0.0,21.76,5.24,0.0
20231012:2210,0.0,0.0,0.0,21.21,5.52,0.0
20231012:2310,0.0,0.0,0.0,20.78,5.52,0.0
20231013:0010,0.0,0.0,0.0,20.29,5.59,0.0
20231013:0110,0.0,0.0,0.0,20.09,5.52,0.0
20231013:0210,0.0,0.0,0.0,19.93,5.38,0.0
20231013:0310,0.0,0.0,0.0,19.81,5.45,0.0
20231013:0410,0.0,0.0,0.0,19.57,5.79,0.0
20231013:0510,0.0,0.0,0.0,19.45,5.79,0.0
20231013:0610,0.0,0.0,0.0,19.12,6.14,0.0
20231013:0710,0.0,2.77,3.9,18.89,6.69,0.0
20231013:0810,4.82,15.69,14.37,18.99,6.69,0.0
20231013:0910,23.06,42.46,23.9,18.84,7.52,0.0
20231013:1010,37.3,60.92,31.91,18.45,6.76,0.0
20231013:1110,100.15,137.54,37.57,18.81,5.1,0.0
20231013:1210,29.95,51.69,40.03,19.37,5.52,0.0
20231013:1310,42.0,67.38,38.81,20.35,5.86,0.0
20231013:1410,51.62,79.38,34.16,19.99,4.69,0.0
20231013:1510,20.88,39.69,26.86,19.63,2.41,0.0
20231013:1610,8.16,21.23,17.77,19.48,0.41,0.0
20231013:1710,0.61,7.38,7.56,19.38,1.31,0.0
20231013:1810,0.0,0.0,0.0,19.13,2.41,0.0
20231013:1910,0.0,0.0,0.0,18.39,1.93,0.0
20231013:2010,0.0,0.0,0.0,17.6,1.38,0.0
20231013:2110,0.0,0.0,0.0,17.45,1.38,0.0
20231013:2210,0.0,0.0,0.0,17.39,1.52,0.0
20231013:2310,0.0,0.0,0.0,17.35,1.17,0.0
20231014:0010,0.0,0.0,0.0,17.34,0.76,0.0
20231014:0110,0.0,0.0,0.0,17.34,0.69,0.0
20231014:0210,0.0,0.0,0.0,17.28,1.59,0.0
20231014:0310,0.0,0.0,0.0,16.96,2.55,0.0
20231014:0410,0.0,0.0,0.0,16.77,3.1,0.0
20231014:0510,0.0,0.0,0.0,16.64,3.31,0.0
20231014:0610,0.0,0.0,0.0,16.51,3.24,0.0
20231014:0710,15.26,36.19,3.68,16.16,2.76,0.0
20231014:0810,238.09,305.04,14.13,16.5,2.76,0.0
20231014:0910,407.07,501.31,23.64,17.4,2.76,0.0
20231014:1010,537.73,671.8,31.6,18.63,2.34,0.0
20231014:1110,700.69,906.66,37.23,19.74,1.86,0.0
20231014:1210,723.31,946.53,39.66,20.61,1.79,0.0
20231014:1310,699.8,909.59,38.44,21.1,2.07,0.0
20231014:1410,632.26,808.84,33.79,21.3,2.41,0.0
20231014:1510,514.39,648.3,26.52,21.45,2.62,0.0
20231014:1610,321.97,408.65,17.45,21.38,2.69,0.0
20231014:1710,70.47,109.07,7.26,20.88,2.48,0.0
20231014:1810,0.0,0.0,0.0,19.72,2.41,0.0
20231014:1910,0.0,0.0,0.0,18.77,2.0,0.0
20231014:2010,0.0,0.0,0.0,17.34,1.72,0.0
20231014:2110,0.0,0.0,0.0,16.15,1.72,0.0
20231014:2210,0.0,0.0,0.0,15.73,2.14,0.0
20231014:2310,0.0,0.0,0.0,15.74,2.34,0.0
20231015:0010,0.0,0.0,0.0,15.77,2.21,0.0
20231015:0110,0.0,0.0,0.0,15.87,2.07,0.0
20231015:0210,0.0,0.0,0.0,16.0,1.86,0.0
20231015:0310,0.0,0.0,0.0,16.13,2.0,0.0
20231015:0410,0.0,0.0,0.0,16.42,1.86,0.0
20231015:0510,0.0,0.0,0.0,16.56,1.59,0.0
20231015:0610,0.0,0.0,0.0,16.56,1.38,0.0
20231015:0710,1.45,9.23,3.46,16.36,1.17,0.0
20231015:0810,31.02,52.61,13.89,16.57,1.52,0.0
20231015:0910,17.8,35.08,23.37,16.9,1.66,0.0
20231015:1010,63.47,93.23,31.3,17.21,1.52,0.0
20231015:1110,49.86,76.61,36.88,17.63,2.07,0.0
20231015:1210,75.6,108.0,39.29,17.81,2.69,0.0
20231015:1310,102.56,140.3,38.06,18.03,3.03,0.0
20231015:1410,63.26,93.23,33.43,18.26,2.76,0.0
20231015:1510,126.95,169.28,26.18,18.52,2.9,0.0
20231015:1610,62.02,91.79,17.13,18.65,3.24,0.0
20231015:1710,21.38,40.76,6.96,18.79,3.72,0.0
20231015:1810,0.0,0.0,0.0,18.74,4.14,0.0
20231015:1910,0.0,0.0,0.0,18.31,4.62,0.0
20231015:2010,0.0,0.0,0.0,18.03,4.0,0.0
20231015:2110,0.0,0.0,0.0,17.89,3.45,0.0
20231015:2210,0.0,0.0,0.0,17.72,3.31,0.0
20231015:2310,0.0,0.0,0.0,17.64,3.45,0.0
20231016:0010,0.0,0.0,0.0,17.54,3.72,0.0
20231016:0110,0.0,0.0,0.0,17.37,3.66,0.0
20231016:0210,0.0,0.0,0.0,17.22,3.66,0.0
20231016:0310,0.0,0.0,0.0,17.23,3.86,0.0
20231016:0410,0.0,0.0,0.0,17.17,3.79,0.0
20231016:0510,0.0,0.0,0.0,17.23,3.72,0.0
20231016:0610,0.0,0.0,0.0,17.21,3.79,0.0
20231016:0710,0.0,5.54,3.24,17.53,5.03,0.0
20231016:0810,10.67,24.92,13.65,17.78,5.17,0.0
20231016:0910,43.98,69.23,23.1,17.93,5.38,0.0
20231016:1010,46.88,72.92,30.99,18.25,5.52,0.0
20231016:1110,33.68,56.31,36.54,18.36,5.45,0.0
20231016:1210,46.1,72.0,38.92,18.46,5.79,0.0
20231016:1310,43.11,68.31,37.69,18.66,6.48,0.0
20231016:1410,35.79,59.08,33.08,18.71,6.41,0.0
20231016:1510,146.68,191.38,25.84,18.63,6.28,0.0
20231016:1610,180.16,231.21,16.82,19.14,6.34,0.0
20231016:1710,22.07,42.08,6.67,19.36,6.14,0.0
20231016:1810,0.0,0.0,0.0,19.47,6.28,0.0
20231016:1910,0.0,0.0,0.0,19.96,6.62,0.0
20231016:2010,0.0,0.0,0.0,20.02,6.69,0.0
20231016:2110,0.0,0.0,0.0,20.1,6.62,0.0
20231016:2210,0.0,0.0,0.0,20.06,6.34,0.0
20231016:2310,0.0,0.0,0.0,19.99,6.28,0.0
20231017:0010,0.0,0.0,0.0,19.9,6.41,0.0
20231017:0110,0.0,0.0,0.0,19.97,6.69,0.0
20231017:0210,0.0,0.0,0.0,20.31,7.72,0.0
20231017:0310,0.0,0.0,0.0,20.65,8.69,0.0
20231017:0410,0.0,0.0,0.0,20.16,8.76,0.0
20231017:0510,0.0,0.0,0.0,19.67,8.69,0.0
20231017:0610,0.0,0.0,0.0,19.63,8.83,0.0
20231017:0710,9.06,25.51,3.02,19.44,8.9,0.0
20231017:0810,68.01,99.5,13.41,19.53,9.66,0.0
20231017:0910,97.29,133.99,22.83,19.61,9.72,0.0
20231017:1010,211.03,266.14,30.69,19.82,10.14,0.0
20231017:1110,32.05,54.46,36.2,19.81,10.28,0.0
20231017:1210,45.16,71.08,38.56,19.72,11.52,0.0
20231017:1310,32.1,54.46,37.32,19.62,12.0,0.0
20231017:1410,142.03,186.39,32.72,19.64,12.14,0.0
20231017:1510,15.62,32.31,25.51,19.71,11.86,0.0
20231017:1610,20.3,38.77,16.51,19.33,12.34,0.0
20231017:1710,0.0,5.54,6.38,19.2,11.72,0.0
20231017:1810,0.0,0.0,0.0,19.13,10.55,0.0
20231017:1910,0.0,0.0,0.0,18.87,9.93,0.0
20231017:2010,0.0,0.0,0.0,18.62,9.38,0.0
20231017:2110,0.0,0.0,0.0,18.42,9.1,0.0
20231017:2210,0.0,0.0,0.0,18.25,8.48,0.0
20231017:2310,0.0,0.0,0.0,18.06,7.93,0.0
20231018:0010,0.0,0.0,0.0,17.85,7.66,0.0
20231018:0110,0.0,0.0,0.0,17.6,7.31,0.0
20231018:0210,0.0,0.0,0.0,17.3,6.62,0.0
20231018:0310,0.0,0.0,0.0,16.96,6.07,0.0
20231018:0410,0.0,0.0,0.0,16.75,5.93,0.0
20231018:0510,0.0,0.0,0.0,16.6,6.21,0.0
20231018:0610,0.0,0.0,0.0,16.49,5.72,0.0
20231018:0710,0.0,1.85,2.8,16.5,5.59,0.0
20231018:0810,165.28,215.27,13.17,16.74,5.66,0.0
20231018:0910,76.1,108.02,22.56,17.32,5.86,0.0
20231018:1010,330.96,403.4,30.38,17.79,6.55,0.0
20231018:1110,502.2,606.59,35.86,17.78,7.03,0.0
20231018:1210,55.27,83.08,38.2,17.97,8.14,0.0
20231018:1310,413.6,499.35,36.95,18.23,9.17,0.0
20231018:1410,138.69,181.83,32.37,18.35,9.38,0.0
20231018:1510,30.16,51.69,25.18,18.28,9.52,0.0
20231018:1610,7.1,19.38,16.21,17.48,9.38,0.0
20231018:1710,3.83,13.85,6.09,17.02,9.93,0.0
20231018:1810,0.0,0.0,0.0,17.18,10.21,0.0
20231018:1910,0.0,0.0,0.0,17.57,8.62,0.0
20231018:2010,0.0,0.0,0.0,17.61,6.69,0.0
20231018:2110,0.0,0.0,0.0,17.74,6.28,0.0
20231018:2210,0.0,0.0,0.0,17.62,6.62,0.0
20231018:2310,0.0,0.0,0.0,17.54,7.03,0.0
20231019:0010,0.0,0.0,0.0,17.34,6.62,0.0
20231019:0110,0.0,0.0,0.0,16.73,7.31,0.0
20231019:0210,0.0,0.0,0.0,16.73,7.24,0.0
20231019:0310,0.0,0.0,0.0,16.42,7.79,0.0
20231019:0410,0.0,0.0,0.0,16.08,7.93,0.0
20231019:0510,0.0,0.0,0.0,16.07,7.86,0.0
20231019:0610,0.0,0.0,0.0,16.11,7.03,0.0
20231019:0710,0.0,5.54,2.58,15.87,8.48,0.0
20231019:0810,44.2,68.93,12.93,15.79,7.79,0.0
20231019:0910,12.68,27.69,22.29,15.94,5.93,0.0
20231019:1010,21.29,39.69,30.08,16.24,5.72,0.0
20231019:1110,286.59,349.14,35.52,15.95,7.59,0.0
20231019:1210,598.22,719.66,37.83,16.08,6.76,0.0
20231019:1310,40.52,64.61,36.59,16.97,6.41,0.0
20231019:1410,172.1,218.3,32.02,15.96,7.93,0.0
20231019:1510,475.72,562.35,24.86,14.68,8.41,0.0
20231019:1610,6.65,18.46,15.9,14.44,7.59,0.0
20231019:1710,87.46,129.58,5.8,13.99,7.31,0.0
20231019:1810,0.0,0.0,0.0,13.87,6.97,0.0
20231019:1910,0.0,0.0,0.0,13.84,6.48,0.0
20231019:2010,0.0,0.0,0.0,13.68,7.86,0.0
20231019:2110,0.0,0.0,0.0,13.66,8.62,0.0
20231019:2210,0.0,0.0,0.0,13.63,8.97,0.0
20231019:2310,0.0,0.0,0.0,13.84,8.76,0.0
20231020:0010,0.0,0.0,0.0,13.86,9.1,0.0
20231020:0110,0.0,0.0,0.0,13.78,9.52,0.0
20231020:0210,0.0,0.0,0.0,13.9,9.93,0.0
20231020:0310,0.0,0.0,0.0,13.75,10.48,0.0
20231020:0410,0.0,0.0,0.0,13.61,10.28,0.0
20231020:0510,0.0,0.0,0.0,13.6,9.59,0.0
20231020:0610,0.0,0.0,0.0,13.92,8.28,0.0
20231020:0710,1.06,8.31,2.36,13.71,8.28,0.0
20231020:0810,52.81,79.07,12.69,14.17,7.52,0.0
20231020:0910,135.55,174.76,22.02,14.14,7.59,0.0
20231020:1010,116.01,153.21,29.77,14.6,7.03,0.0
20231020:1110,463.69,553.53,35.18,14.91,6.69,0.0
20231020:1210,40.19,63.69,37.47,14.99,6.9,0.0
20231020:1310,175.9,222.44,36.23,15.11,6.9,0.0
20231020:1410,173.43,219.43,31.68,15.21,6.69,0.0
20231020:1510,479.65,570.63,24.54,14.95,6.83,0.0
20231020:1610,6.65,18.46,15.61,14.37,6.21,0.0
20231020:1710,63.97,99.54,5.52,14.3,5.38,0.0
20231020:1810,0.0,0.0,0.0,13.05,4.69,0.0
20231020:1910,0.0,0.0,0.0,13.17,4.0,0.0
20231020:2010,0.0,0.0,0.0,13.23,3.66,0.0
20231020:2110,0.0,0.0,0.0,12.81,3.52,0.0
20231020:2210,0.0,0.0,0.0,12.55,3.66,0.0
20231020:2310,0.0,0.0,0.0,12.53,3.17,0.0
20231021:0010,0.0,0.0,0.0,12.33,2.9,0.0
20231021:0110,0.0,0.0,0.0,12.28,2.34,0.0
20231021:0210,0.0,0.0,0.0,12.45,2.07,0.0
20231021:0310,0.0,0.0,0.0,12.6,1.86,0.0
20231021:0410,0.0,0.0,0.0,12.6,2.21,0.0
20231021:0510,0.0,0.0,0.0,12.73,2.62,0.0
20231021:0610,0.0,0.0,0.0,12.64,2.83,0.0
20231021:0710,0.0,3.69,2.14,12.69,1.59,0.0
20231021:0810,49.64,75.11,12.44,13.08,1.86,0.0
20231021:0910,113.65,150.72,21.75,14.02,2.34,0.0
20231021:1010,103.66,139.38,29.47,14.36,3.24,0.0
20231021:1110,260.48,320.32,34.85,14.46,3.52,0.0
20231021:1210,304.64,372.79,37.12,14.95,3.45,0.0
20231021:1310,201.3,253.34,35.87,15.23,3.24,0.0
20231021:1410,146.11,189.5,31.33,15.41,2.97,0.0
20231021:1510,233.38,289.44,24.22,15.31,2.9,0.0
20231021:1610,117.88,155.86,15.31,14.39,2.83,0.0
20231021:1710,11.05,25.56,5.25,14.22,1.93,0.0
20231021:1810,0.0,0.0,0.0,13.62,1.59,0.0
20231021:1910,0.0,0.0,0.0,13.34,1.52,0.0
20231021:2010,0.0,0.0,0.0,12.85,1.59,0.0
20231021:2110,0.0,0.0,0.0,12.18,1.59,0.0
20231021:2210,0.0,0.0,0.0,11.97,1.52,0.0
20231021:2310,0.0,0.0,0.0,11.73,1.59,0.0
20231022:0010,0.0,0.0,0.0,11.51,1.66,0.0
20231022:0110,0.0,0.0,0.0,11.38,1.66,0.0
20231022:0210,0.0,0.0,0.0,11.24,1.72,0.0
20231022:0310,0.0,0.0,0.0,11.27,1.66,0.0
20231022:0410,0.0,0.0,0.0,11.53,1.59,0.0
20231022:0510,0.0,0.0,0.0,11.76,1.59,0.0
20231022:0610,0.0,0.0,0.0,12.16,1.59,0.0
20231022:0710,0.49,6.94,1.91,12.03,1.93,0.0
20231022:0810,57.97,85.06,12.2,12.29,1.93,0.0
20231022:0910,26.54,46.15,21.48,13.09,1.79,0.0
20231022:1010,149.32,192.47,29.17,13.88,1.66,0.0
20231022:1110,97.02,132.0,34.51,14.36,1.52,0.0
20231022:1210,169.67,217.83,36.76,14.88,1.17,0.0
20231022:1310,171.97,220.77,35.51,14.98,0.9,0.0
20231022:1410,53.44,80.31,31.0,15.09,0.97,0.0
20231022:1510,86.58,120.14,23.91,15.36,1.38,0.0
20231022:1610,72.61,103.55,15.02,15.58,1.45,0.0
20231022:1710,15.26,32.15,4.97,15.25,1.38,0.0
20231022:1810,0.0,0.0,0.0,14.68,1.93,0.0
20231022:1910,0.0,0.0,0.0,14.21,1.03,0.0
20231022:2010,0.0,0.0,0.0,13.99,0.69,0.0
20231022:2110,0.0,0.0,0.0,13.91,0.62,0.0
20231022:2210,0.0,0.0,0.0,13.21,1.17,0.0
20231022:2310,0.0,0.0,0.0,13.24,1.72,0.0
20231023:0010,0.0,0.0,0.0,13.22,1.52,0.0
20231023:0110,0.0,0.0,0.0,12.91,0.9,0.0
20231023:0210,0.0,0.0,0.0,12.9,1.03,0.0
20231023:0310,0.0,0.0,0.0,12.68,2.28,0.0
20231023:0410,0.0,0.0,0.0,12.5,2.28,0.0
20231023:0510,0.0,0.0,0.0,12.28,1.79,0.0
20231023:0610,0.0,0.0,0.0,11.93,1.45,0.0
20231023:0710,0.0,1.74,1.69,12.63,0.76,0.0
20231023:0810,69.15,98.77,11.96,12.32,0.83,0.0
20231023:0910,252.06,311.52,21.21,13.38,0.97,0.0
20231023:1010,590.87,738.45,28.87,13.77,0.9,0.0
20231023:1110,691.57,880.59,34.18,14.53,1.1,0.0
20231023:1210,699.43,887.27,36.41,15.34,1.66,0.0
20231023:1310,644.11,803.6,35.16,15.62,2.28,0.0
20231023:1410,571.59,700.61,30.66,15.55,2.97,0.0
20231023:1510,14.65,30.46,23.6,15.33,2.97,0.0
20231023:1610,305.98,376.95,14.73,14.59,2.9,0.0
20231023:1710,6.09,17.54,4.7,14.09,2.28,0.0
20231023:1810,0.0,0.0,0.0,13.52,1.86,0.0
20231023:1910,0.0,0.0,0.0,13.43,2.55,0.0
20231023:2010,0.0,0.0,0.0,13.06,2.21,0.0
20231023:2110,0.0,0.0,0.0,12.55,2.41,0.0
20231023:2210,0.0,0.0,0.0,12.32,2.97,0.0
20231023:2310,0.0,0.0,0.0,12.31,3.45,0.0
20231024:0010,0.0,0.0,0.0,12.38,4.0,0.0
20231024:0110,0.0,0.0,0.0,12.35,4.34,0.0
20231024:0210,0.0,0.0,0.0,12.64,4.69,0.0
20231024:0310,0.0,0.0,0.0,13.04,5.03,0.0
20231024:0410,0.0,0.0,0.0,13.27,5.72,0.0
20231024:0510,0.0,0.0,0.0,13.46,6.21,0.0
20231024:0610,0.0,0.0,0.0,13.51,7.31,0.0
20231024:0710,0.0,1.74,1.47,13.91,8.69,0.0
20231024:0810,3.39,12.92,11.72,14.05,9.45,0.0
20231024:0910,33.7,55.38,20.94,14.33,9.86,0.0
20231024:1010,27.77,48.0,28.56,15.15,9.03,0.0
20231024:1110,85.98,119.07,33.85,15.95,6.55,0.0
20231024:1210,123.16,163.38,36.06,16.87,5.38,0.0
20231024:1310,81.34,114.46,34.81,17.45,4.83,0.0
20231024:1410,68.17,98.77,30.33,17.6,4.41,0.0
20231024:1510,47.67,73.84,23.29,17.89,4.41,0.0
20231024:1610,100.9,137.72,14.45,17.69,4.34,0.0
20231024:1710,19.33,39.03,4.44,17.22,4.55,0.0
20231024:1810,0.0,0.0,0.0,16.72,4.69,0.0
20231024:1910,0.0,0.0,0.0,16.26,5.17,0.0
20231024:2010,0.0,0.0,0.0,16.23,4.76,0.0
20231024:2110,0.0,0.0,0.0,16.14,5.03,0.0
20231024:2210,0.0,0.0,0.0,16.14,4.76,0.0
20231024:2310,0.0,0.0,0.0,16.04,4.76,0.0
20231025:0010,0.0,0.0,0.0,15.94,4.41,0.0
20231025:0110,0.0,0.0,0.0,15.96,4.0,0.0
20231025:0210,0.0,0.0,0.0,15.97,3.72,0.0
20231025:0310,0.0,0.0,0.0,16.0,3.72,0.0
20231025:0410,0.0,0.0,0.0,16.17,4.41,0.0
20231025:0510,0.0,0.0,0.0,16.23,4.69,0.0
20231025:0610,0.0,0.0,0.0,16.31,5.45,0.0
20231025:0710,0.0,0.0,0.0,16.47,5.03,0.0
20231025:0810,90.91,126.52,11.47,16.7,6.0,0.0
20231025:0910,11.35,25.85,20.67,16.86,7.17,0.0
20231025:1010,19.17,36.92,28.26,17.06,7.24,0.0
20231025:1110,24.66,44.31,33.52,17.17,7.66,0.0
20231025:1210,26.72,47.08,35.72,17.49,7.31,0.0
20231025:1310,57.53,85.84,34.47,17.9,7.03,0.0
20231025:1410,35.9,59.08,30.0,18.11,6.07,0.0
20231025:1510,34.37,57.23,22.99,18.6,6.69,0.0
20231025:1610,15.73,32.31,14.17,18.31,7.45,0.0
20231025:1710,0.0,4.62,4.18,18.13,7.59,0.0
20231025:1810,0.0,0.0,0.0,18.09,7.24,0.0
20231025:1910,0.0,0.0,0.0,18.25,7.72,0.0
20231025:2010,0.0,0.0,0.0,18.06,7.86,0.0
20231025:2110,0.0,0.0,0.0,18.01,7.66,0.0
20231025:2210,0.0,0.0,0.0,18.08,8.07,0.0
20231025:2310,0.0,0.0,0.0,18.09,8.55,0.0
20231026:0010,0.0,0.0,0.0,17.89,8.14,0.0
20231026:0110,0.0,0.0,0.0,17.83,7.93,0.0
20231026:0210,0.0,0.0,0.0,17.96,8.9,0.0
20231026:0310,0.0,0.0,0.0,18.03,10.14,0.0
20231026:0410,0.0,0.0,0.0,17.5,9.38,0.0
20231026:0510,0.0,0.0,0.0,15.88,5.72,0.0
20231026:0610,0.0,0.0,0.0,14.87,2.62,0.0
20231026:0710,0.0,0.0,0.0,15.69,4.14,0.0
20231026:0810,2.86,12.0,11.23,15.41,3.03,0.0
20231026:0910,10.81,24.92,20.4,15.34,3.31,0.0
20231026:1010,22.78,41.54,27.96,15.29,4.41,0.0
20231026:1110,32.04,53.54,33.19,15.36,6.83,0.0
20231026:1210,205.58,256.01,35.37,15.08,6.97,0.0
20231026:1310,25.58,45.23,34.13,15.42,6.14,0.0
20231026:1410,529.63,633.71,29.68,16.01,6.69,0.0
20231026:1510,456.29,546.18,22.69,15.99,6.34,0.0
20231026:1610,172.83,219.24,13.89,15.42,6.69,0.0
20231026:1710,40.66,70.17,3.92,15.25,5.52,0.0
20231026:1810,0.0,0.0,0.0,14.83,5.31,0.0
20231026:1910,0.0,0.0,0.0,14.47,5.72,0.0
20231026:2010,0.0,0.0,0.0,14.56,4.83,0.0
20231026:2110,0.0,0.0,0.0,14.33,5.24,0.0
20231026:2210,0.0,0.0,0.0,13.94,5.86,0.0
20231026:2310,0.0,0.0,0.0,13.9,5.86,0.0
20231027:0010,0.0,0.0,0.0,14.23,5.79,0.0
20231027:0110,0.0,0.0,0.0,13.82,6.48,0.0
20231027:0210,0.0,0.0,0.0,13.84,6.55,0.0
20231027:0310,0.0,0.0,0.0,13.16,7.93,0.0
20231027:0410,0.0,0.0,0.0,13.14,8.34,0.0
20231027:0510,0.0,0.0,0.0,13.06,8.14,0.0
20231027:0610,0.0,0.0,0.0,12.81,7.03,0.0
20231027:0710,0.0,0.0,0.0,13.62,6.0,0.0
20231027:0810,107.91,145.38,10.99,13.88,5.45,0.0
20231027:0910,174.72,219.31,20.13,14.06,5.52,0.0
20231027:1010,339.83,407.98,27.67,14.27,5.45,0.0
20231027:1110,238.89,293.98,32.87,14.7,5.38,0.0
20231027:1210,191.24,240.02,35.03,14.91,5.72,0.0
20231027:1310,247.26,303.77,33.79,15.15,6.14,0.0
20231027:1410,20.75,38.77,29.36,14.99,6.41,0.0
20231027:1510,202.77,252.12,22.39,15.32,5.93,0.0
20231027:1610,66.42,95.53,13.62,15.14,6.21,0.0
20231027:1710,3.89,13.85,3.67,14.59,5.86,0.0
20231027:1810,0.0,0.0,0.0,13.9,6.21,0.0
20231027:1910,0.0,0.0,0.0,14.31,6.48,0.0
20231027:2010,0.0,0.0,0.0,13.96,7.17,0.0
20231027:2110,0.0,0.0,0.0,14.22,6.76,0.0
20231027:2210,0.0,0.0,0.0,14.42,6.76,0.0
20231027:2310,0.0,0.0,0.0,14.44,7.1,0.0
20231028:0010,0.0,0.0,0.0,14.32,7.52,0.0
20231028:0110,0.0,0.0,0.0,14.34,7.24,0.0
20231028:0210,0.0,0.0,0.0,14.46,7.24,0.0
20231028:0310,0.0,0.0,0.0,14.25,7.03,0.0
20231028:0410,0.0,0.0,0.0,14.36,7.03,0.0
20231028:0510,0.0,0.0,0.0,14.4,7.24,0.0
20231028:0610,0.0,0.0,0.0,14.69,7.72,0.0
20231028:0710,0.0,0.0,0.0,15.12,8.76,0.0
20231028:0810,8.98,22.15,10.74,15.29,9.17,0.0
20231028:0910,154.57,196.8,19.86,15.39,9.24,0.0
20231028:1010,52.14,78.46,27.37,15.61,9.79,0.0
20231028:1110,105.13,141.23,32.55,16.0,10.34,0.0
20231028:1210,51.19,77.54,34.69,16.4,10.69,0.0
20231028:1310,68.21,97.84,33.46,15.91,10.28,0.0
20231028:1410,48.3,73.84,29.05,15.82,9.86,0.0
20231028:1510,18.67,36.0,22.1,15.4,10.34,0.0
20231028:1610,13.38,28.61,13.36,15.26,10.41,0.0
20231028:1710,1.47,9.23,3.42,15.14,10.41,0.0
20231028:1810,0.0,0.0,0.0,15.13,9.93,0.0
20231028:1910,0.0,0.0,0.0,15.04,7.31,0.0
20231028:2010,0.0,0.0,0.0,15.11,6.97,0.0
20231028:2110,0.0,0.0,0.0,15.14,7.17,0.0
20231028:2210,0.0,0.0,0.0,15.12,7.79,0.0
20231028:2310,0.0,0.0,0.0,15.07,8.48,0.0
20231029:0010,0.0,0.0,0.0,14.56,9.31,0.0
20231029:0110,0.0,0.0,0.0,14.02,8.55,0.0
20231029:0210,0.0,0.0,0.0,13.95,6.69,0.0
20231029:0310,0.0,0.0,0.0,14.12,5.72,0.0
20231029:0410,0.0,0.0,0.0,14.15,5.72,0.0
20231029:0510,0.0,0.0,0.0,13.79,5.72,0.0
20231029:0610,0.0,0.0,0.0,13.64,5.45,0.0
20231029:0710,0.0,0.0,0.0,13.77,5.86,0.0
20231029:0810,101.44,137.66,10.5,13.68,5.72,0.0
20231029:0910,339.41,406.71,19.6,13.93,5.86,0.0
20231029:1010,159.64,201.89,27.07,13.57,6.83,0.0
20231029:1110,106.0,141.23,32.22,13.76,6.69,0.0
20231029:1210,176.23,221.42,34.36,13.51,5.86,0.0
20231029:1310,55.57,82.15,33.13,13.91,6.21,0.0
20231029:1410,65.62,94.15,28.73,13.96,6.34,0.0
20231029:1510,15.47,31.38,21.82,13.59,6.76,0.0
20231029:1610,18.87,36.0,13.1,13.18,5.79,0.0
20231029:1710,2.92,12.0,3.18,12.61,5.59,0.0
20231029:1810,0.0,0.0,0.0,12.51,5.38,0.0
20231029:1910,0.0,0.0,0.0,12.49,4.69,0.0
20231029:2010,0.0,0.0,0.0,12.45,5.17,0.0
20231029:2110,0.0,0.0,0.0,12.47,6.41,0.0
20231029:2210,0.0,0.0,0.0,12.11,6.97,0.0
20231029:2310,0.0,0.0,0.0,11.93,6.69,0.0
20231030:0010,0.0,0.0,0.0,12.21,5.93,0.0
20231030:0110,0.0,0.0,0.0,12.45,5.52,0.0
20231030:0210,0.0,0.0,0.0,12.47,5.1,0.0
20231030:0310,0.0,0.0,0.0,12.53,5.1,0.0
20231030:0410,0.0,0.0,0.0,12.58,5.24,0.0
20231030:0510,0.0,0.0,0.0,12.32,5.52,0.0
20231030:0610,0.0,0.0,0.0,11.85,5.66,0.0
20231030:0710,0.0,0.0,0.0,11.69,5.31,0.0
20231030:0810,39.05,61.64,10.26,11.33,4.62,0.0
20231030:0910,158.13,198.74,19.33,11.64,4.34,0.0
20231030:1010,598.23,715.06,26.78,12.08,3.93,0.0
20231030:1110,662.98,798.39,31.91,12.76,4.28,0.0
20231030:1210,501.48,597.71,34.03,13.32,5.17,0.0
20231030:1310,78.23,108.92,32.8,13.52,5.31,0.0
20231030:1410,433.4,515.77,28.43,13.73,5.52,0.0
20231030:1510,409.86,488.97,21.54,14.17,5.38,0.0
20231030:1610,130.49,169.79,12.84,14.15,5.45,0.0
20231030:1710,1.48,9.23,2.94,14.18,5.1,0.0
20231030:1810,0.0,0.0,0.0,13.94,4.83,0.0
20231030:1910,0.0,0.0,0.0,13.94,4.28,0.0
20231030:2010,0.0,0.0,0.0,13.85,3.72,0.0
20231030:2110,0.0,0.0,0.0,13.6,3.38,0.0
20231030:2210,0.0,0.0,0.0,13.37,3.03,0.0
20231030:2310,0.0,0.0,0.0,13.07,2.69,0.0
20231031:0010,0.0,0.0,0.0,13.07,2.62,0.0
20231031:0110,0.0,0.0,0.0,12.86,2.69,0.0
20231031:0210,0.0,0.0,0.0,12.56,2.83,0.0
20231031:0310,0.0,0.0,0.0,12.58,3.03,0.0
20231031:0410,0.0,0.0,0.0,12.63,3.52,0.0
20231031:0510,0.0,0.0,0.0,12.61,4.07,0.0
20231031:0610,0.0,0.0,0.0,12.72,4.55,0.0
20231031:0710,0.0,0.0,0.0,12.97,4.62,0.0
20231031:0810,86.57,119.82,10.01,12.99,4.83,0.0
20231031:0910,241.47,294.46,19.06,13.4,4.9,0.0
20231031:1010,418.65,498.13,26.49,14.17,6.07,0.0
20231031:1110,382.12,456.74,31.59,14.73,6.76,0.0
20231031:1210,77.7,108.92,33.7,15.18,6.9,0.0
20231031:1310,78.34,109.84,32.48,15.58,7.1,0.0
20231031:1410,123.32,162.15,28.13,15.57,7.38,0.0
20231031:1510,149.42,191.6,21.26,15.91,7.59,0.0
20231031:1610,79.03,110.61,12.59,15.71,8.07,0.0
20231031:1710,5.33,17.15,2.71,15.36,8.28,0.0
20231031:1810,0.0,0.0,0.0,14.88,8.28,0.0
20231031:1910,0.0,0.0,0.0,15.25,8.41,0.0
20231031:2010,0.0,0.0,0.0,15.07,8.28,0.0
20231031:2110,0.0,0.0,0.0,15.02,8.14,0.0
20231031:2210,0.0,0.0,0.0,14.95,8.83,0.0
20231031:2310,0.0,0.0,0.0,14.89,9.59,0.0
20231101:0010,0.0,0.0,0.0,14.92,9.31,0.0
20231101:0110,0.0,0.0,0.0,14.73,7.59,0.0
20231101:0210,0.0,0.0,0.0,14.47,6.21,0.0
20231101:0310,0.0,0.0,0.0,14.14,5.38,0.0
20231101:0410,0.0,0.0,0.0,14.14,5.1,0.0
20231101:0510,0.0,0.0,0.0,13.98,5.1,0.0
20231101:0610,0.0,0.0,0.0,13.76,4.9,0.0
20231101:0710,0.0,0.0,0.0,13.75,4.55,0.0
20231101:0810,7.26,19.38,9.77,13.8,4.83,0.0
20231101:0910,73.12,103.19,18.8,14.44,5.52,0.0
20231101:1010,100.83,135.87,26.2,15.0,6.83,0.0
20231101:1110,34.97,57.23,31.28,15.37,8.21,0.0
20231101:1210,41.61,65.54,33.38,15.44,8.34,0.0
20231101:1310,90.33,123.69,32.16,15.4,9.66,0.0
20231101:1410,19.36,36.92,27.83,15.28,9.66,0.0
20231101:1510,46.13,71.08,20.99,15.4,9.1,0.0
20231101:1610,27.02,47.08,12.34,15.44,9.45,0.0
20231101:1710,0.0,2.77,2.48,15.59,9.17,0.0
20231101:1810,0.0,0.0,0.0,15.95,10.14,0.0
20231101:1910,0.0,0.0,0.0,16.5,11.72,0.0
20231101:2010,0.0,0.0,0.0,16.42,11.86,0.0
20231101:2110,0.0,0.0,0.0,16.53,12.28,0.0
20231101:2210,0.0,0.0,0.0,16.91,12.76,0.0
20231101:2310,0.0,0.0,0.0,17.07,12.69,0.0
20231102:0010,0.0,0.0,0.0,16.16,10.83,0.0
20231102:0110,0.0,0.0,0.0,14.92,9.31,0.0
20231102:0210,0.0,0.0,0.0,14.53,8.83,0.0
20231102:0310,0.0,0.0,0.0,14.16,9.1,0.0
20231102:0410,0.0,0.0,0.0,13.86,9.45,0.0
20231102:0510,0.0,0.0,0.0,13.08,9.17,0.0
20231102:0610,0.0,0.0,0.0,12.68,9.79,0.0
20231102:0710,0.0,0.0,0.0,11.61,10.34,0.0
20231102:0810,9.2,22.15,9.53,11.13,9.72,0.0
20231102:0910,142.79,179.54,18.53,10.42,9.66,0.0
20231102:1010,32.89,53.54,25.91,10.31,8.83,0.0
20231102:1110,82.48,112.61,30.97,11.24,8.41,0.0
20231102:1210,375.4,440.73,33.06,11.86,9.59,0.0
20231102:1310,421.11,490.07,31.85,11.25,10.28,0.0
20231102:1410,271.1,322.52,27.54,11.17,9.17,0.0
20231102:1510,220.06,266.03,20.72,11.33,7.93,0.0
20231102:1610,167.63,209.62,12.1,11.6,8.28,0.0
20231102:1710,1.51,9.23,2.26,11.7,8.28,0.0
20231102:1810,0.0,0.0,0.0,11.85,8.34,0.0
20231102:1910,0.0,0.0,0.0,11.61,8.0,0.0
20231102:2010,0.0,0.0,0.0,11.94,7.93,0.0
20231102:2110,0.0,0.0,0.0,12.44,8.34,0.0
20231102:2210,0.0,0.0,0.0,12.36,9.17,0.0
20231102:2310,0.0,0.0,0.0,12.1,9.24,0.0
20231103:0010,0.0,0.0,0.0,11.69,9.1,0.0
20231103:0110,0.0,0.0,0.0,11.4,8.76,0.0
20231103:0210,0.0,0.0,0.0,11.07,7.66,0.0
20231103:0310,0.0,0.0,0.0,11.19,6.9,0.0
20231103:0410,0.0,0.0,0.0,11.51,6.97,0.0
20231103:0510,0.0,0.0,0.0,11.65,7.52,0.0
20231103:0610,0.0,0.0,0.0,11.38,7.79,0.0
20231103:0710,0.0,0.0,0.0,11.01,6.9,0.0
20231103:0810,172.74,220.23,9.29,11.24,6.48,0.0
20231103:0910,217.12,264.0,18.27,11.65,6.34,0.0
20231103:1010,106.45,140.76,25.62,12.17,5.93,0.0
20231103:1110,185.67,231.15,30.66,12.86,5.79,0.0
20231103:1210,118.08,155.07,32.75,13.46,6.0,0.0
20231103:1310,111.05,146.77,31.54,13.25,6.48,0.0
20231103:1410,61.91,89.54,27.25,13.35,6.07,0.0
20231103:1510,57.23,84.0,20.46,13.42,5.72,0.0
20231103:1610,20.94,38.77,11.86,13.21,5.38,0.0
20231103:1710,0.0,4.62,2.04,12.83,4.14,0.0
20231103:1810,0.0,0.0,0.0,13.03,5.03,0.0
20231103:1910,0.0,0.0,0.0,13.51,6.62,0.0
20231103:2010,0.0,0.0,0.0,14.05,7.86,0.0
20231103:2110,0.0,0.0,0.0,14.67,8.62,0.0
20231103:2210,0.0,0.0,0.0,15.02,8.97,0.0
20231103:2310,0.0,0.0,0.0,15.25,9.59,0.0
20231104:0010,0.0,0.0,0.0,15.31,9.17,0.0
20231104:0110,0.0,0.0,0.0,15.55,9.45,0.0
20231104:0210,0.0,0.0,0.0,15.83,10.55,0.0
20231104:0310,0.0,0.0,0.0,16.07,10.97,0.0
20231104:0410,0.0,0.0,0.0,16.42,11.17,0.0
20231104:0510,0.0,0.0,0.0,16.63,11.17,0.0
20231104:0610,0.0,0.0,0.0,16.6,10.83,0.0
20231104:0710,0.0,0.0,0.0,15.37,9.03,0.0
20231104:0810,128.03,170.06,9.05,14.61,8.55,0.0
20231104:0910,327.65,390.83,18.01,14.37,9.59,0.0
20231104:1010,101.67,136.17,25.33,14.43,10.41,0.0
20231104:1110,367.33,435.29,30.36,14.5,10.83,0.0
20231104:1210,92.23,125.54,32.43,14.89,11.72,0.0
20231104:1310,590.67,691.8,31.24,14.47,11.79,0.0
20231104:1410,43.3,67.38,26.97,14.72,11.45,0.0
20231104:1510,11.53,25.85,20.2,14.13,11.86,0.0
20231104:1610,25.12,44.31,11.63,13.76,12.07,0.0
20231104:1710,0.0,0.92,1.83,13.64,11.38,0.0
20231104:1810,0.0,0.0,0.0,12.97,11.17,0.0
20231104:1910,0.0,0.0,0.0,12.21,10.97,0.0
20231104:2010,0.0,0.0,0.0,12.02,10.34,0.0
20231104:2110,0.0,0.0,0.0,11.92,9.38,0.0
20231104:2210,0.0,0.0,0.0,12.03,9.24,0.0
20231104:2310,0.0,0.0,0.0,12.03,9.17,0.0
20231105:0010,0.0,0.0,0.0,12.17,8.97,0.0
20231105:0110,0.0,0.0,0.0,12.14,9.03,0.0
20231105:0210,0.0,0.0,0.0,11.91,9.03,0.0
20231105:0310,0.0,0.0,0.0,11.42,8.48,0.0
20231105:0410,0.0,0.0,0.0,11.25,7.79,0.0
20231105:0510,0.0,0.0,0.0,11.3,7.31,0.0
20231105:0610,0.0,0.0,0.0,11.46,7.17,0.0
20231105:0710,0.0,0.0,0.0,11.42,7.79,0.0
20231105:0810,142.97,185.46,8.81,11.31,7.24,0.0
20231105:0910,9.15,22.15,17.75,12.01,6.48,0.0
20231105:1010,251.56,302.76,25.05,11.83,6.41,0.0
20231105:1110,510.18,600.06,30.06,12.32,6.76,0.0
20231105:1210,731.26,869.89,32.13,12.26,6.41,0.0
20231105:1310,578.51,683.78,30.94,12.13,5.86,0.0
20231105:1410,45.31,69.23,26.69,12.07,5.79,0.0
20231105:1510,276.06,330.31,19.95,12.04,6.0,0.0
20231105:1610,264.46,321.56,11.4,11.93,5.86,0.0
20231105:1710,0.0,0.92,1.62,11.53,6.62,0.0
20231105:1810,0.0,0.0,0.0,11.17,6.97,0.0
20231105:1910,0.0,0.0,0.0,10.85,5.72,0.0
20231105:2010,0.0,0.0,0.0,10.47,5.17,0.0
20231105:2110,0.0,0.0,0.0,10.08,3.17,0.0
20231105:2210,0.0,0.0,0.0,9.76,2.62,0.0
20231105:2310,0.0,0.0,0.0,9.88,3.17,0.0
20231106:0010,0.0,0.0,0.0,9.88,2.62,0.0
20231106:0110,0.0,0.0,0.0,9.91,3.1,0.0
20231106:0210,0.0,0.0,0.0,9.87,3.86,0.0
20231106:0310,0.0,0.0,0.0,9.67,4.41,0.0
20231106:0410,0.0,0.0,0.0,9.65,4.07,0.0
20231106:0510,0.0,0.0,0.0,9.34,3.72,0.0
20231106:0610,0.0,0.0,0.0,8.97,3.31,0.0
20231106:0710,0.0,0.0,0.0,9.85,3.03,0.0
20231106:0810,8.65,21.23,8.57,9.7,2.9,0.0
20231106:0910,84.88,115.31,17.49,10.55,3.03,0.0
20231106:1010,45.43,69.23,24.77,11.18,3.24,0.0
20231106:1110,199.2,246.34,29.76,11.69,3.31,0.0
20231106:1210,148.19,189.09,31.82,12.16,3.45,0.0
20231106:1310,700.72,849.0,30.65,12.41,3.79,0.0
20231106:1410,604.25,722.8,26.42,12.54,4.21,0.0
20231106:1510,474.83,563.87,19.7,12.35,4.34,0.0
20231106:1610,235.4,289.66,11.18,12.18,4.07,0.0
20231106:1710,0.0,2.77,1.42,11.75,3.72,0.0
20231106:1810,0.0,0.0,0.0,11.24,3.03,0.0
20231106:1910,0.0,0.0,0.0,11.0,2.28,0.0
20231106:2010,0.0,0.0,0.0,10.16,1.86,0.0
20231106:2110,0.0,0.0,0.0,9.91,2.41,0.0
20231106:2210,0.0,0.0,0.0,10.19,3.24,0.0
20231106:2310,0.0,0.0,0.0,10.13,3.93,0.0
20231107:0010,0.0,0.0,0.0,10.18,4.69,0.0
20231107:0110,0.0,0.0,0.0,10.45,5.38,0.0
20231107:0210,0.0,0.0,0.0,10.48,4.48,0.0
20231107:0310,0.0,0.0,0.0,10.17,3.31,0.0
20231107:0410,0.0,0.0,0.0,10.13,2.41,0.0
20231107:0510,0.0,0.0,0.0,9.88,2.14,0.0
20231107:0610,0.0,0.0,0.0,9.76,1.79,0.0
20231107:0710,0.0,0.0,0.0,10.19,3.17,0.0
20231107:0810,8.01,20.31,8.33,10.23,2.97,0.0
20231107:0910,169.99,212.29,17.23,11.12,2.55,0.0
20231107:1010,39.94,62.77,24.49,12.04,2.69,0.0
20231107:1110,48.96,73.84,29.46,12.38,3.24,0.0
20231107:1210,513.87,617.93,31.52,12.81,3.24,0.0
20231107:1310,480.8,576.88,30.36,13.23,3.59,0.0
20231107:1410,121.57,159.17,26.15,13.27,3.52,0.0
20231107:1510,95.01,128.37,19.46,13.1,2.69,0.0
20231107:1610,176.71,223.39,10.96,12.96,2.76,0.0
20231107:1710,0.0,0.0,0.0,12.55,2.34,0.0
20231107:1810,0.0,0.0,0.0,12.12,2.55,0.0
20231107:1910,0.0,0.0,0.0,12.34,3.1,0.0
20231107:2010,0.0,0.0,0.0,12.27,3.45,0.0
20231107:2110,0.0,0.0,0.0,12.0,3.86,0.0
20231107:2210,0.0,0.0,0.0,11.95,4.28,0.0
20231107:2310,0.0,0.0,0.0,12.2,4.41,0.0
20231108:0010,0.0,0.0,0.0,12.24,4.76,0.0
20231108:0110,0.0,0.0,0.0,12.18,5.1,0.0
20231108:0210,0.0,0.0,0.0,12.04,5.79,0.0
20231108:0310,0.0,0.0,0.0,12.19,6.07,0.0
20231108:0410,0.0,0.0,0.0,12.27,6.41,0.0
20231108:0510,0.0,0.0,0.0,12.35,6.55,0.0
20231108:0610,0.0,0.0,0.0,12.42,6.83,0.0
20231108:0710,0.0,0.0,0.0,12.8,7.17,0.0
20231108:0810,13.55,28.61,8.1,12.83,7.52,0.0
20231108:0910,15.51,31.38,16.98,13.14,8.0,0.0
20231108:1010,117.66,154.04,24.22,13.52,7.93,0.0
20231108:1110,198.28,245.65,29.17,13.91,7.38,0.0
20231108:1210,46.35,71.08,31.23,14.26,6.76,0.0
20231108:1310,96.79,131.07,30.07,14.49,5.59,0.0
20231108:1410,34.29,56.31,25.89,14.77,4.48,0.0
20231108:1510,20.06,37.85,19.22,14.75,2.69,0.0
20231108:1610,2.87,12.0,10.75,14.71,1.38,0.0
20231108:1710,0.0,0.0,0.0,14.41,1.31,0.0
20231108:1810,0.0,0.0,0.0,14.16,1.79,0.0
20231108:1910,0.0,0.0,0.0,14.32,2.0,0.0
20231108:2010,0.0,0.0,0.0,14.25,2.9,0.0
20231108:2110,0.0,0.0,0.0,13.97,3.79,0.0
20231108:2210,0.0,0.0,0.0,13.56,4.34,0.0
20231108:2310,0.0,0.0,0.0,13.09,4.07,0.0
20231109:0010,0.0,0.0,0.0,12.78,3.38,0.0
20231109:0110,0.0,0.0,0.0,12.44,3.38,0.0
20231109:0210,0.0,0.0,0.0,12.03,3.17,0.0
20231109:0310,0.0,0.0,0.0,11.86,2.83,0.0
20231109:0410,0.0,0.0,0.0,11.66,2.07,0.0
20231109:0510,0.0,0.0,0.0,11.93,0.69,0.0
20231109:0610,0.0,0.0,0.0,11.87,0.55,0.0
20231109:0710,0.0,0.0,0.0,11.09,1.1,0.0
20231109:0810,63.51,92.34,7.86,11.21,1.03,0.0
20231109:0910,410.68,499.94,16.73,12.6,1.38,0.0
20231109:1010,119.68,157.31,23.95,13.52,2.55,0.0
20231109:1110,663.49,807.48,28.89,14.18,3.79,0.0
20231109:1210,701.61,855.95,30.94,14.36,4.14,0.0
20231109:1310,173.7,219.68,29.79,14.51,4.41,0.0
20231109:1410,80.95,112.61,25.63,14.41,4.34,0.0
20231109:1510,278.09,337.29,18.99,14.33,4.41,0.0
20231109:1610,72.95,103.07,10.54,14.07,4.0,0.0
20231109:1710,0.0,0.0,0.0,13.7,3.93,0.0
20231109:1810,0.0,0.0,0.0,13.44,4.21,0.0
20231109:1910,0.0,0.0,0.0,12.89,4.62,0.0
20231109:2010,0.0,0.0,0.0,12.73,4.41,0.0
20231109:2110,0.0,0.0,0.0,12.54,4.21,0.0
20231109:2210,0.0,0.0,0.0,12.78,4.0,0.0
20231109:2310,0.0,0.0,0.0,12.84,3.86,0.0
20231110:0010,0.0,0.0,0.0,12.72,3.38,0.0
20231110:0110,0.0,0.0,0.0,12.52,3.45,0.0
20231110:0210,0.0,0.0,0.0,12.42,3.66,0.0
20231110:0310,0.0,0.0,0.0,12.48,3.86,0.0
20231110:0410,0.0,0.0,0.0,12.41,3.1,0.0
20231110:0510,0.0,0.0,0.0,12.48,2.69,0.0
20231110:0610,0.0,0.0,0.0,12.51,2.21,0.0
20231110:0710,0.0,0.0,0.0,12.66,3.45,0.0
20231110:0810,79.45,112.26,7.63,12.71,2.62,0.0
20231110:0910,22.31,40.61,16.47,13.21,2.83,0.0
20231110:1010,92.92,126.23,23.68,13.73,3.93,0.0
20231110:1110,90.48,123.69,28.6,14.1,4.0,0.0
20231110:1210,22.2,40.61,30.65,14.27,4.14,0.0
20231110:1310,121.94,160.21,29.52,14.35,4.69,0.0
20231110:1410,48.57,73.84,25.38,14.35,5.66,0.0
20231110:1510,167.93,211.14,18.77,14.43,6.48,0.0
20231110:1610,20.12,37.85,10.34,14.47,6.76,0.0
20231110:1710,0.0,0.0,0.0,14.66,7.24,0.0
20231110:1810,0.0,0.0,0.0,15.02,6.28,0.0
20231110:1910,0.0,0.0,0.0,16.01,6.28,0.0
20231110:2010,0.0,0.0,0.0,16.21,6.34,0.0
20231110:2110,0.0,0.0,0.0,16.18,6.41,0.0
20231110:2210,0.0,0.0,0.0,16.25,6.69,0.0
20231110:2310,0.0,0.0,0.0,16.3,6.69,0.0
20231111:0010,0.0,0.0,0.0,16.33,6.48,0.0
20231111:0110,0.0,0.0,0.0,16.31,5.93,0.0
20231111:0210,0.0,0.0,0.0,16.24,5.03,0.0
20231111:0310,0.0,0.0,0.0,16.17,4.21,0.0
20231111:0410,0.0,0.0,0.0,16.14,3.86,0.0
20231111:0510,0.0,0.0,0.0,16.12,4.07,0.0
20231111:0610,0.0,0.0,0.0,16.17,4.76,0.0
20231111:0710,0.0,0.0,0.0,16.22,5.79,0.0
20231111:0810,4.91,15.69,7.4,16.3,5.86,0.0
20231111:0910,105.13,141.26,16.22,16.52,6.21,0.0
20231111:1010,31.09,52.61,23.41,16.78,7.17,0.0
20231111:1110,37.62,60.92,28.32,16.78,7.1,0.0
20231111:1210,100.61,136.61,30.37,16.76,7.59,0.0
20231111:1310,138.68,180.58,29.25,16.65,7.52,0.0
20231111:1410,139.05,180.6,25.13,16.63,7.72,0.0
20231111:1510,133.92,174.23,18.55,16.73,7.66,0.0
20231111:1610,29.28,50.28,10.15,16.76,7.31,0.0
20231111:1710,0.0,0.0,0.0,16.46,7.38,0.0
20231111:1810,0.0,0.0,0.0,16.3,7.24,0.0
20231111:1910,0.0,0.0,0.0,15.99,6.28,0.0
20231111:2010,0.0,0.0,0.0,16.02,5.31,0.0
20231111:2110,0.0,0.0,0.0,16.03,4.97,0.0
20231111:2210,0.0,0.0,0.0,15.88,4.69,0.0
20231111:2310,0.0,0.0,0.0,15.74,4.55,0.0
20231112:0010,0.0,0.0,0.0,15.66,4.21,0.0
20231112:0110,0.0,0.0,0.0,15.65,4.0,0.0
20231112:0210,0.0,0.0,0.0,15.6,4.0,0.0
20231112:0310,0.0,0.0,0.0,15.43,3.66,0.0
20231112:0410,0.0,0.0,0.0,15.36,3.52,0.0
20231112:0510,0.0,0.0,0.0,15.4,3.59,0.0
20231112:0610,0.0,0.0,0.0,15.36,3.59,0.0
20231112:0710,0.0,0.0,0.0,15.56,3.93,0.0
20231112:0810,19.87,37.83,7.17,15.73,4.0,0.0
20231112:0910,200.0,250.36,15.98,16.18,4.69,0.0
20231112:1010,160.28,205.19,23.15,16.56,5.17,0.0
20231112:1110,425.27,514.03,28.05,17.19,5.59,0.0
20231112:1210,567.63,688.65,30.1,17.49,5.66,0.0
20231112:1310,611.94,743.23,28.99,17.69,5.93,0.0
20231112:1410,296.71,362.59,24.89,17.87,6.62,0.0
20231112:1510,49.23,75.69,18.33,17.86,6.41,0.0
20231112:1610,29.9,51.28,9.96,17.7,6.28,0.0
20231112:1710,0.0,0.0,0.0,17.19,5.93,0.0
20231112:1810,0.0,0.0,0.0,16.94,5.86,0.0
20231112:1910,0.0,0.0,0.0,16.81,6.0,0.0
20231112:2010,0.0,0.0,0.0,16.57,6.0,0.0
20231112:2110,0.0,0.0,0.0,16.64,5.93,0.0
20231112:2210,0.0,0.0,0.0,16.74,6.0,0.0
20231112:2310,0.0,0.0,0.0,16.87,6.69,0.0
20231113:0010,0.0,0.0,0.0,16.88,7.03,0.0
20231113:0110,0.0,0.0,0.0,16.76,7.17,0.0
20231113:0210,0.0,0.0,0.0,16.68,7.38,0.0
20231113:0310,0.0,0.0,0.0,16.59,7.31,0.0
20231113:0410,0.0,0.0,0.0,16.52,7.31,0.0
20231113:0510,0.0,0.0,0.0,16.44,7.31,0.0
20231113:0610,0.0,0.0,0.0,16.36,6.69,0.0
20231113:0710,0.0,0.0,0.0,16.46,7.66,0.0
20231113:0810,0.64,7.38,6.94,16.47,7.03,0.0
20231113:0910,6.56,18.46,15.73,16.63,6.83,0.0
20231113:1010,36.14,59.08,22.89,16.86,7.03,0.0
20231113:1110,41.27,65.54,27.78,16.95,7.17,0.0
20231113:1210,38.31,61.84,29.83,17.06,7.24,0.0
20231113:1310,47.97,73.84,28.73,17.0,7.24,0.0
20231113:1410,32.51,54.46,24.65,16.91,7.24,0.0
20231113:1510,71.35,101.97,18.13,16.87,7.24,0.0
20231113:1610,68.83,99.1,9.77,16.75,7.03,0.0
20231113:1710,0.0,0.0,0.0,16.61,7.66,0.0
20231113:1810,0.0,0.0,0.0,16.51,7.52,0.0
20231113:1910,0.0,0.0,0.0,16.59,7.03,0.0
20231113:2010,0.0,0.0,0.0,16.52,7.03,0.0
20231113:2110,0.0,0.0,0.0,16.42,6.97,0.0
20231113:2210,0.0,0.0,0.0,16.36,7.17,0.0
20231113:2310,0.0,0.0,0.0,16.26,7.17,0.0
20231114:0010,0.0,0.0,0.0,16.09,7.03,0.0
20231114:0110,0.0,0.0,0.0,15.97,6.76,0.0
20231114:0210,0.0,0.0,0.0,15.86,6.62,0.0
20231114:0310,0.0,0.0,0.0,15.74,6.41,0.0
20231114:0410,0.0,0.0,0.0,15.69,6.41,0.0
20231114:0510,0.0,0.0,0.0,15.6,6.41,0.0
20231114:0610,0.0,0.0,0.0,15.57,6.28,0.0
20231114:0710,0.0,0.0,0.0,15.84,6.28,0.0
20231114:0810,16.61,33.4,6.71,15.94,6.28,0.0
20231114:0910,31.18,52.61,15.49,16.2,6.83,0.0
20231114:1010,82.25,114.87,22.63,16.53,6.76,0.0
20231114:1110,46.53,72.0,27.51,16.72,6.83,0.0
20231114:1210,41.2,65.54,29.56,17.28,6.9,0.0
20231114:1310,50.97,77.54,28.48,17.0,6.97,0.0
20231114:1410,17.83,35.08,24.43,16.9,6.14,0.0
20231114:1510,32.48,54.46,17.92,16.89,4.97,0.0
20231114:1610,27.95,48.62,9.6,16.77,3.45,0.0
20231114:1710,0.0,0.0,0.0,16.57,2.14,0.0
20231114:1810,0.0,0.0,0.0,16.42,1.24,0.0
20231114:1910,0.0,0.0,0.0,15.76,0.21,0.0
20231114:2010,0.0,0.0,0.0,15.68,0.14,0.0
20231114:2110,0.0,0.0,0.0,15.03,0.83,0.0
20231114:2210,0.0,0.0,0.0,14.4,1.1,0.0
20231114:2310,0.0,0.0,0.0,14.16,1.31,0.0
20231115:0010,0.0,0.0,0.0,14.06,1.38,0.0
20231115:0110,0.0,0.0,0.0,13.91,1.24,0.0
20231115:0210,0.0,0.0,0.0,13.73,1.38,0.0
20231115:0310,0.0,0.0,0.0,13.73,1.38,0.0
20231115:0410,0.0,0.0,0.0,13.76,1.31,0.0
20231115:0510,0.0,0.0,0.0,13.7,1.31,0.0
20231115:0610,0.0,0.0,0.0,14.2,1.52,0.0
20231115:0710,0.0,0.0,0.0,14.14,1.52,0.0
20231115:0810,79.36,113.71,6.49,14.6,1.93,0.0
20231115:0910,89.54,122.93,15.25,15.28,2.69,0.0
20231115:1010,98.99,134.78,22.38,16.37,3.24,0.0
20231115:1110,322.64,394.45,27.25,17.06,4.14,0.0
20231115:1210,113.45,152.59,29.3,17.73,4.76,0.0
20231115:1310,73.48,105.23,28.23,17.86,4.97,0.0
20231115:1410,43.28,68.31,24.2,17.77,5.52,0.0
20231115:1510,152.8,196.71,17.73,17.61,5.86,0.0
20231115:1610,167.15,215.49,9.43,17.22,5.1,0.0
20231115:1710,0.0,0.0,0.0,16.99,5.1,0.0
20231115:1810,0.0,0.0,0.0,16.68,4.9,0.0
20231115:1910,0.0,0.0,0.0,16.5,4.83,0.0
20231115:2010,0.0,0.0,0.0,16.36,5.17,0.0
20231115:2110,0.0,0.0,0.0,16.27,5.52,0.0
20231115:2210,0.0,0.0,0.0,16.15,5.38,0.0
20231115:2310,0.0,0.0,0.0,16.09,5.38,0.0
20231116:0010,0.0,0.0,0.0,16.09,5.17,0.0
20231116:0110,0.0,0.0,0.0,16.09,5.17,0.0
20231116:0210,0.0,0.0,0.0,16.12,5.72,0.0
20231116:0310,0.0,0.0,0.0,16.15,5.17,0.0
20231116:0410,0.0,0.0,0.0,16.2,4.9,0.0
20231116:0510,0.0,0.0,0.0,16.14,4.41,0.0
20231116:0610,0.0,0.0,0.0,16.08,3.1,0.0
20231116:0710,0.0,0.0,0.0,15.89,2.62,0.0
20231116:0810,86.18,122.62,6.27,15.53,2.34,0.0
20231116:0910,61.63,90.16,15.02,15.39,1.52,0.0
20231116:1010,105.61,142.82,22.13,15.74,0.9,0.0
20231116:1110,333.74,414.55,26.99,16.28,0.76,0.0
20231116:1210,611.31,781.3,29.04,16.76,0.76,0.0
20231116:1310,638.99,809.3,27.99,17.21,1.59,0.0
20231116:1410,407.02,501.89,23.99,17.15,1.86,0.0
20231116:1510,398.46,491.5,17.54,16.95,1.72,0.0
20231116:1610,165.86,215.12,9.26,16.55,1.66,0.0
20231116:1710,0.0,0.0,0.0,15.89,1.52,0.0
20231116:1810,0.0,0.0,0.0,14.6,1.24,0.0
20231116:1910,0.0,0.0,0.0,13.57,1.17,0.0
20231116:2010,0.0,0.0,0.0,12.95,1.31,0.0
20231116:2110,0.0,0.0,0.0,12.94,1.17,0.0
20231116:2210,0.0,0.0,0.0,13.32,0.9,0.0
20231116:2310,0.0,0.0,0.0,13.49,0.69,0.0
20231117:0010,0.0,0.0,0.0,13.01,0.69,0.0
20231117:0110,0.0,0.0,0.0,11.34,1.1,0.0
20231117:0210,0.0,0.0,0.0,10.67,1.52,0.0
20231117:0310,0.0,0.0,0.0,10.71,1.59,0.0
20231117:0410,0.0,0.0,0.0,10.59,1.45,0.0
20231117:0510,0.0,0.0,0.0,10.64,1.52,0.0
20231117:0610,0.0,0.0,0.0,11.02,1.59,0.0
20231117:0710,0.0,0.0,0.0,10.98,1.72,0.0
20231117:0810,34.04,56.12,6.05,11.27,1.72,0.0
20231117:0910,267.55,326.71,14.78,12.44,1.72,0.0
20231117:1010,494.51,603.74,21.88,13.81,1.66,0.0
20231117:1110,612.82,761.36,26.74,15.12,1.86,0.0
20231117:1210,675.58,846.89,28.79,15.99,2.21,0.0
20231117:1310,452.09,556.07,27.76,16.53,2.14,0.0
20231117:1410,116.82,156.32,23.77,16.84,2.0,0.0
20231117:1510,108.42,145.98,17.35,16.79,2.0,0.0
20231117:1610,8.92,22.15,9.1,16.24,1.79,0.0
20231117:1710,0.0,0.0,0.0,15.53,1.1,0.0
20231117:1810,0.0,0.0,0.0,14.34,0.76,0.0
20231117:1910,0.0,0.0,0.0,12.99,1.66,0.0
20231117:2010,0.0,0.0,0.0,12.74,2.0,0.0
20231117:2110,0.0,0.0,0.0,12.65,2.14,0.0
20231117:2210,0.0,0.0,0.0,12.53,1.93,0.0
20231117:2310,0.0,0.0,0.0,12.42,1.79,0.0
20231118:0010,0.0,0.0,0.0,12.4,1.66,0.0
20231118:0110,0.0,0.0,0.0,12.12,1.17,0.0
20231118:0210,0.0,0.0,0.0,11.56,1.1,0.0
20231118:0310,0.0,0.0,0.0,11.34,1.31,0.0
20231118:0410,0.0,0.0,0.0,11.25,1.66,0.0
20231118:0510,0.0,0.0,0.0,11.64,2.07,0.0
20231118:0610,0.0,0.0,0.0,11.69,2.34,0.0
20231118:0710,0.0,0.0,0.0,12.52,2.41,0.0
20231118:0810,19.76,37.49,5.83,12.71,2.55,0.0
20231118:0910,137.75,177.31,14.55,13.41,2.76,0.0
20231118:1010,163.63,207.73,21.64,14.43,3.1,0.0
20231118:1110,436.82,528.76,26.49,15.49,3.52,0.0
20231118:1210,597.76,729.97,28.55,16.31,4.0,0.0
20231118:1310,496.66,602.92,27.53,17.06,4.55,0.0
20231118:1410,144.05,187.39,23.57,17.23,4.41,0.0
20231118:1510,318.03,388.35,17.17,16.84,3.86,0.0
20231118:1610,219.4,277.18,8.95,16.26,3.31,0.0
20231118:1710,0.0,0.0,0.0,15.55,2.48,0.0
20231118:1810,0.0,0.0,0.0,14.89,2.0,0.0
20231118:1910,0.0,0.0,0.0,14.48,2.07,0.0
20231118:2010,0.0,0.0,0.0,14.26,1.86,0.0
20231118:2110,0.0,0.0,0.0,13.69,1.66,0.0
20231118:2210,0.0,0.0,0.0,13.11,1.59,0.0
20231118:2310,0.0,0.0,0.0,12.71,1.72,0.0
20231119:0010,0.0,0.0,0.0,12.64,1.72,0.0
20231119:0110,0.0,0.0,0.0,12.6,1.79,0.0
20231119:0210,0.0,0.0,0.0,12.55,1.79,0.0
20231119:0310,0.0,0.0,0.0,12.61,1.93,0.0
20231119:0410,0.0,0.0,0.0,12.78,2.07,0.0
20231119:0510,0.0,0.0,0.0,12.71,2.14,0.0
20231119:0610,0.0,0.0,0.0,12.64,2.28,0.0
20231119:0710,0.0,0.0,0.0,12.38,2.28,0.0
20231119:0810,39.68,63.77,5.62,12.26,2.28,0.0
20231119:0910,212.75,263.09,14.32,12.81,2.14,0.0
20231119:1010,514.08,627.51,21.4,13.91,1.86,0.0
20231119:1110,614.66,767.81,26.25,15.12,1.52,0.0
20231119:1210,675.25,866.03,28.31,16.33,1.03,0.0
20231119:1310,662.14,850.21,27.3,17.29,1.1,0.0
20231119:1410,574.73,720.01,23.37,17.78,1.86,0.0
20231119:1510,457.0,563.55,17.0,17.84,2.55,0.0
20231119:1610,220.18,280.39,8.8,17.47,2.55,0.0
20231119:1710,0.0,0.0,0.0,16.74,2.34,0.0
20231119:1810,0.0,0.0,0.0,15.74,2.28,0.0
20231119:1910,0.0,0.0,0.0,14.37,1.45,0.0
20231119:2010,0.0,0.0,0.0,13.55,1.52,0.0
20231119:2110,0.0,0.0,0.0,13.14,1.52,0.0
20231119:2210,0.0,0.0,0.0,12.51,1.59,0.0
20231119:2310,0.0,0.0,0.0,11.74,1.66,0.0
20231120:0010,0.0,0.0,0.0,10.88,1.86,0.0
20231120:0110,0.0,0.0,0.0,10.77,2.07,0.0
20231120:0210,0.0,0.0,0.0,10.88,2.28,0.0
20231120:0310,0.0,0.0,0.0,11.09,2.41,0.0
20231120:0410,0.0,0.0,0.0,11.4,2.76,0.0
20231120:0510,0.0,0.0,0.0,11.48,2.9,0.0
20231120:0610,0.0,0.0,0.0,11.49,3.03,0.0
20231120:0710,0.0,0.0,0.0,11.74,2.21,0.0
20231120:0810,47.06,73.09,5.4,11.8,2.69,0.0
20231120:0910,143.25,182.39,14.1,12.2,3.45,0.0
20231120:1010,529.79,630.91,21.17,13.25,4.62,0.0
20231120:1110,481.1,575.67,26.01,14.76,5.03,0.0
20231120:1210,718.95,876.57,28.08,15.63,5.03,0.0
20231120:1310,634.04,768.86,27.09,16.11,5.1,0.0
20231120:1410,566.37,683.65,23.18,16.21,5.03,0.0
20231120:1510,444.41,534.07,16.83,15.87,5.17,0.0
20231120:1610,214.91,269.16,8.66,15.08,5.24,0.0
20231120:1710,0.0,0.0,0.0,14.06,5.52,0.0
20231120:1810,0.0,0.0,0.0,12.93,6.07,0.0
20231120:1910,0.0,0.0,0.0,12.31,6.14,0.0
20231120:2010,0.0,0.0,0.0,11.72,6.07,0.0
20231120:2110,0.0,0.0,0.0,11.29,5.66,0.0
20231120:2210,0.0,0.0,0.0,10.89,4.97,0.0
20231120:2310,0.0,0.0,0.0,10.72,4.69,0.0
20231121:0010,0.0,0.0,0.0,10.54,4.55,0.0
20231121:0110,0.0,0.0,0.0,10.51,4.55,0.0
20231121:0210,0.0,0.0,0.0,10.33,4.34,0.0
20231121:0310,0.0,0.0,0.0,10.17,4.21,0.0
20231121:0410,0.0,0.0,0.0,10.09,4.07,0.0
20231121:0510,0.0,0.0,0.0,10.0,4.14,0.0
20231121:0610,0.0,0.0,0.0,9.93,4.34,0.0
20231121:0710,0.0,0.0,0.0,9.99,4.41,0.0
20231121:0810,125.99,167.99,5.19,9.8,4.28,0.0
20231121:0910,370.66,439.05,13.88,10.42,4.34,0.0
20231121:1010,542.92,637.36,20.94,11.28,5.66,0.0
20231121:1110,628.87,743.61,25.78,12.06,5.86,0.0
20231121:1210,684.07,814.02,27.85,12.66,6.0,0.0
20231121:1310,728.22,869.88,26.88,13.12,6.21,0.0
20231121:1410,638.14,757.0,22.99,13.26,6.28,0.0
20231121:1510,479.8,567.11,16.67,13.29,6.28,0.0
20231121:1610,60.93,88.3,8.52,12.88,5.72,0.0
20231121:1710,0.0,0.0,0.0,12.11,5.66,0.0
20231121:1810,0.0,0.0,0.0,11.32,5.38,0.0
20231121:1910,0.0,0.0,0.0,10.76,5.31,0.0
20231121:2010,0.0,0.0,0.0,10.51,5.17,0.0
20231121:2110,0.0,0.0,0.0,10.3,4.97,0.0
20231121:2210,0.0,0.0,0.0,10.08,4.76,0.0
20231121:2310,0.0,0.0,0.0,9.88,4.28,0.0
20231122:0010,0.0,0.0,0.0,9.64,4.14,0.0
20231122:0110,0.0,0.0,0.0,9.56,4.14,0.0
20231122:0210,0.0,0.0,0.0,9.53,3.79,0.0
20231122:0310,0.0,0.0,0.0,9.53,3.59,0.0
20231122:0410,0.0,0.0,0.0,9.52,3.72,0.0
20231122:0510,0.0,0.0,0.0,9.65,4.0,0.0
20231122:0610,0.0,0.0,0.0,9.81,4.34,0.0
20231122:0710,0.0,0.0,0.0,9.89,5.1,0.0
20231122:0810,119.42,160.51,4.99,10.18,5.31,0.0
20231122:0910,368.97,436.83,13.66,11.01,5.24,0.0
20231122:1010,554.16,651.48,20.71,12.06,6.14,0.0
20231122:1110,677.43,804.61,25.55,13.03,6.34,0.0
20231122:1210,737.92,884.15,27.63,13.83,6.41,0.0
20231122:1310,712.37,855.17,26.67,14.32,6.14,0.0
20231122:1410,617.06,737.2,22.81,14.61,5.93,0.0
20231122:1510,444.07,529.72,16.52,14.73,5.66,0.0
20231122:1610,127.39,166.9,8.39,14.5,5.24,0.0
20231122:1710,0.0,0.0,0.0,13.69,4.55,0.0
20231122:1810,0.0,0.0,0.0,12.82,4.34,0.0
20231122:1910,0.0,0.0,0.0,11.8,4.83,0.0
20231122:2010,0.0,0.0,0.0,11.18,4.9,0.0
20231122:2110,0.0,0.0,0.0,10.69,4.69,0.0
20231122:2210,0.0,0.0,0.0,10.19,4.07,0.0
20231122:2310,0.0,0.0,0.0,9.67,3.93,0.0
20231123:0010,0.0,0.0,0.0,9.29,3.79,0.0
20231123:0110,0.0,0.0,0.0,8.96,3.59,0.0
20231123:0210,0.0,0.0,0.0,8.64,3.31,0.0
20231123:0310,0.0,0.0,0.0,8.27,2.97,0.0
20231123:0410,0.0,0.0,0.0,7.87,2.69,0.0
20231123:0510,0.0,0.0,0.0,7.54,2.62,0.0
20231123:0610,0.0,0.0,0.0,7.31,2.76,0.0
20231123:0710,0.0,0.0,0.0,7.28,2.97,0.0
20231123:0810,64.78,93.82,4.78,7.27,2.97,0.0
20231123:0910,349.79,414.6,13.45,8.68,2.76,0.0
20231123:1010,528.28,633.98,20.49,11.27,2.34,0.0
20231123:1110,655.13,811.14,25.32,13.34,1.86,0.0
20231123:1210,690.16,872.31,27.41,14.69,1.45,0.0
20231123:1310,656.3,837.33,26.47,15.53,0.9,0.0
20231123:1410,587.56,743.67,22.64,15.96,0.76,0.0
20231123:1510,453.19,565.11,16.37,16.05,0.69,0.0
20231123:1610,231.71,294.78,8.27,15.76,0.69,0.0
20231123:1710,0.0,0.0,0.0,14.5,0.97,0.0
20231123:1810,0.0,0.0,0.0,14.03,0.83,0.0
20231123:1910,0.0,0.0,0.0,13.73,0.28,0.0
20231123:2010,0.0,0.0,0.0,13.06,0.34,0.0
20231123:2110,0.0,0.0,0.0,12.47,0.69,0.0
20231123:2210,0.0,0.0,0.0,11.33,1.17,0.0
20231123:2310,0.0,0.0,0.0,8.98,1.66,0.0
20231124:0010,0.0,0.0,0.0,7.42,2.14,0.0
20231124:0110,0.0,0.0,0.0,7.05,2.41,0.0
20231124:0210,0.0,0.0,0.0,6.98,2.55,0.0
20231124:0310,0.0,0.0,0.0,6.96,2.55,0.0
20231124:0410,0.0,0.0,0.0,6.84,2.41,0.0
20231124:0510,0.0,0.0,0.0,6.57,2.28,0.0
20231124:0610,0.0,0.0,0.0,6.18,2.14,0.0
20231124:0710,0.0,0.0,0.0,6.07,2.21,0.0
20231124:0810,106.58,143.61,4.58,5.94,2.14,0.0
20231124:0910,366.4,434.56,13.24,7.66,1.86,0.0
20231124:1010,540.92,654.44,20.27,10.38,1.38,0.0
20231124:1110,638.83,800.12,25.11,12.52,0.83,0.0
20231124:1210,673.71,868.53,27.2,13.94,0.28,0.0
20231124:1310,653.8,833.0,26.28,14.51,0.69,0.0
20231124:1410,594.5,747.43,22.47,14.71,0.83,0.0
20231124:1510,444.04,549.65,16.23,14.77,0.69,0.0
20231124:1610,222.63,282.54,8.15,14.67,0.55,0.0
20231124:1710,0.0,0.0,0.0,13.97,0.55,0.0
20231124:1810,0.0,0.0,0.0,13.54,0.55,0.0
20231124:1910,0.0,0.0,0.0,12.84,0.69,0.0
20231124:2010,0.0,0.0,0.0,12.11,0.83,0.0
20231124:2110,0.0,0.0,0.0,11.67,0.76,0.0
20231124:2210,0.0,0.0,0.0,11.12,0.83,0.0
20231124:2310,0.0,0.0,0.0,10.62,0.9,0.0
20231125:0010,0.0,0.0,0.0,10.34,1.1,0.0
20231125:0110,0.0,0.0,0.0,8.22,1.52,0.0
20231125:0210,0.0,0.0,0.0,6.27,1.93,0.0
20231125:0310,0.0,0.0,0.0,5.21,1.93,0.0
20231125:0410,0.0,0.0,0.0,4.9,2.07,0.0
20231125:0510,0.0,0.0,0.0,4.85,1.93,0.0
20231125:0610,0.0,0.0,0.0,5.16,1.86,0.0
20231125:0710,0.0,0.0,0.0,5.54,1.79,0.0
20231125:0810,103.42,140.19,4.38,5.95,2.0,0.0
20231125:0910,351.44,417.0,13.03,7.35,1.66,0.0
20231125:1010,481.74,577.59,20.06,9.34,1.24,0.0
20231125:1110,485.3,587.9,24.9,11.23,1.24,0.0
20231125:1210,692.58,867.74,27.0,12.76,1.38,0.0
20231125:1310,653.7,826.44,26.1,13.69,0.83,0.0
20231125:1410,579.76,718.39,22.31,13.98,1.31,0.0
20231125:1510,442.74,538.25,16.1,13.7,1.79,0.0
20231125:1610,83.31,115.23,8.04,13.04,1.79,0.0
20231125:1710,0.0,0.0,0.0,12.15,1.1,0.0
20231125:1810,0.0,0.0,0.0,11.4,0.48,0.0
20231125:1910,0.0,0.0,0.0,11.08,0.83,0.0
20231125:2010,0.0,0.0,0.0,10.73,0.97,0.0
20231125:2110,0.0,0.0,0.0,10.42,0.97,0.0
20231125:2210,0.0,0.0,0.0,10.03,0.9,0.0
20231125:2310,0.0,0.0,0.0,9.77,0.76,0.0
20231126:0010,0.0,0.0,0.0,9.43,1.03,0.0
20231126:0110,0.0,0.0,0.0,6.99,1.45,0.0
20231126:0210,0.0,0.0,0.0,5.96,1.59,0.0
20231126:0310,0.0,0.0,0.0,5.54,1.66,0.0
20231126:0410,0.0,0.0,0.0,5.66,1.72,0.0
20231126:0510,0.0,0.0,0.0,5.78,1.93,0.0
20231126:0610,0.0,0.0,0.0,6.13,1.79,0.0
20231126:0710,0.0,0.0,0.0,6.51,1.93,0.0
20231126:0810,10.48,23.96,4.19,6.62,1.93,0.0
20231126:0910,64.73,90.98,12.83,7.87,1.59,0.0
20231126:1010,114.17,148.65,19.85,9.77,1.31,0.0
20231126:1110,123.04,160.48,24.69,11.31,0.69,0.0
20231126:1210,114.29,151.35,26.8,12.43,0.48,0.0
20231126:1310,122.32,160.78,25.92,13.03,0.9,0.0
20231126:1410,111.45,147.94,22.16,13.18,1.03,0.0
20231126:1510,111.23,147.11,15.97,13.16,1.17,0.0
20231126:1610,74.96,105.44,7.94,12.87,1.03,0.0
20231126:1710,0.0,0.0,0.0,12.36,0.97,0.0
20231126:1810,0.0,0.0,0.0,11.44,0.76,0.0
20231126:1910,0.0,0.0,0.0,12.02,0.41,0.0
20231126:2010,0.0,0.0,0.0,11.78,0.48,0.0
20231126:2110,0.0,0.0,0.0,11.3,0.83,0.0
20231126:2210,0.0,0.0,0.0,10.4,1.03,0.0
20231126:2310,0.0,0.0,0.0,9.73,1.17,0.0
20231127:0010,0.0,0.0,0.0,9.81,1.31,0.0
20231127:0110,0.0,0.0,0.0,10.33,1.72,0.0
20231127:0210,0.0,0.0,0.0,10.95,2.0,0.0
20231127:0310,0.0,0.0,0.0,11.15,2.0,0.0
20231127:0410,0.0,0.0,0.0,11.19,2.21,0.0
20231127:0510,0.0,0.0,0.0,11.15,2.76,0.0
20231127:0610,0.0,0.0,0.0,11.35,2.9,0.0
20231127:0710,0.0,0.0,0.0,12.03,3.1,0.0
20231127:0810,8.4,21.35,4.0,12.33,3.38,0.0
20231127:0910,47.91,72.55,12.63,12.66,3.59,0.0
20231127:1010,119.4,155.96,19.65,13.07,3.72,0.0
20231127:1110,139.09,179.12,24.49,13.71,4.07,0.0
20231127:1210,139.25,179.78,26.61,14.09,4.21,0.0
20231127:1310,152.53,194.93,25.75,14.32,4.28,0.0
20231127:1410,27.09,47.08,22.01,14.5,3.66,0.0
20231127:1510,131.87,171.16,15.85,14.77,3.03,0.0
20231127:1610,16.04,32.31,7.84,14.3,1.93,0.0
20231127:1710,0.0,0.0,0.0,13.83,1.52,0.0
20231127:1810,0.0,0.0,0.0,13.29,1.59,0.0
20231127:1910,0.0,0.0,0.0,12.95,0.28,0.0
20231127:2010,0.0,0.0,0.0,12.6,0.62,0.0
20231127:2110,0.0,0.0,0.0,12.77,0.55,0.0
20231127:2210,0.0,0.0,0.0,12.05,0.83,0.0
20231127:2310,0.0,0.0,0.0,11.57,1.1,0.0
20231128:0010,0.0,0.0,0.0,11.52,1.31,0.0
20231128:0110,0.0,0.0,0.0,11.79,1.59,0.0
20231128:0210,0.0,0.0,0.0,12.11,2.07,0.0
20231128:0310,0.0,0.0,0.0,12.29,2.21,0.0
20231128:0410,0.0,0.0,0.0,12.38,2.07,0.0
20231128:0510,0.0,0.0,0.0,12.4,2.14,0.0
20231128:0610,0.0,0.0,0.0,12.4,2.28,0.0
20231128:0710,0.0,0.0,0.0,12.91,2.41,0.0
20231128:0810,47.12,74.58,3.81,12.95,2.83,0.0
20231128:0910,64.7,92.66,12.44,13.05,3.24,0.0
20231128:1010,30.89,51.69,19.45,13.16,3.59,0.0
20231128:1110,44.98,69.23,24.29,13.29,3.86,0.0
20231128:1210,84.41,116.31,26.43,13.57,4.07,0.0
20231128:1310,17.43,34.15,25.58,13.94,4.62,0.0
20231128:1410,29.31,49.85,21.87,14.09,4.21,0.0
20231128:1510,55.51,82.23,15.74,14.25,3.93,0.0
20231128:1610,22.56,41.12,7.75,14.34,4.0,0.0
20231128:1710,0.0,0.0,0.0,14.34,4.21,0.0
20231128:1810,0.0,0.0,0.0,14.26,4.48,0.0
20231128:1910,0.0,0.0,0.0,14.13,5.1,0.0
20231128:2010,0.0,0.0,0.0,14.03,4.9,0.0
20231128:2110,0.0,0.0,0.0,14.0,4.62,0.0
20231128:2210,0.0,0.0,0.0,14.05,4.34,0.0
20231128:2310,0.0,0.0,0.0,14.12,4.48,0.0
20231129:0010,0.0,0.0,0.0,14.17,4.48,0.0
20231129:0110,0.0,0.0,0.0,14.15,4.69,0.0
20231129:0210,0.0,0.0,0.0,13.95,4.69,0.0
20231129:0310,0.0,0.0,0.0,13.67,4.48,0.0
20231129:0410,0.0,0.0,0.0,13.74,4.69,0.0
20231129:0510,0.0,0.0,0.0,13.94,4.41,0.0
20231129:0610,0.0,0.0,0.0,14.03,4.48,0.0
20231129:0710,0.0,0.0,0.0,14.62,5.52,0.0
20231129:0810,7.99,20.91,3.63,14.65,5.24,0.0
20231129:0910,11.48,25.85,12.25,14.84,5.03,0.0
20231129:1010,17.34,34.15,19.26,15.03,5.52,0.0
20231129:1110,40.17,63.69,24.1,15.06,6.55,0.0
20231129:1210,86.28,119.07,26.25,15.19,6.21,0.0
20231129:1310,45.42,70.15,25.43,14.97,6.34,0.0
20231129:1410,43.19,67.38,21.74,14.84,5.93,0.0
20231129:1510,60.2,87.91,15.63,14.87,5.72,0.0
20231129:1610,31.36,52.59,7.66,14.73,5.45,0.0
20231129:1710,0.0,0.0,0.0,14.62,4.55,0.0
20231129:1810,0.0,0.0,0.0,14.25,3.59,0.0
20231129:1910,0.0,0.0,0.0,14.18,3.79,0.0
20231129:2010,0.0,0.0,0.0,13.98,3.45,0.0
20231129:2110,0.0,0.0,0.0,13.73,3.38,0.0
20231129:2210,0.0,0.0,0.0,13.49,3.52,0.0
20231129:2310,0.0,0.0,0.0,13.19,3.45,0.0
20231130:0010,0.0,0.0,0.0,12.79,2.83,0.0
20231130:0110,0.0,0.0,0.0,12.45,2.21,0.0
20231130:0210,0.0,0.0,0.0,12.18,1.72,0.0
20231130:0310,0.0,0.0,0.0,11.89,2.14,0.0
20231130:0410,0.0,0.0,0.0,11.74,2.9,0.0
20231130:0510,0.0,0.0,0.0,11.31,3.1,0.0
20231130:0610,0.0,0.0,0.0,11.01,2.83,0.0
20231130:0710,0.0,0.0,0.0,10.67,1.66,0.0
20231130:0810,0.0,2.77,3.44,10.42,1.86,0.0
20231130:0910,17.75,34.15,12.06,10.38,2.28,0.0
20231130:1010,30.6,50.77,19.08,10.25,2.76,0.0
20231130:1110,46.43,70.15,23.92,10.03,2.62,0.0
20231130:1210,58.04,84.0,26.08,9.88,2.0,0.0
20231130:1310,71.3,99.69,25.28,10.28,2.55,0.0
20231130:1410,223.58,271.33,21.61,10.56,3.03,0.0
20231130:1510,449.39,531.45,15.53,10.55,3.38,0.0
20231130:1610,32.16,52.76,7.58,10.36,3.03,0.0
20231130:1710,0.0,0.0,0.0,9.89,2.62,0.0
20231130:1810,0.0,0.0,0.0,9.5,2.41,0.0
20231130:1910,0.0,0.0,0.0,9.46,2.0,0.0
20231130:2010,0.0,0.0,0.0,8.94,1.72,0.0
20231130:2110,0.0,0.0,0.0,8.44,1.66,0.0
20231130:2210,0.0,0.0,0.0,8.23,1.52,0.0
20231130:2310,0.0,0.0,0.0,7.87,1.93,0.0
20231201:0010,0.0,0.0,0.0,7.65,2.62,0.0
20231201:0110,0.0,0.0,0.0,7.89,3.03,0.0
20231201:0210,0.0,0.0,0.0,8.2,3.52,0.0
20231201:0310,0.0,0.0,0.0,8.25,3.45,0.0
20231201:0410,0.0,0.0,0.0,8.38,2.69,0.0
20231201:0510,0.0,0.0,0.0,8.15,2.0,0.0
20231201:0610,0.0,0.0,0.0,7.8,1.52,0.0
20231201:0710,0.0,0.0,0.0,7.77,1.79,0.0
20231201:0810,0.0,2.77,3.27,7.59,1.86,0.0
20231201:0910,189.89,233.04,11.88,8.54,1.66,0.0
20231201:1010,426.07,506.95,18.89,9.96,2.0,0.0
20231201:1110,645.36,774.17,23.74,10.48,3.03,0.0
20231201:1210,690.69,829.65,25.92,10.93,3.66,0.0
20231201:1310,670.29,803.43,25.13,10.97,3.66,0.0
20231201:1410,310.72,370.15,21.49,11.12,3.66,0.0
20231201:1510,201.08,245.66,15.43,11.08,3.93,0.0
20231201:1610,113.2,148.12,7.51,10.49,3.79,0.0
20231201:1710,0.0,0.0,0.0,10.01,3.52,0.0
20231201:1810,0.0,0.0,0.0,9.6,3.24,0.0
20231201:1910,0.0,0.0,0.0,9.11,2.76,0.0
20231201:2010,0.0,0.0,0.0,8.82,2.55,0.0
20231201:2110,0.0,0.0,0.0,8.4,2.34,0.0
20231201:2210,0.0,0.0,0.0,7.72,2.0,0.0
20231201:2310,0.0,0.0,0.0,7.07,1.72,0.0
20231202:0010,0.0,0.0,0.0,7.36,1.31,0.0
20231202:0110,0.0,0.0,0.0,7.52,1.1,0.0
20231202:0210,0.0,0.0,0.0,7.6,1.03,0.0
20231202:0310,0.0,0.0,0.0,7.41,1.03,0.0
20231202:0410,0.0,0.0,0.0,6.67,1.24,0.0
20231202:0510,0.0,0.0,0.0,6.16,1.38,0.0
20231202:0610,0.0,0.0,0.0,5.98,1.52,0.0
20231202:0710,0.0,0.0,0.0,5.58,1.72,0.0
20231202:0810,58.15,86.78,3.1,5.49,1.79,0.0
20231202:0910,347.6,411.91,11.71,6.75,1.66,0.0
20231202:1010,535.86,640.17,18.72,8.03,1.38,0.0
20231202:1110,631.37,776.34,23.57,9.45,0.83,0.0
20231202:1210,655.99,826.26,25.76,10.26,0.21,0.0
20231202:1310,514.68,629.85,24.99,10.9,0.62,0.0
20231202:1410,577.5,709.38,21.38,11.15,0.9,0.0
20231202:1510,460.74,559.09,15.35,11.11,0.9,0.0
20231202:1610,265.96,328.62,7.45,10.96,0.97,0.0
20231202:1710,0.0,0.0,0.0,10.19,0.83,0.0
20231202:1810,0.0,0.0,0.0,10.13,0.28,0.0
20231202:1910,0.0,0.0,0.0,8.18,1.45,0.0
20231202:2010,0.0,0.0,0.0,7.24,1.79,0.0
20231202:2110,0.0,0.0,0.0,6.49,2.0,0.0
20231202:2210,0.0,0.0,0.0,6.37,2.41,0.0
20231202:2310,0.0,0.0,0.0,7.16,2.83,0.0
20231203:0010,0.0,0.0,0.0,7.46,3.1,0.0
20231203:0110,0.0,0.0,0.0,8.12,3.31,0.0
20231203:0210,0.0,0.0,0.0,8.56,3.38,0.0
20231203:0310,0.0,0.0,0.0,8.8,3.59,0.0
20231203:0410,0.0,0.0,0.0,8.82,3.79,0.0
20231203:0510,0.0,0.0,0.0,8.87,4.14,0.0
20231203:0610,0.0,0.0,0.0,9.18,4.48,0.0
20231203:0710,0.0,0.0,0.0,9.48,5.38,0.0
20231203:0810,3.06,12.15,2.93,9.74,6.0,0.0
20231203:0910,122.25,156.71,11.54,10.27,6.62,0.0
20231203:1010,119.84,154.41,18.55,10.89,6.69,0.0
20231203:1110,138.75,176.28,23.41,11.56,7.93,0.0
20231203:1210,73.52,102.46,25.61,11.7,7.93,0.0
20231203:1310,40.82,63.69,24.86,12.0,8.28,0.0
20231203:1410,21.79,39.69,21.27,12.03,8.34,0.0
20231203:1510,31.89,52.61,15.26,11.96,9.17,0.0
20231203:1610,3.44,12.92,7.39,11.88,9.66,0.0
20231203:1710,0.0,0.0,0.0,11.6,9.52,0.0
20231203:1810,0.0,0.0,0.0,11.62,9.66,0.0
20231203:1910,0.0,0.0,0.0,11.78,9.59,0.0
20231203:2010,0.0,0.0,0.0,12.08,8.55,0.0
20231203:2110,0.0,0.0,0.0,12.19,6.34,0.0
20231203:2210,0.0,0.0,0.0,12.41,5.31,0.0
20231203:2310,0.0,0.0,0.0,12.12,5.66,0.0
20231204:0010,0.0,0.0,0.0,11.99,6.0,0.0
20231204:0110,0.0,0.0,0.0,12.02,6.0,0.0
20231204:0210,0.0,0.0,0.0,11.82,5.45,0.0
20231204:0310,0.0,0.0,0.0,11.5,5.52,0.0
20231204:0410,0.0,0.0,0.0,11.08,5.31,0.0
20231204:0510,0.0,0.0,0.0,10.75,5.38,0.0
20231204:0610,0.0,0.0,0.0,10.51,4.62,0.0
20231204:0710,0.0,0.0,0.0,10.55,5.31,0.0
20231204:0810,2.58,11.28,2.76,10.34,4.76,0.0
20231204:0910,77.96,106.98,11.37,10.51,4.14,0.0
20231204:1010,19.78,36.92,18.38,10.96,4.21,0.0
20231204:1110,15.62,31.38,23.25,11.59,3.86,0.0
20231204:1210,18.3,35.08,25.46,11.97,4.0,0.0
20231204:1310,82.13,112.61,24.74,11.55,4.76,0.0
20231204:1410,53.0,78.46,21.18,11.88,4.97,0.0
20231204:1510,189.13,232.44,15.19,11.74,4.83,0.0
20231204:1610,150.31,191.02,7.33,11.35,4.41,0.0
20231204:1710,0.0,0.0,0.0,10.73,3.59,0.0
20231204:1810,0.0,0.0,0.0,10.18,2.76,0.0
20231204:1910,0.0,0.0,0.0,9.77,2.55,0.0
20231204:2010,0.0,0.0,0.0,8.95,2.21,0.0
20231204:2110,0.0,0.0,0.0,8.01,1.93,0.0
20231204:2210,0.0,0.0,0.0,7.13,2.14,0.0
20231204:2310,0.0,0.0,0.0,6.28,2.21,0.0
20231205:0010,0.0,0.0,0.0,5.77,2.28,0.0
20231205:0110,0.0,0.0,0.0,5.11,2.0,0.0
20231205:0210,0.0,0.0,0.0,4.72,1.86,0.0
20231205:0310,0.0,0.0,0.0,4.84,1.93,0.0
20231205:0410,0.0,0.0,0.0,4.9,2.07,0.0
20231205:0510,0.0,0.0,0.0,4.9,2.48,0.0
20231205:0610,0.0,0.0,0.0,4.84,2.55,0.0
20231205:0710,0.0,0.0,0.0,5.47,2.55,0.0
20231205:0810,3.15,12.15,2.6,5.36,3.03,0.0
20231205:0910,102.38,132.32,11.21,5.64,3.31,0.0
20231205:1010,279.78,328.64,18.22,6.62,3.24,0.0
20231205:1110,210.56,253.97,23.1,7.81,3.17,0.0
20231205:1210,259.45,310.04,25.33,8.81,3.1,0.0
20231205:1310,365.3,431.56,24.63,9.57,3.1,0.0
20231205:1410,151.72,190.55,21.09,9.93,2.76,0.0
20231205:1510,54.34,79.58,15.12,10.11,2.48,0.0
20231205:1610,15.74,31.38,7.29,10.04,2.41,0.0
20231205:1710,0.0,0.0,0.0,9.57,2.14,0.0
20231205:1810,0.0,0.0,0.0,8.59,1.45,0.0
20231205:1910,0.0,0.0,0.0,8.63,0.97,0.0
20231205:2010,0.0,0.0,0.0,7.89,1.17,0.0
20231205:2110,0.0,0.0,0.0,7.63,1.17,0.0
20231205:2210,0.0,0.0,0.0,6.11,1.45,0.0
20231205:2310,0.0,0.0,0.0,4.27,1.86,0.0
20231206:0010,0.0,0.0,0.0,4.07,1.72,0.0
20231206:0110,0.0,0.0,0.0,2.96,2.0,0.0
20231206:0210,0.0,0.0,0.0,2.51,2.0,0.0
20231206:0310,0.0,0.0,0.0,2.3,2.28,0.0
20231206:0410,0.0,0.0,0.0,2.23,2.28,0.0
20231206:0510,0.0,0.0,0.0,2.45,2.55,0.0
20231206:0610,0.0,0.0,0.0,2.58,2.48,0.0
20231206:0710,0.0,0.0,0.0,2.95,2.34,0.0
20231206:0810,0.55,6.94,2.45,3.66,2.41,0.0
20231206:0910,31.34,50.77,11.05,5.54,2.62,0.0
20231206:1010,37.65,59.08,18.07,8.29,2.69,0.0
20231206:1110,73.0,101.54,22.96,10.17,3.38,0.0
20231206:1210,100.99,134.38,25.2,11.34,3.66,0.0
20231206:1310,283.44,339.41,24.52,11.51,4.28,0.0
20231206:1410,321.64,382.44,21.0,11.8,4.48,0.0
20231206:1510,77.21,106.67,15.06,11.83,4.55,0.0
20231206:1610,59.87,86.7,7.25,11.86,4.76,0.0
20231206:1710,0.0,0.0,0.0,11.64,4.76,0.0
20231206:1810,0.0,0.0,0.0,11.58,5.03,0.0
20231206:1910,0.0,0.0,0.0,10.97,5.03,0.0
20231206:2010,0.0,0.0,0.0,11.35,5.79,0.0
20231206:2110,0.0,0.0,0.0,11.51,6.55,0.0
20231206:2210,0.0,0.0,0.0,11.42,7.17,0.0
20231206:2310,0.0,0.0,0.0,10.94,7.31,0.0
20231207:0010,0.0,0.0,0.0,10.18,7.31,0.0
20231207:0110,0.0,0.0,0.0,10.28,7.79,0.0
20231207:0210,0.0,0.0,0.0,10.48,8.28,0.0
20231207:0310,0.0,0.0,0.0,11.0,8.62,0.0
20231207:0410,0.0,0.0,0.0,11.58,8.62,0.0
20231207:0510,0.0,0.0,0.0,12.14,8.14,0.0
20231207:0610,0.0,0.0,0.0,12.37,8.0,0.0
20231207:0710,0.0,0.0,0.0,12.65,8.07,0.0
20231207:0810,0.0,1.74,2.3,13.01,7.45,0.0
20231207:0910,45.99,70.29,10.9,13.43,6.83,0.0
20231207:1010,18.81,36.0,17.92,13.85,6.0,0.0
20231207:1110,16.74,33.23,22.82,14.23,5.72,0.0
20231207:1210,42.49,66.46,25.08,14.48,4.9,0.0
20231207:1310,49.23,74.77,24.42,14.55,4.14,0.0
20231207:1410,31.42,52.61,20.92,14.45,3.93,0.0
20231207:1510,32.15,53.54,15.01,14.37,3.45,0.0
20231207:1610,31.49,52.68,7.22,14.19,3.17,0.0
20231207:1710,0.0,0.0,0.0,13.78,3.1,0.0
20231207:1810,0.0,0.0,0.0,13.39,3.38,0.0
20231207:1910,0.0,0.0,0.0,13.17,3.93,0.0
20231207:2010,0.0,0.0,0.0,12.79,4.28,0.0
20231207:2110,0.0,0.0,0.0,11.93,5.17,0.0
20231207:2210,0.0,0.0,0.0,11.21,5.72,0.0
20231207:2310,0.0,0.0,0.0,10.74,6.34,0.0
20231208:0010,0.0,0.0,0.0,10.79,4.83,0.0
20231208:0110,0.0,0.0,0.0,11.13,4.9,0.0
20231208:0210,0.0,0.0,0.0,10.78,5.1,0.0
20231208:0310,0.0,0.0,0.0,10.77,4.0,0.0
20231208:0410,0.0,0.0,0.0,10.85,3.17,0.0
20231208:0510,0.0,0.0,0.0,10.82,2.9,0.0
20231208:0610,0.0,0.0,0.0,10.56,2.48,0.0
20231208:0710,0.0,0.0,0.0,10.4,2.41,0.0
20231208:0810,0.0,1.74,2.15,10.11,2.34,0.0
20231208:0910,51.1,75.8,10.76,10.62,2.41,0.0
20231208:1010,532.64,643.32,17.78,11.94,2.07,0.0
20231208:1110,524.1,630.28,22.69,12.97,2.97,0.0
20231208:1210,599.39,719.87,24.96,13.55,4.21,0.0
20231208:1310,614.9,737.29,24.32,13.76,4.69,0.0
20231208:1410,160.36,202.66,20.85,13.74,4.41,0.0
20231208:1510,45.69,70.15,14.96,13.44,3.59,0.0
20231208:1610,27.36,47.14,7.19,12.99,4.07,0.0
20231208:1710,0.0,0.0,0.0,12.58,4.48,0.0
20231208:1810,0.0,0.0,0.0,12.46,4.83,0.0
20231208:1910,0.0,0.0,0.0,12.54,5.03,0.0
20231208:2010,0.0,0.0,0.0,12.68,5.72,0.0
20231208:2110,0.0,0.0,0.0,12.74,6.0,0.0
20231208:2210,0.0,0.0,0.0,12.94,6.62,0.0
20231208:2310,0.0,0.0,0.0,13.14,7.31,0.0
20231209:0010,0.0,0.0,0.0,13.42,7.45,0.0
20231209:0110,0.0,0.0,0.0,13.5,7.38,0.0
20231209:0210,0.0,0.0,0.0,13.76,7.17,0.0
20231209:0310,0.0,0.0,0.0,14.07,7.03,0.0
20231209:0410,0.0,0.0,0.0,14.33,6.62,0.0
20231209:0510,0.0,0.0,0.0,14.69,6.07,0.0
20231209:0610,0.0,0.0,0.0,14.75,5.86,0.0
20231209:0710,0.0,0.0,0.0,15.02,5.79,0.0
20231209:0810,0.0,4.34,2.01,15.19,5.72,0.0
20231209:0910,65.31,94.05,10.62,15.28,5.45,0.0
20231209:1010,28.39,48.92,17.65,15.59,5.93,0.0
20231209:1110,73.62,104.31,22.56,15.69,7.1,0.0
20231209:1210,93.75,127.93,24.85,15.65,6.9,0.0
20231209:1310,54.34,81.23,24.24,15.69,6.83,0.0
20231209:1410,12.07,26.77,20.79,15.53,5.38,0.0
20231209:1510,92.71,126.23,14.92,15.45,4.21,0.0
20231209:1610,74.49,105.5,7.17,15.31,3.45,0.0
20231209:1710,0.0,0.0,0.0,15.12,2.69,0.0
20231209:1810,0.0,0.0,0.0,15.0,2.21,0.0
20231209:1910,0.0,0.0,0.0,15.03,2.83,0.0
20231209:2010,0.0,0.0,0.0,15.02,3.03,0.0
20231209:2110,0.0,0.0,0.0,15.07,3.38,0.0
20231209:2210,0.0,0.0,0.0,15.07,3.72,0.0
20231209:2310,0.0,0.0,0.0,15.13,4.0,0.0
20231210:0010,0.0,0.0,0.0,15.13,4.21,0.0
20231210:0110,0.0,0.0,0.0,15.19,4.55,0.0
20231210:0210,0.0,0.0,0.0,15.25,4.83,0.0
20231210:0310,0.0,0.0,0.0,15.29,5.03,0.0
20231210:0410,0.0,0.0,0.0,15.3,5.31,0.0
20231210:0510,0.0,0.0,0.0,15.29,5.52,0.0
20231210:0610,0.0,0.0,0.0,15.27,5.79,0.0
20231210:0710,0.0,0.0,0.0,15.41,6.48,0.0
20231210:0810,0.0,0.87,1.87,15.35,6.62,0.0
20231210:0910,72.62,102.61,10.48,15.28,6.83,0.0
20231210:1010,93.88,127.56,17.52,15.45,6.55,0.0
20231210:1110,47.53,72.92,22.44,15.66,6.76,0.0
20231210:1210,96.05,130.71,24.75,15.82,7.03,0.0
20231210:1310,57.36,84.92,24.16,15.84,7.1,0.0
20231210:1410,183.2,229.56,20.74,15.96,7.1,0.0
20231210:1510,106.41,141.82,14.89,15.8,7.03,0.0
20231210:1610,4.92,15.69,7.16,15.72,6.76,0.0
20231210:1710,0.0,0.0,0.0,15.29,6.34,0.0
20231210:1810,0.0,0.0,0.0,15.2,6.34,0.0
20231210:1910,0.0,0.0,0.0,15.3,6.76,0.0
20231210:2010,0.0,0.0,0.0,15.15,6.9,0.0
20231210:2110,0.0,0.0,0.0,15.16,6.9,0.0
20231210:2210,0.0,0.0,0.0,15.12,6.9,0.0
20231210:2310,0.0,0.0,0.0,14.93,6.34,0.0
20231211:0010,0.0,0.0,0.0,14.91,6.34,0.0
20231211:0110,0.0,0.0,0.0,14.86,5.86,0.0
20231211:0210,0.0,0.0,0.0,14.79,5.72,0.0
20231211:0310,0.0,0.0,0.0,14.76,5.72,0.0
20231211:0410,0.0,0.0,0.0,14.72,5.66,0.0
20231211:0510,0.0,0.0,0.0,14.61,5.66,0.0
20231211:0610,0.0,0.0,0.0,14.59,5.79,0.0
20231211:0710,0.0,0.0,0.0,14.78,5.93,0.0
20231211:0810,0.0,0.87,1.74,14.67,5.93,0.0
20231211:0910,17.38,34.15,10.35,14.65,5.93,0.0
20231211:1010,50.78,76.61,17.39,14.69,6.21,0.0
20231211:1110,38.02,60.92,22.33,14.68,6.83,0.0
20231211:1210,131.18,170.57,24.66,15.12,7.24,0.0
20231211:1310,83.13,115.38,24.09,15.4,7.59,0.0
20231211:1410,41.56,65.54,20.69,15.59,7.52,0.0
20231211:1510,13.34,28.61,14.87,15.64,7.03,0.0
20231211:1610,41.46,65.42,7.15,15.55,6.76,0.0
20231211:1710,0.0,0.0,0.0,15.27,6.55,0.0
20231211:1810,0.0,0.0,0.0,15.06,6.62,0.0
20231211:1910,0.0,0.0,0.0,15.03,6.69,0.0
20231211:2010,0.0,0.0,0.0,15.04,6.55,0.0
20231211:2110,0.0,0.0,0.0,14.97,6.41,0.0
20231211:2210,0.0,0.0,0.0,14.9,6.28,0.0
20231211:2310,0.0,0.0,0.0,14.86,6.0,0.0
20231212:0010,0.0,0.0,0.0,14.78,6.07,0.0
20231212:0110,0.0,0.0,0.0,14.67,5.93,0.0
20231212:0210,0.0,0.0,0.0,14.54,5.31,0.0
20231212:0310,0.0,0.0,0.0,14.55,4.76,0.0
20231212:0410,0.0,0.0,0.0,14.51,4.21,0.0
20231212:0510,0.0,0.0,0.0,14.1,4.07,0.0
20231212:0610,0.0,0.0,0.0,13.63,3.45,0.0
20231212:0710,0.0,0.0,0.0,13.02,2.21,0.0
20231212:0810,0.0,0.87,1.61,12.92,2.76,0.0
20231212:0910,8.49,21.23,10.23,12.88,3.24,0.0
20231212:1010,24.47,43.38,17.28,12.89,3.79,0.0
20231212:1110,32.39,53.54,22.23,13.0,4.21,0.0
20231212:1210,77.58,108.0,24.57,13.04,4.62,0.0
20231212:1310,102.48,136.94,24.02,13.29,4.83,0.0
20231212:1410,92.43,125.16,20.65,13.27,4.97,0.0
20231212:1510,59.32,86.43,14.85,13.38,3.86,0.0
20231212:1610,6.13,17.54,7.15,13.08,4.48,0.0
20231212:1710,0.0,0.0,0.0,12.3,4.48,0.0
20231212:1810,0.0,0.0,0.0,12.02,3.93,0.0
20231212:1910,0.0,0.0,0.0,11.56,4.21,0.0
20231212:2010,0.0,0.0,0.0,11.44,3.72,0.0
20231212:2110,0.0,0.0,0.0,11.09,4.0,0.0
20231212:2210,0.0,0.0,0.0,10.83,3.72,0.0
20231212:2310,0.0,0.0,0.0,10.89,3.52,0.0
20231213:0010,0.0,0.0,0.0,10.72,4.0,0.0
20231213:0110,0.0,0.0,0.0,10.31,4.76,0.0
20231213:0210,0.0,0.0,0.0,10.15,4.34,0.0
20231213:0310,0.0,0.0,0.0,10.08,4.07,0.0
20231213:0410,0.0,0.0,0.0,9.66,3.72,0.0
20231213:0510,0.0,0.0,0.0,9.22,3.72,0.0
20231213:0610,0.0,0.0,0.0,9.07,3.45,0.0
20231213:0710,0.0,0.0,0.0,9.34,3.52,0.0
20231213:0810,0.0,0.87,1.49,9.64,3.45,0.0
20231213:0910,286.57,343.83,10.11,9.98,3.59,0.0
20231213:1010,482.77,572.16,17.17,10.78,3.24,0.0
20231213:1110,68.72,96.92,22.13,11.18,3.59,0.0
20231213:1210,575.89,683.26,24.49,11.71,4.48,0.0
20231213:1310,679.17,810.96,23.96,11.9,4.69,0.0
20231213:1410,387.87,458.97,20.62,12.21,4.76,0.0
20231213:1510,117.58,152.48,14.84,11.96,4.83,0.0
20231213:1610,25.42,44.4,7.15,11.71,4.21,0.0
20231213:1710,0.0,0.0,0.0,11.16,3.66,0.0
20231213:1810,0.0,0.0,0.0,10.63,3.31,0.0
20231213:1910,0.0,0.0,0.0,10.2,3.31,0.0
20231213:2010,0.0,0.0,0.0,10.08,3.31,0.0
20231213:2110,0.0,0.0,0.0,9.78,2.97,0.0
20231213:2210,0.0,0.0,0.0,9.42,2.69,0.0
20231213:2310,0.0,0.0,0.0,9.02,2.41,0.0
20231214:0010,0.0,0.0,0.0,8.86,2.14,0.0
20231214:0110,0.0,0.0,0.0,8.49,2.0,0.0
20231214:0210,0.0,0.0,0.0,8.13,2.28,0.0
20231214:0310,0.0,0.0,0.0,8.14,2.48,0.0
20231214:0410,0.0,0.0,0.0,8.25,2.34,0.0
20231214:0510,0.0,0.0,0.0,8.23,2.14,0.0
20231214:0610,0.0,0.0,0.0,7.98,2.0,0.0
20231214:0710,0.0,0.0,0.0,8.55,2.83,0.0
20231214:0810,0.0,3.47,1.37,8.66,2.69,0.0
20231214:0910,290.71,348.71,10.0,8.98,2.48,0.0
20231214:1010,481.49,570.09,17.06,10.07,2.9,0.0
20231214:1110,622.92,743.43,22.04,10.93,3.52,0.0
20231214:1210,643.95,775.74,24.42,11.57,3.17,0.0
20231214:1310,658.68,796.39,23.92,12.04,3.17,0.0
20231214:1410,576.23,690.11,20.59,12.33,3.45,0.0
20231214:1510,423.68,503.98,14.83,12.51,3.86,0.0
20231214:1610,218.95,270.96,7.17,12.37,3.72,0.0
20231214:1710,0.0,0.0,0.0,11.63,3.45,0.0
20231214:1810,0.0,0.0,0.0,10.75,3.24,0.0
20231214:1910,0.0,0.0,0.0,10.56,3.52,0.0
20231214:2010,0.0,0.0,0.0,9.91,3.24,0.0
20231214:2110,0.0,0.0,0.0,9.36,3.1,0.0
20231214:2210,0.0,0.0,0.0,8.83,3.17,0.0
20231214:2310,0.0,0.0,0.0,8.4,3.24,0.0
20231215:0010,0.0,0.0,0.0,8.07,3.17,0.0
20231215:0110,0.0,0.0,0.0,7.76,3.24,0.0
20231215:0210,0.0,0.0,0.0,7.53,3.31,0.0
20231215:0310,0.0,0.0,0.0,7.42,3.45,0.0
20231215:0410,0.0,0.0,0.0,7.32,3.52,0.0
20231215:0510,0.0,0.0,0.0,7.17,3.52,0.0
20231215:0610,0.0,0.0,0.0,7.01,3.38,0.0
20231215:0710,0.0,0.0,0.0,7.03,3.38,0.0
20231215:0810,0.0,0.0,0.0,6.82,3.52,0.0
20231215:0910,299.55,355.15,9.89,7.43,3.38,0.0
20231215:1010,498.76,588.2,16.97,9.43,3.1,0.0
20231215:1110,635.36,767.87,21.96,11.64,2.76,0.0
20231215:1210,656.41,808.39,24.36,13.33,2.21,0.0
20231215:1310,654.25,816.69,23.87,14.38,1.66,0.0
20231215:1410,584.39,729.49,20.57,14.98,1.17,0.0
20231215:1510,435.58,536.25,14.83,15.2,1.17,0.0
20231215:1610,202.94,257.56,7.19,15.01,1.24,0.0
20231215:1710,0.0,0.0,0.0,13.68,1.45,0.0
20231215:1810,0.0,0.0,0.0,11.16,1.72,0.0
20231215:1910,0.0,0.0,0.0,9.58,1.86,0.0
20231215:2010,0.0,0.0,0.0,8.08,2.07,0.0
20231215:2110,0.0,0.0,0.0,7.11,2.28,0.0
20231215:2210,0.0,0.0,0.0,6.58,2.48,0.0
20231215:2310,0.0,0.0,0.0,6.35,2.55,0.0
20231216:0010,0.0,0.0,0.0,6.22,2.62,0.0
20231216:0110,0.0,0.0,0.0,6.05,2.69,0.0
20231216:0210,0.0,0.0,0.0,5.89,2.83,0.0
20231216:0310,0.0,0.0,0.0,5.75,2.9,0.0
20231216:0410,0.0,0.0,0.0,5.55,2.76,0.0
20231216:0510,0.0,0.0,0.0,5.19,2.69,0.0
20231216:0610,0.0,0.0,0.0,4.86,2.76,0.0
20231216:0710,0.0,0.0,0.0,4.44,2.69,0.0
20231216:0810,0.0,0.0,0.0,4.29,2.76,0.0
20231216:0910,326.61,382.9,9.79,4.9,2.83,0.0
20231216:1010,515.86,603.29,16.88,6.81,2.76,0.0
20231216:1110,653.34,787.04,21.88,9.5,2.34,0.0
20231216:1210,659.04,809.27,24.3,11.77,1.93,0.0
20231216:1310,664.79,830.66,23.84,13.23,1.38,0.0
20231216:1410,599.31,750.89,20.56,13.96,0.83,0.0
20231216:1510,444.74,548.2,14.84,14.17,0.76,0.0
20231216:1610,231.66,290.8,7.21,13.86,0.97,0.0
20231216:1710,0.0,0.0,0.0,12.25,1.17,0.0
20231216:1810,0.0,0.0,0.0,10.19,1.45,0.0
20231216:1910,0.0,0.0,0.0,9.13,1.45,0.0
20231216:2010,0.0,0.0,0.0,7.81,1.59,0.0
20231216:2110,0.0,0.0,0.0,6.44,1.72,0.0
20231216:2210,0.0,0.0,0.0,5.15,1.86,0.0
20231216:2310,0.0,0.0,0.0,4.16,2.0,0.0
20231217:0010,0.0,0.0,0.0,3.53,2.14,0.0
20231217:0110,0.0,0.0,0.0,3.42,2.14,0.0
20231217:0210,0.0,0.0,0.0,3.53,2.07,0.0
20231217:0310,0.0,0.0,0.0,3.79,2.21,0.0
20231217:0410,0.0,0.0,0.0,3.76,2.28,0.0
20231217:0510,0.0,0.0,0.0,3.64,2.28,0.0
20231217:0610,0.0,0.0,0.0,3.57,2.28,0.0
20231217:0710,0.0,0.0,0.0,3.21,2.21,0.0
20231217:0810,0.0,0.0,0.0,2.87,2.21,0.0
20231217:0910,309.95,363.92,9.69,3.95,2.0,0.0
20231217:1010,490.84,579.77,16.79,6.86,1.59,0.0
20231217:1110,622.24,763.4,21.81,10.22,1.1,0.0
20231217:1210,648.69,813.37,24.25,12.04,0.76,0.0
20231217:1310,664.85,836.1,23.81,12.9,0.97,0.0
20231217:1410,604.76,750.64,20.56,13.2,1.17,0.0
20231217:1510,448.06,547.04,14.86,13.07,1.1,0.0
20231217:1610,230.24,287.38,7.24,12.62,0.97,0.0
20231217:1710,0.0,0.0,0.0,11.44,0.62,0.0
20231217:1810,0.0,0.0,0.0,11.12,0.21,0.0
20231217:1910,0.0,0.0,0.0,10.02,0.76,0.0
20231217:2010,0.0,0.0,0.0,8.44,1.24,0.0
20231217:2110,0.0,0.0,0.0,6.54,1.52,0.0
20231217:2210,0.0,0.0,0.0,5.2,1.79,0.0
20231217:2310,0.0,0.0,0.0,4.23,1.86,0.0
20231218:0010,0.0,0.0,0.0,3.17,1.93,0.0
20231218:0110,0.0,0.0,0.0,2.81,1.79,0.0
20231218:0210,0.0,0.0,0.0,2.67,1.86,0.0
20231218:0310,0.0,0.0,0.0,3.32,1.79,0.0
20231218:0410,0.0,0.0,0.0,3.25,1.93,0.0
20231218:0510,0.0,0.0,0.0,3.53,2.14,0.0
20231218:0610,0.0,0.0,0.0,3.31,1.93,0.0
20231218:0710,0.0,0.0,0.0,3.29,1.72,0.0
20231218:0810,0.0,0.0,0.0,2.97,1.86,0.0
20231218:0910,309.11,362.63,9.61,3.34,1.72,0.0
20231218:1010,471.91,554.4,16.71,5.85,1.52,0.0
20231218:1110,623.59,754.54,21.75,8.2,1.31,0.0
20231218:1210,652.7,804.37,24.21,9.99,1.1,0.0
20231218:1310,661.93,827.13,23.8,11.02,0.76,0.0
20231218:1410,576.09,706.32,20.56,11.4,1.1,0.0
20231218:1510,374.89,451.65,14.88,11.28,1.24,0.0
20231218:1610,188.69,236.15,7.28,10.83,1.1,0.0
20231218:1710,0.0,0.0,0.0,9.89,1.24,0.0
20231218:1810,0.0,0.0,0.0,8.28,1.1,0.0
20231218:1910,0.0,0.0,0.0,7.24,1.1,0.0
20231218:2010,0.0,0.0,0.0,6.41,1.24,0.0
20231218:2110,0.0,0.0,0.0,5.54,1.38,0.0
20231218:2210,0.0,0.0,0.0,5.04,1.45,0.0
20231218:2310,0.0,0.0,0.0,4.22,1.38,0.0
20231219:0010,0.0,0.0,0.0,3.07,1.31,0.0
20231219:0110,0.0,0.0,0.0,2.3,1.38,0.0
20231219:0210,0.0,0.0,0.0,1.84,1.45,0.0
20231219:0310,0.0,0.0,0.0,2.12,1.59,0.0
20231219:0410,0.0,0.0,0.0,2.49,1.79,0.0
20231219:0510,0.0,0.0,0.0,2.66,2.0,0.0
20231219:0610,0.0,0.0,0.0,2.61,2.14,0.0
20231219:0710,0.0,0.0,0.0,2.48,1.72,0.0
20231219:0810,0.0,0.0,0.0,2.28,1.86,0.0
20231219:0910,298.4,350.17,9.52,3.08,1.66,0.0
20231219:1010,476.59,558.71,16.64,5.32,1.45,0.0
20231219:1110,602.32,727.54,21.69,7.44,0.97,0.0
20231219:1210,624.91,769.16,24.18,8.96,0.62,0.0
20231219:1310,335.74,404.67,23.78,9.8,0.55,0.0
20231219:1410,570.0,703.21,20.57,10.27,0.34,0.0
20231219:1510,381.68,462.06,14.91,10.56,0.41,0.0
20231219:1610,52.55,77.77,7.33,10.51,0.41,0.0
20231219:1710,0.0,0.0,0.0,10.4,0.62,0.0
20231219:1810,0.0,0.0,0.0,10.09,1.1,0.0
20231219:1910,0.0,0.0,0.0,10.2,2.34,0.0
20231219:2010,0.0,0.0,0.0,10.24,2.76,0.0
20231219:2110,0.0,0.0,0.0,10.38,2.76,0.0
20231219:2210,0.0,0.0,0.0,10.64,2.21,0.0
20231219:2310,0.0,0.0,0.0,10.57,0.76,0.0
20231220:0010,0.0,0.0,0.0,10.68,1.93,0.0
20231220:0110,0.0,0.0,0.0,10.75,3.66,0.0
20231220:0210,0.0,0.0,0.0,10.89,5.24,0.0
20231220:0310,0.0,0.0,0.0,10.83,5.86,0.0
20231220:0410,0.0,0.0,0.0,10.56,6.21,0.0
20231220:0510,0.0,0.0,0.0,10.31,6.48,0.0
20231220:0610,0.0,0.0,0.0,10.02,6.48,0.0
20231220:0710,0.0,0.0,0.0,9.65,6.28,0.0
20231220:0810,0.0,0.0,0.0,9.39,6.0,0.0
20231220:0910,269.77,322.17,9.45,9.3,5.66,0.0
20231220:1010,468.06,546.23,16.58,9.75,5.03,0.0
20231220:1110,613.78,720.93,21.65,10.41,5.17,0.0
20231220:1210,463.66,543.34,24.15,11.26,5.79,0.0
20231220:1310,483.5,567.24,23.78,11.79,6.07,0.0
20231220:1410,411.83,484.13,20.59,12.02,5.93,0.0
20231220:1510,427.44,502.34,14.95,11.95,5.93,0.0
20231220:1610,226.79,277.64,7.38,11.78,5.66,0.0
20231220:1710,0.0,0.0,0.0,11.11,5.1,0.0
20231220:1810,0.0,0.0,0.0,10.41,4.76,0.0
20231220:1910,0.0,0.0,0.0,9.67,4.41,0.0
20231220:2010,0.0,0.0,0.0,9.29,4.41,0.0
20231220:2110,0.0,0.0,0.0,9.09,4.28,0.0
20231220:2210,0.0,0.0,0.0,9.07,3.93,0.0
20231220:2310,0.0,0.0,0.0,9.02,3.31,0.0
20231221:0010,0.0,0.0,0.0,8.91,2.76,0.0
20231221:0110,0.0,0.0,0.0,8.75,2.62,0.0
20231221:0210,0.0,0.0,0.0,8.91,2.55,0.0
20231221:0310,0.0,0.0,0.0,9.03,2.83,0.0
20231221:0410,0.0,0.0,0.0,9.18,3.52,0.0
20231221:0510,0.0,0.0,0.0,9.18,3.45,0.0
20231221:0610,0.0,0.0,0.0,9.33,3.38,0.0
20231221:0710,0.0,0.0,0.0,9.11,3.59,0.0
20231221:0810,0.0,0.0,0.0,9.11,3.31,0.0
20231221:0910,138.99,175.98,9.38,9.28,3.1,0.0
20231221:1010,367.84,434.16,16.52,10.09,3.45,0.0
20231221:1110,274.2,328.01,21.61,11.06,4.14,0.0
20231221:1210,464.87,549.86,24.13,11.93,4.48,0.0
20231221:1310,567.57,673.96,23.79,12.78,5.03,0.0
20231221:1410,324.93,387.83,20.62,13.13,4.97,0.0
20231221:1510,163.87,205.47,14.99,13.33,4.9,0.0
20231221:1610,167.08,211.2,7.44,13.22,4.48,0.0
20231221:1710,0.0,0.0,0.0,12.64,4.34,0.0
20231221:1810,0.0,0.0,0.0,12.09,4.69,0.0
20231221:1910,0.0,0.0,0.0,11.55,4.9,0.0
20231221:2010,0.0,0.0,0.0,10.94,4.83,0.0
20231221:2110,0.0,0.0,0.0,10.22,4.55,0.0
20231221:2210,0.0,0.0,0.0,9.65,4.55,0.0
20231221:2310,0.0,0.0,0.0,9.34,4.62,0.0
20231222:0010,0.0,0.0,0.0,9.14,4.62,0.0
20231222:0110,0.0,0.0,0.0,8.91,4.55,0.0
20231222:0210,0.0,0.0,0.0,8.83,4.48,0.0
20231222:0310,0.0,0.0,0.0,8.83,4.55,0.0
20231222:0410,0.0,0.0,0.0,8.76,4.69,0.0
20231222:0510,0.0,0.0,0.0,8.69,4.97,0.0
20231222:0610,0.0,0.0,0.0,8.7,5.03,0.0
20231222:0710,0.0,0.0,0.0,9.19,5.52,0.0
20231222:0810,0.0,0.0,0.0,9.11,5.31,0.0
20231222:0910,296.86,353.58,9.31,9.15,4.97,0.0
20231222:1010,502.15,587.49,16.47,9.95,4.9,0.0
20231222:1110,620.36,732.63,21.58,10.83,4.83,0.0
20231222:1210,670.5,799.36,24.12,11.85,4.83,0.0
20231222:1310,687.5,824.53,23.8,12.69,4.76,0.0
20231222:1410,616.0,736.13,20.65,13.25,4.76,0.0
20231222:1510,466.33,554.78,15.04,13.46,4.76,0.0
20231222:1610,253.81,311.17,7.5,13.1,4.48,0.0
20231222:1710,0.0,0.0,0.0,12.02,4.07,0.0
20231222:1810,0.0,0.0,0.0,10.86,4.0,0.0
20231222:1910,0.0,0.0,0.0,10.12,4.28,0.0
20231222:2010,0.0,0.0,0.0,9.36,4.07,0.0
20231222:2110,0.0,0.0,0.0,8.72,4.0,0.0
20231222:2210,0.0,0.0,0.0,8.08,4.07,0.0
20231222:2310,0.0,0.0,0.0,7.59,4.14,0.0
20231223:0010,0.0,0.0,0.0,7.16,4.21,0.0
20231223:0110,0.0,0.0,0.0,6.85,4.14,0.0
20231223:0210,0.0,0.0,0.0,6.55,4.0,0.0
20231223:0310,0.0,0.0,0.0,6.29,4.0,0.0
20231223:0410,0.0,0.0,0.0,6.14,3.93,0.0
20231223:0510,0.0,0.0,0.0,5.99,3.93,0.0
20231223:0610,0.0,0.0,0.0,5.84,3.93,0.0
20231223:0710,0.0,0.0,0.0,6.06,3.86,0.0
20231223:0810,0.0,0.0,0.0,5.94,3.86,0.0
20231223:0910,295.79,349.38,9.25,6.34,3.72,0.0
20231223:1010,508.14,594.77,16.43,8.09,3.38,0.0
20231223:1110,632.1,756.1,21.55,10.23,3.03,0.0
20231223:1210,678.87,827.85,24.12,11.9,2.62,0.0
20231223:1310,672.1,830.07,23.82,13.03,2.07,0.0
20231223:1410,599.36,740.15,20.69,13.72,1.59,0.0
20231223:1510,459.23,561.7,15.1,14.02,1.38,0.0
20231223:1610,247.06,308.48,7.57,13.89,1.1,0.0
20231223:1710,0.0,0.0,0.0,12.72,0.83,0.0
20231223:1810,0.0,0.0,0.0,10.64,1.31,0.0
20231223:1910,0.0,0.0,0.0,8.04,2.28,0.0
20231223:2010,0.0,0.0,0.0,7.36,2.76,0.0
20231223:2110,0.0,0.0,0.0,7.2,2.97,0.0
20231223:2210,0.0,0.0,0.0,6.89,2.9,0.0
20231223:2310,0.0,0.0,0.0,6.24,2.41,0.0
20231224:0010,0.0,0.0,0.0,5.48,2.07,0.0
20231224:0110,0.0,0.0,0.0,4.95,2.34,0.0
20231224:0210,0.0,0.0,0.0,4.7,2.55,0.0
20231224:0310,0.0,0.0,0.0,4.47,2.34,0.0
20231224:0410,0.0,0.0,0.0,4.15,2.0,0.0
20231224:0510,0.0,0.0,0.0,4.01,1.93,0.0
20231224:0610,0.0,0.0,0.0,3.89,2.07,0.0
20231224:0710,0.0,0.0,0.0,4.09,2.07,0.0
20231224:0810,0.0,0.0,0.0,4.16,2.41,0.0
20231224:0910,327.13,385.51,9.2,5.06,2.34,0.0
20231224:1010,488.91,577.09,16.39,7.3,1.79,0.0
20231224:1110,601.0,731.03,21.53,10.18,1.38,0.0
20231224:1210,643.57,808.26,24.12,12.13,0.62,0.0
20231224:1310,636.13,804.02,23.84,12.98,0.48,0.0
20231224:1410,576.93,717.27,20.74,13.29,0.83,0.0
20231224:1510,437.89,534.56,15.16,13.18,1.03,0.0
20231224:1610,246.76,306.19,7.65,12.77,1.24,0.0
20231224:1710,0.0,0.0,0.0,11.74,1.45,0.0
20231224:1810,0.0,0.0,0.0,10.34,0.9,0.0
20231224:1910,0.0,0.0,0.0,10.8,0.07,0.0
20231224:2010,0.0,0.0,0.0,10.12,0.83,0.0
20231224:2110,0.0,0.0,0.0,7.84,1.45,0.0
20231224:2210,0.0,0.0,0.0,6.12,1.72,0.0
20231224:2310,0.0,0.0,0.0,5.21,1.79,0.0
20231225:0010,0.0,0.0,0.0,4.52,1.72,0.0
20231225:0110,0.0,0.0,0.0,3.27,1.66,0.0
20231225:0210,0.0,0.0,0.0,3.25,2.0,0.0
20231225:0310,0.0,0.0,0.0,3.72,2.14,0.0
20231225:0410,0.0,0.0,0.0,3.71,2.07,0.0
20231225:0510,0.0,0.0,0.0,3.98,1.93,0.0
20231225:0610,0.0,0.0,0.0,3.94,2.0,0.0
20231225:0710,0.0,0.0,0.0,4.21,2.28,0.0
20231225:0810,0.0,0.0,0.0,4.01,2.48,0.0
20231225:0910,289.88,342.12,9.16,4.64,2.34,0.0
20231225:1010,490.21,577.36,16.36,7.24,2.0,0.0
20231225:1110,594.11,718.32,21.52,10.3,1.79,0.0
20231225:1210,654.81,802.82,24.13,12.11,2.07,0.0
20231225:1310,660.07,806.29,23.88,12.72,2.62,0.0
20231225:1410,600.31,725.97,20.79,12.82,2.9,0.0
20231225:1510,459.08,549.46,15.23,12.57,2.97,0.0
20231225:1610,251.26,308.13,7.73,12.06,2.83,0.0
20231225:1710,0.0,0.0,0.0,11.22,2.97,0.0
20231225:1810,0.0,0.0,0.0,10.38,2.69,0.0
20231225:1910,0.0,0.0,0.0,9.79,2.83,0.0
20231225:2010,0.0,0.0,0.0,9.22,2.83,0.0
20231225:2110,0.0,0.0,0.0,8.5,2.76,0.0
20231225:2210,0.0,0.0,0.0,7.9,2.83,0.0
20231225:2310,0.0,0.0,0.0,7.6,2.9,0.0
20231226:0010,0.0,0.0,0.0,7.46,2.9,0.0
20231226:0110,0.0,0.0,0.0,7.26,2.69,0.0
20231226:0210,0.0,0.0,0.0,7.19,2.97,0.0
20231226:0310,0.0,0.0,0.0,7.33,3.31,0.0
20231226:0410,0.0,0.0,0.0,7.21,3.1,0.0
20231226:0510,0.0,0.0,0.0,7.19,2.76,0.0
20231226:0610,0.0,0.0,0.0,7.49,3.17,0.0
20231226:0710,0.0,0.0,0.0,7.68,3.24,0.0
20231226:0810,0.0,0.0,0.0,7.62,3.1,0.0
20231226:0910,17.96,34.15,9.12,8.3,3.1,0.0
20231226:1010,38.83,60.92,16.34,10.16,3.31,0.0
20231226:1110,38.51,60.92,21.52,11.82,3.45,0.0
20231226:1210,115.03,151.17,24.15,12.77,3.79,0.0
20231226:1310,161.88,204.48,23.92,13.29,4.21,0.0
20231226:1410,156.31,197.78,20.85,13.43,4.62,0.0
20231226:1510,293.45,352.15,15.31,13.31,4.76,0.0
20231226:1610,122.25,159.28,7.82,12.91,4.62,0.0
20231226:1710,0.0,0.0,0.0,12.37,4.55,0.0
20231226:1810,0.0,0.0,0.0,11.98,4.62,0.0
20231226:1910,0.0,0.0,0.0,11.93,4.83,0.0
20231226:2010,0.0,0.0,0.0,11.62,4.69,0.0
20231226:2110,0.0,0.0,0.0,11.31,4.83,0.0
20231226:2210,0.0,0.0,0.0,10.97,5.17,0.0
20231226:2310,0.0,0.0,0.0,10.66,5.31,0.0
20231227:0010,0.0,0.0,0.0,10.53,5.17,0.0
20231227:0110,0.0,0.0,0.0,10.06,5.17,0.0
20231227:0210,0.0,0.0,0.0,9.98,5.38,0.0
20231227:0310,0.0,0.0,0.0,9.95,5.59,0.0
20231227:0410,0.0,0.0,0.0,10.04,5.86,0.0
20231227:0510,0.0,0.0,0.0,10.19,6.0,0.0
20231227:0610,0.0,0.0,0.0,10.26,6.21,0.0
20231227:0710,0.0,0.0,0.0,11.14,6.9,0.0
20231227:0810,0.0,0.0,0.0,11.09,6.48,0.0
20231227:0910,64.75,91.91,9.09,11.23,6.76,0.0
20231227:1010,125.29,160.95,16.32,12.0,6.9,0.0
20231227:1110,196.56,241.41,21.52,12.59,6.76,0.0
20231227:1210,193.02,238.25,24.18,13.18,7.38,0.0
20231227:1310,43.54,67.38,23.97,13.37,7.38,0.0
20231227:1410,38.28,60.92,20.92,13.39,7.03,0.0
20231227:1510,23.73,42.46,15.4,13.42,7.72,0.0
20231227:1610,10.31,24.0,7.91,13.43,7.45,0.0
20231227:1710,0.0,0.0,0.0,13.34,7.93,0.0
20231227:1810,0.0,0.0,0.0,12.9,7.79,0.0
20231227:1910,0.0,0.0,0.0,12.62,7.45,0.0
20231227:2010,0.0,0.0,0.0,12.61,7.31,0.0
20231227:2110,0.0,0.0,0.0,12.57,7.45,0.0
20231227:2210,0.0,0.0,0.0,12.44,7.38,0.0
20231227:2310,0.0,0.0,0.0,12.45,7.24,0.0
20231228:0010,0.0,0.0,0.0,12.44,7.31,0.0
20231228:0110,0.0,0.0,0.0,12.47,7.38,0.0
20231228:0210,0.0,0.0,0.0,12.51,7.38,0.0
20231228:0310,0.0,0.0,0.0,12.6,7.52,0.0
20231228:0410,0.0,0.0,0.0,12.57,7.66,0.0
20231228:0510,0.0,0.0,0.0,12.64,7.38,0.0
20231228:0610,0.0,0.0,0.0,12.64,7.31,0.0
20231228:0710,0.0,0.0,0.0,12.38,7.24,0.0
20231228:0810,0.0,0.0,0.0,12.35,6.97,0.0
20231228:0910,38.98,61.49,9.06,12.32,6.55,0.0
20231228:1010,152.36,191.6,16.31,12.33,5.93,0.0
20231228:1110,95.01,127.67,21.54,12.41,5.31,0.0
20231228:1210,42.19,65.54,24.22,12.41,5.1,0.0
20231228:1310,81.75,112.61,24.03,12.52,4.9,0.0
20231228:1410,38.4,60.92,21.0,12.55,4.62,0.0
20231228:1510,203.2,248.98,15.49,12.32,4.14,0.0
20231228:1610,146.44,186.86,8.01,12.43,3.52,0.0
20231228:1710,0.0,0.0,0.0,12.31,2.9,0.0
20231228:1810,0.0,0.0,0.0,12.25,2.62,0.0
20231228:1910,0.0,0.0,0.0,12.09,2.69,0.0
20231228:2010,0.0,0.0,0.0,12.06,2.83,0.0
20231228:2110,0.0,0.0,0.0,11.97,2.9,0.0
20231228:2210,0.0,0.0,0.0,12.1,2.76,0.0
20231228:2310,0.0,0.0,0.0,12.11,2.9,0.0
20231229:0010,0.0,0.0,0.0,11.97,3.17,0.0
20231229:0110,0.0,0.0,0.0,11.92,3.24,0.0
20231229:0210,0.0,0.0,0.0,11.85,2.76,0.0
20231229:0310,0.0,0.0,0.0,11.75,2.48,0.0
20231229:0410,0.0,0.0,0.0,11.68,2.48,0.0
20231229:0510,0.0,0.0,0.0,11.64,2.69,0.0
20231229:0610,0.0,0.0,0.0,11.61,2.21,0.0
20231229:0710,0.0,0.0,0.0,11.44,2.48,0.0
20231229:0810,0.0,0.0,0.0,11.42,1.79,0.0
20231229:0910,32.81,53.83,9.04,11.62,1.66,0.0
20231229:1010,71.91,100.89,16.31,11.81,1.86,0.0
20231229:1110,68.98,97.84,21.56,12.29,1.93,0.0
20231229:1210,41.3,64.61,24.26,12.69,2.55,0.0
20231229:1310,27.33,47.08,24.09,12.69,2.69,0.0
20231229:1410,30.22,50.77,21.08,12.67,2.48,0.0
20231229:1510,52.1,77.71,15.58,12.6,1.93,0.0
20231229:1610,9.72,23.08,8.12,12.55,1.66,0.0
20231229:1710,0.0,0.0,0.0,12.29,1.45,0.0
20231229:1810,0.0,0.0,0.0,12.03,1.17,0.0
20231229:1910,0.0,0.0,0.0,11.54,0.21,0.0
20231229:2010,0.0,0.0,0.0,11.36,0.28,0.0
20231229:2110,0.0,0.0,0.0,11.09,0.55,0.0
20231229:2210,0.0,0.0,0.0,10.84,0.83,0.0
20231229:2310,0.0,0.0,0.0,10.78,0.76,0.0
20231230:0010,0.0,0.0,0.0,10.82,0.76,0.0
20231230:0110,0.0,0.0,0.0,10.73,0.76,0.0
20231230:0210,0.0,0.0,0.0,9.81,0.97,0.0
20231230:0310,0.0,0.0,0.0,8.88,1.24,0.0
20231230:0410,0.0,0.0,0.0,8.26,1.52,0.0
20231230:0510,0.0,0.0,0.0,7.78,1.72,0.0
20231230:0610,0.0,0.0,0.0,7.81,1.86,0.0
20231230:0710,0.0,0.0,0.0,8.42,2.55,0.0
20231230:0810,0.0,0.0,0.0,9.01,2.83,0.0
20231230:0910,247.77,300.67,9.03,9.7,2.97,0.0
20231230:1010,446.71,527.96,16.32,10.77,3.59,0.0
20231230:1110,242.0,292.53,21.58,11.84,4.48,0.0
20231230:1210,342.14,406.89,24.31,12.67,5.38,0.0
20231230:1310,158.35,199.99,24.17,13.2,5.86,0.0
20231230:1410,362.75,430.1,21.17,13.03,5.79,0.0
20231230:1510,248.65,299.41,15.69,12.82,6.48,0.0
20231230:1610,173.61,216.91,8.23,12.5,6.34,0.0
20231230:1710,0.0,0.0,0.0,12.01,6.34,0.0
20231230:1810,0.0,0.0,0.0,11.58,6.76,0.0
20231230:1910,0.0,0.0,0.0,11.49,7.52,0.0
20231230:2010,0.0,0.0,0.0,11.82,7.93,0.0
20231230:2110,0.0,0.0,0.0,12.08,8.34,0.0
20231230:2210,0.0,0.0,0.0,12.0,9.17,0.0
20231230:2310,0.0,0.0,0.0,11.97,7.93,0.0
20231231:0010,0.0,0.0,0.0,11.91,6.48,0.0
20231231:0110,0.0,0.0,0.0,11.74,5.72,0.0
20231231:0210,0.0,0.0,0.0,11.4,5.86,0.0
20231231:0310,0.0,0.0,0.0,11.19,5.93,0.0
20231231:0410,0.0,0.0,0.0,10.83,5.79,0.0
20231231:0510,0.0,0.0,0.0,10.39,5.52,0.0
20231231:0610,0.0,0.0,0.0,10.15,5.17,0.0
20231231:0710,0.0,0.0,0.0,10.25,4.97,0.0
20231231:0810,0.0,0.0,0.0,10.11,4.55,0.0
20231231:0910,207.57,254.22,9.02,10.09,4.21,0.0
20231231:1010,474.48,558.27,16.33,10.51,4.21,0.0
20231231:1110,304.06,360.84,21.62,10.88,4.69,0.0
20231231:1210,348.82,412.89,24.37,11.24,4.62,0.0
20231231:1310,203.99,249.89,24.25,11.44,4.41,0.0
20231231:1410,274.04,328.49,21.27,11.52,4.0,0.0
20231231:1510,243.08,293.29,15.8,11.39,3.59,0.0
20231231:1610,143.64,182.67,8.35,11.08,2.97,0.0
20231231:1710,0.0,0.0,0.0,10.7,2.41,0.0
20231231:1810,0.0,0.0,0.0,10.22,1.79,0.0
20231231:1910,0.0,0.0,0.0,9.21,1.66,0.0
20231231:2010,0.0,0.0,0.0,9.2,1.24,0.0
20231231:2110,0.0,0.0,0.0,9.07,1.24,0.0
20231231:2210,0.0,0.0,0.0,8.62,1.38,0.0
20231231:2310,0.0,0.0,0.0,7.96,1.52,0.0
